Terrain,Scenario,Stations,WindowWidth,Algorithm,Run,Seed,Evaluations,Cost,InitialCost,InitialFeasible,Improved,Feasible,RouteChanged,ControlChange,CandidateFeasibleRate,Distance,Waiting,Late,ReturnTime,DepotLate,MinClearance,MaxClimbAngle,MaxTurnAngle,SearchSeconds,SharedSetupSeconds,SetupPathEvaluations,SetupRepairPSOEvaluations,PopulationSeconds,VerificationEvaluations,File
ridge,N10_wide,10,45,PSO,1,20271104,240,411.825676342855,416.108960184393,1,1,1,0,3.1632120715447,0.516666666666667,399.112617767986,0.584367508138044,0,97.1031371361358,0,4.34556701784773,24.2521727209541,87.9070711641001,1.1958239,3.0112851,7271,0,0.0949042,1,runs\ridge\N10_wide\PSO_r01.mat
ridge,N10_wide,10,45,CSO,1,20271104,240,416.108960184393,416.108960184393,1,0,1,0,1.07544528461699,0.0791666666666667,402.193283852783,0.439577684383451,0,97.4717916598473,0,4.08042369969204,22.9749637268971,95.2743648926484,1.0505208,3.0112851,7271,0,0.0949042,1,runs\ridge\N10_wide\CSO_r01.mat
ridge,N10_wide,10,45,CLPSO,1,20271104,240,414.197920678707,416.108960184393,1,1,1,0,1.67392818337019,0.504166666666667,401.685151544197,0.424406677706514,0,97.3719319350726,0,4.16631054934517,22.9659158385231,93.115541263147,0.9487883,3.0112851,7271,0,0.0949042,1,runs\ridge\N10_wide\CLPSO_r01.mat
ridge,N10_wide,10,45,GWO,1,20271104,240,416.108960184393,416.108960184393,1,0,1,0,1.07544528461699,0.025,402.193283852783,0.439577684383451,0,97.4717916598473,0,4.08042369969204,22.9749637268971,95.2743648926484,0.9414977,3.0112851,7271,0,0.0949042,1,runs\ridge\N10_wide\GWO_r01.mat
ridge,N10_wide,10,45,PSO,2,20271105,240,411.912859742098,416.663377424069,1,1,1,0,3.73603273950053,0.404166666666667,399.21550875501,0.721750671842926,0,97.257668797678,0,4.2060397250761,22.5355839437165,108.868318679291,0.9230548,3.0112851,7271,0,0.0051288,1,runs\ridge\N10_wide\PSO_r02.mat
ridge,N10_wide,10,45,CSO,2,20271105,240,416.45928981434,416.663377424069,1,1,1,0,4.15377450293506,0.1,402.491779956218,0.352764955888333,0,97.4347282819247,0,4.16759831359446,21.5767818260458,94.3682299909988,0.8789494,3.0112851,7271,0,0.0051288,1,runs\ridge\N10_wide\CSO_r02.mat
ridge,N10_wide,10,45,CLPSO,2,20271105,240,414.270431056497,416.663377424069,1,1,1,0,1.8932743078242,0.4,399.768525656771,0.739335646113062,0,97.367423255575,0,4.02884232267688,24.7532597970947,94.5780057398033,0.8788496,3.0112851,7271,0,0.0051288,1,runs\ridge\N10_wide\CLPSO_r02.mat
ridge,N10_wide,10,45,GWO,2,20271105,240,416.663377424069,416.663377424069,1,0,1,0,0.920197909266822,0.025,401.639904565919,0.494744187604852,0,97.4347282819247,0,4.15487613696745,23.209458673846,91.7507939348729,0.8841653,3.0112851,7271,0,0.0051288,1,runs\ridge\N10_wide\GWO_r02.mat
ridge,N10_wide,10,45,PSO,3,20271106,240,411.520312843194,417.733706578707,1,1,1,0,5.25392703094815,0.358333333333333,399.823181630074,0.733272859001417,0,97.3704697973472,0,4.2190412338126,23.0026398155915,105.628381845184,0.912165,3.0112851,7271,0,0.0020574,1,runs\ridge\N10_wide\PSO_r03.mat
ridge,N10_wide,10,45,CSO,3,20271106,240,417.733706578707,417.733706578707,1,0,1,0,7.742959950613e-15,0.0458333333333333,401.512572391702,0.500664732073957,0,97.4194267973576,0,4,23.3612395264732,91.2874914283508,0.8960736,3.0112851,7271,0,0.0020574,1,runs\ridge\N10_wide\CSO_r03.mat
ridge,N10_wide,10,45,CLPSO,3,20271106,240,415.380977652148,417.733706578707,1,1,1,0,2.07770075542122,0.408333333333333,401.285171731142,0.524407457329175,0,97.4052694125196,0,4.54698000132115,23.5492988675377,91.6966298805731,0.9069722,3.0112851,7271,0,0.0020574,1,runs\ridge\N10_wide\CLPSO_r03.mat
ridge,N10_wide,10,45,GWO,3,20271106,240,417.492278046875,417.733706578707,1,1,1,0,2.90631446537404,0.0208333333333333,401.0759753202,0.631215861208872,0,97.4772117479089,0,4.07434654606346,23.6203268990081,100.755547300289,0.8937775,3.0112851,7271,0,0.0020574,1,runs\ridge\N10_wide\GWO_r03.mat
ridge,N10_wide,10,45,PSO,4,20271107,240,410.231872589828,416.781520639615,1,1,1,0,3.38853570479229,0.375,398.664161372255,0.703221559659013,0,97.1472484550349,0,4.12976715838865,23.1810124525277,109.9705205223,0.872618,3.0112851,7271,0,0.0012274,1,runs\ridge\N10_wide\PSO_r04.mat
ridge,N10_wide,10,45,CSO,4,20271107,240,416.781520639615,416.781520639615,1,0,1,0,1.07841466922959,0.0541666666666667,401.71989625322,0.511793351941151,0,97.4651093941445,0,4.26767133095586,23.3519398551175,90.2568492395841,0.8840001,3.0112851,7271,0,0.0012274,1,runs\ridge\N10_wide\CSO_r04.mat
ridge,N10_wide,10,45,CLPSO,4,20271107,240,416.11180819907,416.781520639615,1,1,1,0,1.9066166628405,0.3,401.281249440954,0.60129619205415,0,97.4815044322131,0,4.22364763833925,22.7316927731167,89.8531458439214,0.878105,3.0112851,7271,0,0.0012274,1,runs\ridge\N10_wide\CLPSO_r04.mat
ridge,N10_wide,10,45,GWO,4,20271107,240,416.781520639615,416.781520639615,1,0,1,0,1.07841466922959,0.025,401.71989625322,0.511793351941151,0,97.4651093941445,0,4.26767133095586,23.3519398551175,90.2568492395841,0.8876587,3.0112851,7271,0,0.0012274,1,runs\ridge\N10_wide\GWO_r04.mat
ridge,N10_wide,10,45,PSO,5,20271108,240,405.472081927026,416.747474119773,1,1,1,0,7.00651819698092,0.454166666666667,392.807997866588,1.84708570033736,0,97.3150853447687,0,4.56033283445436,24.2256623364306,81.1592926238452,0.8832113,3.0112851,7271,0,0.0044961,1,runs\ridge\N10_wide\PSO_r05.mat
ridge,N10_wide,10,45,CSO,5,20271108,240,416.747474119773,416.747474119773,1,0,1,0,0.820923688835441,0.0625,401.658970749352,0.474386851641029,0,97.4175486431997,0,4.17221266441237,24.0874420315149,94.1410561325377,0.874447,3.0112851,7271,0,0.0044961,1,runs\ridge\N10_wide\CSO_r05.mat
ridge,N10_wide,10,45,CLPSO,5,20271108,240,415.041318338042,416.747474119773,1,1,1,0,1.77412870781327,0.541666666666667,400.753912390247,0.509329176063417,0,97.3016479077713,0,4.35989593924349,23.8950367871256,93.6412081268464,0.889845,3.0112851,7271,0,0.0044961,1,runs\ridge\N10_wide\CLPSO_r05.mat
ridge,N10_wide,10,45,GWO,5,20271108,240,416.747474119773,416.747474119773,1,0,1,0,0.820923688835441,0.0333333333333333,401.658970749352,0.474386851641029,0,97.4175486431997,0,4.17221266441237,24.0874420315149,94.1410561325377,0.8808662,3.0112851,7271,0,0.0044961,1,runs\ridge\N10_wide\GWO_r05.mat
ridge,N10_tight,10,12,PSO,1,20271104,240,411.825676342855,416.108960184393,1,1,1,0,3.1632120715447,0.533333333333333,399.112617767986,0.584367508138044,0,97.1031371361358,0,4.34556701784773,24.2521727209541,87.9070711641001,0.881329,3.0112851,7271,0,0.0004546,1,runs\ridge\N10_tight\PSO_r01.mat
ridge,N10_tight,10,12,CSO,1,20271104,240,416.108960184393,416.108960184393,1,0,1,0,1.07544528461699,0.0791666666666667,402.193283852783,0.439577684383451,0,97.4717916598473,0,4.08042369969204,22.9749637268971,95.2743648926484,0.8723086,3.0112851,7271,0,0.0004546,1,runs\ridge\N10_tight\CSO_r01.mat
ridge,N10_tight,10,12,CLPSO,1,20271104,240,414.197920678707,416.108960184393,1,1,1,0,1.67392818337019,0.504166666666667,401.685151544197,0.424406677706514,0,97.3719319350726,0,4.16631054934517,22.9659158385231,93.115541263147,0.9144759,3.0112851,7271,0,0.0004546,1,runs\ridge\N10_tight\CLPSO_r01.mat
ridge,N10_tight,10,12,GWO,1,20271104,240,416.108960184393,416.108960184393,1,0,1,0,1.07544528461699,0.025,402.193283852783,0.439577684383451,0,97.4717916598473,0,4.08042369969204,22.9749637268971,95.2743648926484,0.8668177,3.0112851,7271,0,0.0004546,1,runs\ridge\N10_tight\GWO_r01.mat
ridge,N10_tight,10,12,PSO,2,20271105,240,412.783298779805,416.663377424069,1,1,1,0,3.0930803311989,0.3625,398.67096596235,0.722093897013238,0,97.1672548907382,0,4.11969330326725,23.9890390295232,104.695246265144,0.8826994,3.0112851,7271,0,0.0003357,1,runs\ridge\N10_tight\PSO_r02.mat
ridge,N10_tight,10,12,CSO,2,20271105,240,416.45928981434,416.663377424069,1,1,1,0,4.15377450293506,0.1,402.491779956218,0.352764955888333,0,97.4347282819247,0,4.16759831359446,21.5767818260458,94.3682299909988,0.8829216,3.0112851,7271,0,0.0003357,1,runs\ridge\N10_tight\CSO_r02.mat
ridge,N10_tight,10,12,CLPSO,2,20271105,240,414.270431056497,416.663377424069,1,1,1,0,1.8932743078242,0.4,399.768525656771,0.739335646113062,0,97.367423255575,0,4.02884232267688,24.7532597970947,94.5780057398033,0.8592624,3.0112851,7271,0,0.0003357,1,runs\ridge\N10_tight\CLPSO_r02.mat
ridge,N10_tight,10,12,GWO,2,20271105,240,416.663377424069,416.663377424069,1,0,1,0,0.920197909266822,0.025,401.639904565919,0.494744187604852,0,97.4347282819247,0,4.15487613696745,23.209458673846,91.7507939348729,0.8826311,3.0112851,7271,0,0.0003357,1,runs\ridge\N10_tight\GWO_r02.mat
ridge,N10_tight,10,12,PSO,3,20271106,240,411.520312843194,417.733706578707,1,1,1,0,5.25392703094815,0.345833333333333,399.823181630074,0.733272859001417,0,97.3704697973472,0,4.2190412338126,23.0026398155915,105.628381845184,0.8890375,3.0112851,7271,0,0.0003966,1,runs\ridge\N10_tight\PSO_r03.mat
ridge,N10_tight,10,12,CSO,3,20271106,240,417.733706578707,417.733706578707,1,0,1,0,7.742959950613e-15,0.0458333333333333,401.512572391702,0.500664732073957,0,97.4194267973576,0,4,23.3612395264732,91.2874914283508,0.8813154,3.0112851,7271,0,0.0003966,1,runs\ridge\N10_tight\CSO_r03.mat
ridge,N10_tight,10,12,CLPSO,3,20271106,240,415.321289905811,417.733706578707,1,1,1,0,2.07271375764813,0.404166666666667,401.281332783925,0.525047281865497,0,97.4052694125196,0,4.54698000132115,23.5492988675377,91.6966298805731,0.8843524,3.0112851,7271,0,0.0003966,1,runs\ridge\N10_tight\CLPSO_r03.mat
ridge,N10_tight,10,12,GWO,3,20271106,240,417.492278046875,417.733706578707,1,1,1,0,2.90631446537404,0.0208333333333333,401.0759753202,0.631215861208872,0,97.4772117479089,0,4.07434654606346,23.6203268990081,100.755547300289,0.8820404,3.0112851,7271,0,0.0003966,1,runs\ridge\N10_tight\GWO_r03.mat
ridge,N10_tight,10,12,PSO,4,20271107,240,410.231872589828,416.781520639615,1,1,1,0,3.38853570479229,0.35,398.664161372255,0.703221559659013,0,97.1472484550349,0,4.12976715838865,23.1810124525277,109.9705205223,0.8812768,3.0112851,7271,0,0.0003628,1,runs\ridge\N10_tight\PSO_r04.mat
ridge,N10_tight,10,12,CSO,4,20271107,240,416.781520639615,416.781520639615,1,0,1,0,1.07841466922959,0.0541666666666667,401.71989625322,0.511793351941151,0,97.4651093941445,0,4.26767133095586,23.3519398551175,90.2568492395841,0.8768468,3.0112851,7271,0,0.0003628,1,runs\ridge\N10_tight\CSO_r04.mat
ridge,N10_tight,10,12,CLPSO,4,20271107,240,416.11180819907,416.781520639615,1,1,1,0,1.9066166628405,0.3,401.281249440954,0.60129619205415,0,97.4815044322131,0,4.22364763833925,22.7316927731167,89.8531458439214,0.9128675,3.0112851,7271,0,0.0003628,1,runs\ridge\N10_tight\CLPSO_r04.mat
ridge,N10_tight,10,12,GWO,4,20271107,240,416.781520639615,416.781520639615,1,0,1,0,1.07841466922959,0.025,401.71989625322,0.511793351941151,0,97.4651093941445,0,4.26767133095586,23.3519398551175,90.2568492395841,0.8664645,3.0112851,7271,0,0.0003628,1,runs\ridge\N10_tight\GWO_r04.mat
ridge,N10_tight,10,12,PSO,5,20271108,240,407.83711394541,416.747474119773,1,1,1,0,5.66003054980688,0.445833333333333,395.135493517787,1.58396794504257,0,97.4398835313404,0,4.26837105133528,24.3429512195506,89.6909513249746,0.8561039,3.0112851,7271,0,0.0004429,1,runs\ridge\N10_tight\PSO_r05.mat
ridge,N10_tight,10,12,CSO,5,20271108,240,416.747474119773,416.747474119773,1,0,1,0,0.820923688835441,0.0625,401.658970749352,0.474386851641029,0,97.4175486431997,0,4.17221266441237,24.0874420315149,94.1410561325377,0.8630961,3.0112851,7271,0,0.0004429,1,runs\ridge\N10_tight\CSO_r05.mat
ridge,N10_tight,10,12,CLPSO,5,20271108,240,415.041318338042,416.747474119773,1,1,1,0,1.77412870781327,0.541666666666667,400.753912390247,0.509329176063417,0,97.3016479077713,0,4.35989593924349,23.8950367871256,93.6412081268464,0.8745025,3.0112851,7271,0,0.0004429,1,runs\ridge\N10_tight\CLPSO_r05.mat
ridge,N10_tight,10,12,GWO,5,20271108,240,416.747474119773,416.747474119773,1,0,1,0,0.820923688835441,0.0333333333333333,401.658970749352,0.474386851641029,0,97.4175486431997,0,4.17221266441237,24.0874420315149,94.1410561325377,0.8926263,3.0112851,7271,0,0.0004429,1,runs\ridge\N10_tight\GWO_r05.mat
ridge,N15_wide,15,45,PSO,1,20271204,240,524.606651397956,530.999762841957,1,1,1,0,2.99573782245867,0.333333333333333,499.253837827163,7.65202852090695,0,135.861001492101,0,4.02732190929502,23.6023531162046,115.806232839225,1.2600961,4.1155875,10576,0,0.0003769,1,runs\ridge\N15_wide\PSO_r01.mat
ridge,N15_wide,15,45,CSO,1,20271204,240,528.740092471802,530.999762841957,1,1,1,0,2.5120834243459,0.0375,500.751808638611,7.35799057487003,0,135.816625347972,0,4.00884401726478,24.1622027140847,115.01987614744,1.2694981,4.1155875,10576,0,0.0003769,1,runs\ridge\N15_wide\CSO_r01.mat
ridge,N15_wide,15,45,CLPSO,1,20271204,240,529.560592073671,530.999762841957,1,1,1,0,1.96334911264256,0.283333333333333,501.911184617365,7.19755669950496,0,135.849420802399,0,4.15470433784694,24.6093115631194,119.157020717733,1.2837247,4.1155875,10576,0,0.0003769,1,runs\ridge\N15_wide\CLPSO_r01.mat
ridge,N15_wide,15,45,GWO,1,20271204,240,530.999762841957,530.999762841957,1,0,1,0,9.39959687352353e-15,0.0166666666666667,501.688200211249,7.18364743554316,0,135.798347470751,0,4,24.0365465952163,118.659996207473,1.2815229,4.1155875,10576,0,0.0003769,1,runs\ridge\N15_wide\GWO_r01.mat
ridge,N15_wide,15,45,PSO,2,20271205,240,519.479158536487,530.999762841957,1,1,1,0,5.55006156367261,0.291666666666667,493.139901643713,8.38029913273888,0,135.570282740024,0,4.59006732463995,23.7132951593364,109.637972595429,1.4918598,4.1155875,10576,0,0.000343,1,runs\ridge\N15_wide\PSO_r02.mat
ridge,N15_wide,15,45,CSO,2,20271205,240,530.999762841957,530.999762841957,1,0,1,0,9.39959687352353e-15,0.025,501.688200211249,7.18364743554316,0,135.798347470751,0,4,24.0365465952163,118.659996207473,1.4493549,4.1155875,10576,0,0.000343,1,runs\ridge\N15_wide\CSO_r02.mat
ridge,N15_wide,15,45,CLPSO,2,20271205,240,527.447369344869,530.999762841957,1,1,1,0,2.20638121297215,0.283333333333333,500.116243886348,7.21909533550618,0,135.571802649898,0,4.12789284536861,24.2708612289462,117.581078859097,1.2859107,4.1155875,10576,0,0.000343,1,runs\ridge\N15_wide\CLPSO_r02.mat
ridge,N15_wide,15,45,GWO,2,20271205,240,530.999762841957,530.999762841957,1,0,1,0,9.39959687352353e-15,0.00833333333333333,501.688200211249,7.18364743554316,0,135.798347470751,0,4,24.0365465952163,118.659996207473,1.2759991,4.1155875,10576,0,0.000343,1,runs\ridge\N15_wide\GWO_r02.mat
ridge,N15_wide,15,45,PSO,3,20271206,240,524.316888526914,530.999762841957,1,1,1,0,3.20021279457594,0.333333333333333,498.25641813005,7.79253374436014,0,135.835270099368,0,4.2659205628545,24.5248230228708,117.529226706339,1.2910136,4.1155875,10576,0,0.000418,1,runs\ridge\N15_wide\PSO_r03.mat
ridge,N15_wide,15,45,CSO,3,20271206,240,530.999762841957,530.999762841957,1,0,1,0,9.39959687352353e-15,0.0208333333333333,501.688200211249,7.18364743554316,0,135.798347470751,0,4,24.0365465952163,118.659996207473,1.2745761,4.1155875,10576,0,0.000418,1,runs\ridge\N15_wide\CSO_r03.mat
ridge,N15_wide,15,45,CLPSO,3,20271206,240,530.23223191446,530.999762841957,1,1,1,0,1.3413814959989,0.279166666666667,501.063330442297,7.31495640618158,0,135.825511479898,0,4.22018318598642,23.9266876866255,118.350679158912,1.2693242,4.1155875,10576,0,0.000418,1,runs\ridge\N15_wide\CLPSO_r03.mat
ridge,N15_wide,15,45,GWO,3,20271206,240,530.999762841957,530.999762841957,1,0,1,0,9.39959687352353e-15,0.0125,501.688200211249,7.18364743554316,0,135.798347470751,0,4,24.0365465952163,118.659996207473,1.281148,4.1155875,10576,0,0.000418,1,runs\ridge\N15_wide\GWO_r03.mat
ridge,N15_wide,15,45,PSO,4,20271207,240,517.975595233076,530.999762841957,1,1,1,0,5.35870401116087,0.2875,492.068826892056,8.42062086589812,0,135.432092014574,0,4.30313441208819,23.5767799233045,118.84765184235,1.2574321,4.1155875,10576,0,0.0005292,1,runs\ridge\N15_wide\PSO_r04.mat
ridge,N15_wide,15,45,CSO,4,20271207,240,530.999762841957,530.999762841957,1,0,1,0,9.39959687352353e-15,0.0166666666666667,501.688200211249,7.18364743554316,0,135.798347470751,0,4,24.0365465952163,118.659996207473,1.253959,4.1155875,10576,0,0.0005292,1,runs\ridge\N15_wide\CSO_r04.mat
ridge,N15_wide,15,45,CLPSO,4,20271207,240,528.41555090347,530.999762841957,1,1,1,0,2.5702317240275,0.2,499.705552295061,7.39896897143363,0,135.683227687277,0,4.31433883770175,24.3169435496301,119.914966698803,1.291848,4.1155875,10576,0,0.0005292,1,runs\ridge\N15_wide\CLPSO_r04.mat
ridge,N15_wide,15,45,GWO,4,20271207,240,530.999762841957,530.999762841957,1,0,1,0,9.39959687352353e-15,0.0125,501.688200211249,7.18364743554316,0,135.798347470751,0,4,24.0365465952163,118.659996207473,1.270644,4.1155875,10576,0,0.0005292,1,runs\ridge\N15_wide\GWO_r04.mat
ridge,N15_wide,15,45,PSO,5,20271208,240,522.132624778624,530.999762841957,1,1,1,0,4.48883584786458,0.3125,497.790577292732,7.74153157968659,0,135.706627795142,0,4.03786004613488,24.180525122579,116.595450046799,1.2584886,4.1155875,10576,0,0.0003572,1,runs\ridge\N15_wide\PSO_r05.mat
ridge,N15_wide,15,45,CSO,5,20271208,240,530.999762841957,530.999762841957,1,0,1,0,9.39959687352353e-15,0.0166666666666667,501.688200211249,7.18364743554316,0,135.798347470751,0,4,24.0365465952163,118.659996207473,1.2729317,4.1155875,10576,0,0.0003572,1,runs\ridge\N15_wide\CSO_r05.mat
ridge,N15_wide,15,45,CLPSO,5,20271208,240,530.999762841957,530.999762841957,1,0,1,0,9.39959687352353e-15,0.183333333333333,501.688200211249,7.18364743554316,0,135.798347470751,0,4,24.0365465952163,118.659996207473,1.2888057,4.1155875,10576,0,0.0003572,1,runs\ridge\N15_wide\CLPSO_r05.mat
ridge,N15_wide,15,45,GWO,5,20271208,240,530.999762841957,530.999762841957,1,0,1,0,9.39959687352353e-15,0.0125,501.688200211249,7.18364743554316,0,135.798347470751,0,4,24.0365465952163,118.659996207473,1.2779701,4.1155875,10576,0,0.0003572,1,runs\ridge\N15_wide\GWO_r05.mat
ridge,N15_tight,15,12,PSO,1,20271204,240,524.606651397956,530.999762841957,1,1,1,0,2.99573782245867,0.3125,499.253837827163,7.65202852090695,0,135.861001492101,0,4.02732190929502,23.6023531162046,115.806232839225,1.2588698,4.1155875,10576,0,0.0003525,1,runs\ridge\N15_tight\PSO_r01.mat
ridge,N15_tight,15,12,CSO,1,20271204,240,528.740092471802,530.999762841957,1,1,1,0,2.5120834243459,0.0416666666666667,500.751808638611,7.35799057487003,0,135.816625347972,0,4.00884401726478,24.1622027140847,115.01987614744,1.2678684,4.1155875,10576,0,0.0003525,1,runs\ridge\N15_tight\CSO_r01.mat
ridge,N15_tight,15,12,CLPSO,1,20271204,240,529.670144915715,530.999762841957,1,1,1,0,3.46888395987538,0.254166666666667,499.948089900865,7.57176827358921,0,135.896449923733,0,4.55561238889796,23.8351080470367,117.338232717401,1.2730455,4.1155875,10576,0,0.0003525,1,runs\ridge\N15_tight\CLPSO_r01.mat
ridge,N15_tight,15,12,GWO,1,20271204,240,530.999762841957,530.999762841957,1,0,1,0,9.39959687352353e-15,0.0166666666666667,501.688200211249,7.18364743554316,0,135.798347470751,0,4,24.0365465952163,118.659996207473,1.2854008,4.1155875,10576,0,0.0003525,1,runs\ridge\N15_tight\GWO_r01.mat
ridge,N15_tight,15,12,PSO,2,20271205,240,519.13423732686,530.999762841957,1,1,1,0,7.57064424209008,0.3,492.365225473796,8.52631805603257,0,135.587188968332,0,4.48334862116041,24.9277996524123,114.481527283971,1.2821795,4.1155875,10576,0,0.0004229,1,runs\ridge\N15_tight\PSO_r02.mat
ridge,N15_tight,15,12,CSO,2,20271205,240,530.999762841957,530.999762841957,1,0,1,0,9.39959687352353e-15,0.025,501.688200211249,7.18364743554316,0,135.798347470751,0,4,24.0365465952163,118.659996207473,1.2949187,4.1155875,10576,0,0.0004229,1,runs\ridge\N15_tight\CSO_r02.mat
ridge,N15_tight,15,12,CLPSO,2,20271205,240,527.322753055118,530.999762841957,1,1,1,0,2.21805979758037,0.2125,499.490706545592,7.34804715580154,0,135.596498246734,0,4.09756586104177,24.5490117381774,117.956068012497,1.2857937,4.1155875,10576,0,0.0004229,1,runs\ridge\N15_tight\CLPSO_r02.mat
ridge,N15_tight,15,12,GWO,2,20271205,240,530.999762841957,530.999762841957,1,0,1,0,9.39959687352353e-15,0.00833333333333333,501.688200211249,7.18364743554316,0,135.798347470751,0,4,24.0365465952163,118.659996207473,1.293531,4.1155875,10576,0,0.0004229,1,runs\ridge\N15_tight\GWO_r02.mat
ridge,N15_tight,15,12,PSO,3,20271206,240,523.267109341392,530.999762841957,1,1,1,0,3.44990123596554,0.291666666666667,497.497399643181,7.89386118253235,0,135.810094456396,0,4.21481326950599,23.9373046108502,116.28279562276,1.272815,4.1155875,10576,0,0.0004618,1,runs\ridge\N15_tight\PSO_r03.mat
ridge,N15_tight,15,12,CSO,3,20271206,240,530.999762841957,530.999762841957,1,0,1,0,9.39959687352353e-15,0.0208333333333333,501.688200211249,7.18364743554316,0,135.798347470751,0,4,24.0365465952163,118.659996207473,1.285532,4.1155875,10576,0,0.0004618,1,runs\ridge\N15_tight\CSO_r03.mat
ridge,N15_tight,15,12,CLPSO,3,20271206,240,528.881315109369,530.999762841957,1,1,1,0,2.15139010902769,0.266666666666667,499.980813752169,7.48575357818078,0,135.815889203542,0,4.13343697442512,24.2005627187239,115.109865206477,1.285583,4.1155875,10576,0,0.0004618,1,runs\ridge\N15_tight\CLPSO_r03.mat
ridge,N15_tight,15,12,GWO,3,20271206,240,530.999762841957,530.999762841957,1,0,1,0,9.39959687352353e-15,0.0125,501.688200211249,7.18364743554316,0,135.798347470751,0,4,24.0365465952163,118.659996207473,1.2694322,4.1155875,10576,0,0.0004618,1,runs\ridge\N15_tight\GWO_r03.mat
ridge,N15_tight,15,12,PSO,4,20271207,240,517.975595233076,530.999762841957,1,1,1,0,5.35870401116087,0.279166666666667,492.068826892056,8.42062086589812,0,135.432092014574,0,4.30313441208819,23.5767799233045,118.84765184235,1.2834773,4.1155875,10576,0,0.0003763,1,runs\ridge\N15_tight\PSO_r04.mat
ridge,N15_tight,15,12,CSO,4,20271207,240,530.999762841957,530.999762841957,1,0,1,0,9.39959687352353e-15,0.0166666666666667,501.688200211249,7.18364743554316,0,135.798347470751,0,4,24.0365465952163,118.659996207473,1.254151,4.1155875,10576,0,0.0003763,1,runs\ridge\N15_tight\CSO_r04.mat
ridge,N15_tight,15,12,CLPSO,4,20271207,240,528.416029438089,530.999762841957,1,1,1,0,2.57022378359816,0.2,499.705687653573,7.39894641168168,0,135.683227687277,0,4.31433883770175,24.3169435496301,119.914966698803,1.2669228,4.1155875,10576,0,0.0003763,1,runs\ridge\N15_tight\CLPSO_r04.mat
ridge,N15_tight,15,12,GWO,4,20271207,240,530.999762841957,530.999762841957,1,0,1,0,9.39959687352353e-15,0.0125,501.688200211249,7.18364743554316,0,135.798347470751,0,4,24.0365465952163,118.659996207473,1.2687803,4.1155875,10576,0,0.0003763,1,runs\ridge\N15_tight\GWO_r04.mat
ridge,N15_tight,15,12,PSO,5,20271208,240,522.132624778624,530.999762841957,1,1,1,0,4.48883584786458,0.308333333333333,497.790577292732,7.74153157968659,0,135.706627795142,0,4.03786004613488,24.180525122579,116.595450046799,1.2575082,4.1155875,10576,0,0.0004369,1,runs\ridge\N15_tight\PSO_r05.mat
ridge,N15_tight,15,12,CSO,5,20271208,240,530.999762841957,530.999762841957,1,0,1,0,9.39959687352353e-15,0.0166666666666667,501.688200211249,7.18364743554316,0,135.798347470751,0,4,24.0365465952163,118.659996207473,1.2725481,4.1155875,10576,0,0.0004369,1,runs\ridge\N15_tight\CSO_r05.mat
ridge,N15_tight,15,12,CLPSO,5,20271208,240,530.999762841957,530.999762841957,1,0,1,0,9.39959687352353e-15,0.183333333333333,501.688200211249,7.18364743554316,0,135.798347470751,0,4,24.0365465952163,118.659996207473,1.2743389,4.1155875,10576,0,0.0004369,1,runs\ridge\N15_tight\CLPSO_r05.mat
ridge,N15_tight,15,12,GWO,5,20271208,240,530.999762841957,530.999762841957,1,0,1,0,9.39959687352353e-15,0.0125,501.688200211249,7.18364743554316,0,135.798347470751,0,4,24.0365465952163,118.659996207473,1.2987261,4.1155875,10576,0,0.0004369,1,runs\ridge\N15_tight\GWO_r05.mat
ridge,N20_wide,20,45,PSO,1,20271304,240,598.748489694197,609.940554498118,1,1,1,0,5.42789899915457,0.308333333333333,562.928075910951,18.588754781829,0,172.410100766988,0,4.75911838077266,24.4608763928897,109.777800064746,1.6545414,5.3270592,13881,0,0.0007944,1,runs\ridge\N20_wide\PSO_r01.mat
ridge,N20_wide,20,45,CSO,1,20271304,240,609.940554498118,609.940554498118,1,0,1,0,1.41399982235957,0.0125,574.183144032564,16.717430541739,0,172.414621213833,0,4.95178288408689,24.5896681225968,117.265186653657,1.6686631,5.3270592,13881,0,0.0007944,1,runs\ridge\N20_wide\CSO_r01.mat
ridge,N20_wide,20,45,CLPSO,1,20271304,240,609.785662116279,609.940554498118,1,1,1,0,1.64671030307686,0.2625,574.340904369943,16.6843529429173,0,172.407837004574,0,4.85759919415458,24.5165653425906,116.46103121562,1.6569421,5.3270592,13881,0,0.0007944,1,runs\ridge\N20_wide\CLPSO_r01.mat
ridge,N20_wide,20,45,GWO,1,20271304,240,609.940554498118,609.940554498118,1,0,1,0,1.41399982235957,0.0125,574.183144032564,16.717430541739,0,172.414621213833,0,4.95178288408689,24.5896681225968,117.265186653657,1.6695088,5.3270592,13881,0,0.0007944,1,runs\ridge\N20_wide\GWO_r01.mat
ridge,N20_wide,20,45,PSO,2,20271305,240,602.199590361756,610.489999437284,1,1,1,0,5.1501163391754,0.3,568.847304562467,17.6216543913213,0,172.429538485066,0,4.70324286694573,23.2291212093338,114.713612342732,1.6630762,5.3270592,13881,0,0.0004846,1,runs\ridge\N20_wide\PSO_r02.mat
ridge,N20_wide,20,45,CSO,2,20271305,240,610.489999437284,610.489999437284,1,0,1,0,1.33816658293514,0.0333333333333333,573.986408378562,16.7224489512224,0,172.386850347649,0,4.93180175881561,23.6937780191788,117.130021284722,1.6583605,5.3270592,13881,0,0.0004846,1,runs\ridge\N20_wide\CSO_r02.mat
ridge,N20_wide,20,45,CLPSO,2,20271305,240,606.59125774364,610.489999437284,1,1,1,0,2.89954505588619,0.329166666666667,572.141548519633,16.9852911848323,0,172.342215938105,0,4.81512940920984,23.4287782714004,118.877828008457,1.6696564,5.3270592,13881,0,0.0004846,1,runs\ridge\N20_wide\CLPSO_r02.mat
ridge,N20_wide,20,45,GWO,2,20271305,240,610.489999437284,610.489999437284,1,0,1,0,1.33816658293514,0.0208333333333333,573.986408378562,16.7224489512224,0,172.386850347649,0,4.93180175881561,23.6937780191788,117.130021284722,1.6613156,5.3270592,13881,0,0.0004846,1,runs\ridge\N20_wide\GWO_r02.mat
ridge,N20_wide,20,45,PSO,3,20271306,240,607.020123300633,611.625303048148,1,1,1,0,3.03875719120216,0.25,572.947001989616,16.9640863817353,0,172.455253380005,0,5.08247904459522,24.1288972210432,116.872065601088,1.6790486,5.3270592,13881,0,0.0004432,1,runs\ridge\N20_wide\PSO_r03.mat
ridge,N20_wide,20,45,CSO,3,20271306,240,611.625303048148,611.625303048148,1,0,1,0,1.32930373793767e-14,0.025,575.118149347472,16.5664019061123,0,172.419426797358,0,4.98992755602074,24.0365465952163,118.659996207473,1.6776817,5.3270592,13881,0,0.0004432,1,runs\ridge\N20_wide\CSO_r03.mat
ridge,N20_wide,20,45,CLPSO,3,20271306,240,611.625303048148,611.625303048148,1,0,1,0,1.32930373793767e-14,0.241666666666667,575.118149347472,16.5664019061123,0,172.419426797358,0,4.98992755602074,24.0365465952163,118.659996207473,1.6647313,5.3270592,13881,0,0.0004432,1,runs\ridge\N20_wide\CLPSO_r03.mat
ridge,N20_wide,20,45,GWO,3,20271306,240,611.625303048148,611.625303048148,1,0,1,0,1.32930373793767e-14,0.0208333333333333,575.118149347472,16.5664019061123,0,172.419426797358,0,4.98992755602074,24.0365465952163,118.659996207473,1.6856803,5.3270592,13881,0,0.0004432,1,runs\ridge\N20_wide\GWO_r03.mat
ridge,N20_wide,20,45,PSO,4,20271307,240,600.689702707455,611.625303048148,1,1,1,0,3.74320514460689,0.35,568.583042617772,17.6862275002478,0,172.450067936543,0,5.05434042276678,24.5742630219309,118.460362260612,1.6460298,5.3270592,13881,0,0.0005091,1,runs\ridge\N20_wide\PSO_r04.mat
ridge,N20_wide,20,45,CSO,4,20271307,240,611.625303048148,611.625303048148,1,0,1,0,1.32930373793767e-14,0.0166666666666667,575.118149347472,16.5664019061123,0,172.419426797358,0,4.98992755602074,24.0365465952163,118.659996207473,1.6750543,5.3270592,13881,0,0.0005091,1,runs\ridge\N20_wide\CSO_r04.mat
ridge,N20_wide,20,45,CLPSO,4,20271307,240,611.625303048148,611.625303048148,1,0,1,0,1.32930373793767e-14,0.1125,575.118149347472,16.5664019061123,0,172.419426797358,0,4.98992755602074,24.0365465952163,118.659996207473,1.6852403,5.3270592,13881,0,0.0005091,1,runs\ridge\N20_wide\CLPSO_r04.mat
ridge,N20_wide,20,45,GWO,4,20271307,240,611.625303048148,611.625303048148,1,0,1,0,1.32930373793767e-14,0.0166666666666667,575.118149347472,16.5664019061123,0,172.419426797358,0,4.98992755602074,24.0365465952163,118.659996207473,1.8380654,5.3270592,13881,0,0.0005091,1,runs\ridge\N20_wide\GWO_r04.mat
ridge,N20_wide,20,45,PSO,5,20271308,240,598.982197229814,611.625303048148,1,1,1,0,4.71130674049804,0.333333333333333,566.526716090279,17.9718951598107,0,172.393014508191,0,5.23725847831457,24.1428160504873,115.446427081745,1.7184279,5.3270592,13881,0,0.001139,1,runs\ridge\N20_wide\PSO_r05.mat
ridge,N20_wide,20,45,CSO,5,20271308,240,611.625303048148,611.625303048148,1,0,1,0,1.32930373793767e-14,0.025,575.118149347472,16.5664019061123,0,172.419426797358,0,4.98992755602074,24.0365465952163,118.659996207473,1.7498018,5.3270592,13881,0,0.001139,1,runs\ridge\N20_wide\CSO_r05.mat
ridge,N20_wide,20,45,CLPSO,5,20271308,240,610.734776098939,611.625303048148,1,1,1,0,1.03129783988018,0.258333333333333,574.765779513504,16.6227311327166,0,172.417027718301,0,4.99164100354557,24.1819798318651,119.559967205849,2.202392,5.3270592,13881,0,0.001139,1,runs\ridge\N20_wide\CLPSO_r05.mat
ridge,N20_wide,20,45,GWO,5,20271308,240,611.625303048148,611.625303048148,1,0,1,0,1.32930373793767e-14,0.0208333333333333,575.118149347472,16.5664019061123,0,172.419426797358,0,4.98992755602074,24.0365465952163,118.659996207473,1.9000801,5.3270592,13881,0,0.001139,1,runs\ridge\N20_wide\GWO_r05.mat
ridge,N20_tight,20,12,PSO,1,20271304,240,602.027769034673,609.940554498118,1,1,1,0,3.46774155839307,0.241666666666667,569.46601927001,17.4623997126465,0,172.373402924315,0,4.77546650975648,24.9514285591636,117.308290846852,2.4543219,5.3270592,13881,0,0.0005855,1,runs\ridge\N20_tight\PSO_r01.mat
ridge,N20_tight,20,12,CSO,1,20271304,240,609.940554498118,609.940554498118,1,0,1,0,1.41399982235957,0.0125,574.183144032564,16.717430541739,0,172.414621213833,0,4.95178288408689,24.5896681225968,117.265186653657,2.5000578,5.3270592,13881,0,0.0005855,1,runs\ridge\N20_tight\CSO_r01.mat
ridge,N20_tight,20,12,CLPSO,1,20271304,240,609.031432941272,609.940554498118,1,1,1,0,1.79817713701495,0.2,573.469161432339,16.8478264597464,0,172.426020031803,0,4.89022984620934,24.5317416735769,116.19396812299,2.6318335,5.3270592,13881,0,0.0005855,1,runs\ridge\N20_tight\CLPSO_r01.mat
ridge,N20_tight,20,12,GWO,1,20271304,240,609.940554498118,609.940554498118,1,0,1,0,1.41399982235957,0.0125,574.183144032564,16.717430541739,0,172.414621213833,0,4.95178288408689,24.5896681225968,117.265186653657,2.7025036,5.3270592,13881,0,0.0005855,1,runs\ridge\N20_tight\GWO_r01.mat
ridge,N20_tight,20,12,PSO,2,20271305,240,601.689998266379,610.489999437284,1,1,1,0,4.64316929559824,0.204166666666667,567.787088371181,17.7651551436949,0,172.396336538892,0,4.70004254729235,23.357887539081,117.643202410433,2.4248786,5.3270592,13881,0,0.0004978,1,runs\ridge\N20_tight\PSO_r02.mat
ridge,N20_tight,20,12,CSO,2,20271305,240,610.489999437284,610.489999437284,1,0,1,0,1.33816658293514,0.0291666666666667,573.986408378562,16.7224489512224,0,172.386850347649,0,4.93180175881561,23.6937780191788,117.130021284722,2.5635888,5.3270592,13881,0,0.0004978,1,runs\ridge\N20_tight\CSO_r02.mat
ridge,N20_tight,20,12,CLPSO,2,20271305,240,606.914223895222,610.489999437284,1,1,1,0,2.65526158659043,0.2625,572.392835043568,16.9510463749576,0,172.349852215552,0,4.8553281979805,22.8607779338419,118.575536050838,2.7346544,5.3270592,13881,0,0.0004978,1,runs\ridge\N20_tight\CLPSO_r02.mat
ridge,N20_tight,20,12,GWO,2,20271305,240,610.489999437284,610.489999437284,1,0,1,0,1.33816658293514,0.0208333333333333,573.986408378562,16.7224489512224,0,172.386850347649,0,4.93180175881561,23.6937780191788,117.130021284722,2.3754162,5.3270592,13881,0,0.0004978,1,runs\ridge\N20_tight\GWO_r02.mat
ridge,N20_tight,20,12,PSO,3,20271306,240,604.765688577891,611.625303048148,1,1,1,0,3.04066997709787,0.2375,569.99638256395,17.4512192665586,0,172.45061636055,0,5.00425094601169,23.8598042663006,116.637071787297,2.0261434,5.3270592,13881,0,0.0006208,1,runs\ridge\N20_tight\PSO_r03.mat
ridge,N20_tight,20,12,CSO,3,20271306,240,611.625303048148,611.625303048148,1,0,1,0,1.32930373793767e-14,0.025,575.118149347472,16.5664019061123,0,172.419426797358,0,4.98992755602074,24.0365465952163,118.659996207473,1.8050842,5.3270592,13881,0,0.0006208,1,runs\ridge\N20_tight\CSO_r03.mat
ridge,N20_tight,20,12,CLPSO,3,20271306,240,611.625303048148,611.625303048148,1,0,1,0,1.32930373793767e-14,0.25,575.118149347472,16.5664019061123,0,172.419426797358,0,4.98992755602074,24.0365465952163,118.659996207473,1.7561187,5.3270592,13881,0,0.0006208,1,runs\ridge\N20_tight\CLPSO_r03.mat
ridge,N20_tight,20,12,GWO,3,20271306,240,611.625303048148,611.625303048148,1,0,1,0,1.32930373793767e-14,0.0208333333333333,575.118149347472,16.5664019061123,0,172.419426797358,0,4.98992755602074,24.0365465952163,118.659996207473,1.7913877,5.3270592,13881,0,0.0006208,1,runs\ridge\N20_tight\GWO_r03.mat
ridge,N20_tight,20,12,PSO,4,20271307,240,600.689702707455,611.625303048148,1,1,1,0,3.74320514460689,0.341666666666667,568.583042617772,17.6862275002478,0,172.450067936543,0,5.05434042276678,24.5742630219309,118.460362260612,1.7624969,5.3270592,13881,0,0.0004924,1,runs\ridge\N20_tight\PSO_r04.mat
ridge,N20_tight,20,12,CSO,4,20271307,240,611.625303048148,611.625303048148,1,0,1,0,1.32930373793767e-14,0.0166666666666667,575.118149347472,16.5664019061123,0,172.419426797358,0,4.98992755602074,24.0365465952163,118.659996207473,1.7613838,5.3270592,13881,0,0.0004924,1,runs\ridge\N20_tight\CSO_r04.mat
ridge,N20_tight,20,12,CLPSO,4,20271307,240,610.741534860848,611.625303048148,1,1,1,0,0.885753394138329,0.158333333333333,573.915447819084,16.6913405628399,0,172.343915199354,0,5.06624703650704,24.0284081106756,118.376930970047,1.7008523,5.3270592,13881,0,0.0004924,1,runs\ridge\N20_tight\CLPSO_r04.mat
ridge,N20_tight,20,12,GWO,4,20271307,240,611.625303048148,611.625303048148,1,0,1,0,1.32930373793767e-14,0.0166666666666667,575.118149347472,16.5664019061123,0,172.419426797358,0,4.98992755602074,24.0365465952163,118.659996207473,1.6703,5.3270592,13881,0,0.0004924,1,runs\ridge\N20_tight\GWO_r04.mat
ridge,N20_tight,20,12,PSO,5,20271308,240,601.695808611623,611.625303048148,1,1,1,0,4.42294996116886,0.275,567.656350423374,17.8214284950506,0,172.43082023228,0,4.96644527154641,24.5194610001119,115.203161654922,1.6746747,5.3270592,13881,0,0.0004379,1,runs\ridge\N20_tight\PSO_r05.mat
ridge,N20_tight,20,12,CSO,5,20271308,240,611.625303048148,611.625303048148,1,0,1,0,1.32930373793767e-14,0.0208333333333333,575.118149347472,16.5664019061123,0,172.419426797358,0,4.98992755602074,24.0365465952163,118.659996207473,1.7544042,5.3270592,13881,0,0.0004379,1,runs\ridge\N20_tight\CSO_r05.mat
ridge,N20_tight,20,12,CLPSO,5,20271308,240,609.536827491189,611.625303048148,1,1,1,0,1.97395647242596,0.233333333333333,574.098925271914,16.7767954576981,0,172.459949669684,0,4.84882155110092,23.8129373375205,118.159292894139,1.7764082,5.3270592,13881,0,0.0004379,1,runs\ridge\N20_tight\CLPSO_r05.mat
ridge,N20_tight,20,12,GWO,5,20271308,240,611.625303048148,611.625303048148,1,0,1,0,1.32930373793767e-14,0.0166666666666667,575.118149347472,16.5664019061123,0,172.419426797358,0,4.98992755602074,24.0365465952163,118.659996207473,1.7999448,5.3270592,13881,0,0.0004379,1,runs\ridge\N20_tight\GWO_r05.mat
peaks,N10_wide,10,45,PSO,1,20281104,240,403.313417421668,409.622967614002,1,1,1,0,3.82218769538986,0.454166666666667,392.441541576499,0.727347362010878,0,96.134270958094,0,4.81797508315156,24.4371368595548,81.8446439757818,0.9022212,2.7307553,7271,0,0.0004127,1,runs\peaks\N10_wide\PSO_r01.mat
peaks,N10_wide,10,45,CSO,1,20281104,240,409.622967614002,409.622967614002,1,0,1,0,9.89033630608209e-15,0.1125,394.744893974647,0.445068660361489,0,96.2358843228026,0,4.73567144683902,24.0434977132876,90,0.8846129,2.7307553,7271,0,0.0004127,1,runs\peaks\N10_wide\CSO_r01.mat
peaks,N10_wide,10,45,CLPSO,1,20281104,240,407.514425773833,409.622967614002,1,1,1,0,1.96617181267428,0.575,394.398768485381,0.467234955967044,0,96.2003630368639,0,4.81743012847033,24.5713919450473,90.4371211840351,0.8957041,2.7307553,7271,0,0.0004127,1,runs\peaks\N10_wide\CLPSO_r01.mat
peaks,N10_wide,10,45,GWO,1,20281104,240,409.622967614002,409.622967614002,1,0,1,0,9.89033630608209e-15,0.0375,394.744893974647,0.445068660361489,0,96.2358843228026,0,4.73567144683902,24.0434977132876,90,0.8771818,2.7307553,7271,0,0.0004127,1,runs\peaks\N10_wide\GWO_r01.mat
peaks,N10_wide,10,45,PSO,2,20281105,240,404.438983783508,409.039812518346,1,1,1,0,3.21976958082852,0.4625,393.90398179831,0.546915427894874,0,96.1975790609465,0,4.81569530310243,21.7279170106563,90.5333273770922,0.8579604,2.7307553,7271,0,0.0004423,1,runs\peaks\N10_wide\PSO_r02.mat
peaks,N10_wide,10,45,CSO,2,20281105,240,409.039812518346,409.039812518346,1,0,1,0,0.858317878699819,0.104166666666667,394.484983704713,0.447835593289394,0,96.1953328774082,0,4.77926144675366,24.495880128161,88.0442591221304,0.8607899,2.7307553,7271,0,0.0004423,1,runs\peaks\N10_wide\CSO_r02.mat
peaks,N10_wide,10,45,CLPSO,2,20281105,240,406.259804426644,409.039812518346,1,1,1,0,3.11068481220977,0.429166666666667,391.986348803931,0.814743530746249,0,96.1458016647347,0,4.76708774568991,24.971186543894,87.5065388389365,0.8898061,2.7307553,7271,0,0.0004423,1,runs\peaks\N10_wide\CLPSO_r02.mat
peaks,N10_wide,10,45,GWO,2,20281105,240,409.039812518346,409.039812518346,1,0,1,0,0.858317878699819,0.0375,394.484983704713,0.447835593289394,0,96.1953328774082,0,4.77926144675366,24.495880128161,88.0442591221304,0.8674273,2.7307553,7271,0,0.0004423,1,runs\peaks\N10_wide\GWO_r02.mat
peaks,N10_wide,10,45,PSO,3,20281106,240,400.327271386482,409.267023573131,1,1,1,0,5.17927430959178,0.508333333333333,391.486419205942,1.03788265151602,0,96.2856191858397,0,5.00953411354535,20.999897474491,97.6829972811437,0.8544988,2.7307553,7271,0,0.0003897,1,runs\peaks\N10_wide\PSO_r03.mat
peaks,N10_wide,10,45,CSO,3,20281106,240,407.613530383062,409.267023573131,1,1,1,0,5.29635372959064,0.125,395.091474641423,0.356220885365751,0,96.2047999922695,0,4.74626323498954,23.9772496347521,93.7380600775812,0.8698102,2.7307553,7271,0,0.0003897,1,runs\peaks\N10_wide\CSO_r03.mat
peaks,N10_wide,10,45,CLPSO,3,20281106,240,406.309297759592,409.267023573131,1,1,1,0,3.07822011866924,0.458333333333333,393.60535802738,0.598672085432526,0,96.1995650899959,0,5.15097744143456,23.8020857165007,84.7997661962318,0.8729144,2.7307553,7271,0,0.0003897,1,runs\peaks\N10_wide\CLPSO_r03.mat
peaks,N10_wide,10,45,GWO,3,20281106,240,409.267023573131,409.267023573131,1,0,1,0,1.17147286376403,0.0416666666666667,395.01802138725,0.422458989069998,0,96.258795886945,0,4.73500182025198,24.1615593519121,89.0625649411601,0.9245278,2.7307553,7271,0,0.0003897,1,runs\peaks\N10_wide\GWO_r03.mat
peaks,N10_wide,10,45,PSO,4,20281107,240,399.656978030203,409.334583313325,1,1,1,0,4.49458823598672,0.608333333333333,389.133316587588,1.18287537933002,0,96.038428143928,0,4.73348408838222,23.3257623893652,79.4375007811128,0.8493215,2.7307553,7271,0,0.0003735,1,runs\peaks\N10_wide\PSO_r04.mat
peaks,N10_wide,10,45,CSO,4,20281107,240,409.334583313325,409.334583313325,1,0,1,0,1.06252377015636,0.0791666666666667,395.10590153277,0.444179062595062,0,96.2951626513901,0,4.84071168484529,23.3689829877425,91.6815146862779,0.8660902,2.7307553,7271,0,0.0003735,1,runs\peaks\N10_wide\CSO_r04.mat
peaks,N10_wide,10,45,CLPSO,4,20281107,240,407.944215570796,409.334583313325,1,1,1,0,1.68794548007907,0.3875,393.993332734042,0.508945736698802,0,96.1745011923725,0,4.76803783331482,22.8701905706337,90.0164717923761,0.8640834,2.7307553,7271,0,0.0003735,1,runs\peaks\N10_wide\CLPSO_r04.mat
peaks,N10_wide,10,45,GWO,4,20281107,240,409.334583313325,409.334583313325,1,0,1,0,1.06252377015636,0.0291666666666667,395.10590153277,0.444179062595062,0,96.2951626513901,0,4.84071168484529,23.3689829877425,91.6815146862779,0.8775997,2.7307553,7271,0,0.0003735,1,runs\peaks\N10_wide\GWO_r04.mat
peaks,N10_wide,10,45,PSO,5,20281108,240,400.675488775347,407.539093673238,1,1,1,0,4.29868507643568,0.625,389.498161273964,1.12509413495047,0,96.0414543472778,0,4.85198339491175,23.5927121131525,83.7087333634158,0.8754881,2.7307553,7271,0,0.0003653,1,runs\peaks\N10_wide\PSO_r05.mat
peaks,N10_wide,10,45,CSO,5,20281108,240,407.539093673238,407.539093673238,1,0,1,0,1.11363843712523,0.179166666666667,394.235623212833,0.541020000707388,0,96.2469572028462,0,4.74266206286679,24.2703787946533,90.6285012951225,0.8651959,2.7307553,7271,0,0.0003653,1,runs\peaks\N10_wide\CSO_r05.mat
peaks,N10_wide,10,45,CLPSO,5,20281108,240,406.787397083561,407.539093673238,1,1,1,0,1.76228759039798,0.4375,393.504117223422,0.574719793261877,0,96.1587393304989,0,4.70750573664744,24.8634913866244,96.3828925562097,0.8743806,2.7307553,7271,0,0.0003653,1,runs\peaks\N10_wide\CLPSO_r05.mat
peaks,N10_wide,10,45,GWO,5,20281108,240,407.539093673238,407.539093673238,1,0,1,0,1.11363843712523,0.0375,394.235623212833,0.541020000707388,0,96.2469572028462,0,4.74266206286679,24.2703787946533,90.6285012951225,0.8753134,2.7307553,7271,0,0.0003653,1,runs\peaks\N10_wide\GWO_r05.mat
peaks,N10_tight,10,12,PSO,1,20281104,240,402.033747572763,409.622967614002,1,1,1,0,4.13700395564968,0.491666666666667,391.718648096959,0.98258484705768,0,96.2690261965508,0,4.86560567478898,24.849200753875,84.5486993492622,0.8748488,2.7307553,7271,0,0.0004076,1,runs\peaks\N10_tight\PSO_r01.mat
peaks,N10_tight,10,12,CSO,1,20281104,240,409.622967614002,409.622967614002,1,0,1,0,9.89033630608209e-15,0.1125,394.744893974647,0.445068660361489,0,96.2358843228026,0,4.73567144683902,24.0434977132876,90,0.870812,2.7307553,7271,0,0.0004076,1,runs\peaks\N10_tight\CSO_r01.mat
peaks,N10_tight,10,12,CLPSO,1,20281104,240,407.514425773833,409.622967614002,1,1,1,0,1.96617181267428,0.575,394.398768485381,0.467234955967044,0,96.2003630368639,0,4.81743012847033,24.5713919450473,90.4371211840351,0.8705153,2.7307553,7271,0,0.0004076,1,runs\peaks\N10_tight\CLPSO_r01.mat
peaks,N10_tight,10,12,GWO,1,20281104,240,409.622967614002,409.622967614002,1,0,1,0,9.89033630608209e-15,0.0375,394.744893974647,0.445068660361489,0,96.2358843228026,0,4.73567144683902,24.0434977132876,90,0.9746121,2.7307553,7271,0,0.0004076,1,runs\peaks\N10_tight\GWO_r01.mat
peaks,N10_tight,10,12,PSO,2,20281105,240,404.538997362079,409.039812518346,1,1,1,0,2.62524747787831,0.416666666666667,393.374934793908,0.669073762709356,0,96.2315628950273,0,4.91874346491767,22.7671751116601,96.8253560381895,0.8687559,2.7307553,7271,0,0.0003957,1,runs\peaks\N10_tight\PSO_r02.mat
peaks,N10_tight,10,12,CSO,2,20281105,240,409.039812518346,409.039812518346,1,0,1,0,0.858317878699819,0.104166666666667,394.484983704713,0.447835593289394,0,96.1953328774082,0,4.77926144675366,24.495880128161,88.0442591221304,0.8884114,2.7307553,7271,0,0.0003957,1,runs\peaks\N10_tight\CSO_r02.mat
peaks,N10_tight,10,12,CLPSO,2,20281105,240,406.259804426644,409.039812518346,1,1,1,0,3.11068481220977,0.429166666666667,391.986348803931,0.814743530746249,0,96.1458016647347,0,4.76708774568991,24.971186543894,87.5065388389365,0.8602957,2.7307553,7271,0,0.0003957,1,runs\peaks\N10_tight\CLPSO_r02.mat
peaks,N10_tight,10,12,GWO,2,20281105,240,409.039812518346,409.039812518346,1,0,1,0,0.858317878699819,0.0375,394.484983704713,0.447835593289394,0,96.1953328774082,0,4.77926144675366,24.495880128161,88.0442591221304,0.8816502,2.7307553,7271,0,0.0003957,1,runs\peaks\N10_tight\GWO_r02.mat
peaks,N10_tight,10,12,PSO,3,20281106,240,400.327271386482,409.267023573131,1,1,1,0,5.17927430959178,0.508333333333333,391.486419205942,1.03788265151602,0,96.2856191858397,0,5.00953411354535,20.999897474491,97.6829972811437,0.8781635,2.7307553,7271,0,0.0004761,1,runs\peaks\N10_tight\PSO_r03.mat
peaks,N10_tight,10,12,CSO,3,20281106,240,407.613530383062,409.267023573131,1,1,1,0,5.29635372959064,0.125,395.091474641423,0.356220885365751,0,96.2047999922695,0,4.74626323498954,23.9772496347521,93.7380600775812,0.9061142,2.7307553,7271,0,0.0004761,1,runs\peaks\N10_tight\CSO_r03.mat
peaks,N10_tight,10,12,CLPSO,3,20281106,240,406.309297759592,409.267023573131,1,1,1,0,3.07822011866924,0.458333333333333,393.60535802738,0.598672085432526,0,96.1995650899959,0,5.15097744143456,23.8020857165007,84.7997661962318,0.8724267,2.7307553,7271,0,0.0004761,1,runs\peaks\N10_tight\CLPSO_r03.mat
peaks,N10_tight,10,12,GWO,3,20281106,240,409.267023573131,409.267023573131,1,0,1,0,1.17147286376403,0.0416666666666667,395.01802138725,0.422458989069998,0,96.258795886945,0,4.73500182025198,24.1615593519121,89.0625649411601,0.9180651,2.7307553,7271,0,0.0004761,1,runs\peaks\N10_tight\GWO_r03.mat
peaks,N10_tight,10,12,PSO,4,20281107,240,399.656978030203,409.334583313325,1,1,1,0,4.49458823598672,0.608333333333333,389.133316587588,1.18287537933002,0,96.038428143928,0,4.73348408838222,23.3257623893652,79.4375007811128,0.866891,2.7307553,7271,0,0.0004375,1,runs\peaks\N10_tight\PSO_r04.mat
peaks,N10_tight,10,12,CSO,4,20281107,240,409.334583313325,409.334583313325,1,0,1,0,1.06252377015636,0.0791666666666667,395.10590153277,0.444179062595062,0,96.2951626513901,0,4.84071168484529,23.3689829877425,91.6815146862779,0.8779094,2.7307553,7271,0,0.0004375,1,runs\peaks\N10_tight\CSO_r04.mat
peaks,N10_tight,10,12,CLPSO,4,20281107,240,407.944116864705,409.334583313325,1,1,1,0,1.68794446923139,0.3875,393.993277061837,0.508945736698802,0,96.1744919136716,0,4.76803783331482,22.8701905706337,90.0164717923761,0.8686625,2.7307553,7271,0,0.0004375,1,runs\peaks\N10_tight\CLPSO_r04.mat
peaks,N10_tight,10,12,GWO,4,20281107,240,409.334583313325,409.334583313325,1,0,1,0,1.06252377015636,0.0291666666666667,395.10590153277,0.444179062595062,0,96.2951626513901,0,4.84071168484529,23.3689829877425,91.6815146862779,0.9375694,2.7307553,7271,0,0.0004375,1,runs\peaks\N10_tight\GWO_r04.mat
peaks,N10_tight,10,12,PSO,5,20281108,240,402.133103129812,407.539093673238,1,1,1,0,3.92646937943395,0.625,390.759800851884,0.885704191464157,0,96.0123376667781,0,4.74409594699569,23.9297092086341,85.0488410203441,0.8655264,2.7307553,7271,0,0.0004195,1,runs\peaks\N10_tight\PSO_r05.mat
peaks,N10_tight,10,12,CSO,5,20281108,240,407.539093673238,407.539093673238,1,0,1,0,1.11363843712523,0.179166666666667,394.235623212833,0.541020000707388,0,96.2469572028462,0,4.74266206286679,24.2703787946533,90.6285012951225,0.8812492,2.7307553,7271,0,0.0004195,1,runs\peaks\N10_tight\CSO_r05.mat
peaks,N10_tight,10,12,CLPSO,5,20281108,240,406.787397083561,407.539093673238,1,1,1,0,1.76228759039798,0.4375,393.504117223422,0.574719793261877,0,96.1587393304989,0,4.70750573664744,24.8634913866244,96.3828925562097,0.8743175,2.7307553,7271,0,0.0004195,1,runs\peaks\N10_tight\CLPSO_r05.mat
peaks,N10_tight,10,12,GWO,5,20281108,240,407.539093673238,407.539093673238,1,0,1,0,1.11363843712523,0.0375,394.235623212833,0.541020000707388,0,96.2469572028462,0,4.74266206286679,24.2703787946533,90.6285012951225,0.8741319,2.7307553,7271,0,0.0004195,1,runs\peaks\N10_tight\GWO_r05.mat
peaks,N15_wide,15,45,PSO,1,20281204,240,490.206333501825,493.695151807129,1,1,1,0,1.66579952740583,0.233333333333333,471.956606383785,11.1236318251299,0,134.783066222427,0,4.13825375929139,24.7288023057555,92.0871023129817,1.30974,4.8510798,11856,1280,0.0004111,1,runs\peaks\N15_wide\PSO_r01.mat
peaks,N15_wide,15,45,CSO,1,20281204,240,493.695151807129,493.695151807129,1,0,1,0,1.35937730982984e-14,0.00833333333333333,472.756431000406,11.0726395202203,0,134.865378020288,0,4.03159766461058,24.8061581954176,93.1798301198642,1.2908482,4.8510798,11856,1280,0.0004111,1,runs\peaks\N15_wide\CSO_r01.mat
peaks,N15_wide,15,45,CLPSO,1,20281204,240,491.422862923135,493.695151807129,1,1,1,0,3.4998300508016,0.233333333333333,471.231360571055,11.3024764246996,0,134.841036519876,0,4.39221851524038,24.6950244271534,91.9259777809644,1.2825136,4.8510798,11856,1280,0.0004111,1,runs\peaks\N15_wide\CLPSO_r01.mat
peaks,N15_wide,15,45,GWO,1,20281204,240,493.695151807129,493.695151807129,1,0,1,0,1.35937730982984e-14,0.00833333333333333,472.756431000406,11.0726395202203,0,134.865378020288,0,4.03159766461058,24.8061581954176,93.1798301198642,1.2737057,4.8510798,11856,1280,0.0004111,1,runs\peaks\N15_wide\GWO_r01.mat
peaks,N15_wide,15,45,PSO,2,20281205,240,489.503445833563,493.036786029436,1,1,1,0,2.88007462224405,0.208333333333333,471.941914002701,11.1500282335978,0,134.807013900715,0,4.0985534797473,24.4895612391067,112.598007950905,1.2442672,4.8510798,11856,1280,0.000494,1,runs\peaks\N15_wide\PSO_r02.mat
peaks,N15_wide,15,45,CSO,2,20281205,240,493.036786029436,493.036786029436,1,0,1,0,1.21139284044135,0.0166666666666667,472.666273130801,11.1678264705694,0,134.945538659036,0,4.01570208066757,24.709654063035,92.322763353376,1.2557461,4.8510798,11856,1280,0.000494,1,runs\peaks\N15_wide\CSO_r02.mat
peaks,N15_wide,15,45,CLPSO,2,20281205,240,492.612549263137,493.036786029436,1,1,1,0,1.61692919554894,0.2,472.609877472204,11.1572607061082,0,134.925573618142,0,4.01513271676331,24.7444839949068,92.0348922411812,1.2922475,4.8510798,11856,1280,0.000494,1,runs\peaks\N15_wide\CLPSO_r02.mat
peaks,N15_wide,15,45,GWO,2,20281205,240,493.036786029436,493.036786029436,1,0,1,0,1.21139284044135,0.0166666666666667,472.666273130801,11.1678264705694,0,134.945538659036,0,4.01570208066757,24.709654063035,92.322763353376,1.2568415,4.8510798,11856,1280,0.000494,1,runs\peaks\N15_wide\GWO_r02.mat
peaks,N15_wide,15,45,PSO,3,20281206,240,490.003674248098,493.695151807129,1,1,1,0,2.57897185491867,0.1875,471.696963090375,11.1323592576352,0,134.748519772698,0,4.13602567380423,24.5298234050481,97.2622413536877,1.2722158,4.8510798,11856,1280,0.0004068,1,runs\peaks\N15_wide\PSO_r03.mat
peaks,N15_wide,15,45,CSO,3,20281206,240,493.695151807129,493.695151807129,1,0,1,0,1.35937730982984e-14,0.00833333333333333,472.756431000406,11.0726395202203,0,134.865378020288,0,4.03159766461058,24.8061581954176,93.1798301198642,1.2667854,4.8510798,11856,1280,0.0004068,1,runs\peaks\N15_wide\CSO_r03.mat
peaks,N15_wide,15,45,CLPSO,3,20281206,240,493.695151807129,493.695151807129,1,0,1,0,1.35937730982984e-14,0.0791666666666667,472.756431000406,11.0726395202203,0,134.865378020288,0,4.03159766461058,24.8061581954176,93.1798301198642,1.2973021,4.8510798,11856,1280,0.0004068,1,runs\peaks\N15_wide\CLPSO_r03.mat
peaks,N15_wide,15,45,GWO,3,20281206,240,493.695151807129,493.695151807129,1,0,1,0,1.35937730982984e-14,0.00416666666666667,472.756431000406,11.0726395202203,0,134.865378020288,0,4.03159766461058,24.8061581954176,93.1798301198642,1.3559971,4.8510798,11856,1280,0.0004068,1,runs\peaks\N15_wide\GWO_r03.mat
peaks,N15_wide,15,45,PSO,4,20281207,240,487.539016799738,493.695151807129,1,1,1,0,3.20648065873841,0.258333333333333,469.31429462148,11.5732438060011,0,134.792292909581,0,4.47577337275778,24.7991423326167,88.3155754957317,1.3302622,4.8510798,11856,1280,0.0004918,1,runs\peaks\N15_wide\PSO_r04.mat
peaks,N15_wide,15,45,CSO,4,20281207,240,493.695151807129,493.695151807129,1,0,1,0,1.35937730982984e-14,0.0166666666666667,472.756431000406,11.0726395202203,0,134.865378020288,0,4.03159766461058,24.8061581954176,93.1798301198642,1.3409022,4.8510798,11856,1280,0.0004918,1,runs\peaks\N15_wide\CSO_r04.mat
peaks,N15_wide,15,45,CLPSO,4,20281207,240,492.177084051752,493.695151807129,1,1,1,0,2.29136694634371,0.166666666666667,472.898840938607,11.0910559965138,0,134.907529486282,0,4.31080943508621,24.0461587608487,102.917979399672,1.312233,4.8510798,11856,1280,0.0004918,1,runs\peaks\N15_wide\CLPSO_r04.mat
peaks,N15_wide,15,45,GWO,4,20281207,240,493.695151807129,493.695151807129,1,0,1,0,1.35937730982984e-14,0.0166666666666667,472.756431000406,11.0726395202203,0,134.865378020288,0,4.03159766461058,24.8061581954176,93.1798301198642,1.2755809,4.8510798,11856,1280,0.0004918,1,runs\peaks\N15_wide\GWO_r04.mat
peaks,N15_wide,15,45,PSO,5,20281208,240,483.025602363147,493.695151807129,1,1,1,0,4.58263123129396,0.3,466.743674285491,11.8594014857931,0,134.650013866708,0,4.33408966681656,24.9884013007961,78.4757138431532,1.2532026,4.8510798,11856,1280,0.00045,1,runs\peaks\N15_wide\PSO_r05.mat
peaks,N15_wide,15,45,CSO,5,20281208,240,493.695151807129,493.695151807129,1,0,1,0,1.35937730982984e-14,0.0166666666666667,472.756431000406,11.0726395202203,0,134.865378020288,0,4.03159766461058,24.8061581954176,93.1798301198642,1.2483697,4.8510798,11856,1280,0.00045,1,runs\peaks\N15_wide\CSO_r05.mat
peaks,N15_wide,15,45,CLPSO,5,20281208,240,493.695151807129,493.695151807129,1,0,1,0,1.35937730982984e-14,0.00833333333333333,472.756431000406,11.0726395202203,0,134.865378020288,0,4.03159766461058,24.8061581954176,93.1798301198642,1.2696741,4.8510798,11856,1280,0.00045,1,runs\peaks\N15_wide\CLPSO_r05.mat
peaks,N15_wide,15,45,GWO,5,20281208,240,493.695151807129,493.695151807129,1,0,1,0,1.35937730982984e-14,0.00833333333333333,472.756431000406,11.0726395202203,0,134.865378020288,0,4.03159766461058,24.8061581954176,93.1798301198642,1.2699911,4.8510798,11856,1280,0.00045,1,runs\peaks\N15_wide\GWO_r05.mat
peaks,N15_tight,15,12,PSO,1,20281204,240,489.203140167698,493.695151807129,1,1,1,0,1.88992300093678,0.220833333333333,472.220884054592,11.1020704880791,0,134.805551163844,0,4.11476928731638,24.9760990119511,92.10106391186,1.2548884,4.8510798,11856,1280,0.0005946,1,runs\peaks\N15_tight\PSO_r01.mat
peaks,N15_tight,15,12,CSO,1,20281204,240,493.695151807129,493.695151807129,1,0,1,0,1.35937730982984e-14,0.00833333333333333,472.756431000406,11.0726395202203,0,134.865378020288,0,4.03159766461058,24.8061581954176,93.1798301198642,1.2579875,4.8510798,11856,1280,0.0005946,1,runs\peaks\N15_tight\CSO_r01.mat
peaks,N15_tight,15,12,CLPSO,1,20281204,240,491.422862923135,493.695151807129,1,1,1,0,3.4998300508016,0.233333333333333,471.231360571055,11.3024764246996,0,134.841036519876,0,4.39221851524038,24.6950244271534,91.9259777809644,1.2626757,4.8510798,11856,1280,0.0005946,1,runs\peaks\N15_tight\CLPSO_r01.mat
peaks,N15_tight,15,12,GWO,1,20281204,240,493.695151807129,493.695151807129,1,0,1,0,1.35937730982984e-14,0.00833333333333333,472.756431000406,11.0726395202203,0,134.865378020288,0,4.03159766461058,24.8061581954176,93.1798301198642,1.269915,4.8510798,11856,1280,0.0005946,1,runs\peaks\N15_tight\GWO_r01.mat
peaks,N15_tight,15,12,PSO,2,20281205,240,489.503445833563,493.036786029436,1,1,1,0,2.88007462224405,0.2,471.941914002701,11.1500282335978,0,134.807013900715,0,4.0985534797473,24.4895612391067,112.598007950905,1.2559112,4.8510798,11856,1280,0.0004386,1,runs\peaks\N15_tight\PSO_r02.mat
peaks,N15_tight,15,12,CSO,2,20281205,240,493.036786029436,493.036786029436,1,0,1,0,1.21139284044135,0.0166666666666667,472.666273130801,11.1678264705694,0,134.945538659036,0,4.01570208066757,24.709654063035,92.322763353376,1.2455688,4.8510798,11856,1280,0.0004386,1,runs\peaks\N15_tight\CSO_r02.mat
peaks,N15_tight,15,12,CLPSO,2,20281205,240,493.036786029436,493.036786029436,1,0,1,0,1.21139284044135,0.225,472.666273130801,11.1678264705694,0,134.945538659036,0,4.01570208066757,24.709654063035,92.322763353376,1.2641173,4.8510798,11856,1280,0.0004386,1,runs\peaks\N15_tight\CLPSO_r02.mat
peaks,N15_tight,15,12,GWO,2,20281205,240,493.036786029436,493.036786029436,1,0,1,0,1.21139284044135,0.0166666666666667,472.666273130801,11.1678264705694,0,134.945538659036,0,4.01570208066757,24.709654063035,92.322763353376,1.2618692,4.8510798,11856,1280,0.0004386,1,runs\peaks\N15_tight\GWO_r02.mat
peaks,N15_tight,15,12,PSO,3,20281206,240,489.368952584561,493.695151807129,1,1,1,0,2.94802253747362,0.195833333333333,470.834568959601,11.1769324313516,0,134.649360591285,0,4.3870579044853,24.6877366798594,94.3191529338189,1.264187,4.8510798,11856,1280,0.0003782,1,runs\peaks\N15_tight\PSO_r03.mat
peaks,N15_tight,15,12,CSO,3,20281206,240,493.695151807129,493.695151807129,1,0,1,0,1.35937730982984e-14,0.00833333333333333,472.756431000406,11.0726395202203,0,134.865378020288,0,4.03159766461058,24.8061581954176,93.1798301198642,1.2672979,4.8510798,11856,1280,0.0003782,1,runs\peaks\N15_tight\CSO_r03.mat
peaks,N15_tight,15,12,CLPSO,3,20281206,240,493.695151807129,493.695151807129,1,0,1,0,1.35937730982984e-14,0.0791666666666667,472.756431000406,11.0726395202203,0,134.865378020288,0,4.03159766461058,24.8061581954176,93.1798301198642,1.2639692,4.8510798,11856,1280,0.0003782,1,runs\peaks\N15_tight\CLPSO_r03.mat
peaks,N15_tight,15,12,GWO,3,20281206,240,493.695151807129,493.695151807129,1,0,1,0,1.35937730982984e-14,0.00416666666666667,472.756431000406,11.0726395202203,0,134.865378020288,0,4.03159766461058,24.8061581954176,93.1798301198642,1.2953267,4.8510798,11856,1280,0.0003782,1,runs\peaks\N15_tight\GWO_r03.mat
peaks,N15_tight,15,12,PSO,4,20281207,240,487.539016799738,493.695151807129,1,1,1,0,3.20648065873841,0.254166666666667,469.31429462148,11.5732438060011,0,134.792292909581,0,4.47577337275778,24.7991423326167,88.3155754957317,1.2510863,4.8510798,11856,1280,0.0003817,1,runs\peaks\N15_tight\PSO_r04.mat
peaks,N15_tight,15,12,CSO,4,20281207,240,493.695151807129,493.695151807129,1,0,1,0,1.35937730982984e-14,0.0166666666666667,472.756431000406,11.0726395202203,0,134.865378020288,0,4.03159766461058,24.8061581954176,93.1798301198642,1.2714106,4.8510798,11856,1280,0.0003817,1,runs\peaks\N15_tight\CSO_r04.mat
peaks,N15_tight,15,12,CLPSO,4,20281207,240,492.571832637705,493.695151807129,1,1,1,0,2.20965648845444,0.154166666666667,473.085894701268,11.0783646950876,0,134.926013811966,0,4.31080943508621,24.2542317243625,102.917979399672,1.2703577,4.8510798,11856,1280,0.0003817,1,runs\peaks\N15_tight\CLPSO_r04.mat
peaks,N15_tight,15,12,GWO,4,20281207,240,493.695151807129,493.695151807129,1,0,1,0,1.35937730982984e-14,0.0166666666666667,472.756431000406,11.0726395202203,0,134.865378020288,0,4.03159766461058,24.8061581954176,93.1798301198642,1.2807892,4.8510798,11856,1280,0.0003817,1,runs\peaks\N15_tight\GWO_r04.mat
peaks,N15_tight,15,12,PSO,5,20281208,240,483.025602363147,493.695151807129,1,1,1,0,4.58263123129396,0.291666666666667,466.743674285491,11.8594014857931,0,134.650013866708,0,4.33408966681656,24.9884013007961,78.4757138431532,1.2576211,4.8510798,11856,1280,0.0004432,1,runs\peaks\N15_tight\PSO_r05.mat
peaks,N15_tight,15,12,CSO,5,20281208,240,493.695151807129,493.695151807129,1,0,1,0,1.35937730982984e-14,0.0166666666666667,472.756431000406,11.0726395202203,0,134.865378020288,0,4.03159766461058,24.8061581954176,93.1798301198642,1.2506423,4.8510798,11856,1280,0.0004432,1,runs\peaks\N15_tight\CSO_r05.mat
peaks,N15_tight,15,12,CLPSO,5,20281208,240,493.695151807129,493.695151807129,1,0,1,0,1.35937730982984e-14,0.00833333333333333,472.756431000406,11.0726395202203,0,134.865378020288,0,4.03159766461058,24.8061581954176,93.1798301198642,1.2635344,4.8510798,11856,1280,0.0004432,1,runs\peaks\N15_tight\CLPSO_r05.mat
peaks,N15_tight,15,12,GWO,5,20281208,240,493.695151807129,493.695151807129,1,0,1,0,1.35937730982984e-14,0.00833333333333333,472.756431000406,11.0726395202203,0,134.865378020288,0,4.03159766461058,24.8061581954176,93.1798301198642,1.2741272,4.8510798,11856,1280,0.0004432,1,runs\peaks\N15_tight\GWO_r05.mat
peaks,N20_wide,20,45,PSO,1,20281304,240,615.035218309041,625.266434444307,1,1,1,0,3.66538933892022,0.220833333333333,586.189188285578,13.544231726033,0,171.242429773629,0,4.32600207486207,23.9807857843799,118.372413423017,1.6356721,5.2363835,13881,0,0.0004458,1,runs\peaks\N20_wide\PSO_r01.mat
peaks,N20_wide,20,45,CSO,1,20281304,240,625.266434444307,625.266434444307,1,0,1,0,1.46482137552712e-14,0.00833333333333333,590.307125476207,12.7343306411724,0,171.118851553874,0,4.03159766461058,24.8131296376371,118.300755766006,1.6871262,5.2363835,13881,0,0.0004458,1,runs\peaks\N20_wide\CSO_r01.mat
peaks,N20_wide,20,45,CLPSO,1,20281304,240,625.266434444307,625.266434444307,1,0,1,0,1.46482137552712e-14,0.129166666666667,590.307125476207,12.7343306411724,0,171.118851553874,0,4.03159766461058,24.8131296376371,118.300755766006,1.6617072,5.2363835,13881,0,0.0004458,1,runs\peaks\N20_wide\CLPSO_r01.mat
peaks,N20_wide,20,45,GWO,1,20281304,240,625.266434444307,625.266434444307,1,0,1,0,1.46482137552712e-14,0.00416666666666667,590.307125476207,12.7343306411724,0,171.118851553874,0,4.03159766461058,24.8131296376371,118.300755766006,1.6547713,5.2363835,13881,0,0.0004458,1,runs\peaks\N20_wide\GWO_r01.mat
peaks,N20_wide,20,45,PSO,2,20281305,240,621.708237491215,625.266434444307,1,1,1,0,2.91218543059887,0.241666666666667,589.045273733286,12.9668349394195,0,171.1410472283,0,4.19349122439996,24.5366941998526,114.636968981576,1.6491173,5.2363835,13881,0,0.0004051,1,runs\peaks\N20_wide\PSO_r02.mat
peaks,N20_wide,20,45,CSO,2,20281305,240,625.266434444307,625.266434444307,1,0,1,0,1.46482137552712e-14,0.0125,590.307125476207,12.7343306411724,0,171.118851553874,0,4.03159766461058,24.8131296376371,118.300755766006,1.6524229,5.2363835,13881,0,0.0004051,1,runs\peaks\N20_wide\CSO_r02.mat
peaks,N20_wide,20,45,CLPSO,2,20281305,240,625.081889702943,625.266434444307,1,1,1,0,0.446406478627539,0.075,590.177338151934,12.750358592247,0,171.113248284236,0,4.0254283506998,24.7734158383473,118.362712569661,1.6509676,5.2363835,13881,0,0.0004051,1,runs\peaks\N20_wide\CLPSO_r02.mat
peaks,N20_wide,20,45,GWO,2,20281305,240,625.266434444307,625.266434444307,1,0,1,0,1.46482137552712e-14,0.0125,590.307125476207,12.7343306411724,0,171.118851553874,0,4.03159766461058,24.8131296376371,118.300755766006,1.6643334,5.2363835,13881,0,0.0004051,1,runs\peaks\N20_wide\GWO_r02.mat
peaks,N20_wide,20,45,PSO,3,20281306,240,622.313050023832,625.266434444307,1,1,1,0,2.84886249057008,0.2875,590.325190478392,12.7087989028286,0,171.096330649227,0,4.33332356314674,23.8421824138164,118.782880876928,1.6206992,5.2363835,13881,0,0.0004732,1,runs\peaks\N20_wide\PSO_r03.mat
peaks,N20_wide,20,45,CSO,3,20281306,240,625.266434444307,625.266434444307,1,0,1,0,1.46482137552712e-14,0.0166666666666667,590.307125476207,12.7343306411724,0,171.118851553874,0,4.03159766461058,24.8131296376371,118.300755766006,1.6275565,5.2363835,13881,0,0.0004732,1,runs\peaks\N20_wide\CSO_r03.mat
peaks,N20_wide,20,45,CLPSO,3,20281306,240,624.135157352348,625.266434444307,1,1,1,0,0.982661355944082,0.204166666666667,589.886257260674,12.7747591936771,0,171.089135403789,0,4.05260924066424,24.9030438999628,117.303226560085,1.6417056,5.2363835,13881,0,0.0004732,1,runs\peaks\N20_wide\CLPSO_r03.mat
peaks,N20_wide,20,45,GWO,3,20281306,240,625.266434444307,625.266434444307,1,0,1,0,1.46482137552712e-14,0.0166666666666667,590.307125476207,12.7343306411724,0,171.118851553874,0,4.03159766461058,24.8131296376371,118.300755766006,1.7234852,5.2363835,13881,0,0.0004732,1,runs\peaks\N20_wide\GWO_r03.mat
peaks,N20_wide,20,45,PSO,4,20281307,240,619.367099573404,625.266434444307,1,1,1,0,2.67183848753368,0.141666666666667,586.657105856293,13.245443479001,0,171.021627788383,0,4.25132901840764,24.2519819980928,117.371645064602,1.6494622,5.2363835,13881,0,0.0004072,1,runs\peaks\N20_wide\PSO_r04.mat
peaks,N20_wide,20,45,CSO,4,20281307,240,625.266434444307,625.266434444307,1,0,1,0,1.46482137552712e-14,0.0208333333333333,590.307125476207,12.7343306411724,0,171.118851553874,0,4.03159766461058,24.8131296376371,118.300755766006,1.6574116,5.2363835,13881,0,0.0004072,1,runs\peaks\N20_wide\CSO_r04.mat
peaks,N20_wide,20,45,CLPSO,4,20281307,240,623.451448841615,625.266434444307,1,1,1,0,1.79357173582567,0.166666666666667,588.595202703665,13.0015663586021,0,171.100766809213,0,4.11585100281873,24.5895399884362,116.065500401042,1.6548535,5.2363835,13881,0,0.0004072,1,runs\peaks\N20_wide\CLPSO_r04.mat
peaks,N20_wide,20,45,GWO,4,20281307,240,625.266434444307,625.266434444307,1,0,1,0,1.46482137552712e-14,0.0166666666666667,590.307125476207,12.7343306411724,0,171.118851553874,0,4.03159766461058,24.8131296376371,118.300755766006,1.6790948,5.2363835,13881,0,0.0004072,1,runs\peaks\N20_wide\GWO_r04.mat
peaks,N20_wide,20,45,PSO,5,20281308,240,619.513783257382,624.815052849372,1,1,1,0,2.9172993037548,0.145833333333333,588.855832758343,12.9855358825199,0,171.128174675577,0,4.14577859530515,24.4568835739363,118.468432182722,1.6445156,5.2363835,13881,0,0.0004788,1,runs\peaks\N20_wide\PSO_r05.mat
peaks,N20_wide,20,45,CSO,5,20281308,240,624.815052849372,624.815052849372,1,0,1,0,1.34049070382656,0.0208333333333333,589.505846132655,12.8896903728059,0,171.140664728248,0,4.01190764133591,24.9794932022022,117.658791470394,1.6492931,5.2363835,13881,0,0.0004788,1,runs\peaks\N20_wide\CSO_r05.mat
peaks,N20_wide,20,45,CLPSO,5,20281308,240,624.815052849372,624.815052849372,1,0,1,0,1.34049070382656,0.154166666666667,589.505846132655,12.8896903728059,0,171.140664728248,0,4.01190764133591,24.9794932022022,117.658791470394,1.625406,5.2363835,13881,0,0.0004788,1,runs\peaks\N20_wide\CLPSO_r05.mat
peaks,N20_wide,20,45,GWO,5,20281308,240,624.815052849372,624.815052849372,1,0,1,0,1.34049070382656,0.0166666666666667,589.505846132655,12.8896903728059,0,171.140664728248,0,4.01190764133591,24.9794932022022,117.658791470394,1.6715255,5.2363835,13881,0,0.0004788,1,runs\peaks\N20_wide\GWO_r05.mat
peaks,N20_tight,20,12,PSO,1,20281304,240,619.486476790475,625.266434444307,1,1,1,0,2.73748667836549,0.175,589.626990746782,12.9106089872055,0,171.181774111669,0,4.02900862095593,24.1033126985596,116.146809918369,1.6402232,5.2363835,13881,0,0.0003968,1,runs\peaks\N20_tight\PSO_r01.mat
peaks,N20_tight,20,12,CSO,1,20281304,240,625.266434444307,625.266434444307,1,0,1,0,1.46482137552712e-14,0.00833333333333333,590.307125476207,12.7343306411724,0,171.118851553874,0,4.03159766461058,24.8131296376371,118.300755766006,1.6468722,5.2363835,13881,0,0.0003968,1,runs\peaks\N20_tight\CSO_r01.mat
peaks,N20_tight,20,12,CLPSO,1,20281304,240,624.444281686719,625.266434444307,1,1,1,0,1.11755993645686,0.125,590.663956880065,12.6734411919783,0,171.117434005322,0,4.08794493607807,24.6931569389674,118.478243712828,1.6601475,5.2363835,13881,0,0.0003968,1,runs\peaks\N20_tight\CLPSO_r01.mat
peaks,N20_tight,20,12,GWO,1,20281304,240,625.266434444307,625.266434444307,1,0,1,0,1.46482137552712e-14,0.00416666666666667,590.307125476207,12.7343306411724,0,171.118851553874,0,4.03159766461058,24.8131296376371,118.300755766006,1.6710592,5.2363835,13881,0,0.0003968,1,runs\peaks\N20_tight\GWO_r01.mat
peaks,N20_tight,20,12,PSO,2,20281305,240,622.953455646431,625.266434444307,1,1,1,0,1.88920718872002,0.220833333333333,589.955486713348,12.8357358881115,0,171.161650340336,0,4.20976292385896,24.874367744641,115.845283797685,1.6324882,5.2363835,13881,0,0.0003711,1,runs\peaks\N20_tight\PSO_r02.mat
peaks,N20_tight,20,12,CSO,2,20281305,240,625.266434444307,625.266434444307,1,0,1,0,1.46482137552712e-14,0.0125,590.307125476207,12.7343306411724,0,171.118851553874,0,4.03159766461058,24.8131296376371,118.300755766006,1.6510154,5.2363835,13881,0,0.0003711,1,runs\peaks\N20_tight\CSO_r02.mat
peaks,N20_tight,20,12,CLPSO,2,20281305,240,624.693222267062,625.266434444307,1,1,1,0,0.336336110444856,0.0583333333333333,590.412122063506,12.7178624117262,0,171.119882755644,0,4.07453885673489,24.9848891974122,118.537838587053,1.6456669,5.2363835,13881,0,0.0003711,1,runs\peaks\N20_tight\CLPSO_r02.mat
peaks,N20_tight,20,12,GWO,2,20281305,240,625.266434444307,625.266434444307,1,0,1,0,1.46482137552712e-14,0.0125,590.307125476207,12.7343306411724,0,171.118851553874,0,4.03159766461058,24.8131296376371,118.300755766006,1.6439829,5.2363835,13881,0,0.0003711,1,runs\peaks\N20_tight\GWO_r02.mat
peaks,N20_tight,20,12,PSO,3,20281306,240,619.261614855306,625.266434444307,1,1,1,0,2.86057165109295,0.2875,587.702047067765,13.0752705628838,0,171.025611740845,0,4.24578491516619,24.570320619319,117.966398581978,1.6290213,5.2363835,13881,0,0.0005212,1,runs\peaks\N20_tight\PSO_r03.mat
peaks,N20_tight,20,12,CSO,3,20281306,240,625.266434444307,625.266434444307,1,0,1,0,1.46482137552712e-14,0.0166666666666667,590.307125476207,12.7343306411724,0,171.118851553874,0,4.03159766461058,24.8131296376371,118.300755766006,1.6605007,5.2363835,13881,0,0.0005212,1,runs\peaks\N20_tight\CSO_r03.mat
peaks,N20_tight,20,12,CLPSO,3,20281306,240,624.327226921025,625.266434444307,1,1,1,0,0.579415059310252,0.2125,590.332381579443,12.7215630536486,0,171.110293316889,0,4.0083254771633,24.320455507706,117.137558548029,1.65412,5.2363835,13881,0,0.0005212,1,runs\peaks\N20_tight\CLPSO_r03.mat
peaks,N20_tight,20,12,GWO,3,20281306,240,625.266434444307,625.266434444307,1,0,1,0,1.46482137552712e-14,0.0166666666666667,590.307125476207,12.7343306411724,0,171.118851553874,0,4.03159766461058,24.8131296376371,118.300755766006,1.6878412,5.2363835,13881,0,0.0005212,1,runs\peaks\N20_tight\GWO_r03.mat
peaks,N20_tight,20,12,PSO,4,20281307,240,617.361459312114,625.266434444307,1,1,1,0,4.44394529035897,0.175,587.438736585985,13.1380355779381,0,171.044491675602,0,4.18115984404349,23.1683246429019,116.554772730732,1.6396073,5.2363835,13881,0,0.0004132,1,runs\peaks\N20_tight\PSO_r04.mat
peaks,N20_tight,20,12,CSO,4,20281307,240,625.266434444307,625.266434444307,1,0,1,0,1.46482137552712e-14,0.0166666666666667,590.307125476207,12.7343306411724,0,171.118851553874,0,4.03159766461058,24.8131296376371,118.300755766006,1.6544643,5.2363835,13881,0,0.0004132,1,runs\peaks\N20_tight\CSO_r04.mat
peaks,N20_tight,20,12,CLPSO,4,20281307,240,622.529791181786,625.266434444307,1,1,1,0,2.67744227581737,0.1625,588.425349191517,13.0058557786113,0,171.076747310531,0,4.01370450067392,24.6369208064182,119.06995808776,1.6385282,5.2363835,13881,0,0.0004132,1,runs\peaks\N20_tight\CLPSO_r04.mat
peaks,N20_tight,20,12,GWO,4,20281307,240,625.266434444307,625.266434444307,1,0,1,0,1.46482137552712e-14,0.0166666666666667,590.307125476207,12.7343306411724,0,171.118851553874,0,4.03159766461058,24.8131296376371,118.300755766006,1.7039585,5.2363835,13881,0,0.0004132,1,runs\peaks\N20_tight\GWO_r04.mat
peaks,N20_tight,20,12,PSO,5,20281308,240,619.513783257382,624.815052849372,1,1,1,0,2.9172993037548,0.125,588.855832758343,12.9855358825199,0,171.128174675577,0,4.14577859530515,24.4568835739363,118.468432182722,1.6285801,5.2363835,13881,0,0.0004706,1,runs\peaks\N20_tight\PSO_r05.mat
peaks,N20_tight,20,12,CSO,5,20281308,240,624.815052849372,624.815052849372,1,0,1,0,1.34049070382656,0.0208333333333333,589.505846132655,12.8896903728059,0,171.140664728248,0,4.01190764133591,24.9794932022022,117.658791470394,1.6627874,5.2363835,13881,0,0.0004706,1,runs\peaks\N20_tight\CSO_r05.mat
peaks,N20_tight,20,12,CLPSO,5,20281308,240,624.468873792866,624.815052849372,1,1,1,0,0.757831540227487,0.154166666666667,590.217860676962,12.7608261892175,0,171.130469635378,0,4.00965766685634,24.8387300672095,118.450996334152,1.6703337,5.2363835,13881,0,0.0004706,1,runs\peaks\N20_tight\CLPSO_r05.mat
peaks,N20_tight,20,12,GWO,5,20281308,240,624.815052849372,624.815052849372,1,0,1,0,1.34049070382656,0.0166666666666667,589.505846132655,12.8896903728059,0,171.140664728248,0,4.01190764133591,24.9794932022022,117.658791470394,1.6604989,5.2363835,13881,0,0.0004706,1,runs\peaks\N20_tight\GWO_r05.mat
mountain,N10_wide,10,45,PSO,1,20291104,240,387.732520637309,391.34203950928,1,1,1,0,2.48669624191435,0.4125,378.978723029101,2.86929415068641,0,96.0324146555365,0,4.02379573842007,24.5023357237041,81.8309917302851,0.858588,2.6857843,7271,0,0.0003578,1,runs\mountain\N10_wide\PSO_r01.mat
mountain,N10_wide,10,45,CSO,1,20291104,240,391.34203950928,391.34203950928,1,0,1,0,0.802737516337274,0.0666666666666667,380.824386440699,2.61429084011195,0,96.0850219135617,0,4.38543745102556,24.8605067883923,80.9655594731979,0.897308,2.6857843,7271,0,0.0003578,1,runs\mountain\N10_wide\CSO_r01.mat
mountain,N10_wide,10,45,CLPSO,1,20291104,240,388.796182744043,391.34203950928,1,1,1,0,1.89311588942187,0.4875,379.454505326113,2.71271302805269,0,95.9551305824048,0,4.01116720004568,24.3935215430847,78.3162651978271,0.8697991,2.6857843,7271,0,0.0003578,1,runs\mountain\N10_wide\CLPSO_r01.mat
mountain,N10_wide,10,45,GWO,1,20291104,240,391.34203950928,391.34203950928,1,0,1,0,0.802737516337274,0.0416666666666667,380.824386440699,2.61429084011195,0,96.0850219135617,0,4.38543745102556,24.8605067883923,80.9655594731979,0.903392,2.6857843,7271,0,0.0003578,1,runs\mountain\N10_wide\GWO_r01.mat
mountain,N10_wide,10,45,PSO,2,20291105,240,384.950779293304,390.12764606327,1,1,1,0,3.84852450499778,0.5,377.321377638252,3.04410705305131,0,95.9310033260933,0,4.07705711427146,24.6605671702946,87.3750513635306,0.8893321,2.6857843,7271,0,0.0004621,1,runs\mountain\N10_wide\PSO_r02.mat
mountain,N10_wide,10,45,CSO,2,20291105,240,390.12764606327,390.12764606327,1,0,1,0,0.930021978430465,0.0916666666666667,380.370712872037,2.68103133362934,0,96.0761501456355,0,4.38277343340952,24.3141851447745,79.2536454818402,0.8680988,2.6857843,7271,0,0.0004621,1,runs\mountain\N10_wide\CSO_r02.mat
mountain,N10_wide,10,45,CLPSO,2,20291105,240,390.002270449381,390.12764606327,1,1,1,0,0.928343937152471,0.470833333333333,380.387019740539,2.67843827318176,0,96.0762748966049,0,4.44074939094848,24.2314012119989,79.3316351743956,0.881504,2.6857843,7271,0,0.0004621,1,runs\mountain\N10_wide\CLPSO_r02.mat
mountain,N10_wide,10,45,GWO,2,20291105,240,390.12764606327,390.12764606327,1,0,1,0,0.930021978430465,0.025,380.370712872037,2.68103133362934,0,96.0761501456355,0,4.38277343340952,24.3141851447745,79.2536454818402,0.8723807,2.6857843,7271,0,0.0004621,1,runs\mountain\N10_wide\GWO_r02.mat
mountain,N10_wide,10,45,PSO,3,20291106,240,387.579397746425,391.92710758867,1,1,1,0,3.77801650747348,0.579166666666667,379.221022116655,2.79416923655174,0,95.9976729226609,0,4.09262398057322,24.8162859807416,92.1344526392083,0.8629742,2.6857843,7271,0,0.0004139,1,runs\mountain\N10_wide\PSO_r03.mat
mountain,N10_wide,10,45,CSO,3,20291106,240,391.907569024237,391.92710758867,1,1,1,0,4.85745294230366,0.0875,381.560388497779,2.4725977687425,0,96.0659958517057,0,4.30766716252232,24.0993675491756,89.0386960957803,0.8667783,2.6857843,7271,0,0.0004139,1,runs\mountain\N10_wide\CSO_r03.mat
mountain,N10_wide,10,45,CLPSO,3,20291106,240,390.133503381081,391.92710758867,1,1,1,0,1.7712970806043,0.525,381.194266035094,2.60847529262541,0,96.1408529651411,0,4.18801246627296,22.975480159447,78.2430320777479,0.8999561,2.6857843,7271,0,0.0004139,1,runs\mountain\N10_wide\CLPSO_r03.mat
mountain,N10_wide,10,45,GWO,3,20291106,240,391.92710758867,391.92710758867,1,0,1,0,1.36444557836566e-14,0.025,380.958716544707,2.58060457777774,0,96.0737240018956,0,4.37663096078461,24.7490969532026,79.5243183036101,0.9134815,2.6857843,7271,0,0.0004139,1,runs\mountain\N10_wide\GWO_r03.mat
mountain,N10_wide,10,45,PSO,4,20291107,240,385.498042634931,391.818610811125,1,1,1,0,3.99401359401498,0.270833333333333,377.42488040699,2.96788851901892,0,95.8720352535172,0,4.0939010448645,24.0121789894459,109.127033649023,0.8543932,2.6857843,7271,0,0.0003605,1,runs\mountain\N10_wide\PSO_r04.mat
mountain,N10_wide,10,45,CSO,4,20291107,240,391.22907428416,391.818610811125,1,1,1,0,4.77556691562131,0.0916666666666667,377.329105634119,2.49225281292096,0,95.3804370852742,0,4.20262046752746,24.9786129018408,81.9143586651361,0.8727403,2.6857843,7271,0,0.0003605,1,runs\mountain\N10_wide\CSO_r04.mat
mountain,N10_wide,10,45,CLPSO,4,20291107,240,390.277807121413,391.818610811125,1,1,1,0,1.76337663324831,0.554166666666667,379.909698527424,2.72858264755074,0,96.0468657354548,0,4.0253683597889,24.5678881248051,86.5963495866909,0.8746145,2.6857843,7271,0,0.0003605,1,runs\mountain\N10_wide\CLPSO_r04.mat
mountain,N10_wide,10,45,GWO,4,20291107,240,391.818610811125,391.818610811125,1,0,1,0,1.06027227445378,0.0416666666666667,380.718505737681,2.59659948949401,0,96.0496837791075,0,4.44092766016401,24.891349768325,78.5753269542463,0.897154,2.6857843,7271,0,0.0003605,1,runs\mountain\N10_wide\GWO_r04.mat
mountain,N10_wide,10,45,PSO,5,20291108,240,387.277436768188,391.92710758867,1,1,1,0,4.27706262111791,0.466666666666667,379.026404948612,2.75844545239289,0,95.9295129438283,0,4.06228883921693,20.9202320124845,80.4514608084462,0.8798682,2.6857843,7271,0,0.0004274,1,runs\mountain\N10_wide\PSO_r05.mat
mountain,N10_wide,10,45,CSO,5,20291108,240,391.92710758867,391.92710758867,1,0,1,0,1.36444557836566e-14,0.0958333333333333,380.958716544707,2.58060457777774,0,96.0737240018956,0,4.37663096078461,24.7490969532026,79.5243183036101,0.8645104,2.6857843,7271,0,0.0004274,1,runs\mountain\N10_wide\CSO_r05.mat
mountain,N10_wide,10,45,CLPSO,5,20291108,240,390.224891428984,391.92710758867,1,1,1,0,0.948685948927974,0.533333333333333,380.470038730256,2.59362039402629,0,96.0052935157355,0,4.19269665018954,24.0639762785116,80.5454305068846,0.8733603,2.6857843,7271,0,0.0004274,1,runs\mountain\N10_wide\CLPSO_r05.mat
mountain,N10_wide,10,45,GWO,5,20291108,240,391.92710758867,391.92710758867,1,0,1,0,1.36444557836566e-14,0.0375,380.958716544707,2.58060457777774,0,96.0737240018956,0,4.37663096078461,24.7490969532026,79.5243183036101,0.8849908,2.6857843,7271,0,0.0004274,1,runs\mountain\N10_wide\GWO_r05.mat
mountain,N10_tight,10,12,PSO,1,20291104,240,387.334738525154,391.34203950928,1,1,1,0,2.6772343065695,0.3875,379.184716320193,2.92157940098803,0,96.1190321210202,0,4.09929103057364,24.7615682475376,83.1318279533929,0.8708043,2.6857843,7271,0,0.0003588,1,runs\mountain\N10_tight\PSO_r01.mat
mountain,N10_tight,10,12,CSO,1,20291104,240,391.34203950928,391.34203950928,1,0,1,0,0.802737516337274,0.0666666666666667,380.824386440699,2.61429084011195,0,96.0850219135617,0,4.38543745102556,24.8605067883923,80.9655594731979,0.8590026,2.6857843,7271,0,0.0003588,1,runs\mountain\N10_tight\CSO_r01.mat
mountain,N10_tight,10,12,CLPSO,1,20291104,240,388.796182744043,391.34203950928,1,1,1,0,1.89311588942187,0.479166666666667,379.454505326113,2.71271302805269,0,95.9551305824048,0,4.01116720004568,24.3935215430847,78.3162651978271,0.9043392,2.6857843,7271,0,0.0003588,1,runs\mountain\N10_tight\CLPSO_r01.mat
mountain,N10_tight,10,12,GWO,1,20291104,240,391.34203950928,391.34203950928,1,0,1,0,0.802737516337274,0.0416666666666667,380.824386440699,2.61429084011195,0,96.0850219135617,0,4.38543745102556,24.8605067883923,80.9655594731979,0.8761994,2.6857843,7271,0,0.0003588,1,runs\mountain\N10_tight\GWO_r01.mat
mountain,N10_tight,10,12,PSO,2,20291105,240,384.950779293304,390.12764606327,1,1,1,0,3.84852450499778,0.4875,377.321377638252,3.04410705305131,0,95.9310033260933,0,4.07705711427146,24.6605671702946,87.3750513635306,0.8508658,2.6857843,7271,0,0.0004747,1,runs\mountain\N10_tight\PSO_r02.mat
mountain,N10_tight,10,12,CSO,2,20291105,240,390.12764606327,390.12764606327,1,0,1,0,0.930021978430465,0.0916666666666667,380.370712872037,2.68103133362934,0,96.0761501456355,0,4.38277343340952,24.3141851447745,79.2536454818402,0.8657551,2.6857843,7271,0,0.0004747,1,runs\mountain\N10_tight\CSO_r02.mat
mountain,N10_tight,10,12,CLPSO,2,20291105,240,390.002270449381,390.12764606327,1,1,1,0,0.928343937152471,0.475,380.387019740539,2.67843827318176,0,96.0762748966049,0,4.44074939094848,24.2314012119989,79.3316351743956,0.8566461,2.6857843,7271,0,0.0004747,1,runs\mountain\N10_tight\CLPSO_r02.mat
mountain,N10_tight,10,12,GWO,2,20291105,240,390.12764606327,390.12764606327,1,0,1,0,0.930021978430465,0.025,380.370712872037,2.68103133362934,0,96.0761501456355,0,4.38277343340952,24.3141851447745,79.2536454818402,0.8872999,2.6857843,7271,0,0.0004747,1,runs\mountain\N10_tight\GWO_r02.mat
mountain,N10_tight,10,12,PSO,3,20291106,240,387.751703211794,391.92710758867,1,1,1,0,4.129114126947,0.591666666666667,379.217683785991,2.77942158500966,0,95.9823688826748,0,4.05107378788969,24.8732005519553,86.4152571020473,0.8876624,2.6857843,7271,0,0.0004375,1,runs\mountain\N10_tight\PSO_r03.mat
mountain,N10_tight,10,12,CSO,3,20291106,240,391.907569024237,391.92710758867,1,1,1,0,4.85745294230366,0.0875,381.560388497779,2.4725977687425,0,96.0659958517057,0,4.30766716252232,24.0993675491756,89.0386960957803,0.8693359,2.6857843,7271,0,0.0004375,1,runs\mountain\N10_tight\CSO_r03.mat
mountain,N10_tight,10,12,CLPSO,3,20291106,240,389.877668344855,391.92710758867,1,1,1,0,1.89474951798659,0.554166666666667,381.103311026413,2.62581247298287,0,96.143030977385,0,4.18815037167526,23.3215543948529,78.0037632222976,0.9113833,2.6857843,7271,0,0.0004375,1,runs\mountain\N10_tight\CLPSO_r03.mat
mountain,N10_tight,10,12,GWO,3,20291106,240,391.92710758867,391.92710758867,1,0,1,0,1.36444557836566e-14,0.025,380.958716544707,2.58060457777774,0,96.0737240018956,0,4.37663096078461,24.7490969532026,79.5243183036101,0.8671518,2.6857843,7271,0,0.0004375,1,runs\mountain\N10_tight\GWO_r03.mat
mountain,N10_tight,10,12,PSO,4,20291107,240,385.590956914531,391.818610811125,1,1,1,0,3.54018508003057,0.275,377.816576887323,2.88875096269077,0,95.8581804439112,0,4.14732751024297,24.0590654057744,111.043056682714,0.8762562,2.6857843,7271,0,0.0004315,1,runs\mountain\N10_tight\PSO_r04.mat
mountain,N10_tight,10,12,CSO,4,20291107,240,391.22907428416,391.818610811125,1,1,1,0,4.77556691562131,0.0916666666666667,377.329105634119,2.49225281292096,0,95.3804370852742,0,4.20262046752746,24.9786129018408,81.9143586651361,0.8701173,2.6857843,7271,0,0.0004315,1,runs\mountain\N10_tight\CSO_r04.mat
mountain,N10_tight,10,12,CLPSO,4,20291107,240,389.890889531714,391.818610811125,1,1,1,0,2.14862225903138,0.545833333333333,379.332864904643,2.68844587645322,0,95.9105900272271,0,4.40497221089487,24.6304664595429,82.5301377653338,0.8943685,2.6857843,7271,0,0.0004315,1,runs\mountain\N10_tight\CLPSO_r04.mat
mountain,N10_tight,10,12,GWO,4,20291107,240,391.818610811125,391.818610811125,1,0,1,0,1.06027227445378,0.0416666666666667,380.718505737681,2.59659948949401,0,96.0496837791075,0,4.44092766016401,24.891349768325,78.5753269542463,0.863595,2.6857843,7271,0,0.0004315,1,runs\mountain\N10_tight\GWO_r04.mat
mountain,N10_tight,10,12,PSO,5,20291108,240,387.277436768188,391.92710758867,1,1,1,0,4.27706262111791,0.45,379.026404948612,2.75844545239289,0,95.9295129438283,0,4.06228883921693,20.9202320124845,80.4514608084462,0.8705853,2.6857843,7271,0,0.0004868,1,runs\mountain\N10_tight\PSO_r05.mat
mountain,N10_tight,10,12,CSO,5,20291108,240,391.92710758867,391.92710758867,1,0,1,0,1.36444557836566e-14,0.0958333333333333,380.958716544707,2.58060457777774,0,96.0737240018956,0,4.37663096078461,24.7490969532026,79.5243183036101,0.8787047,2.6857843,7271,0,0.0004868,1,runs\mountain\N10_tight\CSO_r05.mat
mountain,N10_tight,10,12,CLPSO,5,20291108,240,390.221754052235,391.92710758867,1,1,1,0,0.951588492769857,0.5375,380.469369490805,2.5937319339347,0,96.0052935157355,0,4.19269665018954,24.0639762785116,80.5454305068846,0.8521355,2.6857843,7271,0,0.0004868,1,runs\mountain\N10_tight\CLPSO_r05.mat
mountain,N10_tight,10,12,GWO,5,20291108,240,391.92710758867,391.92710758867,1,0,1,0,1.36444557836566e-14,0.0375,380.958716544707,2.58060457777774,0,96.0737240018956,0,4.37663096078461,24.7490969532026,79.5243183036101,0.8713027,2.6857843,7271,0,0.0004868,1,runs\mountain\N10_tight\GWO_r05.mat
mountain,N15_wide,15,45,PSO,1,20291204,240,442.599929267237,450.595779218494,1,1,1,0,2.98484225296608,0.475,430.074481326019,17.6461074556189,0,134.325187676622,0,4.36792747583993,22.6428790725326,107.035236820144,1.2445016,3.9488611,10576,0,0.0004646,1,runs\mountain\N15_wide\PSO_r01.mat
mountain,N15_wide,15,45,CSO,1,20291204,240,450.595779218494,450.595779218494,1,0,1,0,1.29320729934088e-14,0.0375,433.019165944681,17.241486602446,0,134.411347593226,0,4.37663096078461,24.7084179292897,108.434948822922,1.2935742,3.9488611,10576,0,0.0004646,1,runs\mountain\N15_wide\CSO_r01.mat
mountain,N15_wide,15,45,CLPSO,1,20291204,240,449.382010722461,450.595779218494,1,1,1,0,2.17905481277464,0.279166666666667,432.410342722303,17.3023339164731,0,134.37072437019,0,4.42662109382216,23.9731713761941,105.330775786785,1.2595712,3.9488611,10576,0,0.0004646,1,runs\mountain\N15_wide\CLPSO_r01.mat
mountain,N15_wide,15,45,GWO,1,20291204,240,450.595779218494,450.595779218494,1,0,1,0,1.29320729934088e-14,0.0166666666666667,433.019165944681,17.241486602446,0,134.411347593226,0,4.37663096078461,24.7084179292897,108.434948822922,1.2831865,3.9488611,10576,0,0.0004646,1,runs\mountain\N15_wide\GWO_r01.mat
mountain,N15_wide,15,45,PSO,2,20291205,240,446.301319181094,449.543341905213,1,1,1,0,2.68457744292395,0.579166666666667,430.188976989581,17.6336555980869,0,134.331818429684,0,4.38368863689313,23.8660998804853,99.6778119675142,1.2649496,3.9488611,10576,0,0.000399,1,runs\mountain\N15_wide\PSO_r02.mat
mountain,N15_wide,15,45,CSO,2,20291205,240,449.543341905213,449.543341905213,1,0,1,0,1.26133816610039,0.0666666666666667,433.400465912297,17.1998460742602,0,134.433257059643,0,4.3933317727165,24.549319792209,109.932633295423,1.2569466,3.9488611,10576,0,0.000399,1,runs\mountain\N15_wide\CSO_r02.mat
mountain,N15_wide,15,45,CLPSO,2,20291205,240,449.482434821052,449.543341905213,1,1,1,0,2.44001915801474,0.4,431.7299550187,17.2808609448721,0,134.235853447989,0,4.40034045817372,24.9869697606113,106.458816136335,1.2816137,3.9488611,10576,0,0.000399,1,runs\mountain\N15_wide\CLPSO_r02.mat
mountain,N15_wide,15,45,GWO,2,20291205,240,449.543341905213,449.543341905213,1,0,1,0,1.26133816610039,0.0166666666666667,433.400465912297,17.1998460742602,0,134.433257059643,0,4.3933317727165,24.549319792209,109.932633295423,1.2977047,3.9488611,10576,0,0.000399,1,runs\mountain\N15_wide\GWO_r02.mat
mountain,N15_wide,15,45,PSO,3,20291206,240,444.175488412262,450.477788478734,1,1,1,0,3.47685338451805,0.395833333333333,430.72930271443,17.6165554578282,0,134.4047725769,0,4.50677697614336,23.6489339005329,104.020226967949,1.255984,3.9488611,10576,0,0.0004082,1,runs\mountain\N15_wide\PSO_r03.mat
mountain,N15_wide,15,45,CSO,3,20291206,240,450.477788478734,450.477788478734,1,0,1,0,1.07825165111927,0.0541666666666667,433.147695453825,17.2727425683805,0,134.464025144018,0,4.27978109297053,24.5575266660093,109.329915914278,1.2686266,3.9488611,10576,0,0.0004082,1,runs\mountain\N15_wide\CSO_r03.mat
mountain,N15_wide,15,45,CLPSO,3,20291206,240,448.973071894517,450.477788478734,1,1,1,0,1.88683031793041,0.279166666666667,432.399503693537,17.3810571229384,0,134.447641071861,0,4.41786807354413,23.6622963115349,101.777851592088,1.265964,3.9488611,10576,0,0.0004082,1,runs\mountain\N15_wide\CLPSO_r03.mat
mountain,N15_wide,15,45,GWO,3,20291206,240,450.477788478734,450.477788478734,1,0,1,0,1.07825165111927,0.025,433.147695453825,17.2727425683805,0,134.464025144018,0,4.27978109297053,24.5575266660093,109.329915914278,1.2729388,3.9488611,10576,0,0.0004082,1,runs\mountain\N15_wide\GWO_r03.mat
mountain,N15_wide,15,45,PSO,4,20291207,240,443.988717771767,450.595779218494,1,1,1,0,4.39017401877433,0.475,429.664088132374,17.8123237347329,0,134.423005090129,0,4.40972943897074,23.938536397535,93.2256245129416,1.2564763,3.9488611,10576,0,0.0004965,1,runs\mountain\N15_wide\PSO_r04.mat
mountain,N15_wide,15,45,CSO,4,20291207,240,450.595779218494,450.595779218494,1,0,1,0,1.29320729934088e-14,0.025,433.019165944681,17.241486602446,0,134.411347593226,0,4.37663096078461,24.7084179292897,108.434948822922,1.2796531,3.9488611,10576,0,0.0004965,1,runs\mountain\N15_wide\CSO_r04.mat
mountain,N15_wide,15,45,CLPSO,4,20291207,240,448.1571651005,450.595779218494,1,1,1,0,2.89192592690512,0.333333333333333,432.329427175582,17.3948993929417,0,134.449803922205,0,4.42856659325487,24.041135585693,108.337932144249,1.2651932,3.9488611,10576,0,0.0004965,1,runs\mountain\N15_wide\CLPSO_r04.mat
mountain,N15_wide,15,45,GWO,4,20291207,240,450.595779218494,450.595779218494,1,0,1,0,1.29320729934088e-14,0.0125,433.019165944681,17.241486602446,0,134.411347593226,0,4.37663096078461,24.7084179292897,108.434948822922,1.2579415,3.9488611,10576,0,0.0004965,1,runs\mountain\N15_wide\GWO_r04.mat
mountain,N15_wide,15,45,PSO,5,20291208,240,444.116080447883,450.595779218494,1,1,1,0,2.71673383647277,0.454166666666667,430.633927693902,17.5217624639975,0,134.294083746314,0,4.36000420394934,23.8621069936834,106.174121672121,1.2824338,3.9488611,10576,0,0.0004397,1,runs\mountain\N15_wide\PSO_r05.mat
mountain,N15_wide,15,45,CSO,5,20291208,240,450.595779218494,450.595779218494,1,0,1,0,1.29320729934088e-14,0.0625,433.019165944681,17.241486602446,0,134.411347593226,0,4.37663096078461,24.7084179292897,108.434948822922,1.3216092,3.9488611,10576,0,0.0004397,1,runs\mountain\N15_wide\CSO_r05.mat
mountain,N15_wide,15,45,CLPSO,5,20291208,240,448.627710628042,450.595779218494,1,1,1,0,3.69252203369026,0.420833333333333,431.159103929413,17.564507126598,0,134.4243577815,0,4.35975958388802,24.4928482722837,109.229245587956,1.25816,3.9488611,10576,0,0.0004397,1,runs\mountain\N15_wide\CLPSO_r05.mat
mountain,N15_wide,15,45,GWO,5,20291208,240,450.595779218494,450.595779218494,1,0,1,0,1.29320729934088e-14,0.025,433.019165944681,17.241486602446,0,134.411347593226,0,4.37663096078461,24.7084179292897,108.434948822922,1.277053,3.9488611,10576,0,0.0004397,1,runs\mountain\N15_wide\GWO_r05.mat
mountain,N15_tight,15,12,PSO,1,20291204,240,442.819109691585,450.595779218494,1,1,1,0,3.28902938381443,0.454166666666667,429.79029809522,17.5857867801481,0,134.217503129351,0,4.36335743166805,22.166367532091,106.780108405589,1.2636588,3.9488611,10576,0,0.0004108,1,runs\mountain\N15_tight\PSO_r01.mat
mountain,N15_tight,15,12,CSO,1,20291204,240,450.595779218494,450.595779218494,1,0,1,0,1.29320729934088e-14,0.0375,433.019165944681,17.241486602446,0,134.411347593226,0,4.37663096078461,24.7084179292897,108.434948822922,1.2660009,3.9488611,10576,0,0.0004108,1,runs\mountain\N15_tight\CSO_r01.mat
mountain,N15_tight,15,12,CLPSO,1,20291204,240,449.382010722461,450.595779218494,1,1,1,0,2.17905481277464,0.270833333333333,432.410342722303,17.3023339164731,0,134.37072437019,0,4.42662109382216,23.9731713761941,105.330775786785,1.2679429,3.9488611,10576,0,0.0004108,1,runs\mountain\N15_tight\CLPSO_r01.mat
mountain,N15_tight,15,12,GWO,1,20291204,240,450.595779218494,450.595779218494,1,0,1,0,1.29320729934088e-14,0.0166666666666667,433.019165944681,17.241486602446,0,134.411347593226,0,4.37663096078461,24.7084179292897,108.434948822922,1.2825615,3.9488611,10576,0,0.0004108,1,runs\mountain\N15_tight\GWO_r01.mat
mountain,N15_tight,15,12,PSO,2,20291205,240,445.993389804836,449.543341905213,1,1,1,0,3.14641236436342,0.516666666666667,429.482903226423,17.8008084143511,0,134.381292285422,0,4.38372695260424,23.5899109270957,97.2427762498003,1.2489634,3.9488611,10576,0,0.0004634,1,runs\mountain\N15_tight\PSO_r02.mat
mountain,N15_tight,15,12,CSO,2,20291205,240,449.543341905213,449.543341905213,1,0,1,0,1.26133816610039,0.0625,433.400465912297,17.1998460742602,0,134.433257059643,0,4.3933317727165,24.549319792209,109.932633295423,1.2385395,3.9488611,10576,0,0.0004634,1,runs\mountain\N15_tight\CSO_r02.mat
mountain,N15_tight,15,12,CLPSO,2,20291205,240,449.361310182054,449.543341905213,1,1,1,0,1.36177194495603,0.383333333333333,433.080220442502,17.2467340263052,0,134.426770766722,0,4.39114358179723,24.8612745192156,110.322618952278,1.3060462,3.9488611,10576,0,0.0004634,1,runs\mountain\N15_tight\CLPSO_r02.mat
mountain,N15_tight,15,12,GWO,2,20291205,240,449.543341905213,449.543341905213,1,0,1,0,1.26133816610039,0.0166666666666667,433.400465912297,17.1998460742602,0,134.433257059643,0,4.3933317727165,24.549319792209,109.932633295423,1.2569833,3.9488611,10576,0,0.0004634,1,runs\mountain\N15_tight\GWO_r02.mat
mountain,N15_tight,15,12,PSO,3,20291206,240,444.175488412262,450.477788478734,1,1,1,0,3.47685338451805,0.35,430.72930271443,17.6165554578282,0,134.4047725769,0,4.50677697614336,23.6489339005329,104.020226967949,1.2518763,3.9488611,10576,0,0.0004968,1,runs\mountain\N15_tight\PSO_r03.mat
mountain,N15_tight,15,12,CSO,3,20291206,240,450.477788478734,450.477788478734,1,0,1,0,1.07825165111927,0.0541666666666667,433.147695453825,17.2727425683805,0,134.464025144018,0,4.27978109297053,24.5575266660093,109.329915914278,1.2671917,3.9488611,10576,0,0.0004968,1,runs\mountain\N15_tight\CSO_r03.mat
mountain,N15_tight,15,12,CLPSO,3,20291206,240,447.47539446955,450.477788478734,1,1,1,0,1.55641257098924,0.283333333333333,432.181534153349,17.4184922615727,0,134.448747953798,0,4.34753510709623,24.654007069749,103.041768336347,1.2584189,3.9488611,10576,0,0.0004968,1,runs\mountain\N15_tight\CLPSO_r03.mat
mountain,N15_tight,15,12,GWO,3,20291206,240,450.477788478734,450.477788478734,1,0,1,0,1.07825165111927,0.025,433.147695453825,17.2727425683805,0,134.464025144018,0,4.27978109297053,24.5575266660093,109.329915914278,1.2748357,3.9488611,10576,0,0.0004968,1,runs\mountain\N15_tight\GWO_r03.mat
mountain,N15_tight,15,12,PSO,4,20291207,240,437.092744891579,450.595779218494,1,1,1,0,5.59420240856762,0.475,423.50570231369,18.69784536687,0,134.282129085818,0,4.14442685541788,24.7218975130592,94.0927680518184,1.2634043,3.9488611,10576,0,0.0004196,1,runs\mountain\N15_tight\PSO_r04.mat
mountain,N15_tight,15,12,CSO,4,20291207,240,450.595779218494,450.595779218494,1,0,1,0,1.29320729934088e-14,0.025,433.019165944681,17.241486602446,0,134.411347593226,0,4.37663096078461,24.7084179292897,108.434948822922,1.2516195,3.9488611,10576,0,0.0004196,1,runs\mountain\N15_tight\CSO_r04.mat
mountain,N15_tight,15,12,CLPSO,4,20291207,240,448.156064376733,450.595779218494,1,1,1,0,2.89216140158178,0.325,432.330186185986,17.3947728912077,0,134.449803922205,0,4.42856659325487,24.041135585693,108.337932144249,1.2634875,3.9488611,10576,0,0.0004196,1,runs\mountain\N15_tight\CLPSO_r04.mat
mountain,N15_tight,15,12,GWO,4,20291207,240,450.595779218494,450.595779218494,1,0,1,0,1.29320729934088e-14,0.0125,433.019165944681,17.241486602446,0,134.411347593226,0,4.37663096078461,24.7084179292897,108.434948822922,1.2779026,3.9488611,10576,0,0.0004196,1,runs\mountain\N15_tight\GWO_r04.mat
mountain,N15_tight,15,12,PSO,5,20291208,240,444.803294208156,450.595779218494,1,1,1,0,1.90960205731204,0.416666666666667,430.843569235236,17.500973303209,0,134.308234842415,0,4.34096475723841,24.1721954885411,104.413315180713,1.2600333,3.9488611,10576,0,0.0004782,1,runs\mountain\N15_tight\PSO_r05.mat
mountain,N15_tight,15,12,CSO,5,20291208,240,450.595779218494,450.595779218494,1,0,1,0,1.29320729934088e-14,0.0416666666666667,433.019165944681,17.241486602446,0,134.411347593226,0,4.37663096078461,24.7084179292897,108.434948822922,1.2641673,3.9488611,10576,0,0.0004782,1,runs\mountain\N15_tight\CSO_r05.mat
mountain,N15_tight,15,12,CLPSO,5,20291208,240,448.646825380057,450.595779218494,1,1,1,0,3.80816790643825,0.35,431.417411118854,17.5125025503027,0,134.415404403445,0,4.33352193723078,23.3713684222196,109.652600994875,1.2655776,3.9488611,10576,0,0.0004782,1,runs\mountain\N15_tight\CLPSO_r05.mat
mountain,N15_tight,15,12,GWO,5,20291208,240,450.595779218494,450.595779218494,1,0,1,0,1.29320729934088e-14,0.025,433.019165944681,17.241486602446,0,134.411347593226,0,4.37663096078461,24.7084179292897,108.434948822922,1.3263156,3.9488611,10576,0,0.0004782,1,runs\mountain\N15_tight\GWO_r05.mat
mountain,N20_wide,20,45,PSO,1,20291304,240,534.373438713636,537.506051807377,1,1,1,0,2.5190054679294,0.379166666666667,515.03220715113,25.1318929336094,0,170.970594125465,0,4.06996842178297,23.3531190077107,107.549068938533,1.6648103,5.1090134,13881,0,0.0004459,1,runs\mountain\N20_wide\PSO_r01.mat
mountain,N20_wide,20,45,CSO,1,20291304,240,537.506051807377,537.506051807377,1,0,1,0,1.31396389259489,0.025,515.779604898089,25.0818609386693,0,171.045128421684,0,4.10027484220666,23.6346922663041,109.131387783967,1.6530024,5.1090134,13881,0,0.0004459,1,runs\mountain\N20_wide\CSO_r01.mat
mountain,N20_wide,20,45,CLPSO,1,20291304,240,536.793881425359,537.506051807377,1,1,1,0,0.990828601069832,0.358333333333333,515.974692736206,25.0632247085364,0,171.059006831237,0,4.13626329126359,24.6343429297711,107.296484865744,1.7290505,5.1090134,13881,0,0.0004459,1,runs\mountain\N20_wide\CLPSO_r01.mat
mountain,N20_wide,20,45,GWO,1,20291304,240,537.506051807377,537.506051807377,1,0,1,0,1.31396389259489,0.025,515.779604898089,25.0818609386693,0,171.045128421684,0,4.10027484220666,23.6346922663041,109.131387783967,1.6969126,5.1090134,13881,0,0.0004459,1,runs\mountain\N20_wide\GWO_r01.mat
mountain,N20_wide,20,45,PSO,2,20291305,240,537.525216739372,538.784847986635,1,1,1,0,2.25521830487202,0.466666666666667,516.389158373518,24.9829848728859,0,171.047844601806,0,4.17852602023854,24.058582242355,106.491459095778,1.6325439,5.1090134,13881,0,0.0003914,1,runs\mountain\N20_wide\PSO_r02.mat
mountain,N20_wide,20,45,CSO,2,20291305,240,538.784847986635,538.784847986635,1,0,1,0,1.62805793556083e-14,0.0375,516.467870600495,24.9957455684798,0,171.073724001896,0,4.15083056909354,24.7084179292897,108.434948822922,1.6706423,5.1090134,13881,0,0.0003914,1,runs\mountain\N20_wide\CSO_r02.mat
mountain,N20_wide,20,45,CLPSO,2,20291305,240,538.693719546828,538.784847986635,1,1,1,0,1.24727740671392,0.325,515.770364593849,25.051257948107,0,171.012985380415,0,4.1715754765365,24.7176662802333,107.121319736395,1.6523306,5.1090134,13881,0,0.0003914,1,runs\mountain\N20_wide\CLPSO_r02.mat
mountain,N20_wide,20,45,GWO,2,20291305,240,538.784847986635,538.784847986635,1,0,1,0,1.62805793556083e-14,0.0375,516.467870600495,24.9957455684798,0,171.073724001896,0,4.15083056909354,24.7084179292897,108.434948822922,1.6545772,5.1090134,13881,0,0.0003914,1,runs\mountain\N20_wide\GWO_r02.mat
mountain,N20_wide,20,45,PSO,3,20291306,240,537.365744234249,538.784847986635,1,1,1,0,1.6424472216745,0.479166666666667,516.887488651952,24.9195479311701,0,171.067462706495,0,4.06428837221668,24.8088455843316,106.888345566358,1.6504757,5.1090134,13881,0,0.0004852,1,runs\mountain\N20_wide\PSO_r03.mat
mountain,N20_wide,20,45,CSO,3,20291306,240,538.784847986635,538.784847986635,1,0,1,0,1.62805793556083e-14,0.0375,516.467870600495,24.9957455684798,0,171.073724001896,0,4.15083056909354,24.7084179292897,108.434948822922,1.6520958,5.1090134,13881,0,0.0004852,1,runs\mountain\N20_wide\CSO_r03.mat
mountain,N20_wide,20,45,CLPSO,3,20291306,240,538.566375505196,538.784847986635,1,1,1,0,0.975878251538674,0.445833333333333,516.43064126237,24.9805036892396,0,171.052277232968,0,4.06845389822775,24.6341947423494,108.306654966029,1.6976748,5.1090134,13881,0,0.0004852,1,runs\mountain\N20_wide\CLPSO_r03.mat
mountain,N20_wide,20,45,GWO,3,20291306,240,538.784847986635,538.784847986635,1,0,1,0,1.62805793556083e-14,0.0291666666666667,516.467870600495,24.9957455684798,0,171.073724001896,0,4.15083056909354,24.7084179292897,108.434948822922,1.6727726,5.1090134,13881,0,0.0004852,1,runs\mountain\N20_wide\GWO_r03.mat
mountain,N20_wide,20,45,PSO,4,20291307,240,535.355148246634,538.784847986635,1,1,1,0,2.18352914080583,0.366666666666667,514.54031833741,25.2684368091614,0,171.025156532063,0,4.08738280465378,24.9266483259918,108.382469245988,1.6616631,5.1090134,13881,0,0.0004385,1,runs\mountain\N20_wide\PSO_r04.mat
mountain,N20_wide,20,45,CSO,4,20291307,240,538.784847986635,538.784847986635,1,0,1,0,1.62805793556083e-14,0.025,516.467870600495,24.9957455684798,0,171.073724001896,0,4.15083056909354,24.7084179292897,108.434948822922,1.6476476,5.1090134,13881,0,0.0004385,1,runs\mountain\N20_wide\CSO_r04.mat
mountain,N20_wide,20,45,CLPSO,4,20291307,240,538.098290170945,538.784847986635,1,1,1,0,1.28886297305443,0.283333333333333,516.112749084082,25.0497911944834,0,171.068582708497,0,4.09125796744432,24.5684541879504,108.330311092436,1.6585083,5.1090134,13881,0,0.0004385,1,runs\mountain\N20_wide\CLPSO_r04.mat
mountain,N20_wide,20,45,GWO,4,20291307,240,538.784847986635,538.784847986635,1,0,1,0,1.62805793556083e-14,0.0208333333333333,516.467870600495,24.9957455684798,0,171.073724001896,0,4.15083056909354,24.7084179292897,108.434948822922,1.6801326,5.1090134,13881,0,0.0004385,1,runs\mountain\N20_wide\GWO_r04.mat
mountain,N20_wide,20,45,PSO,5,20291308,240,536.306239968228,538.784847986635,1,1,1,0,2.12419857967743,0.454166666666667,515.958674031241,25.0786785704188,0,171.071790908959,0,4.23952312509186,24.1206442724398,103.063919127102,1.81809,5.1090134,13881,0,0.0004107,1,runs\mountain\N20_wide\PSO_r05.mat
mountain,N20_wide,20,45,CSO,5,20291308,240,538.784847986635,538.784847986635,1,0,1,0,1.62805793556083e-14,0.025,516.467870600495,24.9957455684798,0,171.073724001896,0,4.15083056909354,24.7084179292897,108.434948822922,1.7763853,5.1090134,13881,0,0.0004107,1,runs\mountain\N20_wide\CSO_r05.mat
mountain,N20_wide,20,45,CLPSO,5,20291308,240,538.784847986635,538.784847986635,1,0,1,0,1.62805793556083e-14,0.395833333333333,516.467870600495,24.9957455684798,0,171.073724001896,0,4.15083056909354,24.7084179292897,108.434948822922,1.6973812,5.1090134,13881,0,0.0004107,1,runs\mountain\N20_wide\CLPSO_r05.mat
mountain,N20_wide,20,45,GWO,5,20291308,240,538.784847986635,538.784847986635,1,0,1,0,1.62805793556083e-14,0.025,516.467870600495,24.9957455684798,0,171.073724001896,0,4.15083056909354,24.7084179292897,108.434948822922,1.6925329,5.1090134,13881,0,0.0004107,1,runs\mountain\N20_wide\GWO_r05.mat
mountain,N20_tight,20,12,PSO,1,20291304,240,534.935590638003,537.506051807377,1,1,1,0,2.37846710747234,0.316666666666667,515.553708564757,25.1149041495483,0,171.040522243675,0,4.054193718603,23.2646047620514,108.480232659966,1.6557888,5.1090134,13881,0,0.0004847,1,runs\mountain\N20_tight\PSO_r01.mat
mountain,N20_tight,20,12,CSO,1,20291304,240,537.506051807377,537.506051807377,1,0,1,0,1.31396389259489,0.025,515.779604898089,25.0818609386693,0,171.045128421684,0,4.10027484220666,23.6346922663041,109.131387783967,1.6501177,5.1090134,13881,0,0.0004847,1,runs\mountain\N20_tight\CSO_r01.mat
mountain,N20_tight,20,12,CLPSO,1,20291304,240,536.793881425359,537.506051807377,1,1,1,0,0.990828601069832,0.316666666666667,515.974692736206,25.0632247085364,0,171.059006831237,0,4.13626329126359,24.6343429297711,107.296484865744,1.6555213,5.1090134,13881,0,0.0004847,1,runs\mountain\N20_tight\CLPSO_r01.mat
mountain,N20_tight,20,12,GWO,1,20291304,240,537.506051807377,537.506051807377,1,0,1,0,1.31396389259489,0.025,515.779604898089,25.0818609386693,0,171.045128421684,0,4.10027484220666,23.6346922663041,109.131387783967,1.6556653,5.1090134,13881,0,0.0004847,1,runs\mountain\N20_tight\GWO_r01.mat
mountain,N20_tight,20,12,PSO,2,20291305,240,537.525216739372,538.784847986635,1,1,1,0,2.25521830487202,0.329166666666667,516.389158373518,24.9829848728859,0,171.047844601806,0,4.17852602023854,24.058582242355,106.491459095778,1.6304699,5.1090134,13881,0,0.0003767,1,runs\mountain\N20_tight\PSO_r02.mat
mountain,N20_tight,20,12,CSO,2,20291305,240,538.784847986635,538.784847986635,1,0,1,0,1.62805793556083e-14,0.0375,516.467870600495,24.9957455684798,0,171.073724001896,0,4.15083056909354,24.7084179292897,108.434948822922,1.6293299,5.1090134,13881,0,0.0003767,1,runs\mountain\N20_tight\CSO_r02.mat
mountain,N20_tight,20,12,CLPSO,2,20291305,240,538.282141471329,538.784847986635,1,1,1,0,1.40624384207842,0.291666666666667,515.411671026154,25.0998483299608,0,171.001793500986,0,4.14041485106252,24.9454522320808,110.216243447778,1.6297904,5.1090134,13881,0,0.0003767,1,runs\mountain\N20_tight\CLPSO_r02.mat
mountain,N20_tight,20,12,GWO,2,20291305,240,538.784847986635,538.784847986635,1,0,1,0,1.62805793556083e-14,0.0375,516.467870600495,24.9957455684798,0,171.073724001896,0,4.15083056909354,24.7084179292897,108.434948822922,1.7167611,5.1090134,13881,0,0.0003767,1,runs\mountain\N20_tight\GWO_r02.mat
mountain,N20_tight,20,12,PSO,3,20291306,240,535.764033654379,538.784847986635,1,1,1,0,1.46179695827742,0.441666666666667,516.628045766207,25.0072863108374,0,171.111960605205,0,4.11436240801089,24.2898809977545,106.427700757201,1.6363639,5.1090134,13881,0,0.0004598,1,runs\mountain\N20_tight\PSO_r03.mat
mountain,N20_tight,20,12,CSO,3,20291306,240,538.784847986635,538.784847986635,1,0,1,0,1.62805793556083e-14,0.0375,516.467870600495,24.9957455684798,0,171.073724001896,0,4.15083056909354,24.7084179292897,108.434948822922,1.6445991,5.1090134,13881,0,0.0004598,1,runs\mountain\N20_tight\CSO_r03.mat
mountain,N20_tight,20,12,CLPSO,3,20291306,240,538.397728937201,538.784847986635,1,1,1,0,1.00326059653396,0.345833333333333,516.409527448303,24.98559862756,0,171.053853202277,0,4.09930218756509,24.6385382107866,108.237328025642,1.6394889,5.1090134,13881,0,0.0004598,1,runs\mountain\N20_tight\CLPSO_r03.mat
mountain,N20_tight,20,12,GWO,3,20291306,240,538.784847986635,538.784847986635,1,0,1,0,1.62805793556083e-14,0.0291666666666667,516.467870600495,24.9957455684798,0,171.073724001896,0,4.15083056909354,24.7084179292897,108.434948822922,1.6898933,5.1090134,13881,0,0.0004598,1,runs\mountain\N20_tight\GWO_r03.mat
mountain,N20_tight,20,12,PSO,4,20291307,240,536.777759117322,538.784847986635,1,1,1,0,1.83234720022339,0.383333333333333,516.191655055528,24.9843437392838,0,171.016286248539,0,4.09656109914626,24.8209867942401,108.833039559249,1.6363207,5.1090134,13881,0,0.0005296,1,runs\mountain\N20_tight\PSO_r04.mat
mountain,N20_tight,20,12,CSO,4,20291307,240,538.784847986635,538.784847986635,1,0,1,0,1.62805793556083e-14,0.025,516.467870600495,24.9957455684798,0,171.073724001896,0,4.15083056909354,24.7084179292897,108.434948822922,1.6583499,5.1090134,13881,0,0.0005296,1,runs\mountain\N20_tight\CSO_r04.mat
mountain,N20_tight,20,12,CLPSO,4,20291307,240,538.784847986635,538.784847986635,1,0,1,0,1.62805793556083e-14,0.308333333333333,516.467870600495,24.9957455684798,0,171.073724001896,0,4.15083056909354,24.7084179292897,108.434948822922,1.6592355,5.1090134,13881,0,0.0005296,1,runs\mountain\N20_tight\CLPSO_r04.mat
mountain,N20_tight,20,12,GWO,4,20291307,240,538.784847986635,538.784847986635,1,0,1,0,1.62805793556083e-14,0.0208333333333333,516.467870600495,24.9957455684798,0,171.073724001896,0,4.15083056909354,24.7084179292897,108.434948822922,1.6704324,5.1090134,13881,0,0.0005296,1,runs\mountain\N20_tight\GWO_r04.mat
mountain,N20_tight,20,12,PSO,5,20291308,240,535.150097193023,538.784847986635,1,1,1,0,2.69360696832262,0.408333333333333,515.153440019328,25.2328862757907,0,171.091792945679,0,4.06727700004762,23.2852335831459,101.15385374864,1.6522765,5.1090134,13881,0,0.0004135,1,runs\mountain\N20_tight\PSO_r05.mat
mountain,N20_tight,20,12,CSO,5,20291308,240,538.784847986635,538.784847986635,1,0,1,0,1.62805793556083e-14,0.025,516.467870600495,24.9957455684798,0,171.073724001896,0,4.15083056909354,24.7084179292897,108.434948822922,1.6472938,5.1090134,13881,0,0.0004135,1,runs\mountain\N20_tight\CSO_r05.mat
mountain,N20_tight,20,12,CLPSO,5,20291308,240,538.784847986635,538.784847986635,1,0,1,0,1.62805793556083e-14,0.408333333333333,516.467870600495,24.9957455684798,0,171.073724001896,0,4.15083056909354,24.7084179292897,108.434948822922,1.6420934,5.1090134,13881,0,0.0004135,1,runs\mountain\N20_tight\CLPSO_r05.mat
mountain,N20_tight,20,12,GWO,5,20291308,240,538.784847986635,538.784847986635,1,0,1,0,1.62805793556083e-14,0.025,516.467870600495,24.9957455684798,0,171.073724001896,0,4.15083056909354,24.7084179292897,108.434948822922,1.6883599,5.1090134,13881,0,0.0004135,1,runs\mountain\N20_tight\GWO_r05.mat
