FunctionID,Algorithm,Run,FE,BestError
1,V0-GlobalCap2,21,3000,30867606483.498
1,V0-GlobalCap2,21,6000,637826978.675885
1,V0-GlobalCap2,21,9000,118288882.065285
1,V0-GlobalCap2,21,12000,62311365.28779
1,V0-GlobalCap2,21,15000,37092035.1797337
1,V0-GlobalCap2,21,18000,25172314.2335169
1,V0-GlobalCap2,21,21000,21024111.3570846
1,V0-GlobalCap2,21,24000,21024111.3570846
1,V0-GlobalCap2,21,27000,15717348.595543
1,V0-GlobalCap2,21,30000,12009084.0832967
1,V0-GlobalCap2,21,33000,12009084.0832967
1,V0-GlobalCap2,21,36000,12009084.0832967
1,V0-GlobalCap2,21,39000,12009084.0832967
1,V0-GlobalCap2,21,42000,12009084.0832967
1,V0-GlobalCap2,21,45000,12009084.0832967
1,V0-GlobalCap2,21,48000,12009084.0832967
1,V0-GlobalCap2,21,51000,12009084.0832967
1,V0-GlobalCap2,21,54000,12009084.0832967
1,V0-GlobalCap2,21,57000,12009084.0832967
1,V0-GlobalCap2,21,60000,12009084.0832967
1,V0-GlobalCap2,21,63000,12009084.0832967
1,V0-GlobalCap2,21,66000,12009084.0832967
1,V0-GlobalCap2,21,69000,12009084.0832967
1,V0-GlobalCap2,21,72000,12009084.0832967
1,V0-GlobalCap2,21,75000,12009084.0832967
1,V0-GlobalCap2,21,78000,12009084.0832967
1,V0-GlobalCap2,21,81000,12009084.0832967
1,V0-GlobalCap2,21,84000,11805275.33196
1,V0-GlobalCap2,21,87000,11805275.33196
1,V0-GlobalCap2,21,90000,11805275.33196
1,V0-GlobalCap2,21,93000,11805275.33196
1,V0-GlobalCap2,21,96000,11805275.33196
1,V0-GlobalCap2,21,99000,11805275.33196
1,V0-GlobalCap2,21,102000,11805275.33196
1,V0-GlobalCap2,21,105000,11229688.9151692
1,V0-GlobalCap2,21,108000,11229688.9151692
1,V0-GlobalCap2,21,111000,10545467.469463
1,V0-GlobalCap2,21,114000,10052311.3205559
1,V0-GlobalCap2,21,117000,8452166.45121793
1,V0-GlobalCap2,21,120000,8452166.45121793
1,V0-GlobalCap2,21,123000,8452166.45121793
1,V0-GlobalCap2,21,126000,8452166.45121793
1,V0-GlobalCap2,21,129000,8452166.45121793
1,V0-GlobalCap2,21,132000,8452166.45121793
1,V0-GlobalCap2,21,135000,8452166.45121793
1,V0-GlobalCap2,21,138000,8452166.45121793
1,V0-GlobalCap2,21,141000,8452166.45121793
1,V0-GlobalCap2,21,144000,8452166.45121793
1,V0-GlobalCap2,21,147000,8452166.45121793
1,V0-GlobalCap2,21,150000,8188892.67158634
1,V0-GlobalCap2,21,153000,8188892.67158634
1,V0-GlobalCap2,21,156000,6741288.46249152
1,V0-GlobalCap2,21,159000,6648866.44303005
1,V0-GlobalCap2,21,162000,6648866.44303005
1,V0-GlobalCap2,21,165000,6648866.44303005
1,V0-GlobalCap2,21,168000,6648866.44303005
1,V0-GlobalCap2,21,171000,6648866.44303005
1,V0-GlobalCap2,21,174000,6648866.44303005
1,V0-GlobalCap2,21,177000,6179782.58902843
1,V0-GlobalCap2,21,180000,3837745.27266774
1,V0-GlobalCap2,21,183000,3837745.27266774
1,V0-GlobalCap2,21,186000,3052305.47515544
1,V0-GlobalCap2,21,189000,3052305.47515544
1,V0-GlobalCap2,21,192000,3052305.47515544
1,V0-GlobalCap2,21,195000,2880089.034848
1,V0-GlobalCap2,21,198000,2012372.44240799
1,V0-GlobalCap2,21,201000,2012372.44240799
1,V0-GlobalCap2,21,204000,2012372.44240799
1,V0-GlobalCap2,21,207000,2012372.44240799
1,V0-GlobalCap2,21,210000,1997364.24535072
1,V0-GlobalCap2,21,213000,1955545.51722022
1,V0-GlobalCap2,21,216000,1955545.51722022
1,V0-GlobalCap2,21,219000,1825097.67532073
1,V0-GlobalCap2,21,222000,1728585.99351506
1,V0-GlobalCap2,21,225000,1728585.99351506
1,V0-GlobalCap2,21,228000,1526928.25146302
1,V0-GlobalCap2,21,231000,1507209.30134489
1,V0-GlobalCap2,21,234000,1109877.54138453
1,V0-GlobalCap2,21,237000,1109877.54138453
1,V0-GlobalCap2,21,240000,1109877.54138453
1,V0-GlobalCap2,21,243000,1109877.54138453
1,V0-GlobalCap2,21,246000,970677.492134424
1,V0-GlobalCap2,21,249000,950202.798018467
1,V0-GlobalCap2,21,252000,840361.12639586
1,V0-GlobalCap2,21,255000,645596.609942694
1,V0-GlobalCap2,21,258000,513831.946650225
1,V0-GlobalCap2,21,261000,316839.204477588
1,V0-GlobalCap2,21,264000,311611.643833223
1,V0-GlobalCap2,21,267000,311611.643833223
1,V0-GlobalCap2,21,270000,263197.229379549
1,V0-GlobalCap2,21,273000,244471.406786655
1,V0-GlobalCap2,21,276000,128259.86972492
1,V0-GlobalCap2,21,279000,127227.214241889
1,V0-GlobalCap2,21,282000,127227.214241889
1,V0-GlobalCap2,21,285000,92339.6380220982
1,V0-GlobalCap2,21,288000,80495.3834785131
1,V0-GlobalCap2,21,291000,44428.8790606812
1,V0-GlobalCap2,21,294000,21637.8606291155
1,V0-GlobalCap2,21,297000,6423.77130200917
1,V0-GlobalCap2,21,300000,509.315562249237
1,V1-Elite,21,3000,146839285.489522
1,V1-Elite,21,6000,68304665.2431208
1,V1-Elite,21,9000,39210545.0250567
1,V1-Elite,21,12000,38990389.2154421
1,V1-Elite,21,15000,33464459.6272325
1,V1-Elite,21,18000,31009343.6674279
1,V1-Elite,21,21000,31009343.6674279
1,V1-Elite,21,24000,29482310.6534357
1,V1-Elite,21,27000,22372674.3339092
1,V1-Elite,21,30000,22372674.3339092
1,V1-Elite,21,33000,22372674.3339092
1,V1-Elite,21,36000,22372674.3339092
1,V1-Elite,21,39000,21561367.6779403
1,V1-Elite,21,42000,17785817.7411296
1,V1-Elite,21,45000,17785817.7411296
1,V1-Elite,21,48000,16978278.4186827
1,V1-Elite,21,51000,16978278.4186827
1,V1-Elite,21,54000,16978278.4186827
1,V1-Elite,21,57000,15926634.11446
1,V1-Elite,21,60000,15926634.11446
1,V1-Elite,21,63000,15926634.11446
1,V1-Elite,21,66000,15831982.4717862
1,V1-Elite,21,69000,15765917.7542649
1,V1-Elite,21,72000,14021898.073459
1,V1-Elite,21,75000,9449917.70361674
1,V1-Elite,21,78000,9449917.70361674
1,V1-Elite,21,81000,9449917.70361674
1,V1-Elite,21,84000,9449917.70361674
1,V1-Elite,21,87000,7632424.6089211
1,V1-Elite,21,90000,6790779.70243372
1,V1-Elite,21,93000,6790779.70243372
1,V1-Elite,21,96000,6790779.70243372
1,V1-Elite,21,99000,5941959.57223106
1,V1-Elite,21,102000,5941959.57223106
1,V1-Elite,21,105000,5685532.68331689
1,V1-Elite,21,108000,4412751.96987484
1,V1-Elite,21,111000,4412751.96987484
1,V1-Elite,21,114000,4412751.96987484
1,V1-Elite,21,117000,4412751.96987484
1,V1-Elite,21,120000,4412751.96987484
1,V1-Elite,21,123000,4412751.96987484
1,V1-Elite,21,126000,4412751.96987484
1,V1-Elite,21,129000,4412751.96987484
1,V1-Elite,21,132000,4412751.96987484
1,V1-Elite,21,135000,4412751.96987484
1,V1-Elite,21,138000,4412751.96987484
1,V1-Elite,21,141000,4412751.96987484
1,V1-Elite,21,144000,4412751.96987484
1,V1-Elite,21,147000,4412751.96987484
1,V1-Elite,21,150000,4366265.64684858
1,V1-Elite,21,153000,3831325.47086621
1,V1-Elite,21,156000,3830367.39384901
1,V1-Elite,21,159000,3630795.24853468
1,V1-Elite,21,162000,3630795.24853468
1,V1-Elite,21,165000,3091816.20328238
1,V1-Elite,21,168000,3078980.76297444
1,V1-Elite,21,171000,3078980.76297444
1,V1-Elite,21,174000,3078980.76297444
1,V1-Elite,21,177000,3078980.76297444
1,V1-Elite,21,180000,3078980.76297444
1,V1-Elite,21,183000,3078980.76297444
1,V1-Elite,21,186000,2795330.60835921
1,V1-Elite,21,189000,2727466.25720179
1,V1-Elite,21,192000,2727466.25720179
1,V1-Elite,21,195000,2688457.0010932
1,V1-Elite,21,198000,2574512.39742104
1,V1-Elite,21,201000,2574512.39742104
1,V1-Elite,21,204000,1913489.93927576
1,V1-Elite,21,207000,1913489.93927576
1,V1-Elite,21,210000,1897486.62713682
1,V1-Elite,21,213000,1774337.32890473
1,V1-Elite,21,216000,1694297.25642291
1,V1-Elite,21,219000,1694297.25642291
1,V1-Elite,21,222000,1694297.25642291
1,V1-Elite,21,225000,1614096.30795485
1,V1-Elite,21,228000,1614096.30795485
1,V1-Elite,21,231000,1480463.85493149
1,V1-Elite,21,234000,1147189.5417394
1,V1-Elite,21,237000,1105644.41015935
1,V1-Elite,21,240000,970105.640297666
1,V1-Elite,21,243000,858161.23755051
1,V1-Elite,21,246000,573720.564998065
1,V1-Elite,21,249000,573720.564998065
1,V1-Elite,21,252000,534461.396045986
1,V1-Elite,21,255000,534461.396045986
1,V1-Elite,21,258000,484931.199605998
1,V1-Elite,21,261000,484931.199605998
1,V1-Elite,21,264000,475553.508874804
1,V1-Elite,21,267000,390798.281894888
1,V1-Elite,21,270000,385887.932085662
1,V1-Elite,21,273000,352750.677435042
1,V1-Elite,21,276000,303480.493429809
1,V1-Elite,21,279000,192440.54593178
1,V1-Elite,21,282000,160602.638794807
1,V1-Elite,21,285000,136326.818991953
1,V1-Elite,21,288000,69235.5899394883
1,V1-Elite,21,291000,54894.7351119439
1,V1-Elite,21,294000,34153.1510071189
1,V1-Elite,21,297000,20436.381836646
1,V1-Elite,21,300000,8811.95837743973
1,V2-EliteDiff,21,3000,898140615.461205
1,V2-EliteDiff,21,6000,425582499.961612
1,V2-EliteDiff,21,9000,184450033.100321
1,V2-EliteDiff,21,12000,184450033.100321
1,V2-EliteDiff,21,15000,136920339.69087
1,V2-EliteDiff,21,18000,110943245.814727
1,V2-EliteDiff,21,21000,110943245.814727
1,V2-EliteDiff,21,24000,85995985.6538133
1,V2-EliteDiff,21,27000,85995985.6538133
1,V2-EliteDiff,21,30000,85995985.6538133
1,V2-EliteDiff,21,33000,85995985.6538133
1,V2-EliteDiff,21,36000,85995985.6538133
1,V2-EliteDiff,21,39000,85877693.4337827
1,V2-EliteDiff,21,42000,85877693.4337827
1,V2-EliteDiff,21,45000,85877693.4337827
1,V2-EliteDiff,21,48000,85877693.4337827
1,V2-EliteDiff,21,51000,71843761.9383031
1,V2-EliteDiff,21,54000,71843761.9383031
1,V2-EliteDiff,21,57000,70185548.5814392
1,V2-EliteDiff,21,60000,70185548.5814392
1,V2-EliteDiff,21,63000,70185548.5814392
1,V2-EliteDiff,21,66000,70185548.5814392
1,V2-EliteDiff,21,69000,68832795.3052213
1,V2-EliteDiff,21,72000,68832795.3052213
1,V2-EliteDiff,21,75000,57210193.8455248
1,V2-EliteDiff,21,78000,57210193.8455248
1,V2-EliteDiff,21,81000,52352585.0852401
1,V2-EliteDiff,21,84000,52352585.0852401
1,V2-EliteDiff,21,87000,52352585.0852401
1,V2-EliteDiff,21,90000,52352585.0852401
1,V2-EliteDiff,21,93000,52352585.0852401
1,V2-EliteDiff,21,96000,52352585.0852401
1,V2-EliteDiff,21,99000,52352585.0852401
1,V2-EliteDiff,21,102000,51565797.4427155
1,V2-EliteDiff,21,105000,50591871.3476035
1,V2-EliteDiff,21,108000,50591871.3476035
1,V2-EliteDiff,21,111000,49646504.6165134
1,V2-EliteDiff,21,114000,44431296.8803542
1,V2-EliteDiff,21,117000,38461270.003694
1,V2-EliteDiff,21,120000,36565729.912894
1,V2-EliteDiff,21,123000,31098100.7236723
1,V2-EliteDiff,21,126000,31098100.7236723
1,V2-EliteDiff,21,129000,29854831.4984161
1,V2-EliteDiff,21,132000,26493818.3118863
1,V2-EliteDiff,21,135000,26493818.3118863
1,V2-EliteDiff,21,138000,26493818.3118863
1,V2-EliteDiff,21,141000,26493818.3118863
1,V2-EliteDiff,21,144000,26493818.3118863
1,V2-EliteDiff,21,147000,26493818.3118863
1,V2-EliteDiff,21,150000,26493818.3118863
1,V2-EliteDiff,21,153000,23409483.9962784
1,V2-EliteDiff,21,156000,23409483.9962784
1,V2-EliteDiff,21,159000,20467356.6964763
1,V2-EliteDiff,21,162000,16528038.3130687
1,V2-EliteDiff,21,165000,15637311.064005
1,V2-EliteDiff,21,168000,15637311.064005
1,V2-EliteDiff,21,171000,15637311.064005
1,V2-EliteDiff,21,174000,15637311.064005
1,V2-EliteDiff,21,177000,15637311.064005
1,V2-EliteDiff,21,180000,15637311.064005
1,V2-EliteDiff,21,183000,15637311.064005
1,V2-EliteDiff,21,186000,15056658.286544
1,V2-EliteDiff,21,189000,13530361.0863651
1,V2-EliteDiff,21,192000,13530361.0863651
1,V2-EliteDiff,21,195000,13172069.9076104
1,V2-EliteDiff,21,198000,13172069.9076104
1,V2-EliteDiff,21,201000,13172069.9076104
1,V2-EliteDiff,21,204000,12107615.9019423
1,V2-EliteDiff,21,207000,11847032.3084259
1,V2-EliteDiff,21,210000,11847032.3084259
1,V2-EliteDiff,21,213000,11505781.6560226
1,V2-EliteDiff,21,216000,11218087.6202163
1,V2-EliteDiff,21,219000,11218087.6202163
1,V2-EliteDiff,21,222000,10077855.6076206
1,V2-EliteDiff,21,225000,9174277.89769246
1,V2-EliteDiff,21,228000,9174277.89769246
1,V2-EliteDiff,21,231000,8401293.71550911
1,V2-EliteDiff,21,234000,8401293.71550911
1,V2-EliteDiff,21,237000,7299089.7379308
1,V2-EliteDiff,21,240000,6294172.287466
1,V2-EliteDiff,21,243000,6294172.287466
1,V2-EliteDiff,21,246000,6294172.287466
1,V2-EliteDiff,21,249000,5642195.38409641
1,V2-EliteDiff,21,252000,5093414.83006987
1,V2-EliteDiff,21,255000,5093414.83006987
1,V2-EliteDiff,21,258000,4855429.76490022
1,V2-EliteDiff,21,261000,4855429.76490022
1,V2-EliteDiff,21,264000,4108535.03933834
1,V2-EliteDiff,21,267000,4108535.03933834
1,V2-EliteDiff,21,270000,3963232.82938512
1,V2-EliteDiff,21,273000,3963232.82938512
1,V2-EliteDiff,21,276000,3777673.35288879
1,V2-EliteDiff,21,279000,3777673.35288879
1,V2-EliteDiff,21,282000,3777673.35288879
1,V2-EliteDiff,21,285000,3708020.82036629
1,V2-EliteDiff,21,288000,3708020.82036629
1,V2-EliteDiff,21,291000,3708020.82036629
1,V2-EliteDiff,21,294000,3708020.82036629
1,V2-EliteDiff,21,297000,3708020.82036629
1,V2-EliteDiff,21,300000,3656399.82171851
1,V0-GlobalCap2,22,3000,34784959373.3293
1,V0-GlobalCap2,22,6000,541241378.886574
1,V0-GlobalCap2,22,9000,47794275.4049738
1,V0-GlobalCap2,22,12000,40136675.5493096
1,V0-GlobalCap2,22,15000,27130782.8988467
1,V0-GlobalCap2,22,18000,24802733.2403708
1,V0-GlobalCap2,22,21000,22563520.063431
1,V0-GlobalCap2,22,24000,22149283.8722149
1,V0-GlobalCap2,22,27000,17109620.5568709
1,V0-GlobalCap2,22,30000,17109620.5568709
1,V0-GlobalCap2,22,33000,17109620.5568709
1,V0-GlobalCap2,22,36000,17109620.5568709
1,V0-GlobalCap2,22,39000,17109620.5568709
1,V0-GlobalCap2,22,42000,17109620.5568709
1,V0-GlobalCap2,22,45000,17109620.5568709
1,V0-GlobalCap2,22,48000,15772271.2323754
1,V0-GlobalCap2,22,51000,15772271.2323754
1,V0-GlobalCap2,22,54000,15772271.2323754
1,V0-GlobalCap2,22,57000,15772271.2323754
1,V0-GlobalCap2,22,60000,15772271.2323754
1,V0-GlobalCap2,22,63000,15772271.2323754
1,V0-GlobalCap2,22,66000,15772271.2323754
1,V0-GlobalCap2,22,69000,15772271.2323754
1,V0-GlobalCap2,22,72000,15620128.2852366
1,V0-GlobalCap2,22,75000,13084523.7139387
1,V0-GlobalCap2,22,78000,13084523.7139387
1,V0-GlobalCap2,22,81000,12077996.4231968
1,V0-GlobalCap2,22,84000,11021454.4654988
1,V0-GlobalCap2,22,87000,11021454.4654988
1,V0-GlobalCap2,22,90000,11021454.4654988
1,V0-GlobalCap2,22,93000,10350225.1195987
1,V0-GlobalCap2,22,96000,7701141.49718835
1,V0-GlobalCap2,22,99000,7701141.49718835
1,V0-GlobalCap2,22,102000,7701141.49718835
1,V0-GlobalCap2,22,105000,7701141.49718835
1,V0-GlobalCap2,22,108000,7701141.49718835
1,V0-GlobalCap2,22,111000,6592342.46189143
1,V0-GlobalCap2,22,114000,6394748.80886893
1,V0-GlobalCap2,22,117000,6394748.80886893
1,V0-GlobalCap2,22,120000,6394748.80886893
1,V0-GlobalCap2,22,123000,6394748.80886893
1,V0-GlobalCap2,22,126000,6081644.78254992
1,V0-GlobalCap2,22,129000,6081644.78254992
1,V0-GlobalCap2,22,132000,6081644.78254992
1,V0-GlobalCap2,22,135000,6081644.78254992
1,V0-GlobalCap2,22,138000,6081644.78254992
1,V0-GlobalCap2,22,141000,6081644.78254992
1,V0-GlobalCap2,22,144000,5604934.8312855
1,V0-GlobalCap2,22,147000,4653363.98305485
1,V0-GlobalCap2,22,150000,4426310.18514604
1,V0-GlobalCap2,22,153000,4426310.18514604
1,V0-GlobalCap2,22,156000,4426310.18514604
1,V0-GlobalCap2,22,159000,3718544.45938986
1,V0-GlobalCap2,22,162000,3718544.45938986
1,V0-GlobalCap2,22,165000,3718544.45938986
1,V0-GlobalCap2,22,168000,3718544.45938986
1,V0-GlobalCap2,22,171000,3501047.5337709
1,V0-GlobalCap2,22,174000,3501047.5337709
1,V0-GlobalCap2,22,177000,3501047.5337709
1,V0-GlobalCap2,22,180000,3476118.62177842
1,V0-GlobalCap2,22,183000,3476118.62177842
1,V0-GlobalCap2,22,186000,3476118.62177842
1,V0-GlobalCap2,22,189000,3476118.62177842
1,V0-GlobalCap2,22,192000,3476118.62177842
1,V0-GlobalCap2,22,195000,3476118.62177842
1,V0-GlobalCap2,22,198000,3476118.62177842
1,V0-GlobalCap2,22,201000,3476118.62177842
1,V0-GlobalCap2,22,204000,3476118.62177842
1,V0-GlobalCap2,22,207000,3476118.62177842
1,V0-GlobalCap2,22,210000,2439753.90894595
1,V0-GlobalCap2,22,213000,2437923.9668054
1,V0-GlobalCap2,22,216000,2305854.75676064
1,V0-GlobalCap2,22,219000,2305854.75676064
1,V0-GlobalCap2,22,222000,2305854.75676064
1,V0-GlobalCap2,22,225000,1865065.34549164
1,V0-GlobalCap2,22,228000,1865065.34549164
1,V0-GlobalCap2,22,231000,1865065.34549164
1,V0-GlobalCap2,22,234000,1865065.34549164
1,V0-GlobalCap2,22,237000,1865065.34549164
1,V0-GlobalCap2,22,240000,1865065.34549164
1,V0-GlobalCap2,22,243000,1865065.34549164
1,V0-GlobalCap2,22,246000,1865065.34549164
1,V0-GlobalCap2,22,249000,1732431.21682045
1,V0-GlobalCap2,22,252000,1314301.09608913
1,V0-GlobalCap2,22,255000,1314301.09608913
1,V0-GlobalCap2,22,258000,1314301.09608913
1,V0-GlobalCap2,22,261000,1314301.09608913
1,V0-GlobalCap2,22,264000,1314301.09608913
1,V0-GlobalCap2,22,267000,834344.812281282
1,V0-GlobalCap2,22,270000,651388.10908586
1,V0-GlobalCap2,22,273000,651388.10908586
1,V0-GlobalCap2,22,276000,651388.10908586
1,V0-GlobalCap2,22,279000,651388.10908586
1,V0-GlobalCap2,22,282000,651388.10908586
1,V0-GlobalCap2,22,285000,651388.10908586
1,V0-GlobalCap2,22,288000,651388.10908586
1,V0-GlobalCap2,22,291000,651388.10908586
1,V0-GlobalCap2,22,294000,651388.10908586
1,V0-GlobalCap2,22,297000,651388.10908586
1,V0-GlobalCap2,22,300000,651388.10908586
1,V1-Elite,22,3000,360466358.084301
1,V1-Elite,22,6000,53231606.3238075
1,V1-Elite,22,9000,35983411.470639
1,V1-Elite,22,12000,34907030.395926
1,V1-Elite,22,15000,32088895.8907102
1,V1-Elite,22,18000,23367448.3956895
1,V1-Elite,22,21000,20842429.3420866
1,V1-Elite,22,24000,20609127.9048714
1,V1-Elite,22,27000,20609127.9048714
1,V1-Elite,22,30000,19891986.8804195
1,V1-Elite,22,33000,19891986.8804195
1,V1-Elite,22,36000,18130125.1156061
1,V1-Elite,22,39000,18130125.1156061
1,V1-Elite,22,42000,18130125.1156061
1,V1-Elite,22,45000,18130125.1156061
1,V1-Elite,22,48000,15758015.9348897
1,V1-Elite,22,51000,14937388.3404216
1,V1-Elite,22,54000,14651509.9171195
1,V1-Elite,22,57000,14651509.9171195
1,V1-Elite,22,60000,14651509.9171195
1,V1-Elite,22,63000,12227044.8438652
1,V1-Elite,22,66000,12227044.8438652
1,V1-Elite,22,69000,12227044.8438652
1,V1-Elite,22,72000,11621604.5265386
1,V1-Elite,22,75000,11621604.5265386
1,V1-Elite,22,78000,11396923.2105217
1,V1-Elite,22,81000,10164675.2358463
1,V1-Elite,22,84000,7657796.57728252
1,V1-Elite,22,87000,7657796.57728252
1,V1-Elite,22,90000,6696587.44835219
1,V1-Elite,22,93000,6696587.44835219
1,V1-Elite,22,96000,6696587.44835219
1,V1-Elite,22,99000,6696587.44835219
1,V1-Elite,22,102000,6696587.44835219
1,V1-Elite,22,105000,6696587.44835219
1,V1-Elite,22,108000,6696587.44835219
1,V1-Elite,22,111000,6219356.03398434
1,V1-Elite,22,114000,5055568.49416991
1,V1-Elite,22,117000,4971576.99585065
1,V1-Elite,22,120000,4453474.67518783
1,V1-Elite,22,123000,4453474.67518783
1,V1-Elite,22,126000,4177235.65982514
1,V1-Elite,22,129000,3735172.19378594
1,V1-Elite,22,132000,3735172.19378594
1,V1-Elite,22,135000,3735172.19378594
1,V1-Elite,22,138000,3594941.71317602
1,V1-Elite,22,141000,3594941.71317602
1,V1-Elite,22,144000,3594941.71317602
1,V1-Elite,22,147000,3594941.71317602
1,V1-Elite,22,150000,3594941.71317602
1,V1-Elite,22,153000,3594941.71317602
1,V1-Elite,22,156000,3594941.71317602
1,V1-Elite,22,159000,3256689.06822018
1,V1-Elite,22,162000,3256689.06822018
1,V1-Elite,22,165000,2352172.58398853
1,V1-Elite,22,168000,2352172.58398853
1,V1-Elite,22,171000,2352172.58398853
1,V1-Elite,22,174000,2352172.58398853
1,V1-Elite,22,177000,2352172.58398853
1,V1-Elite,22,180000,2352172.58398853
1,V1-Elite,22,183000,2352172.58398853
1,V1-Elite,22,186000,2352172.58398853
1,V1-Elite,22,189000,2352172.58398853
1,V1-Elite,22,192000,2352172.58398853
1,V1-Elite,22,195000,2352172.58398853
1,V1-Elite,22,198000,2352172.58398853
1,V1-Elite,22,201000,2352172.58398853
1,V1-Elite,22,204000,2290932.53030201
1,V1-Elite,22,207000,2256537.5548202
1,V1-Elite,22,210000,2224936.23837015
1,V1-Elite,22,213000,2139674.71174747
1,V1-Elite,22,216000,1672218.47555205
1,V1-Elite,22,219000,1648244.52018757
1,V1-Elite,22,222000,1464674.18483207
1,V1-Elite,22,225000,1374222.31054356
1,V1-Elite,22,228000,1374222.31054356
1,V1-Elite,22,231000,1265314.69593757
1,V1-Elite,22,234000,1063378.73879962
1,V1-Elite,22,237000,1063378.73879962
1,V1-Elite,22,240000,1063378.73879962
1,V1-Elite,22,243000,1063378.73879962
1,V1-Elite,22,246000,880080.464483833
1,V1-Elite,22,249000,604427.19306344
1,V1-Elite,22,252000,604427.19306344
1,V1-Elite,22,255000,551302.807068441
1,V1-Elite,22,258000,545292.206686787
1,V1-Elite,22,261000,376642.273758949
1,V1-Elite,22,264000,376642.273758949
1,V1-Elite,22,267000,296990.828136832
1,V1-Elite,22,270000,296990.828136832
1,V1-Elite,22,273000,296990.828136832
1,V1-Elite,22,276000,282940.216851058
1,V1-Elite,22,279000,162619.678510027
1,V1-Elite,22,282000,131848.054274671
1,V1-Elite,22,285000,115793.462639543
1,V1-Elite,22,288000,94187.7153496241
1,V1-Elite,22,291000,58470.1641767417
1,V1-Elite,22,294000,26300.3910759133
1,V1-Elite,22,297000,9956.06558623953
1,V1-Elite,22,300000,1857.2396044543
1,V2-EliteDiff,22,3000,1302521020.3534
1,V2-EliteDiff,22,6000,527119790.117528
1,V2-EliteDiff,22,9000,332952440.345331
1,V2-EliteDiff,22,12000,286653933.136382
1,V2-EliteDiff,22,15000,139141617.363044
1,V2-EliteDiff,22,18000,124897494.274455
1,V2-EliteDiff,22,21000,114014784.309423
1,V2-EliteDiff,22,24000,112299081.510281
1,V2-EliteDiff,22,27000,112299081.510281
1,V2-EliteDiff,22,30000,112299081.510281
1,V2-EliteDiff,22,33000,112299081.510281
1,V2-EliteDiff,22,36000,107569656.461025
1,V2-EliteDiff,22,39000,107215852.709057
1,V2-EliteDiff,22,42000,107215852.709057
1,V2-EliteDiff,22,45000,93377829.5865798
1,V2-EliteDiff,22,48000,92028925.1356939
1,V2-EliteDiff,22,51000,92028925.1356939
1,V2-EliteDiff,22,54000,79320488.3796299
1,V2-EliteDiff,22,57000,61596100.0897559
1,V2-EliteDiff,22,60000,60987334.9918566
1,V2-EliteDiff,22,63000,56921272.2288345
1,V2-EliteDiff,22,66000,56921272.2288345
1,V2-EliteDiff,22,69000,56921272.2288345
1,V2-EliteDiff,22,72000,54098024.8036239
1,V2-EliteDiff,22,75000,43725314.4177662
1,V2-EliteDiff,22,78000,43725314.4177662
1,V2-EliteDiff,22,81000,40713342.8494056
1,V2-EliteDiff,22,84000,40713342.8494056
1,V2-EliteDiff,22,87000,40713342.8494056
1,V2-EliteDiff,22,90000,40713342.8494056
1,V2-EliteDiff,22,93000,40713342.8494056
1,V2-EliteDiff,22,96000,40713342.8494056
1,V2-EliteDiff,22,99000,40713342.8494056
1,V2-EliteDiff,22,102000,40713342.8494056
1,V2-EliteDiff,22,105000,40713342.8494056
1,V2-EliteDiff,22,108000,40713342.8494056
1,V2-EliteDiff,22,111000,37484212.8697416
1,V2-EliteDiff,22,114000,30641173.0685984
1,V2-EliteDiff,22,117000,30641173.0685984
1,V2-EliteDiff,22,120000,30641173.0685984
1,V2-EliteDiff,22,123000,30641173.0685984
1,V2-EliteDiff,22,126000,25249324.1558058
1,V2-EliteDiff,22,129000,25249324.1558058
1,V2-EliteDiff,22,132000,25249324.1558058
1,V2-EliteDiff,22,135000,25249324.1558058
1,V2-EliteDiff,22,138000,25249324.1558058
1,V2-EliteDiff,22,141000,25249324.1558058
1,V2-EliteDiff,22,144000,25249324.1558058
1,V2-EliteDiff,22,147000,25249324.1558058
1,V2-EliteDiff,22,150000,25249324.1558058
1,V2-EliteDiff,22,153000,25249324.1558058
1,V2-EliteDiff,22,156000,25249324.1558058
1,V2-EliteDiff,22,159000,19088629.5184028
1,V2-EliteDiff,22,162000,19088629.5184028
1,V2-EliteDiff,22,165000,17482592.9685552
1,V2-EliteDiff,22,168000,17482592.9685552
1,V2-EliteDiff,22,171000,17482592.9685552
1,V2-EliteDiff,22,174000,17482592.9685552
1,V2-EliteDiff,22,177000,17482592.9685552
1,V2-EliteDiff,22,180000,17482592.9685552
1,V2-EliteDiff,22,183000,15490754.3463766
1,V2-EliteDiff,22,186000,14844630.3203967
1,V2-EliteDiff,22,189000,14844630.3203967
1,V2-EliteDiff,22,192000,13807078.4215687
1,V2-EliteDiff,22,195000,11622984.6302652
1,V2-EliteDiff,22,198000,8900764.94900038
1,V2-EliteDiff,22,201000,8613048.31572293
1,V2-EliteDiff,22,204000,8613048.31572293
1,V2-EliteDiff,22,207000,7688565.18045149
1,V2-EliteDiff,22,210000,7216283.1177034
1,V2-EliteDiff,22,213000,7216283.1177034
1,V2-EliteDiff,22,216000,6773710.72657452
1,V2-EliteDiff,22,219000,6668185.41039498
1,V2-EliteDiff,22,222000,6668185.41039498
1,V2-EliteDiff,22,225000,6239728.75954237
1,V2-EliteDiff,22,228000,5375177.25988339
1,V2-EliteDiff,22,231000,5375177.25988339
1,V2-EliteDiff,22,234000,4850768.53897581
1,V2-EliteDiff,22,237000,4393252.98201693
1,V2-EliteDiff,22,240000,3384352.39408821
1,V2-EliteDiff,22,243000,3384352.39408821
1,V2-EliteDiff,22,246000,3384352.39408821
1,V2-EliteDiff,22,249000,3384352.39408821
1,V2-EliteDiff,22,252000,3180508.16458454
1,V2-EliteDiff,22,255000,3180508.16458454
1,V2-EliteDiff,22,258000,2994043.2060909
1,V2-EliteDiff,22,261000,2994043.2060909
1,V2-EliteDiff,22,264000,2994043.2060909
1,V2-EliteDiff,22,267000,2994043.2060909
1,V2-EliteDiff,22,270000,2994043.2060909
1,V2-EliteDiff,22,273000,2994043.2060909
1,V2-EliteDiff,22,276000,2583760.01938657
1,V2-EliteDiff,22,279000,2583760.01938657
1,V2-EliteDiff,22,282000,2583760.01938657
1,V2-EliteDiff,22,285000,2583760.01938657
1,V2-EliteDiff,22,288000,2583760.01938657
1,V2-EliteDiff,22,291000,2583760.01938657
1,V2-EliteDiff,22,294000,2583760.01938657
1,V2-EliteDiff,22,297000,2583760.01938657
1,V2-EliteDiff,22,300000,2583760.01938657
1,V0-GlobalCap2,23,3000,39636884003.2913
1,V0-GlobalCap2,23,6000,773897676.742214
1,V0-GlobalCap2,23,9000,32464222.1888418
1,V0-GlobalCap2,23,12000,32464222.1888418
1,V0-GlobalCap2,23,15000,29284049.6480535
1,V0-GlobalCap2,23,18000,25652808.5604373
1,V0-GlobalCap2,23,21000,24897889.0787624
1,V0-GlobalCap2,23,24000,24897889.0787624
1,V0-GlobalCap2,23,27000,21549263.3932228
1,V0-GlobalCap2,23,30000,19163045.6418628
1,V0-GlobalCap2,23,33000,19163045.6418628
1,V0-GlobalCap2,23,36000,19163045.6418628
1,V0-GlobalCap2,23,39000,19163045.6418628
1,V0-GlobalCap2,23,42000,19163045.6418628
1,V0-GlobalCap2,23,45000,19163045.6418628
1,V0-GlobalCap2,23,48000,19163045.6418628
1,V0-GlobalCap2,23,51000,16731969.5534965
1,V0-GlobalCap2,23,54000,15016790.0159717
1,V0-GlobalCap2,23,57000,15016790.0159717
1,V0-GlobalCap2,23,60000,12153969.628223
1,V0-GlobalCap2,23,63000,12153969.628223
1,V0-GlobalCap2,23,66000,12153969.628223
1,V0-GlobalCap2,23,69000,12153969.628223
1,V0-GlobalCap2,23,72000,12153969.628223
1,V0-GlobalCap2,23,75000,10102716.379829
1,V0-GlobalCap2,23,78000,10102716.379829
1,V0-GlobalCap2,23,81000,10102716.379829
1,V0-GlobalCap2,23,84000,9995811.68108968
1,V0-GlobalCap2,23,87000,9995811.68108968
1,V0-GlobalCap2,23,90000,9995811.68108968
1,V0-GlobalCap2,23,93000,9995811.68108968
1,V0-GlobalCap2,23,96000,9995811.68108968
1,V0-GlobalCap2,23,99000,9995811.68108968
1,V0-GlobalCap2,23,102000,9995811.68108968
1,V0-GlobalCap2,23,105000,9432023.49812545
1,V0-GlobalCap2,23,108000,9432023.49812545
1,V0-GlobalCap2,23,111000,9432023.49812545
1,V0-GlobalCap2,23,114000,9432023.49812545
1,V0-GlobalCap2,23,117000,9432023.49812545
1,V0-GlobalCap2,23,120000,9432023.49812545
1,V0-GlobalCap2,23,123000,6800066.27076972
1,V0-GlobalCap2,23,126000,6800066.27076972
1,V0-GlobalCap2,23,129000,6800066.27076972
1,V0-GlobalCap2,23,132000,6800066.27076972
1,V0-GlobalCap2,23,135000,6800066.27076972
1,V0-GlobalCap2,23,138000,6800066.27076972
1,V0-GlobalCap2,23,141000,6800066.27076972
1,V0-GlobalCap2,23,144000,6800066.27076972
1,V0-GlobalCap2,23,147000,6800066.27076972
1,V0-GlobalCap2,23,150000,6800066.27076972
1,V0-GlobalCap2,23,153000,6800066.27076972
1,V0-GlobalCap2,23,156000,6800066.27076972
1,V0-GlobalCap2,23,159000,6800066.27076972
1,V0-GlobalCap2,23,162000,6800066.27076972
1,V0-GlobalCap2,23,165000,6097569.08356074
1,V0-GlobalCap2,23,168000,6097569.08356074
1,V0-GlobalCap2,23,171000,6097569.08356074
1,V0-GlobalCap2,23,174000,6097569.08356074
1,V0-GlobalCap2,23,177000,6097569.08356074
1,V0-GlobalCap2,23,180000,6097569.08356074
1,V0-GlobalCap2,23,183000,5595774.08759876
1,V0-GlobalCap2,23,186000,5440585.33629854
1,V0-GlobalCap2,23,189000,5149015.08021948
1,V0-GlobalCap2,23,192000,3694084.1688546
1,V0-GlobalCap2,23,195000,2998101.50680898
1,V0-GlobalCap2,23,198000,2998101.50680898
1,V0-GlobalCap2,23,201000,2030920.10665048
1,V0-GlobalCap2,23,204000,2030920.10665048
1,V0-GlobalCap2,23,207000,2030920.10665048
1,V0-GlobalCap2,23,210000,1984471.25026332
1,V0-GlobalCap2,23,213000,1984471.25026332
1,V0-GlobalCap2,23,216000,1984471.25026332
1,V0-GlobalCap2,23,219000,1777903.62595625
1,V0-GlobalCap2,23,222000,1777903.62595625
1,V0-GlobalCap2,23,225000,1777903.62595625
1,V0-GlobalCap2,23,228000,1646587.68340355
1,V0-GlobalCap2,23,231000,1560315.00046467
1,V0-GlobalCap2,23,234000,1298759.88425148
1,V0-GlobalCap2,23,237000,1298759.88425148
1,V0-GlobalCap2,23,240000,1269165.6904817
1,V0-GlobalCap2,23,243000,1194489.84493048
1,V0-GlobalCap2,23,246000,1115515.58018757
1,V0-GlobalCap2,23,249000,1115515.58018757
1,V0-GlobalCap2,23,252000,1115515.58018757
1,V0-GlobalCap2,23,255000,937509.919281127
1,V0-GlobalCap2,23,258000,775702.107896453
1,V0-GlobalCap2,23,261000,643738.945042024
1,V0-GlobalCap2,23,264000,429684.187701268
1,V0-GlobalCap2,23,267000,427533.790387929
1,V0-GlobalCap2,23,270000,402723.364439748
1,V0-GlobalCap2,23,273000,359770.657962645
1,V0-GlobalCap2,23,276000,276853.90243622
1,V0-GlobalCap2,23,279000,197076.713805411
1,V0-GlobalCap2,23,282000,178404.272754975
1,V0-GlobalCap2,23,285000,111086.929150783
1,V0-GlobalCap2,23,288000,73020.6667001299
1,V0-GlobalCap2,23,291000,39289.9569677236
1,V0-GlobalCap2,23,294000,18987.2095788857
1,V0-GlobalCap2,23,297000,9240.58513161516
1,V0-GlobalCap2,23,300000,2366.25079775993
1,V1-Elite,23,3000,255263868.767711
1,V1-Elite,23,6000,58640748.2163816
1,V1-Elite,23,9000,50123599.2289969
1,V1-Elite,23,12000,37868248.53331
1,V1-Elite,23,15000,29012071.6582296
1,V1-Elite,23,18000,28129614.7508693
1,V1-Elite,23,21000,28129614.7508693
1,V1-Elite,23,24000,27718663.6256469
1,V1-Elite,23,27000,24452602.2835968
1,V1-Elite,23,30000,24452602.2835968
1,V1-Elite,23,33000,19358633.3802878
1,V1-Elite,23,36000,16508581.5672822
1,V1-Elite,23,39000,16508581.5672822
1,V1-Elite,23,42000,16508581.5672822
1,V1-Elite,23,45000,14850442.0289234
1,V1-Elite,23,48000,11777768.8175039
1,V1-Elite,23,51000,11718897.5993115
1,V1-Elite,23,54000,11718897.5993115
1,V1-Elite,23,57000,11718897.5993115
1,V1-Elite,23,60000,10331390.5981152
1,V1-Elite,23,63000,8563750.61354749
1,V1-Elite,23,66000,8563750.61354749
1,V1-Elite,23,69000,8563750.61354749
1,V1-Elite,23,72000,8563750.61354749
1,V1-Elite,23,75000,7759449.16154406
1,V1-Elite,23,78000,7759449.16154406
1,V1-Elite,23,81000,7759449.16154406
1,V1-Elite,23,84000,7759449.16154406
1,V1-Elite,23,87000,7759449.16154406
1,V1-Elite,23,90000,7275066.88003555
1,V1-Elite,23,93000,7275066.88003555
1,V1-Elite,23,96000,7275066.88003555
1,V1-Elite,23,99000,7275066.88003555
1,V1-Elite,23,102000,7275066.88003555
1,V1-Elite,23,105000,7275066.88003555
1,V1-Elite,23,108000,7218729.45450549
1,V1-Elite,23,111000,6676714.19468463
1,V1-Elite,23,114000,6555015.61701235
1,V1-Elite,23,117000,6555015.61701235
1,V1-Elite,23,120000,6555015.61701235
1,V1-Elite,23,123000,5871973.49394411
1,V1-Elite,23,126000,5446759.26214185
1,V1-Elite,23,129000,5300023.73166743
1,V1-Elite,23,132000,4560915.3876711
1,V1-Elite,23,135000,4560915.3876711
1,V1-Elite,23,138000,4560915.3876711
1,V1-Elite,23,141000,4560915.3876711
1,V1-Elite,23,144000,4560915.3876711
1,V1-Elite,23,147000,4560915.3876711
1,V1-Elite,23,150000,3728579.11861287
1,V1-Elite,23,153000,3728579.11861287
1,V1-Elite,23,156000,3728579.11861287
1,V1-Elite,23,159000,3638745.08801432
1,V1-Elite,23,162000,3638745.08801432
1,V1-Elite,23,165000,3248292.63625228
1,V1-Elite,23,168000,3248292.63625228
1,V1-Elite,23,171000,3248292.63625228
1,V1-Elite,23,174000,3185571.28477958
1,V1-Elite,23,177000,3185571.28477958
1,V1-Elite,23,180000,3185571.28477958
1,V1-Elite,23,183000,3185571.28477958
1,V1-Elite,23,186000,2861973.69497644
1,V1-Elite,23,189000,2861973.69497644
1,V1-Elite,23,192000,2195460.30424574
1,V1-Elite,23,195000,1508662.00448188
1,V1-Elite,23,198000,1508662.00448188
1,V1-Elite,23,201000,1508662.00448188
1,V1-Elite,23,204000,1508662.00448188
1,V1-Elite,23,207000,1406290.73958196
1,V1-Elite,23,210000,1406290.73958196
1,V1-Elite,23,213000,1406290.73958196
1,V1-Elite,23,216000,1406290.73958196
1,V1-Elite,23,219000,1406290.73958196
1,V1-Elite,23,222000,1273679.94850198
1,V1-Elite,23,225000,1117070.48570379
1,V1-Elite,23,228000,1117070.48570379
1,V1-Elite,23,231000,1117070.48570379
1,V1-Elite,23,234000,991018.858475795
1,V1-Elite,23,237000,964258.412279953
1,V1-Elite,23,240000,964258.412279953
1,V1-Elite,23,243000,947626.731274317
1,V1-Elite,23,246000,865738.082637753
1,V1-Elite,23,249000,797527.93417799
1,V1-Elite,23,252000,649750.382427175
1,V1-Elite,23,255000,589429.215833274
1,V1-Elite,23,258000,508573.761658153
1,V1-Elite,23,261000,499771.512003124
1,V1-Elite,23,264000,335252.626152481
1,V1-Elite,23,267000,335252.626152481
1,V1-Elite,23,270000,256436.795416163
1,V1-Elite,23,273000,219099.613319902
1,V1-Elite,23,276000,156011.805547285
1,V1-Elite,23,279000,150180.000015318
1,V1-Elite,23,282000,150180.000015318
1,V1-Elite,23,285000,90244.4557896148
1,V1-Elite,23,288000,90244.4557896148
1,V1-Elite,23,291000,64701.5107725165
1,V1-Elite,23,294000,31772.7250766804
1,V1-Elite,23,297000,15120.6443702963
1,V1-Elite,23,300000,6338.16862941202
1,V2-EliteDiff,23,3000,999210705.694764
1,V2-EliteDiff,23,6000,480874178.051392
1,V2-EliteDiff,23,9000,345155274.961904
1,V2-EliteDiff,23,12000,337391855.263105
1,V2-EliteDiff,23,15000,316076176.641385
1,V2-EliteDiff,23,18000,212995412.001003
1,V2-EliteDiff,23,21000,160337433.440307
1,V2-EliteDiff,23,24000,131241339.122598
1,V2-EliteDiff,23,27000,131241339.122598
1,V2-EliteDiff,23,30000,92788001.5731888
1,V2-EliteDiff,23,33000,92788001.5731888
1,V2-EliteDiff,23,36000,92788001.5731888
1,V2-EliteDiff,23,39000,92788001.5731888
1,V2-EliteDiff,23,42000,92788001.5731888
1,V2-EliteDiff,23,45000,88898104.1240519
1,V2-EliteDiff,23,48000,88898104.1240519
1,V2-EliteDiff,23,51000,88898104.1240519
1,V2-EliteDiff,23,54000,88898104.1240519
1,V2-EliteDiff,23,57000,88898104.1240519
1,V2-EliteDiff,23,60000,75780752.6238866
1,V2-EliteDiff,23,63000,75780752.6238866
1,V2-EliteDiff,23,66000,75780752.6238866
1,V2-EliteDiff,23,69000,73302654.1838308
1,V2-EliteDiff,23,72000,65097978.3949947
1,V2-EliteDiff,23,75000,61616785.7519709
1,V2-EliteDiff,23,78000,61616785.7519709
1,V2-EliteDiff,23,81000,61616785.7519709
1,V2-EliteDiff,23,84000,61616785.7519709
1,V2-EliteDiff,23,87000,47515397.5796409
1,V2-EliteDiff,23,90000,47515397.5796409
1,V2-EliteDiff,23,93000,47515397.5796409
1,V2-EliteDiff,23,96000,47515397.5796409
1,V2-EliteDiff,23,99000,41128353.5562214
1,V2-EliteDiff,23,102000,41128353.5562214
1,V2-EliteDiff,23,105000,41128353.5562214
1,V2-EliteDiff,23,108000,39361497.2523866
1,V2-EliteDiff,23,111000,36664048.0258587
1,V2-EliteDiff,23,114000,31658435.2416928
1,V2-EliteDiff,23,117000,25684377.5445612
1,V2-EliteDiff,23,120000,25684377.5445612
1,V2-EliteDiff,23,123000,23835844.9731307
1,V2-EliteDiff,23,126000,23835844.9731307
1,V2-EliteDiff,23,129000,23835844.9731307
1,V2-EliteDiff,23,132000,23835844.9731307
1,V2-EliteDiff,23,135000,21682513.1514477
1,V2-EliteDiff,23,138000,20767614.6906481
1,V2-EliteDiff,23,141000,20767614.6906481
1,V2-EliteDiff,23,144000,20767614.6906481
1,V2-EliteDiff,23,147000,20767614.6906481
1,V2-EliteDiff,23,150000,20767614.6906481
1,V2-EliteDiff,23,153000,20767614.6906481
1,V2-EliteDiff,23,156000,15172021.818146
1,V2-EliteDiff,23,159000,15172021.818146
1,V2-EliteDiff,23,162000,13448210.6242724
1,V2-EliteDiff,23,165000,13448210.6242724
1,V2-EliteDiff,23,168000,13448210.6242724
1,V2-EliteDiff,23,171000,13448210.6242724
1,V2-EliteDiff,23,174000,13448210.6242724
1,V2-EliteDiff,23,177000,13359823.8010837
1,V2-EliteDiff,23,180000,13359823.8010837
1,V2-EliteDiff,23,183000,13359823.8010837
1,V2-EliteDiff,23,186000,13359823.8010837
1,V2-EliteDiff,23,189000,12821652.7397748
1,V2-EliteDiff,23,192000,10647517.5019229
1,V2-EliteDiff,23,195000,10013110.8524493
1,V2-EliteDiff,23,198000,9331355.23137661
1,V2-EliteDiff,23,201000,9331355.23137661
1,V2-EliteDiff,23,204000,9331355.23137661
1,V2-EliteDiff,23,207000,9126317.84471161
1,V2-EliteDiff,23,210000,8409693.77817628
1,V2-EliteDiff,23,213000,8132323.23659794
1,V2-EliteDiff,23,216000,7095258.29173255
1,V2-EliteDiff,23,219000,7095258.29173255
1,V2-EliteDiff,23,222000,6545237.98149772
1,V2-EliteDiff,23,225000,6545237.98149772
1,V2-EliteDiff,23,228000,6545237.98149772
1,V2-EliteDiff,23,231000,6545237.98149772
1,V2-EliteDiff,23,234000,6545237.98149772
1,V2-EliteDiff,23,237000,6508544.06658799
1,V2-EliteDiff,23,240000,5203273.92674504
1,V2-EliteDiff,23,243000,5180468.13372497
1,V2-EliteDiff,23,246000,4579643.8520938
1,V2-EliteDiff,23,249000,4579643.8520938
1,V2-EliteDiff,23,252000,4314889.11013844
1,V2-EliteDiff,23,255000,4314889.11013844
1,V2-EliteDiff,23,258000,4314889.11013844
1,V2-EliteDiff,23,261000,4314889.11013844
1,V2-EliteDiff,23,264000,4314889.11013844
1,V2-EliteDiff,23,267000,4314889.11013844
1,V2-EliteDiff,23,270000,4314889.11013844
1,V2-EliteDiff,23,273000,3648596.02801634
1,V2-EliteDiff,23,276000,3244817.94776111
1,V2-EliteDiff,23,279000,3244817.94776111
1,V2-EliteDiff,23,282000,3244817.94776111
1,V2-EliteDiff,23,285000,3244817.94776111
1,V2-EliteDiff,23,288000,3244817.94776111
1,V2-EliteDiff,23,291000,3244817.94776111
1,V2-EliteDiff,23,294000,3244817.94776111
1,V2-EliteDiff,23,297000,3244817.94776111
1,V2-EliteDiff,23,300000,3244817.94776111
3,V0-GlobalCap2,21,3000,134647.465140862
3,V0-GlobalCap2,21,6000,89561.519256571
3,V0-GlobalCap2,21,9000,87156.1130398053
3,V0-GlobalCap2,21,12000,86250.0209709793
3,V0-GlobalCap2,21,15000,72608.54158299
3,V0-GlobalCap2,21,18000,49347.2811643599
3,V0-GlobalCap2,21,21000,43521.1169340942
3,V0-GlobalCap2,21,24000,27868.5383102721
3,V0-GlobalCap2,21,27000,27868.5383102721
3,V0-GlobalCap2,21,30000,27868.5383102721
3,V0-GlobalCap2,21,33000,27868.5383102721
3,V0-GlobalCap2,21,36000,26121.6009918744
3,V0-GlobalCap2,21,39000,20429.4080334664
3,V0-GlobalCap2,21,42000,16851.2971174153
3,V0-GlobalCap2,21,45000,13251.118241079
3,V0-GlobalCap2,21,48000,9915.37518621753
3,V0-GlobalCap2,21,51000,7735.61589449366
3,V0-GlobalCap2,21,54000,5575.78121457875
3,V0-GlobalCap2,21,57000,4273.11991966958
3,V0-GlobalCap2,21,60000,3151.66975439543
3,V0-GlobalCap2,21,63000,2634.34467324232
3,V0-GlobalCap2,21,66000,1723.09452246843
3,V0-GlobalCap2,21,69000,1461.87738096348
3,V0-GlobalCap2,21,72000,1199.19729804501
3,V0-GlobalCap2,21,75000,814.251143661654
3,V0-GlobalCap2,21,78000,629.108974529
3,V0-GlobalCap2,21,81000,513.404049982348
3,V0-GlobalCap2,21,84000,388.899020721667
3,V0-GlobalCap2,21,87000,356.683340637681
3,V0-GlobalCap2,21,90000,233.140975815019
3,V0-GlobalCap2,21,93000,195.876873751144
3,V0-GlobalCap2,21,96000,163.037649596932
3,V0-GlobalCap2,21,99000,152.245200789461
3,V0-GlobalCap2,21,102000,144.993614534832
3,V0-GlobalCap2,21,105000,117.891481885318
3,V0-GlobalCap2,21,108000,104.12233118862
3,V0-GlobalCap2,21,111000,104.12233118862
3,V0-GlobalCap2,21,114000,104.12233118862
3,V0-GlobalCap2,21,117000,93.3192862983923
3,V0-GlobalCap2,21,120000,88.7816255472227
3,V0-GlobalCap2,21,123000,72.2757885608463
3,V0-GlobalCap2,21,126000,72.2757885608463
3,V0-GlobalCap2,21,129000,68.7245730517558
3,V0-GlobalCap2,21,132000,66.3681994782983
3,V0-GlobalCap2,21,135000,52.4323406769882
3,V0-GlobalCap2,21,138000,52.4323406769882
3,V0-GlobalCap2,21,141000,52.4323406769882
3,V0-GlobalCap2,21,144000,52.4323406769882
3,V0-GlobalCap2,21,147000,52.4323406769882
3,V0-GlobalCap2,21,150000,52.4323406769882
3,V0-GlobalCap2,21,153000,52.4323406769882
3,V0-GlobalCap2,21,156000,52.4323406769882
3,V0-GlobalCap2,21,159000,52.4323406769882
3,V0-GlobalCap2,21,162000,52.4323406769882
3,V0-GlobalCap2,21,165000,52.4323406769882
3,V0-GlobalCap2,21,168000,52.4323406769882
3,V0-GlobalCap2,21,171000,52.4323406769882
3,V0-GlobalCap2,21,174000,52.4323406769882
3,V0-GlobalCap2,21,177000,52.4323406769882
3,V0-GlobalCap2,21,180000,52.4323406769882
3,V0-GlobalCap2,21,183000,52.4323406769882
3,V0-GlobalCap2,21,186000,52.4323406769882
3,V0-GlobalCap2,21,189000,52.4323406769882
3,V0-GlobalCap2,21,192000,52.4323406769882
3,V0-GlobalCap2,21,195000,52.4323406769882
3,V0-GlobalCap2,21,198000,52.4323406769882
3,V0-GlobalCap2,21,201000,52.4323406769882
3,V0-GlobalCap2,21,204000,52.4323406769882
3,V0-GlobalCap2,21,207000,52.4323406769882
3,V0-GlobalCap2,21,210000,52.4323406769882
3,V0-GlobalCap2,21,213000,52.4323406769882
3,V0-GlobalCap2,21,216000,52.4323406769882
3,V0-GlobalCap2,21,219000,52.4323406769882
3,V0-GlobalCap2,21,222000,52.4323406769882
3,V0-GlobalCap2,21,225000,52.4323406769882
3,V0-GlobalCap2,21,228000,52.4323406769882
3,V0-GlobalCap2,21,231000,52.4323406769882
3,V0-GlobalCap2,21,234000,52.4323406769882
3,V0-GlobalCap2,21,237000,52.4323406769882
3,V0-GlobalCap2,21,240000,52.4323406769882
3,V0-GlobalCap2,21,243000,52.4323406769882
3,V0-GlobalCap2,21,246000,43.490118366104
3,V0-GlobalCap2,21,249000,33.1993255610466
3,V0-GlobalCap2,21,252000,23.8051262006979
3,V0-GlobalCap2,21,255000,17.8557567269441
3,V0-GlobalCap2,21,258000,16.3502403797787
3,V0-GlobalCap2,21,261000,16.3502403797787
3,V0-GlobalCap2,21,264000,16.3502403797787
3,V0-GlobalCap2,21,267000,16.3502403797787
3,V0-GlobalCap2,21,270000,16.3502403797787
3,V0-GlobalCap2,21,273000,16.3502403797787
3,V0-GlobalCap2,21,276000,16.3502403797787
3,V0-GlobalCap2,21,279000,16.3502403797787
3,V0-GlobalCap2,21,282000,16.3502403797787
3,V0-GlobalCap2,21,285000,16.3502403797787
3,V0-GlobalCap2,21,288000,16.3502403797787
3,V0-GlobalCap2,21,291000,16.3502403797787
3,V0-GlobalCap2,21,294000,16.3502403797787
3,V0-GlobalCap2,21,297000,16.3502403797787
3,V0-GlobalCap2,21,300000,16.3502403797787
3,V1-Elite,21,3000,68761.4614169656
3,V1-Elite,21,6000,59851.7163333945
3,V1-Elite,21,9000,49261.4009191248
3,V1-Elite,21,12000,42893.4128533109
3,V1-Elite,21,15000,40159.1522436335
3,V1-Elite,21,18000,37733.1742690095
3,V1-Elite,21,21000,34268.4335463661
3,V1-Elite,21,24000,29600.9613176214
3,V1-Elite,21,27000,26698.3955701775
3,V1-Elite,21,30000,26388.8500535919
3,V1-Elite,21,33000,20725.1231294437
3,V1-Elite,21,36000,18023.6576026357
3,V1-Elite,21,39000,15997.5117737775
3,V1-Elite,21,42000,14435.7589449148
3,V1-Elite,21,45000,12151.1961528454
3,V1-Elite,21,48000,9175.81019761799
3,V1-Elite,21,51000,8463.83069301499
3,V1-Elite,21,54000,7926.32003530253
3,V1-Elite,21,57000,7460.2731267292
3,V1-Elite,21,60000,6125.20158869457
3,V1-Elite,21,63000,4634.53331055059
3,V1-Elite,21,66000,3598.67258742401
3,V1-Elite,21,69000,2977.41308621026
3,V1-Elite,21,72000,2617.7377030839
3,V1-Elite,21,75000,1816.45915162196
3,V1-Elite,21,78000,1495.60784405505
3,V1-Elite,21,81000,1371.99578376352
3,V1-Elite,21,84000,1231.08107644673
3,V1-Elite,21,87000,1226.59910190385
3,V1-Elite,21,90000,1133.39282665979
3,V1-Elite,21,93000,957.278870871892
3,V1-Elite,21,96000,881.163084719606
3,V1-Elite,21,99000,861.728914358099
3,V1-Elite,21,102000,739.203357443757
3,V1-Elite,21,105000,538.399731498342
3,V1-Elite,21,108000,447.747802402604
3,V1-Elite,21,111000,394.645194937905
3,V1-Elite,21,114000,384.207698906978
3,V1-Elite,21,117000,373.338283590552
3,V1-Elite,21,120000,344.201309010575
3,V1-Elite,21,123000,290.710569752768
3,V1-Elite,21,126000,283.682251726866
3,V1-Elite,21,129000,215.990568866406
3,V1-Elite,21,132000,197.429833769011
3,V1-Elite,21,135000,190.148150922189
3,V1-Elite,21,138000,190.148150922189
3,V1-Elite,21,141000,188.176405835921
3,V1-Elite,21,144000,172.596367753308
3,V1-Elite,21,147000,144.340526651199
3,V1-Elite,21,150000,141.743081225326
3,V1-Elite,21,153000,139.406741571168
3,V1-Elite,21,156000,126.542108275854
3,V1-Elite,21,159000,125.880636060329
3,V1-Elite,21,162000,91.2633021240869
3,V1-Elite,21,165000,81.2921629177327
3,V1-Elite,21,168000,77.1427101704805
3,V1-Elite,21,171000,48.0221419007804
3,V1-Elite,21,174000,43.1442395522755
3,V1-Elite,21,177000,42.5755423126147
3,V1-Elite,21,180000,36.0253794859393
3,V1-Elite,21,183000,29.9391035632642
3,V1-Elite,21,186000,29.9391035632642
3,V1-Elite,21,189000,27.463470962833
3,V1-Elite,21,192000,22.3826837048458
3,V1-Elite,21,195000,22.3826837048458
3,V1-Elite,21,198000,19.7648174260711
3,V1-Elite,21,201000,19.7648174260711
3,V1-Elite,21,204000,19.397228199693
3,V1-Elite,21,207000,19.397228199693
3,V1-Elite,21,210000,18.1446252009146
3,V1-Elite,21,213000,14.9454591345062
3,V1-Elite,21,216000,14.1043737592848
3,V1-Elite,21,219000,14.1043737592848
3,V1-Elite,21,222000,14.1043737592848
3,V1-Elite,21,225000,14.0684260146978
3,V1-Elite,21,228000,12.9262798772644
3,V1-Elite,21,231000,9.7401829448313
3,V1-Elite,21,234000,7.98856565573197
3,V1-Elite,21,237000,7.98856565573197
3,V1-Elite,21,240000,7.03998266043914
3,V1-Elite,21,243000,7.03998266043914
3,V1-Elite,21,246000,4.78544471862625
3,V1-Elite,21,249000,4.78544471862625
3,V1-Elite,21,252000,4.10348102744092
3,V1-Elite,21,255000,3.48206479907168
3,V1-Elite,21,258000,2.6638585804933
3,V1-Elite,21,261000,2.6638585804933
3,V1-Elite,21,264000,2.6638585804933
3,V1-Elite,21,267000,2.39501332135819
3,V1-Elite,21,270000,1.5976175830138
3,V1-Elite,21,273000,1.5976175830138
3,V1-Elite,21,276000,1.5976175830138
3,V1-Elite,21,279000,1.4290668978955
3,V1-Elite,21,282000,1.00364715734827
3,V1-Elite,21,285000,0.681454165252035
3,V1-Elite,21,288000,0.527092010229126
3,V1-Elite,21,291000,0.453261650613115
3,V1-Elite,21,294000,0.294451847417861
3,V1-Elite,21,297000,0.0949529364397108
3,V1-Elite,21,300000,0.0495526401595612
3,V2-EliteDiff,21,3000,75386.8717431085
3,V2-EliteDiff,21,6000,63995.1150591857
3,V2-EliteDiff,21,9000,60856.2806976342
3,V2-EliteDiff,21,12000,60830.7323960645
3,V2-EliteDiff,21,15000,54165.6757148513
3,V2-EliteDiff,21,18000,44389.0440861019
3,V2-EliteDiff,21,21000,41862.7358576268
3,V2-EliteDiff,21,24000,41379.3884386581
3,V2-EliteDiff,21,27000,34982.1899404912
3,V2-EliteDiff,21,30000,32270.009866328
3,V2-EliteDiff,21,33000,30804.6122655493
3,V2-EliteDiff,21,36000,29554.8818050247
3,V2-EliteDiff,21,39000,28157.5294955067
3,V2-EliteDiff,21,42000,28157.5294955067
3,V2-EliteDiff,21,45000,27671.6796089615
3,V2-EliteDiff,21,48000,19596.3846130904
3,V2-EliteDiff,21,51000,16085.3994202291
3,V2-EliteDiff,21,54000,12527.3945844566
3,V2-EliteDiff,21,57000,12527.3945844566
3,V2-EliteDiff,21,60000,12494.0096896273
3,V2-EliteDiff,21,63000,7907.92573371138
3,V2-EliteDiff,21,66000,7907.92573371138
3,V2-EliteDiff,21,69000,7907.92573371138
3,V2-EliteDiff,21,72000,7234.33412385679
3,V2-EliteDiff,21,75000,7207.77314605353
3,V2-EliteDiff,21,78000,7207.77314605353
3,V2-EliteDiff,21,81000,7207.77314605353
3,V2-EliteDiff,21,84000,5787.05759252184
3,V2-EliteDiff,21,87000,5787.05759252184
3,V2-EliteDiff,21,90000,5787.05759252184
3,V2-EliteDiff,21,93000,5787.05759252184
3,V2-EliteDiff,21,96000,5407.09871651551
3,V2-EliteDiff,21,99000,5407.09871651551
3,V2-EliteDiff,21,102000,5407.09871651551
3,V2-EliteDiff,21,105000,5407.09871651551
3,V2-EliteDiff,21,108000,5407.09871651551
3,V2-EliteDiff,21,111000,5218.956017628
3,V2-EliteDiff,21,114000,5218.956017628
3,V2-EliteDiff,21,117000,5218.956017628
3,V2-EliteDiff,21,120000,4735.6366471793
3,V2-EliteDiff,21,123000,4735.6366471793
3,V2-EliteDiff,21,126000,4519.97136283206
3,V2-EliteDiff,21,129000,4519.97136283206
3,V2-EliteDiff,21,132000,4519.97136283206
3,V2-EliteDiff,21,135000,4377.08852871843
3,V2-EliteDiff,21,138000,4377.08852871843
3,V2-EliteDiff,21,141000,4144.58360174588
3,V2-EliteDiff,21,144000,4144.58360174588
3,V2-EliteDiff,21,147000,3827.60911110224
3,V2-EliteDiff,21,150000,3827.60911110224
3,V2-EliteDiff,21,153000,3544.94266927798
3,V2-EliteDiff,21,156000,3499.02260017005
3,V2-EliteDiff,21,159000,2632.78195265462
3,V2-EliteDiff,21,162000,2632.78195265462
3,V2-EliteDiff,21,165000,2632.78195265462
3,V2-EliteDiff,21,168000,2522.66521005939
3,V2-EliteDiff,21,171000,2522.66521005939
3,V2-EliteDiff,21,174000,2522.66521005939
3,V2-EliteDiff,21,177000,2346.74458244072
3,V2-EliteDiff,21,180000,2346.74458244072
3,V2-EliteDiff,21,183000,2346.74458244072
3,V2-EliteDiff,21,186000,2346.74458244072
3,V2-EliteDiff,21,189000,2346.74458244072
3,V2-EliteDiff,21,192000,2346.74458244072
3,V2-EliteDiff,21,195000,2295.34281188397
3,V2-EliteDiff,21,198000,2295.34281188397
3,V2-EliteDiff,21,201000,2066.62806545413
3,V2-EliteDiff,21,204000,2066.62806545413
3,V2-EliteDiff,21,207000,2066.62806545413
3,V2-EliteDiff,21,210000,2066.62806545413
3,V2-EliteDiff,21,213000,2066.62806545413
3,V2-EliteDiff,21,216000,2066.62806545413
3,V2-EliteDiff,21,219000,2066.62806545413
3,V2-EliteDiff,21,222000,2066.62806545413
3,V2-EliteDiff,21,225000,2066.62806545413
3,V2-EliteDiff,21,228000,2066.62806545413
3,V2-EliteDiff,21,231000,2066.62806545413
3,V2-EliteDiff,21,234000,1902.28669771196
3,V2-EliteDiff,21,237000,1902.28669771196
3,V2-EliteDiff,21,240000,1902.28669771196
3,V2-EliteDiff,21,243000,1902.28669771196
3,V2-EliteDiff,21,246000,1902.28669771196
3,V2-EliteDiff,21,249000,1902.28669771196
3,V2-EliteDiff,21,252000,1894.62294526963
3,V2-EliteDiff,21,255000,1821.40190446631
3,V2-EliteDiff,21,258000,1821.40190446631
3,V2-EliteDiff,21,261000,1821.40190446631
3,V2-EliteDiff,21,264000,1821.40190446631
3,V2-EliteDiff,21,267000,1821.40190446631
3,V2-EliteDiff,21,270000,1601.95401161762
3,V2-EliteDiff,21,273000,1601.95401161762
3,V2-EliteDiff,21,276000,1601.95401161762
3,V2-EliteDiff,21,279000,1601.95401161762
3,V2-EliteDiff,21,282000,1601.95401161762
3,V2-EliteDiff,21,285000,1601.95401161762
3,V2-EliteDiff,21,288000,1601.95401161762
3,V2-EliteDiff,21,291000,1601.95401161762
3,V2-EliteDiff,21,294000,1601.95401161762
3,V2-EliteDiff,21,297000,1601.95401161762
3,V2-EliteDiff,21,300000,1601.95401161762
3,V0-GlobalCap2,22,3000,271186.955710256
3,V0-GlobalCap2,22,6000,108846.608139016
3,V0-GlobalCap2,22,9000,79128.2071596159
3,V0-GlobalCap2,22,12000,79128.2071596159
3,V0-GlobalCap2,22,15000,69046.7753749277
3,V0-GlobalCap2,22,18000,55781.2353023795
3,V0-GlobalCap2,22,21000,55199.5962519128
3,V0-GlobalCap2,22,24000,55199.5962519128
3,V0-GlobalCap2,22,27000,45128.9326874305
3,V0-GlobalCap2,22,30000,44839.0905950375
3,V0-GlobalCap2,22,33000,44839.0905950375
3,V0-GlobalCap2,22,36000,44839.0905950375
3,V0-GlobalCap2,22,39000,44839.0905950375
3,V0-GlobalCap2,22,42000,44839.0905950375
3,V0-GlobalCap2,22,45000,44839.0905950375
3,V0-GlobalCap2,22,48000,44839.0905950375
3,V0-GlobalCap2,22,51000,40819.8294982661
3,V0-GlobalCap2,22,54000,40819.8294982661
3,V0-GlobalCap2,22,57000,40511.1945081453
3,V0-GlobalCap2,22,60000,32268.3599252139
3,V0-GlobalCap2,22,63000,28582.6611837834
3,V0-GlobalCap2,22,66000,28582.6611837834
3,V0-GlobalCap2,22,69000,28582.6611837834
3,V0-GlobalCap2,22,72000,28582.6611837834
3,V0-GlobalCap2,22,75000,28582.6611837834
3,V0-GlobalCap2,22,78000,28582.6611837834
3,V0-GlobalCap2,22,81000,28582.6611837834
3,V0-GlobalCap2,22,84000,28582.6611837834
3,V0-GlobalCap2,22,87000,26629.4063645346
3,V0-GlobalCap2,22,90000,26629.4063645346
3,V0-GlobalCap2,22,93000,25552.4906536586
3,V0-GlobalCap2,22,96000,22010.4529305037
3,V0-GlobalCap2,22,99000,17697.9991414918
3,V0-GlobalCap2,22,102000,15184.8672288841
3,V0-GlobalCap2,22,105000,11075.7908406811
3,V0-GlobalCap2,22,108000,9560.27760604037
3,V0-GlobalCap2,22,111000,7585.75890932155
3,V0-GlobalCap2,22,114000,5991.05648544484
3,V0-GlobalCap2,22,117000,4591.01755545871
3,V0-GlobalCap2,22,120000,3461.90812934323
3,V0-GlobalCap2,22,123000,2390.49611564732
3,V0-GlobalCap2,22,126000,2170.65446395954
3,V0-GlobalCap2,22,129000,1706.95977369727
3,V0-GlobalCap2,22,132000,1368.04269596796
3,V0-GlobalCap2,22,135000,976.568919920637
3,V0-GlobalCap2,22,138000,754.290904488804
3,V0-GlobalCap2,22,141000,483.395141314227
3,V0-GlobalCap2,22,144000,431.54951471663
3,V0-GlobalCap2,22,147000,372.91894447479
3,V0-GlobalCap2,22,150000,278.250300603742
3,V0-GlobalCap2,22,153000,228.987811120048
3,V0-GlobalCap2,22,156000,176.592775967071
3,V0-GlobalCap2,22,159000,149.774494298527
3,V0-GlobalCap2,22,162000,102.988356210313
3,V0-GlobalCap2,22,165000,91.1634412362682
3,V0-GlobalCap2,22,168000,70.6171357145502
3,V0-GlobalCap2,22,171000,57.1842812359482
3,V0-GlobalCap2,22,174000,43.5897192188346
3,V0-GlobalCap2,22,177000,40.4455413411726
3,V0-GlobalCap2,22,180000,40.4455413411726
3,V0-GlobalCap2,22,183000,34.7068042232798
3,V0-GlobalCap2,22,186000,34.7068042232798
3,V0-GlobalCap2,22,189000,33.1564001963278
3,V0-GlobalCap2,22,192000,23.5869996866018
3,V0-GlobalCap2,22,195000,22.4868653561687
3,V0-GlobalCap2,22,198000,21.6250036096903
3,V0-GlobalCap2,22,201000,18.8315466794219
3,V0-GlobalCap2,22,204000,18.0067011562501
3,V0-GlobalCap2,22,207000,17.1571203499256
3,V0-GlobalCap2,22,210000,16.8157134791129
3,V0-GlobalCap2,22,213000,12.3610855250176
3,V0-GlobalCap2,22,216000,9.00807420826851
3,V0-GlobalCap2,22,219000,8.7130191091693
3,V0-GlobalCap2,22,222000,6.56035624752002
3,V0-GlobalCap2,22,225000,6.52800096269408
3,V0-GlobalCap2,22,228000,6.52800096269408
3,V0-GlobalCap2,22,231000,6.51317366126574
3,V0-GlobalCap2,22,234000,6.51317366126574
3,V0-GlobalCap2,22,237000,6.36418803787052
3,V0-GlobalCap2,22,240000,5.96615725008161
3,V0-GlobalCap2,22,243000,5.96615725008161
3,V0-GlobalCap2,22,246000,5.96615725008161
3,V0-GlobalCap2,22,249000,5.96615725008161
3,V0-GlobalCap2,22,252000,5.96615725008161
3,V0-GlobalCap2,22,255000,5.96615725008161
3,V0-GlobalCap2,22,258000,5.96615725008161
3,V0-GlobalCap2,22,261000,5.96615725008161
3,V0-GlobalCap2,22,264000,5.96615725008161
3,V0-GlobalCap2,22,267000,5.96615725008161
3,V0-GlobalCap2,22,270000,5.96615725008161
3,V0-GlobalCap2,22,273000,5.96615725008161
3,V0-GlobalCap2,22,276000,5.96615725008161
3,V0-GlobalCap2,22,279000,5.96615725008161
3,V0-GlobalCap2,22,282000,5.96615725008161
3,V0-GlobalCap2,22,285000,5.96615725008161
3,V0-GlobalCap2,22,288000,5.96615725008161
3,V0-GlobalCap2,22,291000,5.96615725008161
3,V0-GlobalCap2,22,294000,5.96615725008161
3,V0-GlobalCap2,22,297000,5.96615725008161
3,V0-GlobalCap2,22,300000,5.96615725008161
3,V1-Elite,22,3000,152222.721455104
3,V1-Elite,22,6000,137189.471239449
3,V1-Elite,22,9000,119584.485568189
3,V1-Elite,22,12000,107969.011674205
3,V1-Elite,22,15000,105696.876496324
3,V1-Elite,22,18000,88497.9846863711
3,V1-Elite,22,21000,72055.3062250445
3,V1-Elite,22,24000,63034.1501906374
3,V1-Elite,22,27000,53711.4889910827
3,V1-Elite,22,30000,48261.21671785
3,V1-Elite,22,33000,42485.8688996257
3,V1-Elite,22,36000,36765.1360319664
3,V1-Elite,22,39000,32119.3275800363
3,V1-Elite,22,42000,31110.2467656862
3,V1-Elite,22,45000,25855.7179334111
3,V1-Elite,22,48000,24911.2525963178
3,V1-Elite,22,51000,22282.7464046328
3,V1-Elite,22,54000,19629.6448506927
3,V1-Elite,22,57000,16859.7216113989
3,V1-Elite,22,60000,13563.4724079015
3,V1-Elite,22,63000,9510.8792483674
3,V1-Elite,22,66000,8638.76330948958
3,V1-Elite,22,69000,8279.27426258884
3,V1-Elite,22,72000,6246.38212434215
3,V1-Elite,22,75000,5879.66232045639
3,V1-Elite,22,78000,4826.12274025717
3,V1-Elite,22,81000,4086.1537000704
3,V1-Elite,22,84000,3993.97838533918
3,V1-Elite,22,87000,3343.99260530965
3,V1-Elite,22,90000,3182.68359777481
3,V1-Elite,22,93000,3162.83455320236
3,V1-Elite,22,96000,2502.45876113636
3,V1-Elite,22,99000,2218.43743281994
3,V1-Elite,22,102000,1759.69178314519
3,V1-Elite,22,105000,1466.9086536135
3,V1-Elite,22,108000,1414.47602884762
3,V1-Elite,22,111000,1180.45789955769
3,V1-Elite,22,114000,1124.66315432864
3,V1-Elite,22,117000,1030.64396141735
3,V1-Elite,22,120000,917.191258391258
3,V1-Elite,22,123000,710.113637509438
3,V1-Elite,22,126000,707.221818799784
3,V1-Elite,22,129000,702.814133335308
3,V1-Elite,22,132000,573.63965690872
3,V1-Elite,22,135000,560.259366442291
3,V1-Elite,22,138000,560.259366442291
3,V1-Elite,22,141000,494.92658115179
3,V1-Elite,22,144000,479.929003476755
3,V1-Elite,22,147000,443.418729831858
3,V1-Elite,22,150000,428.415031853027
3,V1-Elite,22,153000,349.003987806714
3,V1-Elite,22,156000,311.242838366946
3,V1-Elite,22,159000,308.623775513726
3,V1-Elite,22,162000,296.87255813649
3,V1-Elite,22,165000,277.087938173592
3,V1-Elite,22,168000,276.634426331008
3,V1-Elite,22,171000,276.634426331008
3,V1-Elite,22,174000,259.265801919138
3,V1-Elite,22,177000,233.47029928487
3,V1-Elite,22,180000,228.222278538712
3,V1-Elite,22,183000,210.152428459168
3,V1-Elite,22,186000,190.528393439638
3,V1-Elite,22,189000,181.904156608338
3,V1-Elite,22,192000,173.068686875215
3,V1-Elite,22,195000,170.396974936893
3,V1-Elite,22,198000,136.537819348207
3,V1-Elite,22,201000,132.257010164045
3,V1-Elite,22,204000,105.540066792757
3,V1-Elite,22,207000,103.359714265507
3,V1-Elite,22,210000,97.3458639343518
3,V1-Elite,22,213000,94.2934823954781
3,V1-Elite,22,216000,84.3399007780727
3,V1-Elite,22,219000,78.5156602252945
3,V1-Elite,22,222000,76.4900945719916
3,V1-Elite,22,225000,73.1848020595888
3,V1-Elite,22,228000,62.2926751882286
3,V1-Elite,22,231000,55.0723764641591
3,V1-Elite,22,234000,55.0723764641591
3,V1-Elite,22,237000,51.9359026645877
3,V1-Elite,22,240000,50.7441993894669
3,V1-Elite,22,243000,48.4047254895657
3,V1-Elite,22,246000,48.4047254895657
3,V1-Elite,22,249000,39.7479511578292
3,V1-Elite,22,252000,26.886891848237
3,V1-Elite,22,255000,26.8402166797122
3,V1-Elite,22,258000,25.9697133688296
3,V1-Elite,22,261000,21.5419029457905
3,V1-Elite,22,264000,19.0230530693894
3,V1-Elite,22,267000,13.7138892304187
3,V1-Elite,22,270000,12.1003744163704
3,V1-Elite,22,273000,9.58037540628504
3,V1-Elite,22,276000,9.22607551784495
3,V1-Elite,22,279000,8.66887194772937
3,V1-Elite,22,282000,6.08708728612208
3,V1-Elite,22,285000,4.37710249569386
3,V1-Elite,22,288000,3.91379499173485
3,V1-Elite,22,291000,3.49859034396195
3,V1-Elite,22,294000,3.37762296620747
3,V1-Elite,22,297000,3.05694671324369
3,V1-Elite,22,300000,2.69081005185882
3,V2-EliteDiff,22,3000,240892.619851904
3,V2-EliteDiff,22,6000,109265.789363689
3,V2-EliteDiff,22,9000,99550.7306094633
3,V2-EliteDiff,22,12000,70865.6559348183
3,V2-EliteDiff,22,15000,68306.3802808238
3,V2-EliteDiff,22,18000,54586.6031961511
3,V2-EliteDiff,22,21000,49194.1460900382
3,V2-EliteDiff,22,24000,40880.4236580267
3,V2-EliteDiff,22,27000,40880.4236580267
3,V2-EliteDiff,22,30000,33340.7354321711
3,V2-EliteDiff,22,33000,33340.7354321711
3,V2-EliteDiff,22,36000,29066.9187679776
3,V2-EliteDiff,22,39000,28558.9616457753
3,V2-EliteDiff,22,42000,21639.2183261686
3,V2-EliteDiff,22,45000,19662.2381126865
3,V2-EliteDiff,22,48000,19662.2381126865
3,V2-EliteDiff,22,51000,19075.0289857053
3,V2-EliteDiff,22,54000,19075.0289857053
3,V2-EliteDiff,22,57000,17951.0473241356
3,V2-EliteDiff,22,60000,17951.0473241356
3,V2-EliteDiff,22,63000,17951.0473241356
3,V2-EliteDiff,22,66000,17938.0545800801
3,V2-EliteDiff,22,69000,16501.5680244826
3,V2-EliteDiff,22,72000,16086.8853945362
3,V2-EliteDiff,22,75000,14477.7791542884
3,V2-EliteDiff,22,78000,13669.9190622598
3,V2-EliteDiff,22,81000,13488.1423456918
3,V2-EliteDiff,22,84000,11184.1870588108
3,V2-EliteDiff,22,87000,11184.1870588108
3,V2-EliteDiff,22,90000,10350.0509637645
3,V2-EliteDiff,22,93000,10278.3914139442
3,V2-EliteDiff,22,96000,9756.41130465884
3,V2-EliteDiff,22,99000,9756.41130465884
3,V2-EliteDiff,22,102000,9756.41130465884
3,V2-EliteDiff,22,105000,9106.67016567447
3,V2-EliteDiff,22,108000,8098.93266905548
3,V2-EliteDiff,22,111000,6638.02201637142
3,V2-EliteDiff,22,114000,6638.02201637142
3,V2-EliteDiff,22,117000,6638.02201637142
3,V2-EliteDiff,22,120000,6638.02201637142
3,V2-EliteDiff,22,123000,6638.02201637142
3,V2-EliteDiff,22,126000,5942.84804404162
3,V2-EliteDiff,22,129000,5942.84804404162
3,V2-EliteDiff,22,132000,5942.84804404162
3,V2-EliteDiff,22,135000,5942.84804404162
3,V2-EliteDiff,22,138000,5763.8359826543
3,V2-EliteDiff,22,141000,5763.8359826543
3,V2-EliteDiff,22,144000,5763.8359826543
3,V2-EliteDiff,22,147000,5763.8359826543
3,V2-EliteDiff,22,150000,5763.8359826543
3,V2-EliteDiff,22,153000,5763.8359826543
3,V2-EliteDiff,22,156000,5763.8359826543
3,V2-EliteDiff,22,159000,5763.8359826543
3,V2-EliteDiff,22,162000,5763.8359826543
3,V2-EliteDiff,22,165000,5763.8359826543
3,V2-EliteDiff,22,168000,5763.8359826543
3,V2-EliteDiff,22,171000,5763.8359826543
3,V2-EliteDiff,22,174000,5763.8359826543
3,V2-EliteDiff,22,177000,4574.5867425
3,V2-EliteDiff,22,180000,4574.5867425
3,V2-EliteDiff,22,183000,4455.87253805151
3,V2-EliteDiff,22,186000,4455.87253805151
3,V2-EliteDiff,22,189000,4455.87253805151
3,V2-EliteDiff,22,192000,4455.87253805151
3,V2-EliteDiff,22,195000,3883.06634139689
3,V2-EliteDiff,22,198000,3543.07571454359
3,V2-EliteDiff,22,201000,2896.59822604768
3,V2-EliteDiff,22,204000,2532.68127375642
3,V2-EliteDiff,22,207000,2532.68127375642
3,V2-EliteDiff,22,210000,2532.68127375642
3,V2-EliteDiff,22,213000,2532.68127375642
3,V2-EliteDiff,22,216000,2532.68127375642
3,V2-EliteDiff,22,219000,2532.68127375642
3,V2-EliteDiff,22,222000,2532.68127375642
3,V2-EliteDiff,22,225000,2369.93630737032
3,V2-EliteDiff,22,228000,2369.93630737032
3,V2-EliteDiff,22,231000,2369.93630737032
3,V2-EliteDiff,22,234000,2369.93630737032
3,V2-EliteDiff,22,237000,2369.93630737032
3,V2-EliteDiff,22,240000,1946.21814381736
3,V2-EliteDiff,22,243000,1946.21814381736
3,V2-EliteDiff,22,246000,1874.33758712354
3,V2-EliteDiff,22,249000,1379.58355698055
3,V2-EliteDiff,22,252000,1379.58355698055
3,V2-EliteDiff,22,255000,1379.58355698055
3,V2-EliteDiff,22,258000,1379.58355698055
3,V2-EliteDiff,22,261000,1379.58355698055
3,V2-EliteDiff,22,264000,1379.58355698055
3,V2-EliteDiff,22,267000,1379.58355698055
3,V2-EliteDiff,22,270000,1379.58355698055
3,V2-EliteDiff,22,273000,1379.58355698055
3,V2-EliteDiff,22,276000,1379.58355698055
3,V2-EliteDiff,22,279000,1379.58355698055
3,V2-EliteDiff,22,282000,1379.58355698055
3,V2-EliteDiff,22,285000,1379.58355698055
3,V2-EliteDiff,22,288000,1379.58355698055
3,V2-EliteDiff,22,291000,1379.58355698055
3,V2-EliteDiff,22,294000,1379.58355698055
3,V2-EliteDiff,22,297000,1178.72105412001
3,V2-EliteDiff,22,300000,1178.72105412001
3,V0-GlobalCap2,23,3000,166078.639428955
3,V0-GlobalCap2,23,6000,125774.636688228
3,V0-GlobalCap2,23,9000,110907.010592637
3,V0-GlobalCap2,23,12000,107883.714322889
3,V0-GlobalCap2,23,15000,99413.2242779756
3,V0-GlobalCap2,23,18000,97524.9204045818
3,V0-GlobalCap2,23,21000,85815.7528825446
3,V0-GlobalCap2,23,24000,84067.4280798833
3,V0-GlobalCap2,23,27000,69879.3329382579
3,V0-GlobalCap2,23,30000,56350.2169791773
3,V0-GlobalCap2,23,33000,56350.2169791773
3,V0-GlobalCap2,23,36000,54868.6668949517
3,V0-GlobalCap2,23,39000,44589.5962816422
3,V0-GlobalCap2,23,42000,37191.3820398266
3,V0-GlobalCap2,23,45000,33310.7258390093
3,V0-GlobalCap2,23,48000,29590.3000438383
3,V0-GlobalCap2,23,51000,26084.6622345604
3,V0-GlobalCap2,23,54000,22901.9022860007
3,V0-GlobalCap2,23,57000,22705.2931468665
3,V0-GlobalCap2,23,60000,22705.2931468665
3,V0-GlobalCap2,23,63000,22705.2931468665
3,V0-GlobalCap2,23,66000,22705.2931468665
3,V0-GlobalCap2,23,69000,22705.2931468665
3,V0-GlobalCap2,23,72000,22705.2931468665
3,V0-GlobalCap2,23,75000,22705.2931468665
3,V0-GlobalCap2,23,78000,22705.2931468665
3,V0-GlobalCap2,23,81000,22705.2931468665
3,V0-GlobalCap2,23,84000,22705.2931468665
3,V0-GlobalCap2,23,87000,22705.2931468665
3,V0-GlobalCap2,23,90000,22705.2931468665
3,V0-GlobalCap2,23,93000,22705.2931468665
3,V0-GlobalCap2,23,96000,22705.2931468665
3,V0-GlobalCap2,23,99000,22705.2931468665
3,V0-GlobalCap2,23,102000,22705.2931468665
3,V0-GlobalCap2,23,105000,22599.9605923572
3,V0-GlobalCap2,23,108000,22599.9605923572
3,V0-GlobalCap2,23,111000,22599.9605923572
3,V0-GlobalCap2,23,114000,19561.0228552158
3,V0-GlobalCap2,23,117000,17398.2653165628
3,V0-GlobalCap2,23,120000,16964.4875504314
3,V0-GlobalCap2,23,123000,16964.4875504314
3,V0-GlobalCap2,23,126000,16964.4875504314
3,V0-GlobalCap2,23,129000,16964.4875504314
3,V0-GlobalCap2,23,132000,15690.4067311087
3,V0-GlobalCap2,23,135000,14013.8088623787
3,V0-GlobalCap2,23,138000,14013.8088623787
3,V0-GlobalCap2,23,141000,14013.8088623787
3,V0-GlobalCap2,23,144000,14013.8088623787
3,V0-GlobalCap2,23,147000,14013.8088623787
3,V0-GlobalCap2,23,150000,14013.8088623787
3,V0-GlobalCap2,23,153000,14013.8088623787
3,V0-GlobalCap2,23,156000,14013.8088623787
3,V0-GlobalCap2,23,159000,14013.8088623787
3,V0-GlobalCap2,23,162000,14013.8088623787
3,V0-GlobalCap2,23,165000,14013.8088623787
3,V0-GlobalCap2,23,168000,14013.8088623787
3,V0-GlobalCap2,23,171000,14013.8088623787
3,V0-GlobalCap2,23,174000,14013.8088623787
3,V0-GlobalCap2,23,177000,12587.1003505769
3,V0-GlobalCap2,23,180000,10718.859984798
3,V0-GlobalCap2,23,183000,8665.31199926944
3,V0-GlobalCap2,23,186000,6535.78567705673
3,V0-GlobalCap2,23,189000,5461.17013425712
3,V0-GlobalCap2,23,192000,4247.10285541507
3,V0-GlobalCap2,23,195000,3425.72407535458
3,V0-GlobalCap2,23,198000,2997.90349216161
3,V0-GlobalCap2,23,201000,2448.91908923157
3,V0-GlobalCap2,23,204000,2158.91979373361
3,V0-GlobalCap2,23,207000,1651.49785212696
3,V0-GlobalCap2,23,210000,1485.13633657487
3,V0-GlobalCap2,23,213000,1008.64787891209
3,V0-GlobalCap2,23,216000,672.048362857903
3,V0-GlobalCap2,23,219000,512.736697037692
3,V0-GlobalCap2,23,222000,276.177487999386
3,V0-GlobalCap2,23,225000,186.672213531295
3,V0-GlobalCap2,23,228000,161.141411997387
3,V0-GlobalCap2,23,231000,161.141411997387
3,V0-GlobalCap2,23,234000,161.141411997387
3,V0-GlobalCap2,23,237000,161.141411997387
3,V0-GlobalCap2,23,240000,161.141411997387
3,V0-GlobalCap2,23,243000,161.141411997387
3,V0-GlobalCap2,23,246000,161.141411997387
3,V0-GlobalCap2,23,249000,161.141411997387
3,V0-GlobalCap2,23,252000,161.141411997387
3,V0-GlobalCap2,23,255000,161.141411997387
3,V0-GlobalCap2,23,258000,161.141411997387
3,V0-GlobalCap2,23,261000,161.141411997387
3,V0-GlobalCap2,23,264000,161.141411997387
3,V0-GlobalCap2,23,267000,161.141411997387
3,V0-GlobalCap2,23,270000,161.141411997387
3,V0-GlobalCap2,23,273000,161.141411997387
3,V0-GlobalCap2,23,276000,161.141411997387
3,V0-GlobalCap2,23,279000,161.141411997387
3,V0-GlobalCap2,23,282000,161.141411997387
3,V0-GlobalCap2,23,285000,161.141411997387
3,V0-GlobalCap2,23,288000,161.141411997387
3,V0-GlobalCap2,23,291000,161.141411997387
3,V0-GlobalCap2,23,294000,161.141411997387
3,V0-GlobalCap2,23,297000,161.141411997387
3,V0-GlobalCap2,23,300000,161.141411997387
3,V1-Elite,23,3000,127296.973031053
3,V1-Elite,23,6000,114328.263729273
3,V1-Elite,23,9000,102174.710847881
3,V1-Elite,23,12000,88610.2435147231
3,V1-Elite,23,15000,78314.0980645923
3,V1-Elite,23,18000,74440.5460513438
3,V1-Elite,23,21000,69329.7069710141
3,V1-Elite,23,24000,47960.7511003864
3,V1-Elite,23,27000,41239.2021755976
3,V1-Elite,23,30000,38984.873698383
3,V1-Elite,23,33000,34918.7037935794
3,V1-Elite,23,36000,30791.2455689552
3,V1-Elite,23,39000,25724.9300503157
3,V1-Elite,23,42000,21812.4880473917
3,V1-Elite,23,45000,19748.1084715211
3,V1-Elite,23,48000,19405.1482630166
3,V1-Elite,23,51000,15919.6948999205
3,V1-Elite,23,54000,14442.2092405987
3,V1-Elite,23,57000,12284.5179981508
3,V1-Elite,23,60000,11176.8007092398
3,V1-Elite,23,63000,8949.66398327354
3,V1-Elite,23,66000,8706.46817531256
3,V1-Elite,23,69000,7363.44798808317
3,V1-Elite,23,72000,6943.23441772881
3,V1-Elite,23,75000,6143.63549065433
3,V1-Elite,23,78000,5317.19478568396
3,V1-Elite,23,81000,4573.05141789465
3,V1-Elite,23,84000,4200.88117429051
3,V1-Elite,23,87000,3373.67244010398
3,V1-Elite,23,90000,2589.58164141086
3,V1-Elite,23,93000,2416.97407392662
3,V1-Elite,23,96000,2416.97407392662
3,V1-Elite,23,99000,1988.25796106306
3,V1-Elite,23,102000,1944.01966414793
3,V1-Elite,23,105000,1811.56450159466
3,V1-Elite,23,108000,1580.14532512133
3,V1-Elite,23,111000,1387.44786325729
3,V1-Elite,23,114000,1038.06009342229
3,V1-Elite,23,117000,814.940130752118
3,V1-Elite,23,120000,814.940130752118
3,V1-Elite,23,123000,791.611303379045
3,V1-Elite,23,126000,662.515258766702
3,V1-Elite,23,129000,629.884899708297
3,V1-Elite,23,132000,592.395096599095
3,V1-Elite,23,135000,477.840944621305
3,V1-Elite,23,138000,422.385295960892
3,V1-Elite,23,141000,394.436300322393
3,V1-Elite,23,144000,359.718347991696
3,V1-Elite,23,147000,302.750284806445
3,V1-Elite,23,150000,302.750284806445
3,V1-Elite,23,153000,296.397629942691
3,V1-Elite,23,156000,280.901364894771
3,V1-Elite,23,159000,235.573232853909
3,V1-Elite,23,162000,202.524615959462
3,V1-Elite,23,165000,192.825758483583
3,V1-Elite,23,168000,192.825758483583
3,V1-Elite,23,171000,135.800715840743
3,V1-Elite,23,174000,133.209154380894
3,V1-Elite,23,177000,116.126861560591
3,V1-Elite,23,180000,113.779131417587
3,V1-Elite,23,183000,101.100298660084
3,V1-Elite,23,186000,89.622114788422
3,V1-Elite,23,189000,76.4516508670822
3,V1-Elite,23,192000,67.3214619638217
3,V1-Elite,23,195000,66.3606396149178
3,V1-Elite,23,198000,66.3606396149178
3,V1-Elite,23,201000,57.887454859974
3,V1-Elite,23,204000,42.0481221080163
3,V1-Elite,23,207000,35.4832448085843
3,V1-Elite,23,210000,25.8197895975421
3,V1-Elite,23,213000,23.7232268893466
3,V1-Elite,23,216000,20.6382248832418
3,V1-Elite,23,219000,20.6382248832418
3,V1-Elite,23,222000,20.5743493890423
3,V1-Elite,23,225000,16.7063916157962
3,V1-Elite,23,228000,16.5338283053658
3,V1-Elite,23,231000,12.1352067803789
3,V1-Elite,23,234000,11.8213348781265
3,V1-Elite,23,237000,10.1580863730462
3,V1-Elite,23,240000,9.5428480827826
3,V1-Elite,23,243000,8.73822836165107
3,V1-Elite,23,246000,8.3093754729789
3,V1-Elite,23,249000,7.78157880183051
3,V1-Elite,23,252000,7.17841482199572
3,V1-Elite,23,255000,6.6779874275781
3,V1-Elite,23,258000,5.38720161444326
3,V1-Elite,23,261000,4.58718066475689
3,V1-Elite,23,264000,4.1534726609155
3,V1-Elite,23,267000,3.42803683696144
3,V1-Elite,23,270000,3.41916033693252
3,V1-Elite,23,273000,2.89005708977237
3,V1-Elite,23,276000,1.46659231687636
3,V1-Elite,23,279000,1.1262319781805
3,V1-Elite,23,282000,0.823990554470754
3,V1-Elite,23,285000,0.726722849074235
3,V1-Elite,23,288000,0.643010889395214
3,V1-Elite,23,291000,0.524245750784416
3,V1-Elite,23,294000,0.239257703879844
3,V1-Elite,23,297000,0.162009508268397
3,V1-Elite,23,300000,0.103781512434125
3,V2-EliteDiff,23,3000,123959.151976399
3,V2-EliteDiff,23,6000,108403.266517359
3,V2-EliteDiff,23,9000,90323.3754094795
3,V2-EliteDiff,23,12000,90127.030234159
3,V2-EliteDiff,23,15000,86074.1781097552
3,V2-EliteDiff,23,18000,71090.7656305849
3,V2-EliteDiff,23,21000,58209.4256712373
3,V2-EliteDiff,23,24000,58209.4256712373
3,V2-EliteDiff,23,27000,46664.1379709305
3,V2-EliteDiff,23,30000,43360.6676171231
3,V2-EliteDiff,23,33000,38350.2092948614
3,V2-EliteDiff,23,36000,38350.2092948614
3,V2-EliteDiff,23,39000,32042.9144445414
3,V2-EliteDiff,23,42000,28029.2917355595
3,V2-EliteDiff,23,45000,28029.2917355595
3,V2-EliteDiff,23,48000,24008.3367421879
3,V2-EliteDiff,23,51000,20704.5431150184
3,V2-EliteDiff,23,54000,14956.4220445677
3,V2-EliteDiff,23,57000,14858.9358502486
3,V2-EliteDiff,23,60000,14703.9519656484
3,V2-EliteDiff,23,63000,12866.8123391993
3,V2-EliteDiff,23,66000,12052.1077685961
3,V2-EliteDiff,23,69000,12052.1077685961
3,V2-EliteDiff,23,72000,11465.0329491122
3,V2-EliteDiff,23,75000,9807.97764381906
3,V2-EliteDiff,23,78000,9462.68348861084
3,V2-EliteDiff,23,81000,9462.68348861084
3,V2-EliteDiff,23,84000,7925.82754676959
3,V2-EliteDiff,23,87000,7199.87428761874
3,V2-EliteDiff,23,90000,7199.87428761874
3,V2-EliteDiff,23,93000,7038.63851489266
3,V2-EliteDiff,23,96000,7038.63851489266
3,V2-EliteDiff,23,99000,7038.63851489266
3,V2-EliteDiff,23,102000,7038.63851489266
3,V2-EliteDiff,23,105000,7038.63851489266
3,V2-EliteDiff,23,108000,7038.63851489266
3,V2-EliteDiff,23,111000,7038.63851489266
3,V2-EliteDiff,23,114000,7038.63851489266
3,V2-EliteDiff,23,117000,5820.71815056425
3,V2-EliteDiff,23,120000,5820.71815056425
3,V2-EliteDiff,23,123000,5626.70780027982
3,V2-EliteDiff,23,126000,5408.81536001638
3,V2-EliteDiff,23,129000,4416.23981818854
3,V2-EliteDiff,23,132000,4416.23981818854
3,V2-EliteDiff,23,135000,4249.28241282405
3,V2-EliteDiff,23,138000,4249.28241282405
3,V2-EliteDiff,23,141000,4249.28241282405
3,V2-EliteDiff,23,144000,4249.28241282405
3,V2-EliteDiff,23,147000,4249.28241282405
3,V2-EliteDiff,23,150000,4249.28241282405
3,V2-EliteDiff,23,153000,4249.28241282405
3,V2-EliteDiff,23,156000,4249.28241282405
3,V2-EliteDiff,23,159000,4249.28241282405
3,V2-EliteDiff,23,162000,4249.28241282405
3,V2-EliteDiff,23,165000,4249.28241282405
3,V2-EliteDiff,23,168000,4249.28241282405
3,V2-EliteDiff,23,171000,4249.28241282405
3,V2-EliteDiff,23,174000,4249.28241282405
3,V2-EliteDiff,23,177000,4249.28241282405
3,V2-EliteDiff,23,180000,4249.28241282405
3,V2-EliteDiff,23,183000,4249.28241282405
3,V2-EliteDiff,23,186000,3719.07854211289
3,V2-EliteDiff,23,189000,3719.07854211289
3,V2-EliteDiff,23,192000,3719.07854211289
3,V2-EliteDiff,23,195000,3214.70743565853
3,V2-EliteDiff,23,198000,3214.70743565853
3,V2-EliteDiff,23,201000,3182.65274615783
3,V2-EliteDiff,23,204000,3182.65274615783
3,V2-EliteDiff,23,207000,3182.65274615783
3,V2-EliteDiff,23,210000,3114.18516688924
3,V2-EliteDiff,23,213000,3114.18516688924
3,V2-EliteDiff,23,216000,3114.18516688924
3,V2-EliteDiff,23,219000,3114.18516688924
3,V2-EliteDiff,23,222000,3092.85250416858
3,V2-EliteDiff,23,225000,3045.10502617971
3,V2-EliteDiff,23,228000,3045.10502617971
3,V2-EliteDiff,23,231000,3045.10502617971
3,V2-EliteDiff,23,234000,2831.99490514744
3,V2-EliteDiff,23,237000,2831.99490514744
3,V2-EliteDiff,23,240000,2831.99490514744
3,V2-EliteDiff,23,243000,2831.99490514744
3,V2-EliteDiff,23,246000,2831.99490514744
3,V2-EliteDiff,23,249000,2831.99490514744
3,V2-EliteDiff,23,252000,2831.99490514744
3,V2-EliteDiff,23,255000,2767.77774317928
3,V2-EliteDiff,23,258000,2657.78887987315
3,V2-EliteDiff,23,261000,2657.78887987315
3,V2-EliteDiff,23,264000,2657.78887987315
3,V2-EliteDiff,23,267000,2488.4859088712
3,V2-EliteDiff,23,270000,2488.4859088712
3,V2-EliteDiff,23,273000,2488.4859088712
3,V2-EliteDiff,23,276000,2488.4859088712
3,V2-EliteDiff,23,279000,2488.4859088712
3,V2-EliteDiff,23,282000,2193.48452272193
3,V2-EliteDiff,23,285000,2193.48452272193
3,V2-EliteDiff,23,288000,2193.48452272193
3,V2-EliteDiff,23,291000,2193.48452272193
3,V2-EliteDiff,23,294000,2193.48452272193
3,V2-EliteDiff,23,297000,2193.48452272193
3,V2-EliteDiff,23,300000,2193.48452272193
6,V0-GlobalCap2,21,3000,97.1239230785764
6,V0-GlobalCap2,21,6000,84.2416150526036
6,V0-GlobalCap2,21,9000,79.0191516688177
6,V0-GlobalCap2,21,12000,69.6601887848313
6,V0-GlobalCap2,21,15000,68.0896519893309
6,V0-GlobalCap2,21,18000,68.0896519893309
6,V0-GlobalCap2,21,21000,63.7789324038462
6,V0-GlobalCap2,21,24000,63.6602123826996
6,V0-GlobalCap2,21,27000,63.6602123826996
6,V0-GlobalCap2,21,30000,63.6602123826996
6,V0-GlobalCap2,21,33000,62.4165819198624
6,V0-GlobalCap2,21,36000,62.4165819198624
6,V0-GlobalCap2,21,39000,62.4165819198624
6,V0-GlobalCap2,21,42000,62.4165819198624
6,V0-GlobalCap2,21,45000,62.0920988626457
6,V0-GlobalCap2,21,48000,62.0920988626457
6,V0-GlobalCap2,21,51000,62.0920988626457
6,V0-GlobalCap2,21,54000,62.0920988626457
6,V0-GlobalCap2,21,57000,62.0920988626457
6,V0-GlobalCap2,21,60000,62.0920988626457
6,V0-GlobalCap2,21,63000,62.0920988626457
6,V0-GlobalCap2,21,66000,62.0920988626457
6,V0-GlobalCap2,21,69000,62.0920988626457
6,V0-GlobalCap2,21,72000,62.0920988626457
6,V0-GlobalCap2,21,75000,62.0920988626457
6,V0-GlobalCap2,21,78000,62.0920988626457
6,V0-GlobalCap2,21,81000,62.0920988626457
6,V0-GlobalCap2,21,84000,62.0920988626457
6,V0-GlobalCap2,21,87000,62.0920988626457
6,V0-GlobalCap2,21,90000,62.0920988626457
6,V0-GlobalCap2,21,93000,62.0920988626457
6,V0-GlobalCap2,21,96000,62.0920988626457
6,V0-GlobalCap2,21,99000,60.1491328431995
6,V0-GlobalCap2,21,102000,60.1491328431995
6,V0-GlobalCap2,21,105000,57.0953777145818
6,V0-GlobalCap2,21,108000,57.0953777145818
6,V0-GlobalCap2,21,111000,57.0953777145818
6,V0-GlobalCap2,21,114000,57.0953777145818
6,V0-GlobalCap2,21,117000,55.6006041570517
6,V0-GlobalCap2,21,120000,55.6006041570517
6,V0-GlobalCap2,21,123000,55.6006041570517
6,V0-GlobalCap2,21,126000,55.6006041570517
6,V0-GlobalCap2,21,129000,55.6006041570517
6,V0-GlobalCap2,21,132000,55.6006041570517
6,V0-GlobalCap2,21,135000,55.6006041570517
6,V0-GlobalCap2,21,138000,55.6006041570517
6,V0-GlobalCap2,21,141000,55.6006041570517
6,V0-GlobalCap2,21,144000,55.6006041570517
6,V0-GlobalCap2,21,147000,55.6006041570517
6,V0-GlobalCap2,21,150000,55.6006041570517
6,V0-GlobalCap2,21,153000,55.6006041570517
6,V0-GlobalCap2,21,156000,55.6006041570517
6,V0-GlobalCap2,21,159000,55.6006041570517
6,V0-GlobalCap2,21,162000,55.6006041570517
6,V0-GlobalCap2,21,165000,55.6006041570517
6,V0-GlobalCap2,21,168000,55.6006041570517
6,V0-GlobalCap2,21,171000,55.6006041570517
6,V0-GlobalCap2,21,174000,55.6006041570517
6,V0-GlobalCap2,21,177000,55.6006041570517
6,V0-GlobalCap2,21,180000,55.6006041570517
6,V0-GlobalCap2,21,183000,55.6006041570517
6,V0-GlobalCap2,21,186000,55.6006041570517
6,V0-GlobalCap2,21,189000,55.6006041570517
6,V0-GlobalCap2,21,192000,55.6006041570517
6,V0-GlobalCap2,21,195000,55.6006041570517
6,V0-GlobalCap2,21,198000,55.6006041570517
6,V0-GlobalCap2,21,201000,55.6006041570517
6,V0-GlobalCap2,21,204000,55.6006041570517
6,V0-GlobalCap2,21,207000,55.6006041570517
6,V0-GlobalCap2,21,210000,55.6006041570517
6,V0-GlobalCap2,21,213000,55.6006041570517
6,V0-GlobalCap2,21,216000,55.6006041570517
6,V0-GlobalCap2,21,219000,55.6006041570517
6,V0-GlobalCap2,21,222000,55.6006041570517
6,V0-GlobalCap2,21,225000,55.6006041570517
6,V0-GlobalCap2,21,228000,55.6006041570517
6,V0-GlobalCap2,21,231000,55.6006041570517
6,V0-GlobalCap2,21,234000,55.6006041570517
6,V0-GlobalCap2,21,237000,55.6006041570517
6,V0-GlobalCap2,21,240000,55.6006041570517
6,V0-GlobalCap2,21,243000,55.6006041570517
6,V0-GlobalCap2,21,246000,55.6006041570517
6,V0-GlobalCap2,21,249000,55.6006041570517
6,V0-GlobalCap2,21,252000,55.6006041570517
6,V0-GlobalCap2,21,255000,55.6006041570517
6,V0-GlobalCap2,21,258000,55.6006041570517
6,V0-GlobalCap2,21,261000,55.6006041570517
6,V0-GlobalCap2,21,264000,55.6006041570517
6,V0-GlobalCap2,21,267000,55.6006041570517
6,V0-GlobalCap2,21,270000,55.6006041570517
6,V0-GlobalCap2,21,273000,55.6006041570517
6,V0-GlobalCap2,21,276000,55.6006041570517
6,V0-GlobalCap2,21,279000,55.6006041570517
6,V0-GlobalCap2,21,282000,55.6006041570517
6,V0-GlobalCap2,21,285000,55.6006041570517
6,V0-GlobalCap2,21,288000,55.6006041570517
6,V0-GlobalCap2,21,291000,55.6006041570517
6,V0-GlobalCap2,21,294000,55.6006041570517
6,V0-GlobalCap2,21,297000,55.6006041570517
6,V0-GlobalCap2,21,300000,55.6006041570517
6,V1-Elite,21,3000,73.8989019856448
6,V1-Elite,21,6000,70.2761804345447
6,V1-Elite,21,9000,66.4956642398163
6,V1-Elite,21,12000,62.7006799473399
6,V1-Elite,21,15000,59.3515262105902
6,V1-Elite,21,18000,57.8817234796934
6,V1-Elite,21,21000,56.2132654297714
6,V1-Elite,21,24000,56.2132654297714
6,V1-Elite,21,27000,56.2132654297714
6,V1-Elite,21,30000,56.2132654297714
6,V1-Elite,21,33000,56.1531898259482
6,V1-Elite,21,36000,54.8967076679158
6,V1-Elite,21,39000,54.8967076679158
6,V1-Elite,21,42000,54.8442159827179
6,V1-Elite,21,45000,54.8442159827179
6,V1-Elite,21,48000,54.8442159827179
6,V1-Elite,21,51000,54.8442159827179
6,V1-Elite,21,54000,54.8442159827179
6,V1-Elite,21,57000,54.2974115532577
6,V1-Elite,21,60000,52.6807004039246
6,V1-Elite,21,63000,52.6807004039246
6,V1-Elite,21,66000,52.5040334178103
6,V1-Elite,21,69000,51.5949483256893
6,V1-Elite,21,72000,51.5949483256893
6,V1-Elite,21,75000,50.9676795221206
6,V1-Elite,21,78000,50.9676795221206
6,V1-Elite,21,81000,49.9146837984326
6,V1-Elite,21,84000,49.9146837984326
6,V1-Elite,21,87000,49.9146837984326
6,V1-Elite,21,90000,48.9685136001017
6,V1-Elite,21,93000,47.2842247777787
6,V1-Elite,21,96000,42.5917494474551
6,V1-Elite,21,99000,42.5917494474551
6,V1-Elite,21,102000,42.1683242551867
6,V1-Elite,21,105000,42.1683242551867
6,V1-Elite,21,108000,42.1683242551867
6,V1-Elite,21,111000,42.1683242551867
6,V1-Elite,21,114000,41.5741817746192
6,V1-Elite,21,117000,41.5741817746192
6,V1-Elite,21,120000,41.5741817746192
6,V1-Elite,21,123000,41.5741817746192
6,V1-Elite,21,126000,41.5741817746192
6,V1-Elite,21,129000,41.5741817746192
6,V1-Elite,21,132000,41.5741817746192
6,V1-Elite,21,135000,41.5741817746192
6,V1-Elite,21,138000,41.5741817746192
6,V1-Elite,21,141000,41.5741817746192
6,V1-Elite,21,144000,41.5741817746192
6,V1-Elite,21,147000,41.5741817746192
6,V1-Elite,21,150000,41.5741817746192
6,V1-Elite,21,153000,41.5741817746192
6,V1-Elite,21,156000,41.5741817746192
6,V1-Elite,21,159000,41.5741817746192
6,V1-Elite,21,162000,41.5741817746192
6,V1-Elite,21,165000,41.5741817746192
6,V1-Elite,21,168000,41.5741817746192
6,V1-Elite,21,171000,41.5741817746192
6,V1-Elite,21,174000,41.080246088853
6,V1-Elite,21,177000,41.080246088853
6,V1-Elite,21,180000,41.080246088853
6,V1-Elite,21,183000,41.080246088853
6,V1-Elite,21,186000,41.080246088853
6,V1-Elite,21,189000,41.080246088853
6,V1-Elite,21,192000,41.080246088853
6,V1-Elite,21,195000,41.080246088853
6,V1-Elite,21,198000,41.080246088853
6,V1-Elite,21,201000,41.080246088853
6,V1-Elite,21,204000,41.080246088853
6,V1-Elite,21,207000,41.080246088853
6,V1-Elite,21,210000,41.080246088853
6,V1-Elite,21,213000,40.729108241018
6,V1-Elite,21,216000,40.729108241018
6,V1-Elite,21,219000,40.7137549696938
6,V1-Elite,21,222000,40.7137549696938
6,V1-Elite,21,225000,40.7137549696938
6,V1-Elite,21,228000,40.7137549696938
6,V1-Elite,21,231000,40.6911975217452
6,V1-Elite,21,234000,40.6911975217452
6,V1-Elite,21,237000,40.6526469756895
6,V1-Elite,21,240000,40.6526469756895
6,V1-Elite,21,243000,40.6526469756895
6,V1-Elite,21,246000,40.5176500323229
6,V1-Elite,21,249000,40.2228668427567
6,V1-Elite,21,252000,40.1794626783691
6,V1-Elite,21,255000,40.1794626783691
6,V1-Elite,21,258000,40.1452792048765
6,V1-Elite,21,261000,40.0524143124527
6,V1-Elite,21,264000,40.0524143124527
6,V1-Elite,21,267000,40.0524143124527
6,V1-Elite,21,270000,40.039261288454
6,V1-Elite,21,273000,39.9188023957056
6,V1-Elite,21,276000,39.8984728124395
6,V1-Elite,21,279000,39.6068587641189
6,V1-Elite,21,282000,39.5681682530391
6,V1-Elite,21,285000,39.5117947579902
6,V1-Elite,21,288000,39.4575327291191
6,V1-Elite,21,291000,39.4187501071431
6,V1-Elite,21,294000,39.4046810222236
6,V1-Elite,21,297000,39.3683666249682
6,V1-Elite,21,300000,39.349987651311
6,V2-EliteDiff,21,3000,30.9853002584607
6,V2-EliteDiff,21,6000,18.7433339909504
6,V2-EliteDiff,21,9000,15.9245756610235
6,V2-EliteDiff,21,12000,15.1215508183219
6,V2-EliteDiff,21,15000,12.0619726883322
6,V2-EliteDiff,21,18000,10.9999801599265
6,V2-EliteDiff,21,21000,10.2752454938145
6,V2-EliteDiff,21,24000,9.18615366442236
6,V2-EliteDiff,21,27000,9.0637699318537
6,V2-EliteDiff,21,30000,8.59479352360142
6,V2-EliteDiff,21,33000,6.44741947700129
6,V2-EliteDiff,21,36000,5.95145649962649
6,V2-EliteDiff,21,39000,5.11086482757082
6,V2-EliteDiff,21,42000,5.11086482757082
6,V2-EliteDiff,21,45000,5.01705943338561
6,V2-EliteDiff,21,48000,4.59860127563218
6,V2-EliteDiff,21,51000,4.59860127563218
6,V2-EliteDiff,21,54000,4.59860127563218
6,V2-EliteDiff,21,57000,4.59069489083083
6,V2-EliteDiff,21,60000,4.42212855454977
6,V2-EliteDiff,21,63000,3.83649729455078
6,V2-EliteDiff,21,66000,3.68253047869098
6,V2-EliteDiff,21,69000,3.68253047869098
6,V2-EliteDiff,21,72000,3.28109683349942
6,V2-EliteDiff,21,75000,3.28109683349942
6,V2-EliteDiff,21,78000,3.22566034803776
6,V2-EliteDiff,21,81000,2.98739175943194
6,V2-EliteDiff,21,84000,2.98739175943194
6,V2-EliteDiff,21,87000,2.98739175943194
6,V2-EliteDiff,21,90000,2.98739175943194
6,V2-EliteDiff,21,93000,2.98739175943194
6,V2-EliteDiff,21,96000,2.98739175943194
6,V2-EliteDiff,21,99000,2.86704082979406
6,V2-EliteDiff,21,102000,2.86704082979406
6,V2-EliteDiff,21,105000,2.86704082979406
6,V2-EliteDiff,21,108000,2.82431869694597
6,V2-EliteDiff,21,111000,2.72194858214095
6,V2-EliteDiff,21,114000,2.72194858214095
6,V2-EliteDiff,21,117000,2.72194858214095
6,V2-EliteDiff,21,120000,2.51193111794851
6,V2-EliteDiff,21,123000,2.51193111794851
6,V2-EliteDiff,21,126000,2.51193111794851
6,V2-EliteDiff,21,129000,2.51193111794851
6,V2-EliteDiff,21,132000,2.51193111794851
6,V2-EliteDiff,21,135000,2.51193111794851
6,V2-EliteDiff,21,138000,2.35155088878503
6,V2-EliteDiff,21,141000,2.35155088878503
6,V2-EliteDiff,21,144000,2.35155088878503
6,V2-EliteDiff,21,147000,2.14592647040661
6,V2-EliteDiff,21,150000,2.14592647040661
6,V2-EliteDiff,21,153000,2.14592647040661
6,V2-EliteDiff,21,156000,2.14592647040661
6,V2-EliteDiff,21,159000,2.11872140181538
6,V2-EliteDiff,21,162000,1.92883747103929
6,V2-EliteDiff,21,165000,1.92883747103929
6,V2-EliteDiff,21,168000,1.92883747103929
6,V2-EliteDiff,21,171000,1.92883747103929
6,V2-EliteDiff,21,174000,1.92883747103929
6,V2-EliteDiff,21,177000,1.8717179878181
6,V2-EliteDiff,21,180000,1.77326841763568
6,V2-EliteDiff,21,183000,1.67202849711464
6,V2-EliteDiff,21,186000,1.46300833432417
6,V2-EliteDiff,21,189000,1.46300833432417
6,V2-EliteDiff,21,192000,1.46300833432417
6,V2-EliteDiff,21,195000,1.46300833432417
6,V2-EliteDiff,21,198000,1.46300833432417
6,V2-EliteDiff,21,201000,1.46300833432417
6,V2-EliteDiff,21,204000,1.41649538591764
6,V2-EliteDiff,21,207000,1.32793142311368
6,V2-EliteDiff,21,210000,1.30468020994124
6,V2-EliteDiff,21,213000,1.08672352985297
6,V2-EliteDiff,21,216000,1.08672352985297
6,V2-EliteDiff,21,219000,1.08672352985297
6,V2-EliteDiff,21,222000,1.08672352985297
6,V2-EliteDiff,21,225000,1.08535585174786
6,V2-EliteDiff,21,228000,1.08535585174786
6,V2-EliteDiff,21,231000,1.07716806299015
6,V2-EliteDiff,21,234000,1.07716806299015
6,V2-EliteDiff,21,237000,1.07716806299015
6,V2-EliteDiff,21,240000,1.02626316455223
6,V2-EliteDiff,21,243000,1.02626316455223
6,V2-EliteDiff,21,246000,1.02626316455223
6,V2-EliteDiff,21,249000,1.02626316455223
6,V2-EliteDiff,21,252000,1.02626316455223
6,V2-EliteDiff,21,255000,1.00582994963395
6,V2-EliteDiff,21,258000,1.00582994963395
6,V2-EliteDiff,21,261000,1.00582994963395
6,V2-EliteDiff,21,264000,0.99286858526375
6,V2-EliteDiff,21,267000,0.99286858526375
6,V2-EliteDiff,21,270000,0.987640042246539
6,V2-EliteDiff,21,273000,0.987640042246539
6,V2-EliteDiff,21,276000,0.90738722934725
6,V2-EliteDiff,21,279000,0.90738722934725
6,V2-EliteDiff,21,282000,0.90738722934725
6,V2-EliteDiff,21,285000,0.843417288582941
6,V2-EliteDiff,21,288000,0.786523758206272
6,V2-EliteDiff,21,291000,0.786523758206272
6,V2-EliteDiff,21,294000,0.786523758206272
6,V2-EliteDiff,21,297000,0.786523758206272
6,V2-EliteDiff,21,300000,0.753088774227763
6,V0-GlobalCap2,22,3000,91.3130172810201
6,V0-GlobalCap2,22,6000,69.6799486745466
6,V0-GlobalCap2,22,9000,62.0480043937621
6,V0-GlobalCap2,22,12000,62.0480043937621
6,V0-GlobalCap2,22,15000,62.0480043937621
6,V0-GlobalCap2,22,18000,62.0480043937621
6,V0-GlobalCap2,22,21000,59.5665845344294
6,V0-GlobalCap2,22,24000,56.0547890815825
6,V0-GlobalCap2,22,27000,51.6002223913935
6,V0-GlobalCap2,22,30000,51.5948193115081
6,V0-GlobalCap2,22,33000,50.569350531482
6,V0-GlobalCap2,22,36000,50.126760952068
6,V0-GlobalCap2,22,39000,47.5511457328846
6,V0-GlobalCap2,22,42000,46.7847820521265
6,V0-GlobalCap2,22,45000,46.2294995531076
6,V0-GlobalCap2,22,48000,45.5626154066415
6,V0-GlobalCap2,22,51000,45.1746385509961
6,V0-GlobalCap2,22,54000,45.1746385509961
6,V0-GlobalCap2,22,57000,45.1746385509961
6,V0-GlobalCap2,22,60000,45.1746385509961
6,V0-GlobalCap2,22,63000,45.1746385509961
6,V0-GlobalCap2,22,66000,45.1746385509961
6,V0-GlobalCap2,22,69000,45.1746385509961
6,V0-GlobalCap2,22,72000,45.1746385509961
6,V0-GlobalCap2,22,75000,45.1746385509961
6,V0-GlobalCap2,22,78000,45.1746385509961
6,V0-GlobalCap2,22,81000,45.1746385509961
6,V0-GlobalCap2,22,84000,45.1746385509961
6,V0-GlobalCap2,22,87000,45.1746385509961
6,V0-GlobalCap2,22,90000,45.1746385509961
6,V0-GlobalCap2,22,93000,45.1746385509961
6,V0-GlobalCap2,22,96000,45.1746385509961
6,V0-GlobalCap2,22,99000,45.1746385509961
6,V0-GlobalCap2,22,102000,45.1746385509961
6,V0-GlobalCap2,22,105000,45.1746385509961
6,V0-GlobalCap2,22,108000,45.1746385509961
6,V0-GlobalCap2,22,111000,45.1746385509961
6,V0-GlobalCap2,22,114000,45.1746385509961
6,V0-GlobalCap2,22,117000,45.1746385509961
6,V0-GlobalCap2,22,120000,45.1746385509961
6,V0-GlobalCap2,22,123000,45.1746385509961
6,V0-GlobalCap2,22,126000,45.1746385509961
6,V0-GlobalCap2,22,129000,45.1746385509961
6,V0-GlobalCap2,22,132000,45.1746385509961
6,V0-GlobalCap2,22,135000,45.1746385509961
6,V0-GlobalCap2,22,138000,45.1746385509961
6,V0-GlobalCap2,22,141000,45.1746385509961
6,V0-GlobalCap2,22,144000,45.1746385509961
6,V0-GlobalCap2,22,147000,45.1746385509961
6,V0-GlobalCap2,22,150000,45.1746385509961
6,V0-GlobalCap2,22,153000,45.1746385509961
6,V0-GlobalCap2,22,156000,45.1746385509961
6,V0-GlobalCap2,22,159000,45.1746385509961
6,V0-GlobalCap2,22,162000,45.1746385509961
6,V0-GlobalCap2,22,165000,45.1746385509961
6,V0-GlobalCap2,22,168000,45.1746385509961
6,V0-GlobalCap2,22,171000,45.1746385509961
6,V0-GlobalCap2,22,174000,45.1746385509961
6,V0-GlobalCap2,22,177000,45.1746385509961
6,V0-GlobalCap2,22,180000,45.1746385509961
6,V0-GlobalCap2,22,183000,45.1746385509961
6,V0-GlobalCap2,22,186000,45.1746385509961
6,V0-GlobalCap2,22,189000,45.1746385509961
6,V0-GlobalCap2,22,192000,45.1746385509961
6,V0-GlobalCap2,22,195000,45.1746385509961
6,V0-GlobalCap2,22,198000,45.1746385509961
6,V0-GlobalCap2,22,201000,45.1746385509961
6,V0-GlobalCap2,22,204000,45.1746385509961
6,V0-GlobalCap2,22,207000,45.1746385509961
6,V0-GlobalCap2,22,210000,45.1746385509961
6,V0-GlobalCap2,22,213000,45.1746385509961
6,V0-GlobalCap2,22,216000,45.1746385509961
6,V0-GlobalCap2,22,219000,45.1746385509961
6,V0-GlobalCap2,22,222000,45.1746385509961
6,V0-GlobalCap2,22,225000,45.1746385509961
6,V0-GlobalCap2,22,228000,45.1746385509961
6,V0-GlobalCap2,22,231000,45.1746385509961
6,V0-GlobalCap2,22,234000,45.1746385509961
6,V0-GlobalCap2,22,237000,45.1746385509961
6,V0-GlobalCap2,22,240000,45.1746385509961
6,V0-GlobalCap2,22,243000,45.1746385509961
6,V0-GlobalCap2,22,246000,45.1746385509961
6,V0-GlobalCap2,22,249000,45.1746385509961
6,V0-GlobalCap2,22,252000,45.1746385509961
6,V0-GlobalCap2,22,255000,45.1746385509961
6,V0-GlobalCap2,22,258000,45.1746385509961
6,V0-GlobalCap2,22,261000,45.1746385509961
6,V0-GlobalCap2,22,264000,45.1746385509961
6,V0-GlobalCap2,22,267000,45.1746385509961
6,V0-GlobalCap2,22,270000,45.1746385509961
6,V0-GlobalCap2,22,273000,45.1746385509961
6,V0-GlobalCap2,22,276000,45.1746385509961
6,V0-GlobalCap2,22,279000,45.1746385509961
6,V0-GlobalCap2,22,282000,45.1746385509961
6,V0-GlobalCap2,22,285000,45.1746385509961
6,V0-GlobalCap2,22,288000,45.1746385509961
6,V0-GlobalCap2,22,291000,45.1746385509961
6,V0-GlobalCap2,22,294000,45.1746385509961
6,V0-GlobalCap2,22,297000,45.1746385509961
6,V0-GlobalCap2,22,300000,45.1746385509961
6,V1-Elite,22,3000,57.9506793922474
6,V1-Elite,22,6000,55.2430691439952
6,V1-Elite,22,9000,55.2222108872432
6,V1-Elite,22,12000,53.0042148975223
6,V1-Elite,22,15000,51.6558670681989
6,V1-Elite,22,18000,51.6340354804265
6,V1-Elite,22,21000,51.6340354804265
6,V1-Elite,22,24000,50.1589008481569
6,V1-Elite,22,27000,50.1589008481569
6,V1-Elite,22,30000,50.1589008481569
6,V1-Elite,22,33000,50.1589008481569
6,V1-Elite,22,36000,50.1589008481569
6,V1-Elite,22,39000,50.1589008481569
6,V1-Elite,22,42000,50.1589008481569
6,V1-Elite,22,45000,50.1589008481569
6,V1-Elite,22,48000,49.4047272248815
6,V1-Elite,22,51000,49.4047272248815
6,V1-Elite,22,54000,49.4047272248815
6,V1-Elite,22,57000,49.4047272248815
6,V1-Elite,22,60000,49.4047272248815
6,V1-Elite,22,63000,49.4047272248815
6,V1-Elite,22,66000,49.4047272248815
6,V1-Elite,22,69000,49.4047272248815
6,V1-Elite,22,72000,49.4047272248815
6,V1-Elite,22,75000,49.4047272248815
6,V1-Elite,22,78000,49.4047272248815
6,V1-Elite,22,81000,48.8784669127077
6,V1-Elite,22,84000,48.8784669127077
6,V1-Elite,22,87000,48.8784669127077
6,V1-Elite,22,90000,48.8784669127077
6,V1-Elite,22,93000,48.8784669127077
6,V1-Elite,22,96000,48.8784669127077
6,V1-Elite,22,99000,48.8784669127077
6,V1-Elite,22,102000,48.8784669127077
6,V1-Elite,22,105000,47.4208712471763
6,V1-Elite,22,108000,47.4208712471763
6,V1-Elite,22,111000,47.4208712471763
6,V1-Elite,22,114000,47.4208712471763
6,V1-Elite,22,117000,47.4208712471763
6,V1-Elite,22,120000,47.4208712471763
6,V1-Elite,22,123000,47.4208712471763
6,V1-Elite,22,126000,47.4208712471763
6,V1-Elite,22,129000,47.4208712471763
6,V1-Elite,22,132000,47.1998841289511
6,V1-Elite,22,135000,47.1998841289511
6,V1-Elite,22,138000,47.1998841289511
6,V1-Elite,22,141000,47.1998841289511
6,V1-Elite,22,144000,47.1998841289511
6,V1-Elite,22,147000,47.1998841289511
6,V1-Elite,22,150000,47.1998841289511
6,V1-Elite,22,153000,47.1998841289511
6,V1-Elite,22,156000,47.1998841289511
6,V1-Elite,22,159000,47.0111156976595
6,V1-Elite,22,162000,47.0111156976595
6,V1-Elite,22,165000,46.6148223336812
6,V1-Elite,22,168000,46.4554394410997
6,V1-Elite,22,171000,46.4554394410997
6,V1-Elite,22,174000,46.4554394410997
6,V1-Elite,22,177000,46.4554394410997
6,V1-Elite,22,180000,46.4554394410997
6,V1-Elite,22,183000,46.4554394410997
6,V1-Elite,22,186000,46.4554394410997
6,V1-Elite,22,189000,46.3897053262223
6,V1-Elite,22,192000,46.3897053262223
6,V1-Elite,22,195000,46.3897053262223
6,V1-Elite,22,198000,46.3790173709991
6,V1-Elite,22,201000,45.8937198363521
6,V1-Elite,22,204000,45.8937198363521
6,V1-Elite,22,207000,45.8552697479221
6,V1-Elite,22,210000,45.8552697479221
6,V1-Elite,22,213000,45.6290936301191
6,V1-Elite,22,216000,45.6290936301191
6,V1-Elite,22,219000,45.6290936301191
6,V1-Elite,22,222000,45.6290936301191
6,V1-Elite,22,225000,45.6290936301191
6,V1-Elite,22,228000,45.6290936301191
6,V1-Elite,22,231000,45.6290936301191
6,V1-Elite,22,234000,45.6290936301191
6,V1-Elite,22,237000,45.6290936301191
6,V1-Elite,22,240000,45.5774948259653
6,V1-Elite,22,243000,45.4118936727785
6,V1-Elite,22,246000,45.4118936727785
6,V1-Elite,22,249000,45.4118936727785
6,V1-Elite,22,252000,45.4118936727785
6,V1-Elite,22,255000,45.4118936727785
6,V1-Elite,22,258000,45.3777733627199
6,V1-Elite,22,261000,45.2264665453708
6,V1-Elite,22,264000,44.9543279562444
6,V1-Elite,22,267000,44.8887569066909
6,V1-Elite,22,270000,44.7580684368156
6,V1-Elite,22,273000,44.5533972590438
6,V1-Elite,22,276000,44.5471500570369
6,V1-Elite,22,279000,44.4171484873842
6,V1-Elite,22,282000,44.3000509459466
6,V1-Elite,22,285000,44.2184495583131
6,V1-Elite,22,288000,44.1963173867454
6,V1-Elite,22,291000,44.1221656988804
6,V1-Elite,22,294000,44.0660315964641
6,V1-Elite,22,297000,43.9879101742628
6,V1-Elite,22,300000,43.9479545510419
6,V2-EliteDiff,22,3000,53.7884411266508
6,V2-EliteDiff,22,6000,41.2259247713075
6,V2-EliteDiff,22,9000,33.7890366294839
6,V2-EliteDiff,22,12000,28.3581094574956
6,V2-EliteDiff,22,15000,21.8696454980693
6,V2-EliteDiff,22,18000,14.6293842633788
6,V2-EliteDiff,22,21000,9.9663871679021
6,V2-EliteDiff,22,24000,6.21510871428325
6,V2-EliteDiff,22,27000,6.12077212749705
6,V2-EliteDiff,22,30000,5.58710921471709
6,V2-EliteDiff,22,33000,5.58710921471709
6,V2-EliteDiff,22,36000,5.46150647793365
6,V2-EliteDiff,22,39000,5.46150647793365
6,V2-EliteDiff,22,42000,5.21792476899634
6,V2-EliteDiff,22,45000,5.21792476899634
6,V2-EliteDiff,22,48000,4.91509593939463
6,V2-EliteDiff,22,51000,4.90817792837174
6,V2-EliteDiff,22,54000,4.68454993767011
6,V2-EliteDiff,22,57000,4.4754424748096
6,V2-EliteDiff,22,60000,4.20572305357086
6,V2-EliteDiff,22,63000,4.07130806909402
6,V2-EliteDiff,22,66000,4.02669513275578
6,V2-EliteDiff,22,69000,3.81975018053527
6,V2-EliteDiff,22,72000,3.18379045925553
6,V2-EliteDiff,22,75000,3.1520174627226
6,V2-EliteDiff,22,78000,3.1520174627226
6,V2-EliteDiff,22,81000,3.1520174627226
6,V2-EliteDiff,22,84000,2.68632946743298
6,V2-EliteDiff,22,87000,2.68632946743298
6,V2-EliteDiff,22,90000,2.59039601862844
6,V2-EliteDiff,22,93000,2.59039601862844
6,V2-EliteDiff,22,96000,2.59039601862844
6,V2-EliteDiff,22,99000,2.59039601862844
6,V2-EliteDiff,22,102000,2.59039601862844
6,V2-EliteDiff,22,105000,2.59039601862844
6,V2-EliteDiff,22,108000,2.45000371286062
6,V2-EliteDiff,22,111000,2.32991145088988
6,V2-EliteDiff,22,114000,2.32991145088988
6,V2-EliteDiff,22,117000,2.30057620965943
6,V2-EliteDiff,22,120000,2.30057620965943
6,V2-EliteDiff,22,123000,2.20364663923135
6,V2-EliteDiff,22,126000,1.80442135425801
6,V2-EliteDiff,22,129000,1.80442135425801
6,V2-EliteDiff,22,132000,1.78911300689958
6,V2-EliteDiff,22,135000,1.78911300689958
6,V2-EliteDiff,22,138000,1.78911300689958
6,V2-EliteDiff,22,141000,1.78911300689958
6,V2-EliteDiff,22,144000,1.78911300689958
6,V2-EliteDiff,22,147000,1.78911300689958
6,V2-EliteDiff,22,150000,1.78911300689958
6,V2-EliteDiff,22,153000,1.78911300689958
6,V2-EliteDiff,22,156000,1.78911300689958
6,V2-EliteDiff,22,159000,1.78911300689958
6,V2-EliteDiff,22,162000,1.78911300689958
6,V2-EliteDiff,22,165000,1.78911300689958
6,V2-EliteDiff,22,168000,1.72829851429299
6,V2-EliteDiff,22,171000,1.71547932804208
6,V2-EliteDiff,22,174000,1.55060969793908
6,V2-EliteDiff,22,177000,1.55060969793908
6,V2-EliteDiff,22,180000,1.55060969793908
6,V2-EliteDiff,22,183000,1.55060969793908
6,V2-EliteDiff,22,186000,1.55060969793908
6,V2-EliteDiff,22,189000,1.46113962388165
6,V2-EliteDiff,22,192000,1.38484418550456
6,V2-EliteDiff,22,195000,1.38484418550456
6,V2-EliteDiff,22,198000,1.38484418550456
6,V2-EliteDiff,22,201000,1.38484418550456
6,V2-EliteDiff,22,204000,1.29319699632561
6,V2-EliteDiff,22,207000,1.29319699632561
6,V2-EliteDiff,22,210000,1.28747245324075
6,V2-EliteDiff,22,213000,1.2577971091664
6,V2-EliteDiff,22,216000,1.24227289715827
6,V2-EliteDiff,22,219000,1.06485436897071
6,V2-EliteDiff,22,222000,1.06485436897071
6,V2-EliteDiff,22,225000,1.06485436897071
6,V2-EliteDiff,22,228000,1.06485436897071
6,V2-EliteDiff,22,231000,1.05615311173983
6,V2-EliteDiff,22,234000,1.05615311173983
6,V2-EliteDiff,22,237000,1.05615311173983
6,V2-EliteDiff,22,240000,1.0138963773876
6,V2-EliteDiff,22,243000,0.847525892846193
6,V2-EliteDiff,22,246000,0.839129375756556
6,V2-EliteDiff,22,249000,0.820082324167288
6,V2-EliteDiff,22,252000,0.757513915236132
6,V2-EliteDiff,22,255000,0.757049817670463
6,V2-EliteDiff,22,258000,0.661888532374292
6,V2-EliteDiff,22,261000,0.661888532374292
6,V2-EliteDiff,22,264000,0.661888532374292
6,V2-EliteDiff,22,267000,0.661888532374292
6,V2-EliteDiff,22,270000,0.661888532374292
6,V2-EliteDiff,22,273000,0.661888532374292
6,V2-EliteDiff,22,276000,0.649793952170512
6,V2-EliteDiff,22,279000,0.649793952170512
6,V2-EliteDiff,22,282000,0.649793952170512
6,V2-EliteDiff,22,285000,0.638662465642597
6,V2-EliteDiff,22,288000,0.638662465642597
6,V2-EliteDiff,22,291000,0.638662465642597
6,V2-EliteDiff,22,294000,0.638662465642597
6,V2-EliteDiff,22,297000,0.614686647337066
6,V2-EliteDiff,22,300000,0.614686647337066
6,V0-GlobalCap2,23,3000,93.9780158506873
6,V0-GlobalCap2,23,6000,82.8204196018798
6,V0-GlobalCap2,23,9000,82.6494725692771
6,V0-GlobalCap2,23,12000,81.8867864401708
6,V0-GlobalCap2,23,15000,76.8939107703893
6,V0-GlobalCap2,23,18000,75.6842802357426
6,V0-GlobalCap2,23,21000,75.5185802732362
6,V0-GlobalCap2,23,24000,75.5185802732362
6,V0-GlobalCap2,23,27000,75.5185802732362
6,V0-GlobalCap2,23,30000,75.5185802732362
6,V0-GlobalCap2,23,33000,72.7485763304978
6,V0-GlobalCap2,23,36000,70.6240669224652
6,V0-GlobalCap2,23,39000,69.3100185454012
6,V0-GlobalCap2,23,42000,69.3100185454012
6,V0-GlobalCap2,23,45000,69.3100185454012
6,V0-GlobalCap2,23,48000,69.3100185454012
6,V0-GlobalCap2,23,51000,69.3100185454012
6,V0-GlobalCap2,23,54000,69.3100185454012
6,V0-GlobalCap2,23,57000,69.3100185454012
6,V0-GlobalCap2,23,60000,68.8974139126158
6,V0-GlobalCap2,23,63000,68.8974139126158
6,V0-GlobalCap2,23,66000,68.8974139126158
6,V0-GlobalCap2,23,69000,66.4205498321414
6,V0-GlobalCap2,23,72000,66.4205498321414
6,V0-GlobalCap2,23,75000,65.523155398018
6,V0-GlobalCap2,23,78000,64.6905782970401
6,V0-GlobalCap2,23,81000,64.6905782970401
6,V0-GlobalCap2,23,84000,64.6905782970401
6,V0-GlobalCap2,23,87000,64.6905782970401
6,V0-GlobalCap2,23,90000,64.6905782970401
6,V0-GlobalCap2,23,93000,64.6905782970401
6,V0-GlobalCap2,23,96000,64.6905782970401
6,V0-GlobalCap2,23,99000,64.6905782970401
6,V0-GlobalCap2,23,102000,64.6905782970401
6,V0-GlobalCap2,23,105000,64.6905782970401
6,V0-GlobalCap2,23,108000,64.6905782970401
6,V0-GlobalCap2,23,111000,64.6905782970401
6,V0-GlobalCap2,23,114000,64.6905782970401
6,V0-GlobalCap2,23,117000,64.6905782970401
6,V0-GlobalCap2,23,120000,64.6905782970401
6,V0-GlobalCap2,23,123000,64.6905782970401
6,V0-GlobalCap2,23,126000,64.6905782970401
6,V0-GlobalCap2,23,129000,64.6905782970401
6,V0-GlobalCap2,23,132000,64.6905782970401
6,V0-GlobalCap2,23,135000,64.6905782970401
6,V0-GlobalCap2,23,138000,64.6905782970401
6,V0-GlobalCap2,23,141000,64.6905782970401
6,V0-GlobalCap2,23,144000,64.6905782970401
6,V0-GlobalCap2,23,147000,64.6905782970401
6,V0-GlobalCap2,23,150000,64.6905782970401
6,V0-GlobalCap2,23,153000,64.6905782970401
6,V0-GlobalCap2,23,156000,64.6905782970401
6,V0-GlobalCap2,23,159000,64.6905782970401
6,V0-GlobalCap2,23,162000,64.6905782970401
6,V0-GlobalCap2,23,165000,64.6905782970401
6,V0-GlobalCap2,23,168000,64.6905782970401
6,V0-GlobalCap2,23,171000,64.6905782970401
6,V0-GlobalCap2,23,174000,64.6905782970401
6,V0-GlobalCap2,23,177000,64.6905782970401
6,V0-GlobalCap2,23,180000,64.6905782970401
6,V0-GlobalCap2,23,183000,64.6905782970401
6,V0-GlobalCap2,23,186000,64.6905782970401
6,V0-GlobalCap2,23,189000,64.6905782970401
6,V0-GlobalCap2,23,192000,64.6905782970401
6,V0-GlobalCap2,23,195000,64.6905782970401
6,V0-GlobalCap2,23,198000,64.6905782970401
6,V0-GlobalCap2,23,201000,64.6905782970401
6,V0-GlobalCap2,23,204000,64.6905782970401
6,V0-GlobalCap2,23,207000,64.6905782970401
6,V0-GlobalCap2,23,210000,64.6905782970401
6,V0-GlobalCap2,23,213000,64.6905782970401
6,V0-GlobalCap2,23,216000,64.6905782970401
6,V0-GlobalCap2,23,219000,64.6905782970401
6,V0-GlobalCap2,23,222000,64.6905782970401
6,V0-GlobalCap2,23,225000,64.6905782970401
6,V0-GlobalCap2,23,228000,64.6905782970401
6,V0-GlobalCap2,23,231000,64.6905782970401
6,V0-GlobalCap2,23,234000,64.6905782970401
6,V0-GlobalCap2,23,237000,64.6905782970401
6,V0-GlobalCap2,23,240000,64.6905782970401
6,V0-GlobalCap2,23,243000,64.6905782970401
6,V0-GlobalCap2,23,246000,64.6905782970401
6,V0-GlobalCap2,23,249000,64.6905782970401
6,V0-GlobalCap2,23,252000,64.6905782970401
6,V0-GlobalCap2,23,255000,64.6905782970401
6,V0-GlobalCap2,23,258000,64.6905782970401
6,V0-GlobalCap2,23,261000,64.6905782970401
6,V0-GlobalCap2,23,264000,64.6905782970401
6,V0-GlobalCap2,23,267000,64.6905782970401
6,V0-GlobalCap2,23,270000,64.6905782970401
6,V0-GlobalCap2,23,273000,64.6905782970401
6,V0-GlobalCap2,23,276000,64.6905782970401
6,V0-GlobalCap2,23,279000,64.6905782970401
6,V0-GlobalCap2,23,282000,64.6905782970401
6,V0-GlobalCap2,23,285000,64.6905782970401
6,V0-GlobalCap2,23,288000,64.6905782970401
6,V0-GlobalCap2,23,291000,64.6905782970401
6,V0-GlobalCap2,23,294000,64.6905782970401
6,V0-GlobalCap2,23,297000,64.6905782970401
6,V0-GlobalCap2,23,300000,64.6905782970401
6,V1-Elite,23,3000,43.1431242608606
6,V1-Elite,23,6000,32.145844098495
6,V1-Elite,23,9000,30.4939327095638
6,V1-Elite,23,12000,30.1877130484477
6,V1-Elite,23,15000,29.7232367161677
6,V1-Elite,23,18000,27.8261576949741
6,V1-Elite,23,21000,27.1103958149578
6,V1-Elite,23,24000,26.545879155461
6,V1-Elite,23,27000,26.250145234183
6,V1-Elite,23,30000,25.6080952021455
6,V1-Elite,23,33000,25.6080952021455
6,V1-Elite,23,36000,25.6080952021455
6,V1-Elite,23,39000,25.6025004147496
6,V1-Elite,23,42000,25.4834453431324
6,V1-Elite,23,45000,25.4834453431324
6,V1-Elite,23,48000,25.4834453431324
6,V1-Elite,23,51000,24.662040487667
6,V1-Elite,23,54000,23.8097300779913
6,V1-Elite,23,57000,23.8097300779913
6,V1-Elite,23,60000,23.7896433362184
6,V1-Elite,23,63000,22.929287578705
6,V1-Elite,23,66000,22.8264280370612
6,V1-Elite,23,69000,22.3500037420374
6,V1-Elite,23,72000,22.3500037420374
6,V1-Elite,23,75000,22.3500037420374
6,V1-Elite,23,78000,22.3500037420374
6,V1-Elite,23,81000,21.9548383542947
6,V1-Elite,23,84000,21.9548383542947
6,V1-Elite,23,87000,21.9344746859558
6,V1-Elite,23,90000,21.5485493786572
6,V1-Elite,23,93000,21.5485493786572
6,V1-Elite,23,96000,21.3228504266251
6,V1-Elite,23,99000,21.0572788759167
6,V1-Elite,23,102000,20.6076606408063
6,V1-Elite,23,105000,20.5675065416102
6,V1-Elite,23,108000,20.1204527933402
6,V1-Elite,23,111000,20.1204527933402
6,V1-Elite,23,114000,19.8463166076438
6,V1-Elite,23,117000,19.8463166076438
6,V1-Elite,23,120000,19.8463166076438
6,V1-Elite,23,123000,19.5701656089553
6,V1-Elite,23,126000,19.5701656089553
6,V1-Elite,23,129000,19.5055137472801
6,V1-Elite,23,132000,19.3217107839147
6,V1-Elite,23,135000,19.1844680154464
6,V1-Elite,23,138000,19.1844680154464
6,V1-Elite,23,141000,19.1844680154464
6,V1-Elite,23,144000,19.1844680154464
6,V1-Elite,23,147000,19.1844680154464
6,V1-Elite,23,150000,19.1844680154464
6,V1-Elite,23,153000,19.0185673617633
6,V1-Elite,23,156000,19.0185673617633
6,V1-Elite,23,159000,18.8995312034926
6,V1-Elite,23,162000,18.1671422833948
6,V1-Elite,23,165000,18.1671422833948
6,V1-Elite,23,168000,17.9069841317971
6,V1-Elite,23,171000,17.9069841317971
6,V1-Elite,23,174000,17.9069841317971
6,V1-Elite,23,177000,17.9069841317971
6,V1-Elite,23,180000,17.9069841317971
6,V1-Elite,23,183000,17.9069841317971
6,V1-Elite,23,186000,17.9069841317971
6,V1-Elite,23,189000,17.6832058798724
6,V1-Elite,23,192000,17.6832058798724
6,V1-Elite,23,195000,17.5978466875143
6,V1-Elite,23,198000,17.5978466875143
6,V1-Elite,23,201000,17.5978466875143
6,V1-Elite,23,204000,17.3395036193851
6,V1-Elite,23,207000,17.3395036193851
6,V1-Elite,23,210000,16.9701628725825
6,V1-Elite,23,213000,16.9701628725825
6,V1-Elite,23,216000,16.9701628725825
6,V1-Elite,23,219000,16.9701628725825
6,V1-Elite,23,222000,16.9701628725825
6,V1-Elite,23,225000,16.9701628725825
6,V1-Elite,23,228000,16.9687574403313
6,V1-Elite,23,231000,16.9687574403313
6,V1-Elite,23,234000,16.9207179536345
6,V1-Elite,23,237000,16.9177358031568
6,V1-Elite,23,240000,16.9177358031568
6,V1-Elite,23,243000,16.9103937424684
6,V1-Elite,23,246000,16.6412276484438
6,V1-Elite,23,249000,16.6411674472654
6,V1-Elite,23,252000,16.6411674472654
6,V1-Elite,23,255000,16.6348334907406
6,V1-Elite,23,258000,16.6348334907406
6,V1-Elite,23,261000,16.3086371353993
6,V1-Elite,23,264000,16.3086371353993
6,V1-Elite,23,267000,16.3086371353993
6,V1-Elite,23,270000,16.1867240884172
6,V1-Elite,23,273000,16.1867240884172
6,V1-Elite,23,276000,16.1867240884172
6,V1-Elite,23,279000,16.1005881475171
6,V1-Elite,23,282000,15.9809814917545
6,V1-Elite,23,285000,15.8742399038761
6,V1-Elite,23,288000,15.5577390071122
6,V1-Elite,23,291000,15.5091712611894
6,V1-Elite,23,294000,15.4711902114404
6,V1-Elite,23,297000,15.4697045187924
6,V1-Elite,23,300000,15.3923446931893
6,V2-EliteDiff,23,3000,22.2454886899089
6,V2-EliteDiff,23,6000,14.4801471961047
6,V2-EliteDiff,23,9000,9.87247499934472
6,V2-EliteDiff,23,12000,9.23760338002944
6,V2-EliteDiff,23,15000,8.18532023921512
6,V2-EliteDiff,23,18000,5.80163372864547
6,V2-EliteDiff,23,21000,5.80163372864547
6,V2-EliteDiff,23,24000,5.80163372864547
6,V2-EliteDiff,23,27000,4.95127025777867
6,V2-EliteDiff,23,30000,4.76467875854564
6,V2-EliteDiff,23,33000,4.37759344025062
6,V2-EliteDiff,23,36000,4.37759344025062
6,V2-EliteDiff,23,39000,4.37759344025062
6,V2-EliteDiff,23,42000,4.02531844590567
6,V2-EliteDiff,23,45000,4.02531844590567
6,V2-EliteDiff,23,48000,3.88078441300263
6,V2-EliteDiff,23,51000,3.88078441300263
6,V2-EliteDiff,23,54000,3.88078441300263
6,V2-EliteDiff,23,57000,3.49131037991242
6,V2-EliteDiff,23,60000,3.49131037991242
6,V2-EliteDiff,23,63000,3.48425972730183
6,V2-EliteDiff,23,66000,3.48425972730183
6,V2-EliteDiff,23,69000,3.30340623363099
6,V2-EliteDiff,23,72000,3.30340623363099
6,V2-EliteDiff,23,75000,3.23268327196865
6,V2-EliteDiff,23,78000,3.23268327196865
6,V2-EliteDiff,23,81000,3.16116157226077
6,V2-EliteDiff,23,84000,2.98405458880927
6,V2-EliteDiff,23,87000,2.98405458880927
6,V2-EliteDiff,23,90000,2.98405458880927
6,V2-EliteDiff,23,93000,2.98405458880927
6,V2-EliteDiff,23,96000,2.69392789745393
6,V2-EliteDiff,23,99000,2.69392789745393
6,V2-EliteDiff,23,102000,2.60316341505938
6,V2-EliteDiff,23,105000,2.60316341505938
6,V2-EliteDiff,23,108000,2.60316341505938
6,V2-EliteDiff,23,111000,2.55290706765277
6,V2-EliteDiff,23,114000,2.51978833042187
6,V2-EliteDiff,23,117000,2.51978833042187
6,V2-EliteDiff,23,120000,2.25081697703502
6,V2-EliteDiff,23,123000,2.25081697703502
6,V2-EliteDiff,23,126000,2.25081697703502
6,V2-EliteDiff,23,129000,2.25081697703502
6,V2-EliteDiff,23,132000,2.07927788728603
6,V2-EliteDiff,23,135000,2.07927788728603
6,V2-EliteDiff,23,138000,2.02860743562303
6,V2-EliteDiff,23,141000,2.01215633642425
6,V2-EliteDiff,23,144000,2.01215633642425
6,V2-EliteDiff,23,147000,2.01215633642425
6,V2-EliteDiff,23,150000,1.83768416035639
6,V2-EliteDiff,23,153000,1.76871946963729
6,V2-EliteDiff,23,156000,1.76871946963729
6,V2-EliteDiff,23,159000,1.76871946963729
6,V2-EliteDiff,23,162000,1.76871946963729
6,V2-EliteDiff,23,165000,1.76871946963729
6,V2-EliteDiff,23,168000,1.76871946963729
6,V2-EliteDiff,23,171000,1.75049358877175
6,V2-EliteDiff,23,174000,1.75049358877175
6,V2-EliteDiff,23,177000,1.75049358877175
6,V2-EliteDiff,23,180000,1.65662233256796
6,V2-EliteDiff,23,183000,1.65662233256796
6,V2-EliteDiff,23,186000,1.65662233256796
6,V2-EliteDiff,23,189000,1.6241364541512
6,V2-EliteDiff,23,192000,1.34518955753094
6,V2-EliteDiff,23,195000,1.28931389949969
6,V2-EliteDiff,23,198000,1.28931389949969
6,V2-EliteDiff,23,201000,1.28931389949969
6,V2-EliteDiff,23,204000,1.28931389949969
6,V2-EliteDiff,23,207000,1.28931389949969
6,V2-EliteDiff,23,210000,1.25183319934968
6,V2-EliteDiff,23,213000,1.25183319934968
6,V2-EliteDiff,23,216000,1.25183319934968
6,V2-EliteDiff,23,219000,1.25183319934968
6,V2-EliteDiff,23,222000,1.25183319934968
6,V2-EliteDiff,23,225000,1.20244944556634
6,V2-EliteDiff,23,228000,1.20244944556634
6,V2-EliteDiff,23,231000,1.20244944556634
6,V2-EliteDiff,23,234000,1.16986239142432
6,V2-EliteDiff,23,237000,1.16986239142432
6,V2-EliteDiff,23,240000,1.16986239142432
6,V2-EliteDiff,23,243000,1.16986239142432
6,V2-EliteDiff,23,246000,1.16986239142432
6,V2-EliteDiff,23,249000,1.14942669074526
6,V2-EliteDiff,23,252000,1.11168040010671
6,V2-EliteDiff,23,255000,1.11168040010671
6,V2-EliteDiff,23,258000,1.11168040010671
6,V2-EliteDiff,23,261000,1.0519636400245
6,V2-EliteDiff,23,264000,1.0519636400245
6,V2-EliteDiff,23,267000,1.0442987534276
6,V2-EliteDiff,23,270000,1.0442987534276
6,V2-EliteDiff,23,273000,1.0442987534276
6,V2-EliteDiff,23,276000,1.04198979466548
6,V2-EliteDiff,23,279000,1.04198979466548
6,V2-EliteDiff,23,282000,0.982904258205281
6,V2-EliteDiff,23,285000,0.982904258205281
6,V2-EliteDiff,23,288000,0.79023387173504
6,V2-EliteDiff,23,291000,0.79023387173504
6,V2-EliteDiff,23,294000,0.79023387173504
6,V2-EliteDiff,23,297000,0.79023387173504
6,V2-EliteDiff,23,300000,0.79023387173504
9,V0-GlobalCap2,21,3000,10544.8077142029
9,V0-GlobalCap2,21,6000,5914.74458957654
9,V0-GlobalCap2,21,9000,5909.39085862623
9,V0-GlobalCap2,21,12000,5502.86330944331
9,V0-GlobalCap2,21,15000,5502.86330944331
9,V0-GlobalCap2,21,18000,5502.86330944331
9,V0-GlobalCap2,21,21000,5502.86330944331
9,V0-GlobalCap2,21,24000,5502.86330944331
9,V0-GlobalCap2,21,27000,5502.86330944331
9,V0-GlobalCap2,21,30000,5502.86330944331
9,V0-GlobalCap2,21,33000,5502.86330944331
9,V0-GlobalCap2,21,36000,5433.05076654716
9,V0-GlobalCap2,21,39000,5433.05076654716
9,V0-GlobalCap2,21,42000,5433.05076654716
9,V0-GlobalCap2,21,45000,5433.05076654716
9,V0-GlobalCap2,21,48000,5433.05076654716
9,V0-GlobalCap2,21,51000,5433.05076654716
9,V0-GlobalCap2,21,54000,5433.05076654716
9,V0-GlobalCap2,21,57000,5433.05076654716
9,V0-GlobalCap2,21,60000,5433.05076654716
9,V0-GlobalCap2,21,63000,5433.05076654716
9,V0-GlobalCap2,21,66000,5433.05076654716
9,V0-GlobalCap2,21,69000,5433.05076654716
9,V0-GlobalCap2,21,72000,5433.05076654716
9,V0-GlobalCap2,21,75000,5433.05076654716
9,V0-GlobalCap2,21,78000,5433.05076654716
9,V0-GlobalCap2,21,81000,5433.05076654716
9,V0-GlobalCap2,21,84000,5433.05076654716
9,V0-GlobalCap2,21,87000,5433.05076654716
9,V0-GlobalCap2,21,90000,5433.05076654716
9,V0-GlobalCap2,21,93000,5433.05076654716
9,V0-GlobalCap2,21,96000,5433.05076654716
9,V0-GlobalCap2,21,99000,5433.05076654716
9,V0-GlobalCap2,21,102000,5433.05076654716
9,V0-GlobalCap2,21,105000,5433.05076654716
9,V0-GlobalCap2,21,108000,5433.05076654716
9,V0-GlobalCap2,21,111000,5433.05076654716
9,V0-GlobalCap2,21,114000,5433.05076654716
9,V0-GlobalCap2,21,117000,5433.05076654716
9,V0-GlobalCap2,21,120000,5433.05076654716
9,V0-GlobalCap2,21,123000,5433.05076654716
9,V0-GlobalCap2,21,126000,5433.05076654716
9,V0-GlobalCap2,21,129000,5433.05076654716
9,V0-GlobalCap2,21,132000,5433.05076654716
9,V0-GlobalCap2,21,135000,5031.00513356205
9,V0-GlobalCap2,21,138000,5031.00513356205
9,V0-GlobalCap2,21,141000,5031.00513356205
9,V0-GlobalCap2,21,144000,5031.00513356205
9,V0-GlobalCap2,21,147000,5031.00513356205
9,V0-GlobalCap2,21,150000,5031.00513356205
9,V0-GlobalCap2,21,153000,5031.00513356205
9,V0-GlobalCap2,21,156000,5031.00513356205
9,V0-GlobalCap2,21,159000,4897.81413787247
9,V0-GlobalCap2,21,162000,4764.92369567933
9,V0-GlobalCap2,21,165000,4764.92369567933
9,V0-GlobalCap2,21,168000,4764.92369567933
9,V0-GlobalCap2,21,171000,4764.92369567933
9,V0-GlobalCap2,21,174000,4764.92369567933
9,V0-GlobalCap2,21,177000,4764.92369567933
9,V0-GlobalCap2,21,180000,4764.92369567933
9,V0-GlobalCap2,21,183000,4764.92369567933
9,V0-GlobalCap2,21,186000,4764.92369567933
9,V0-GlobalCap2,21,189000,4764.92369567933
9,V0-GlobalCap2,21,192000,4764.92369567933
9,V0-GlobalCap2,21,195000,4764.92369567933
9,V0-GlobalCap2,21,198000,4764.92369567933
9,V0-GlobalCap2,21,201000,4764.92369567933
9,V0-GlobalCap2,21,204000,4764.92369567933
9,V0-GlobalCap2,21,207000,4764.92369567933
9,V0-GlobalCap2,21,210000,4764.92369567933
9,V0-GlobalCap2,21,213000,4764.92369567933
9,V0-GlobalCap2,21,216000,4764.92369567933
9,V0-GlobalCap2,21,219000,4764.92369567933
9,V0-GlobalCap2,21,222000,4764.92369567933
9,V0-GlobalCap2,21,225000,4764.92369567933
9,V0-GlobalCap2,21,228000,4690.39163367276
9,V0-GlobalCap2,21,231000,4690.39163367276
9,V0-GlobalCap2,21,234000,4690.39163367276
9,V0-GlobalCap2,21,237000,4690.39163367276
9,V0-GlobalCap2,21,240000,4690.39163367276
9,V0-GlobalCap2,21,243000,4690.39163367276
9,V0-GlobalCap2,21,246000,4690.39163367276
9,V0-GlobalCap2,21,249000,4690.39163367276
9,V0-GlobalCap2,21,252000,4690.39163367276
9,V0-GlobalCap2,21,255000,4690.39163367276
9,V0-GlobalCap2,21,258000,4690.39163367276
9,V0-GlobalCap2,21,261000,4690.39163367276
9,V0-GlobalCap2,21,264000,4690.39163367276
9,V0-GlobalCap2,21,267000,4295.25014555892
9,V0-GlobalCap2,21,270000,4038.92924894371
9,V0-GlobalCap2,21,273000,3975.982589315
9,V0-GlobalCap2,21,276000,3948.12310765522
9,V0-GlobalCap2,21,279000,3948.12310765522
9,V0-GlobalCap2,21,282000,3948.12310765522
9,V0-GlobalCap2,21,285000,3948.12310765522
9,V0-GlobalCap2,21,288000,3948.12310765522
9,V0-GlobalCap2,21,291000,3948.12310765522
9,V0-GlobalCap2,21,294000,3948.12310765522
9,V0-GlobalCap2,21,297000,3948.12310765522
9,V0-GlobalCap2,21,300000,3948.12310765522
9,V1-Elite,21,3000,6540.15927055072
9,V1-Elite,21,6000,6462.44895600927
9,V1-Elite,21,9000,5391.82195962937
9,V1-Elite,21,12000,4413.46693770081
9,V1-Elite,21,15000,3501.25866746967
9,V1-Elite,21,18000,3501.25866746967
9,V1-Elite,21,21000,3450.30417980182
9,V1-Elite,21,24000,3290.92737510571
9,V1-Elite,21,27000,3290.92737510571
9,V1-Elite,21,30000,3290.92737510571
9,V1-Elite,21,33000,3290.92737510571
9,V1-Elite,21,36000,2761.20017264323
9,V1-Elite,21,39000,2761.20017264323
9,V1-Elite,21,42000,2714.00267451776
9,V1-Elite,21,45000,2714.00267451776
9,V1-Elite,21,48000,2714.00267451776
9,V1-Elite,21,51000,2582.8275346397
9,V1-Elite,21,54000,2582.8275346397
9,V1-Elite,21,57000,2582.8275346397
9,V1-Elite,21,60000,2582.8275346397
9,V1-Elite,21,63000,2582.8275346397
9,V1-Elite,21,66000,2483.11796459515
9,V1-Elite,21,69000,2483.11796459515
9,V1-Elite,21,72000,2483.11796459515
9,V1-Elite,21,75000,2435.40348651085
9,V1-Elite,21,78000,2435.40348651085
9,V1-Elite,21,81000,2435.40348651085
9,V1-Elite,21,84000,2435.40348651085
9,V1-Elite,21,87000,2435.40348651085
9,V1-Elite,21,90000,2435.40348651085
9,V1-Elite,21,93000,2435.40348651085
9,V1-Elite,21,96000,2435.40348651085
9,V1-Elite,21,99000,2372.27966738373
9,V1-Elite,21,102000,2372.27966738373
9,V1-Elite,21,105000,2337.26131880364
9,V1-Elite,21,108000,2116.02414798365
9,V1-Elite,21,111000,1853.75141649789
9,V1-Elite,21,114000,1853.75141649789
9,V1-Elite,21,117000,1838.17955401928
9,V1-Elite,21,120000,1831.38239381415
9,V1-Elite,21,123000,1831.38239381415
9,V1-Elite,21,126000,1831.38239381415
9,V1-Elite,21,129000,1831.38239381415
9,V1-Elite,21,132000,1831.38239381415
9,V1-Elite,21,135000,1831.38239381415
9,V1-Elite,21,138000,1780.406048504
9,V1-Elite,21,141000,1607.76612725032
9,V1-Elite,21,144000,1560.8150204673
9,V1-Elite,21,147000,1481.80477027465
9,V1-Elite,21,150000,1463.97413600836
9,V1-Elite,21,153000,1456.69679050835
9,V1-Elite,21,156000,1332.81542646905
9,V1-Elite,21,159000,1254.72247135396
9,V1-Elite,21,162000,1254.72247135396
9,V1-Elite,21,165000,1254.72247135396
9,V1-Elite,21,168000,1254.72247135396
9,V1-Elite,21,171000,1254.72247135396
9,V1-Elite,21,174000,1254.72247135396
9,V1-Elite,21,177000,1254.72247135396
9,V1-Elite,21,180000,1249.22260245149
9,V1-Elite,21,183000,1249.22260245149
9,V1-Elite,21,186000,1249.22260245149
9,V1-Elite,21,189000,1249.22260245149
9,V1-Elite,21,192000,1249.22260245149
9,V1-Elite,21,195000,1249.22260245149
9,V1-Elite,21,198000,1249.22260245149
9,V1-Elite,21,201000,1249.22260245149
9,V1-Elite,21,204000,1249.22260245149
9,V1-Elite,21,207000,1249.22260245149
9,V1-Elite,21,210000,1249.22260245149
9,V1-Elite,21,213000,1249.22260245149
9,V1-Elite,21,216000,1249.22260245149
9,V1-Elite,21,219000,1227.13921731621
9,V1-Elite,21,222000,1227.13921731621
9,V1-Elite,21,225000,1227.13921731621
9,V1-Elite,21,228000,1219.05950800996
9,V1-Elite,21,231000,1219.05950800996
9,V1-Elite,21,234000,1201.04622085019
9,V1-Elite,21,237000,1134.44050793497
9,V1-Elite,21,240000,1134.44050793497
9,V1-Elite,21,243000,1134.44050793497
9,V1-Elite,21,246000,1134.44050793497
9,V1-Elite,21,249000,1126.4703183638
9,V1-Elite,21,252000,1126.4703183638
9,V1-Elite,21,255000,1126.4703183638
9,V1-Elite,21,258000,1126.4703183638
9,V1-Elite,21,261000,1126.4703183638
9,V1-Elite,21,264000,1123.19796640027
9,V1-Elite,21,267000,1102.06039626609
9,V1-Elite,21,270000,1091.66560214614
9,V1-Elite,21,273000,1091.66560214614
9,V1-Elite,21,276000,1089.86394594804
9,V1-Elite,21,279000,1064.86147132381
9,V1-Elite,21,282000,1059.06372045613
9,V1-Elite,21,285000,1052.92736448583
9,V1-Elite,21,288000,1044.89170819676
9,V1-Elite,21,291000,1037.14424599222
9,V1-Elite,21,294000,1031.32361850254
9,V1-Elite,21,297000,1027.4083860702
9,V1-Elite,21,300000,1025.89248805468
9,V2-EliteDiff,21,3000,4702.82102367275
9,V2-EliteDiff,21,6000,3832.02397447602
9,V2-EliteDiff,21,9000,1827.99730677356
9,V2-EliteDiff,21,12000,1078.20376143412
9,V2-EliteDiff,21,15000,371.937667967176
9,V2-EliteDiff,21,18000,371.937667967176
9,V2-EliteDiff,21,21000,371.937667967176
9,V2-EliteDiff,21,24000,291.997182080003
9,V2-EliteDiff,21,27000,288.719467167764
9,V2-EliteDiff,21,30000,288.719467167764
9,V2-EliteDiff,21,33000,288.719467167764
9,V2-EliteDiff,21,36000,288.719467167764
9,V2-EliteDiff,21,39000,200.298804440175
9,V2-EliteDiff,21,42000,200.298804440175
9,V2-EliteDiff,21,45000,200.298804440175
9,V2-EliteDiff,21,48000,200.298804440175
9,V2-EliteDiff,21,51000,192.228941270291
9,V2-EliteDiff,21,54000,192.228941270291
9,V2-EliteDiff,21,57000,192.228941270291
9,V2-EliteDiff,21,60000,192.228941270291
9,V2-EliteDiff,21,63000,192.228941270291
9,V2-EliteDiff,21,66000,192.228941270291
9,V2-EliteDiff,21,69000,170.320565019238
9,V2-EliteDiff,21,72000,113.112953046578
9,V2-EliteDiff,21,75000,113.112953046578
9,V2-EliteDiff,21,78000,95.0885186227357
9,V2-EliteDiff,21,81000,95.0885186227357
9,V2-EliteDiff,21,84000,95.0885186227357
9,V2-EliteDiff,21,87000,94.0113322575678
9,V2-EliteDiff,21,90000,89.4240795710821
9,V2-EliteDiff,21,93000,88.753772168255
9,V2-EliteDiff,21,96000,81.4371802552046
9,V2-EliteDiff,21,99000,81.4371802552046
9,V2-EliteDiff,21,102000,78.6550447257252
9,V2-EliteDiff,21,105000,78.6550447257252
9,V2-EliteDiff,21,108000,72.3760946772284
9,V2-EliteDiff,21,111000,72.3760946772284
9,V2-EliteDiff,21,114000,72.3760946772284
9,V2-EliteDiff,21,117000,63.7405490647398
9,V2-EliteDiff,21,120000,63.7405490647398
9,V2-EliteDiff,21,123000,63.7405490647398
9,V2-EliteDiff,21,126000,63.7405490647398
9,V2-EliteDiff,21,129000,63.7405490647398
9,V2-EliteDiff,21,132000,61.0618422088867
9,V2-EliteDiff,21,135000,60.3124513109505
9,V2-EliteDiff,21,138000,60.3124513109505
9,V2-EliteDiff,21,141000,60.3124513109505
9,V2-EliteDiff,21,144000,56.9123469873221
9,V2-EliteDiff,21,147000,56.9123469873221
9,V2-EliteDiff,21,150000,56.9123469873221
9,V2-EliteDiff,21,153000,55.5975128087973
9,V2-EliteDiff,21,156000,55.5975128087973
9,V2-EliteDiff,21,159000,48.5649450779258
9,V2-EliteDiff,21,162000,38.1756237396864
9,V2-EliteDiff,21,165000,28.421143399607
9,V2-EliteDiff,21,168000,28.421143399607
9,V2-EliteDiff,21,171000,28.421143399607
9,V2-EliteDiff,21,174000,28.421143399607
9,V2-EliteDiff,21,177000,24.315363018105
9,V2-EliteDiff,21,180000,19.908232138835
9,V2-EliteDiff,21,183000,19.908232138835
9,V2-EliteDiff,21,186000,15.100096237932
9,V2-EliteDiff,21,189000,15.100096237932
9,V2-EliteDiff,21,192000,15.100096237932
9,V2-EliteDiff,21,195000,15.100096237932
9,V2-EliteDiff,21,198000,15.100096237932
9,V2-EliteDiff,21,201000,15.100096237932
9,V2-EliteDiff,21,204000,15.100096237932
9,V2-EliteDiff,21,207000,15.100096237932
9,V2-EliteDiff,21,210000,15.100096237932
9,V2-EliteDiff,21,213000,15.100096237932
9,V2-EliteDiff,21,216000,15.100096237932
9,V2-EliteDiff,21,219000,15.100096237932
9,V2-EliteDiff,21,222000,15.100096237932
9,V2-EliteDiff,21,225000,15.100096237932
9,V2-EliteDiff,21,228000,15.100096237932
9,V2-EliteDiff,21,231000,15.100096237932
9,V2-EliteDiff,21,234000,15.100096237932
9,V2-EliteDiff,21,237000,15.100096237932
9,V2-EliteDiff,21,240000,15.100096237932
9,V2-EliteDiff,21,243000,15.100096237932
9,V2-EliteDiff,21,246000,15.100096237932
9,V2-EliteDiff,21,249000,15.100096237932
9,V2-EliteDiff,21,252000,15.100096237932
9,V2-EliteDiff,21,255000,15.100096237932
9,V2-EliteDiff,21,258000,14.4251129721202
9,V2-EliteDiff,21,261000,14.3079854085602
9,V2-EliteDiff,21,264000,14.3079854085602
9,V2-EliteDiff,21,267000,14.3079854085602
9,V2-EliteDiff,21,270000,13.8517158461397
9,V2-EliteDiff,21,273000,13.8517158461397
9,V2-EliteDiff,21,276000,13.8517158461397
9,V2-EliteDiff,21,279000,13.8517158461397
9,V2-EliteDiff,21,282000,13.8517158461397
9,V2-EliteDiff,21,285000,13.8517158461397
9,V2-EliteDiff,21,288000,13.8517158461397
9,V2-EliteDiff,21,291000,13.8517158461397
9,V2-EliteDiff,21,294000,13.8517158461397
9,V2-EliteDiff,21,297000,13.8517158461397
9,V2-EliteDiff,21,300000,13.8517158461397
9,V0-GlobalCap2,22,3000,17888.5874423513
9,V0-GlobalCap2,22,6000,17888.5874423513
9,V0-GlobalCap2,22,9000,17392.9810818309
9,V0-GlobalCap2,22,12000,17392.9810818309
9,V0-GlobalCap2,22,15000,17392.9810818309
9,V0-GlobalCap2,22,18000,16470.7854220799
9,V0-GlobalCap2,22,21000,15908.4645004012
9,V0-GlobalCap2,22,24000,15908.4645004012
9,V0-GlobalCap2,22,27000,15908.4645004012
9,V0-GlobalCap2,22,30000,15908.4645004012
9,V0-GlobalCap2,22,33000,15908.4645004012
9,V0-GlobalCap2,22,36000,15908.4645004012
9,V0-GlobalCap2,22,39000,15908.4645004012
9,V0-GlobalCap2,22,42000,15908.4645004012
9,V0-GlobalCap2,22,45000,15908.4645004012
9,V0-GlobalCap2,22,48000,15908.4645004012
9,V0-GlobalCap2,22,51000,15908.4645004012
9,V0-GlobalCap2,22,54000,15908.4645004012
9,V0-GlobalCap2,22,57000,15908.4645004012
9,V0-GlobalCap2,22,60000,15908.4645004012
9,V0-GlobalCap2,22,63000,15908.4645004012
9,V0-GlobalCap2,22,66000,15908.4645004012
9,V0-GlobalCap2,22,69000,15908.4645004012
9,V0-GlobalCap2,22,72000,15908.4645004012
9,V0-GlobalCap2,22,75000,15908.4645004012
9,V0-GlobalCap2,22,78000,15908.4645004012
9,V0-GlobalCap2,22,81000,15908.4645004012
9,V0-GlobalCap2,22,84000,15908.4645004012
9,V0-GlobalCap2,22,87000,14080.5203370869
9,V0-GlobalCap2,22,90000,14080.5203370869
9,V0-GlobalCap2,22,93000,14080.5203370869
9,V0-GlobalCap2,22,96000,14080.5203370869
9,V0-GlobalCap2,22,99000,14080.5203370869
9,V0-GlobalCap2,22,102000,14080.5203370869
9,V0-GlobalCap2,22,105000,14080.5203370869
9,V0-GlobalCap2,22,108000,14080.5203370869
9,V0-GlobalCap2,22,111000,14080.5203370869
9,V0-GlobalCap2,22,114000,14080.5203370869
9,V0-GlobalCap2,22,117000,14080.5203370869
9,V0-GlobalCap2,22,120000,14080.5203370869
9,V0-GlobalCap2,22,123000,14080.5203370869
9,V0-GlobalCap2,22,126000,14080.5203370869
9,V0-GlobalCap2,22,129000,14080.5203370869
9,V0-GlobalCap2,22,132000,14080.5203370869
9,V0-GlobalCap2,22,135000,14080.5203370869
9,V0-GlobalCap2,22,138000,13273.8968893035
9,V0-GlobalCap2,22,141000,13273.8968893035
9,V0-GlobalCap2,22,144000,13273.8968893035
9,V0-GlobalCap2,22,147000,13273.8968893035
9,V0-GlobalCap2,22,150000,13273.8968893035
9,V0-GlobalCap2,22,153000,13273.8968893035
9,V0-GlobalCap2,22,156000,13273.8968893035
9,V0-GlobalCap2,22,159000,13273.8968893035
9,V0-GlobalCap2,22,162000,13273.8968893035
9,V0-GlobalCap2,22,165000,13273.8968893035
9,V0-GlobalCap2,22,168000,13273.8968893035
9,V0-GlobalCap2,22,171000,13273.8968893035
9,V0-GlobalCap2,22,174000,13273.8968893035
9,V0-GlobalCap2,22,177000,13273.8968893035
9,V0-GlobalCap2,22,180000,13273.8968893035
9,V0-GlobalCap2,22,183000,13273.8968893035
9,V0-GlobalCap2,22,186000,13273.8968893035
9,V0-GlobalCap2,22,189000,13273.8968893035
9,V0-GlobalCap2,22,192000,13273.8968893035
9,V0-GlobalCap2,22,195000,13273.8968893035
9,V0-GlobalCap2,22,198000,13273.8968893035
9,V0-GlobalCap2,22,201000,13273.8968893035
9,V0-GlobalCap2,22,204000,13273.8968893035
9,V0-GlobalCap2,22,207000,12237.8629685344
9,V0-GlobalCap2,22,210000,12237.8629685344
9,V0-GlobalCap2,22,213000,12237.8629685344
9,V0-GlobalCap2,22,216000,12237.8629685344
9,V0-GlobalCap2,22,219000,12237.8629685344
9,V0-GlobalCap2,22,222000,12237.8629685344
9,V0-GlobalCap2,22,225000,12237.8629685344
9,V0-GlobalCap2,22,228000,12237.8629685344
9,V0-GlobalCap2,22,231000,12237.8629685344
9,V0-GlobalCap2,22,234000,12237.8629685344
9,V0-GlobalCap2,22,237000,12237.8629685344
9,V0-GlobalCap2,22,240000,12237.8629685344
9,V0-GlobalCap2,22,243000,11875.5779239758
9,V0-GlobalCap2,22,246000,11875.5779239758
9,V0-GlobalCap2,22,249000,11875.5779239758
9,V0-GlobalCap2,22,252000,11875.5779239758
9,V0-GlobalCap2,22,255000,11875.5779239758
9,V0-GlobalCap2,22,258000,11875.5779239758
9,V0-GlobalCap2,22,261000,11875.5779239758
9,V0-GlobalCap2,22,264000,11875.5779239758
9,V0-GlobalCap2,22,267000,11875.5779239758
9,V0-GlobalCap2,22,270000,11875.5779239758
9,V0-GlobalCap2,22,273000,11875.5779239758
9,V0-GlobalCap2,22,276000,11875.5779239758
9,V0-GlobalCap2,22,279000,11875.5779239758
9,V0-GlobalCap2,22,282000,11875.5779239758
9,V0-GlobalCap2,22,285000,11875.5779239758
9,V0-GlobalCap2,22,288000,11611.2959429085
9,V0-GlobalCap2,22,291000,11611.2959429085
9,V0-GlobalCap2,22,294000,11611.2959429085
9,V0-GlobalCap2,22,297000,11611.2959429085
9,V0-GlobalCap2,22,300000,11611.2959429085
9,V1-Elite,22,3000,3882.25385485883
9,V1-Elite,22,6000,2659.13669163166
9,V1-Elite,22,9000,2485.16247212681
9,V1-Elite,22,12000,2485.16247212681
9,V1-Elite,22,15000,2472.28439827132
9,V1-Elite,22,18000,2394.21941500413
9,V1-Elite,22,21000,2394.21941500413
9,V1-Elite,22,24000,2346.54058608229
9,V1-Elite,22,27000,2346.54058608229
9,V1-Elite,22,30000,2346.54058608229
9,V1-Elite,22,33000,2346.54058608229
9,V1-Elite,22,36000,2095.56953329407
9,V1-Elite,22,39000,2095.56953329407
9,V1-Elite,22,42000,2095.56953329407
9,V1-Elite,22,45000,2095.56953329407
9,V1-Elite,22,48000,2065.84206091667
9,V1-Elite,22,51000,2034.45868732209
9,V1-Elite,22,54000,1715.28551756837
9,V1-Elite,22,57000,1715.28551756837
9,V1-Elite,22,60000,1662.5463199983
9,V1-Elite,22,63000,1662.5463199983
9,V1-Elite,22,66000,1617.79589715801
9,V1-Elite,22,69000,1607.04172092136
9,V1-Elite,22,72000,1480.15239074875
9,V1-Elite,22,75000,1480.15239074875
9,V1-Elite,22,78000,1480.15239074875
9,V1-Elite,22,81000,1480.15239074875
9,V1-Elite,22,84000,1480.15239074875
9,V1-Elite,22,87000,1480.15239074875
9,V1-Elite,22,90000,1480.15239074875
9,V1-Elite,22,93000,1480.15239074875
9,V1-Elite,22,96000,1480.15239074875
9,V1-Elite,22,99000,1480.15239074875
9,V1-Elite,22,102000,1480.15239074875
9,V1-Elite,22,105000,1480.15239074875
9,V1-Elite,22,108000,1480.15239074875
9,V1-Elite,22,111000,1480.15239074875
9,V1-Elite,22,114000,1480.15239074875
9,V1-Elite,22,117000,1480.15239074875
9,V1-Elite,22,120000,1480.15239074875
9,V1-Elite,22,123000,1480.15239074875
9,V1-Elite,22,126000,1480.15239074875
9,V1-Elite,22,129000,1480.15239074875
9,V1-Elite,22,132000,1480.15239074875
9,V1-Elite,22,135000,1480.15239074875
9,V1-Elite,22,138000,1480.15239074875
9,V1-Elite,22,141000,1480.15239074875
9,V1-Elite,22,144000,1457.748072944
9,V1-Elite,22,147000,1457.748072944
9,V1-Elite,22,150000,1457.748072944
9,V1-Elite,22,153000,1457.748072944
9,V1-Elite,22,156000,1457.748072944
9,V1-Elite,22,159000,1457.748072944
9,V1-Elite,22,162000,1457.748072944
9,V1-Elite,22,165000,1457.748072944
9,V1-Elite,22,168000,1457.748072944
9,V1-Elite,22,171000,1457.748072944
9,V1-Elite,22,174000,1457.748072944
9,V1-Elite,22,177000,1457.748072944
9,V1-Elite,22,180000,1445.26194655513
9,V1-Elite,22,183000,1445.26194655513
9,V1-Elite,22,186000,1445.26194655513
9,V1-Elite,22,189000,1445.26194655513
9,V1-Elite,22,192000,1445.26194655513
9,V1-Elite,22,195000,1445.26194655513
9,V1-Elite,22,198000,1445.26194655513
9,V1-Elite,22,201000,1445.26194655513
9,V1-Elite,22,204000,1445.26194655513
9,V1-Elite,22,207000,1445.26194655513
9,V1-Elite,22,210000,1445.26194655513
9,V1-Elite,22,213000,1445.26194655513
9,V1-Elite,22,216000,1440.82594246603
9,V1-Elite,22,219000,1440.82594246603
9,V1-Elite,22,222000,1393.35158052565
9,V1-Elite,22,225000,1393.35158052565
9,V1-Elite,22,228000,1393.35158052565
9,V1-Elite,22,231000,1393.35158052565
9,V1-Elite,22,234000,1393.35158052565
9,V1-Elite,22,237000,1384.10791532977
9,V1-Elite,22,240000,1381.29426597258
9,V1-Elite,22,243000,1381.29426597258
9,V1-Elite,22,246000,1381.29426597258
9,V1-Elite,22,249000,1346.89485609354
9,V1-Elite,22,252000,1320.22901811863
9,V1-Elite,22,255000,1308.79139928572
9,V1-Elite,22,258000,1291.39628976218
9,V1-Elite,22,261000,1227.82556676431
9,V1-Elite,22,264000,1188.76716528579
9,V1-Elite,22,267000,1159.01987417702
9,V1-Elite,22,270000,1159.01987417702
9,V1-Elite,22,273000,1116.60089462103
9,V1-Elite,22,276000,1112.17062983769
9,V1-Elite,22,279000,1109.75622965503
9,V1-Elite,22,282000,1097.41031101097
9,V1-Elite,22,285000,1090.64824424774
9,V1-Elite,22,288000,1087.82705347734
9,V1-Elite,22,291000,1081.47745514301
9,V1-Elite,22,294000,1075.60547882137
9,V1-Elite,22,297000,1071.12994100381
9,V1-Elite,22,300000,1067.11750402788
9,V2-EliteDiff,22,3000,2978.98953253503
9,V2-EliteDiff,22,6000,2303.32907958417
9,V2-EliteDiff,22,9000,1841.28746780046
9,V2-EliteDiff,22,12000,1397.09030065487
9,V2-EliteDiff,22,15000,892.818468935651
9,V2-EliteDiff,22,18000,544.141764078796
9,V2-EliteDiff,22,21000,494.735767952548
9,V2-EliteDiff,22,24000,427.937108883905
9,V2-EliteDiff,22,27000,395.171756207818
9,V2-EliteDiff,22,30000,347.19020080858
9,V2-EliteDiff,22,33000,313.311142499849
9,V2-EliteDiff,22,36000,242.436894040339
9,V2-EliteDiff,22,39000,242.436894040339
9,V2-EliteDiff,22,42000,242.436894040339
9,V2-EliteDiff,22,45000,225.713071268247
9,V2-EliteDiff,22,48000,184.265815521784
9,V2-EliteDiff,22,51000,184.265815521784
9,V2-EliteDiff,22,54000,150.758632442909
9,V2-EliteDiff,22,57000,150.758632442909
9,V2-EliteDiff,22,60000,150.758632442909
9,V2-EliteDiff,22,63000,150.758632442909
9,V2-EliteDiff,22,66000,117.679553262321
9,V2-EliteDiff,22,69000,86.9479734579214
9,V2-EliteDiff,22,72000,86.9479734579214
9,V2-EliteDiff,22,75000,86.9479734579214
9,V2-EliteDiff,22,78000,86.7193203533825
9,V2-EliteDiff,22,81000,86.7193203533825
9,V2-EliteDiff,22,84000,86.7193203533825
9,V2-EliteDiff,22,87000,86.7193203533825
9,V2-EliteDiff,22,90000,86.7193203533825
9,V2-EliteDiff,22,93000,85.9196592184362
9,V2-EliteDiff,22,96000,85.9196592184362
9,V2-EliteDiff,22,99000,81.5999011803642
9,V2-EliteDiff,22,102000,81.5999011803642
9,V2-EliteDiff,22,105000,76.24777200254
9,V2-EliteDiff,22,108000,76.24777200254
9,V2-EliteDiff,22,111000,76.24777200254
9,V2-EliteDiff,22,114000,76.24777200254
9,V2-EliteDiff,22,117000,75.2692893762684
9,V2-EliteDiff,22,120000,75.2692893762684
9,V2-EliteDiff,22,123000,75.2692893762684
9,V2-EliteDiff,22,126000,75.2692893762684
9,V2-EliteDiff,22,129000,75.2692893762684
9,V2-EliteDiff,22,132000,75.2692893762684
9,V2-EliteDiff,22,135000,75.2692893762684
9,V2-EliteDiff,22,138000,75.2692893762684
9,V2-EliteDiff,22,141000,75.2692893762684
9,V2-EliteDiff,22,144000,75.2692893762684
9,V2-EliteDiff,22,147000,75.2692893762684
9,V2-EliteDiff,22,150000,69.8878483283685
9,V2-EliteDiff,22,153000,69.8878483283685
9,V2-EliteDiff,22,156000,59.1700868618727
9,V2-EliteDiff,22,159000,43.903605909062
9,V2-EliteDiff,22,162000,43.903605909062
9,V2-EliteDiff,22,165000,43.903605909062
9,V2-EliteDiff,22,168000,43.903605909062
9,V2-EliteDiff,22,171000,43.903605909062
9,V2-EliteDiff,22,174000,40.5940445859519
9,V2-EliteDiff,22,177000,40.5940445859519
9,V2-EliteDiff,22,180000,40.5940445859519
9,V2-EliteDiff,22,183000,40.5940445859519
9,V2-EliteDiff,22,186000,40.5940445859519
9,V2-EliteDiff,22,189000,40.5940445859519
9,V2-EliteDiff,22,192000,36.7766417997352
9,V2-EliteDiff,22,195000,36.3149038708391
9,V2-EliteDiff,22,198000,35.8715940278339
9,V2-EliteDiff,22,201000,35.8715940278339
9,V2-EliteDiff,22,204000,35.8715940278339
9,V2-EliteDiff,22,207000,30.7219255456907
9,V2-EliteDiff,22,210000,30.7219255456907
9,V2-EliteDiff,22,213000,30.7219255456907
9,V2-EliteDiff,22,216000,30.7219255456907
9,V2-EliteDiff,22,219000,30.7219255456907
9,V2-EliteDiff,22,222000,27.9883661769555
9,V2-EliteDiff,22,225000,26.6657414716636
9,V2-EliteDiff,22,228000,24.897103341673
9,V2-EliteDiff,22,231000,24.8047004607358
9,V2-EliteDiff,22,234000,17.0557211309712
9,V2-EliteDiff,22,237000,14.3685109938993
9,V2-EliteDiff,22,240000,14.3685109938993
9,V2-EliteDiff,22,243000,14.3685109938993
9,V2-EliteDiff,22,246000,14.3685109938993
9,V2-EliteDiff,22,249000,14.3685109938993
9,V2-EliteDiff,22,252000,14.0102287687178
9,V2-EliteDiff,22,255000,14.0102287687178
9,V2-EliteDiff,22,258000,14.0102287687178
9,V2-EliteDiff,22,261000,14.0102287687178
9,V2-EliteDiff,22,264000,14.0102287687178
9,V2-EliteDiff,22,267000,14.0102287687178
9,V2-EliteDiff,22,270000,14.0102287687178
9,V2-EliteDiff,22,273000,12.6417463948151
9,V2-EliteDiff,22,276000,12.6417463948151
9,V2-EliteDiff,22,279000,12.6417463948151
9,V2-EliteDiff,22,282000,12.6417463948151
9,V2-EliteDiff,22,285000,12.6417463948151
9,V2-EliteDiff,22,288000,12.6417463948151
9,V2-EliteDiff,22,291000,12.6417463948151
9,V2-EliteDiff,22,294000,12.6417463948151
9,V2-EliteDiff,22,297000,12.6417463948151
9,V2-EliteDiff,22,300000,12.6417463948151
9,V0-GlobalCap2,23,3000,15084.511626362
9,V0-GlobalCap2,23,6000,15084.511626362
9,V0-GlobalCap2,23,9000,15084.511626362
9,V0-GlobalCap2,23,12000,14835.7430245901
9,V0-GlobalCap2,23,15000,14835.7430245901
9,V0-GlobalCap2,23,18000,14835.7430245901
9,V0-GlobalCap2,23,21000,14835.7430245901
9,V0-GlobalCap2,23,24000,14835.7430245901
9,V0-GlobalCap2,23,27000,14835.7430245901
9,V0-GlobalCap2,23,30000,14835.7430245901
9,V0-GlobalCap2,23,33000,14835.7430245901
9,V0-GlobalCap2,23,36000,14835.7430245901
9,V0-GlobalCap2,23,39000,14835.7430245901
9,V0-GlobalCap2,23,42000,14835.7430245901
9,V0-GlobalCap2,23,45000,14835.7430245901
9,V0-GlobalCap2,23,48000,14835.7430245901
9,V0-GlobalCap2,23,51000,14835.7430245901
9,V0-GlobalCap2,23,54000,14835.7430245901
9,V0-GlobalCap2,23,57000,14835.7430245901
9,V0-GlobalCap2,23,60000,14835.7430245901
9,V0-GlobalCap2,23,63000,14835.7430245901
9,V0-GlobalCap2,23,66000,14835.7430245901
9,V0-GlobalCap2,23,69000,14835.7430245901
9,V0-GlobalCap2,23,72000,14835.7430245901
9,V0-GlobalCap2,23,75000,14835.7430245901
9,V0-GlobalCap2,23,78000,14835.7430245901
9,V0-GlobalCap2,23,81000,14835.7430245901
9,V0-GlobalCap2,23,84000,14835.7430245901
9,V0-GlobalCap2,23,87000,14835.7430245901
9,V0-GlobalCap2,23,90000,14835.7430245901
9,V0-GlobalCap2,23,93000,14835.7430245901
9,V0-GlobalCap2,23,96000,14835.7430245901
9,V0-GlobalCap2,23,99000,14835.7430245901
9,V0-GlobalCap2,23,102000,14835.7430245901
9,V0-GlobalCap2,23,105000,14835.7430245901
9,V0-GlobalCap2,23,108000,14835.7430245901
9,V0-GlobalCap2,23,111000,14835.7430245901
9,V0-GlobalCap2,23,114000,14835.7430245901
9,V0-GlobalCap2,23,117000,14835.7430245901
9,V0-GlobalCap2,23,120000,13058.4728873278
9,V0-GlobalCap2,23,123000,13058.4728873278
9,V0-GlobalCap2,23,126000,9510.60751049214
9,V0-GlobalCap2,23,129000,8821.38501440442
9,V0-GlobalCap2,23,132000,8553.31772941164
9,V0-GlobalCap2,23,135000,8553.31772941164
9,V0-GlobalCap2,23,138000,8553.31772941164
9,V0-GlobalCap2,23,141000,8553.31772941164
9,V0-GlobalCap2,23,144000,8553.31772941164
9,V0-GlobalCap2,23,147000,8553.31772941164
9,V0-GlobalCap2,23,150000,8553.31772941164
9,V0-GlobalCap2,23,153000,8553.31772941164
9,V0-GlobalCap2,23,156000,8553.31772941164
9,V0-GlobalCap2,23,159000,8553.31772941164
9,V0-GlobalCap2,23,162000,8553.31772941164
9,V0-GlobalCap2,23,165000,8553.31772941164
9,V0-GlobalCap2,23,168000,8553.31772941164
9,V0-GlobalCap2,23,171000,8553.31772941164
9,V0-GlobalCap2,23,174000,8553.31772941164
9,V0-GlobalCap2,23,177000,8553.31772941164
9,V0-GlobalCap2,23,180000,8553.31772941164
9,V0-GlobalCap2,23,183000,8553.31772941164
9,V0-GlobalCap2,23,186000,8553.31772941164
9,V0-GlobalCap2,23,189000,8553.31772941164
9,V0-GlobalCap2,23,192000,8553.31772941164
9,V0-GlobalCap2,23,195000,8553.31772941164
9,V0-GlobalCap2,23,198000,8553.31772941164
9,V0-GlobalCap2,23,201000,8553.31772941164
9,V0-GlobalCap2,23,204000,8553.31772941164
9,V0-GlobalCap2,23,207000,8553.31772941164
9,V0-GlobalCap2,23,210000,8553.31772941164
9,V0-GlobalCap2,23,213000,8553.31772941164
9,V0-GlobalCap2,23,216000,8365.74913795319
9,V0-GlobalCap2,23,219000,8365.74913795319
9,V0-GlobalCap2,23,222000,8365.74913795319
9,V0-GlobalCap2,23,225000,8365.74913795319
9,V0-GlobalCap2,23,228000,8365.74913795319
9,V0-GlobalCap2,23,231000,8365.74913795319
9,V0-GlobalCap2,23,234000,8365.74913795319
9,V0-GlobalCap2,23,237000,8365.74913795319
9,V0-GlobalCap2,23,240000,8365.74913795319
9,V0-GlobalCap2,23,243000,8365.74913795319
9,V0-GlobalCap2,23,246000,8365.74913795319
9,V0-GlobalCap2,23,249000,8365.74913795319
9,V0-GlobalCap2,23,252000,8365.74913795319
9,V0-GlobalCap2,23,255000,8365.74913795319
9,V0-GlobalCap2,23,258000,8365.74913795319
9,V0-GlobalCap2,23,261000,8365.74913795319
9,V0-GlobalCap2,23,264000,8365.74913795319
9,V0-GlobalCap2,23,267000,8365.74913795319
9,V0-GlobalCap2,23,270000,8365.74913795319
9,V0-GlobalCap2,23,273000,8365.74913795319
9,V0-GlobalCap2,23,276000,8365.74913795319
9,V0-GlobalCap2,23,279000,8365.74913795319
9,V0-GlobalCap2,23,282000,8365.74913795319
9,V0-GlobalCap2,23,285000,8365.74913795319
9,V0-GlobalCap2,23,288000,8365.74913795319
9,V0-GlobalCap2,23,291000,8365.74913795319
9,V0-GlobalCap2,23,294000,8365.74913795319
9,V0-GlobalCap2,23,297000,8365.74913795319
9,V0-GlobalCap2,23,300000,8365.74913795319
9,V1-Elite,23,3000,4686.57481401971
9,V1-Elite,23,6000,4300.00034565876
9,V1-Elite,23,9000,4216.81469699251
9,V1-Elite,23,12000,3513.22667509376
9,V1-Elite,23,15000,2722.17388637729
9,V1-Elite,23,18000,2722.17388637729
9,V1-Elite,23,21000,2684.04849130607
9,V1-Elite,23,24000,2606.93467583682
9,V1-Elite,23,27000,2300.0695751809
9,V1-Elite,23,30000,2300.0695751809
9,V1-Elite,23,33000,2300.0695751809
9,V1-Elite,23,36000,2299.48206144344
9,V1-Elite,23,39000,2116.1355395898
9,V1-Elite,23,42000,2108.15287667412
9,V1-Elite,23,45000,2017.74266735582
9,V1-Elite,23,48000,1805.83634460496
9,V1-Elite,23,51000,1805.83634460496
9,V1-Elite,23,54000,1802.86009112706
9,V1-Elite,23,57000,1779.89291591346
9,V1-Elite,23,60000,1701.45602609497
9,V1-Elite,23,63000,1701.45602609497
9,V1-Elite,23,66000,1600.7149969825
9,V1-Elite,23,69000,1600.7149969825
9,V1-Elite,23,72000,1584.00366550648
9,V1-Elite,23,75000,1584.00366550648
9,V1-Elite,23,78000,1584.00366550648
9,V1-Elite,23,81000,1552.5207943797
9,V1-Elite,23,84000,1481.00610118315
9,V1-Elite,23,87000,1481.00610118315
9,V1-Elite,23,90000,1448.4402279601
9,V1-Elite,23,93000,1448.4402279601
9,V1-Elite,23,96000,1448.4402279601
9,V1-Elite,23,99000,1448.4402279601
9,V1-Elite,23,102000,1448.4402279601
9,V1-Elite,23,105000,1448.4402279601
9,V1-Elite,23,108000,1448.4402279601
9,V1-Elite,23,111000,1448.4402279601
9,V1-Elite,23,114000,1448.4402279601
9,V1-Elite,23,117000,1448.4402279601
9,V1-Elite,23,120000,1448.4402279601
9,V1-Elite,23,123000,1385.2606350348
9,V1-Elite,23,126000,1372.41337338563
9,V1-Elite,23,129000,1309.12574967393
9,V1-Elite,23,132000,1309.12574967393
9,V1-Elite,23,135000,1309.12574967393
9,V1-Elite,23,138000,1309.12574967393
9,V1-Elite,23,141000,1309.12574967393
9,V1-Elite,23,144000,1309.12574967393
9,V1-Elite,23,147000,1239.85705815472
9,V1-Elite,23,150000,1229.9090078152
9,V1-Elite,23,153000,1229.9090078152
9,V1-Elite,23,156000,1229.9090078152
9,V1-Elite,23,159000,1229.9090078152
9,V1-Elite,23,162000,1229.9090078152
9,V1-Elite,23,165000,1229.9090078152
9,V1-Elite,23,168000,1229.9090078152
9,V1-Elite,23,171000,1229.9090078152
9,V1-Elite,23,174000,1229.9090078152
9,V1-Elite,23,177000,1229.9090078152
9,V1-Elite,23,180000,1229.9090078152
9,V1-Elite,23,183000,1229.9090078152
9,V1-Elite,23,186000,1229.9090078152
9,V1-Elite,23,189000,1229.9090078152
9,V1-Elite,23,192000,1229.9090078152
9,V1-Elite,23,195000,1229.9090078152
9,V1-Elite,23,198000,1229.9090078152
9,V1-Elite,23,201000,1229.9090078152
9,V1-Elite,23,204000,1229.9090078152
9,V1-Elite,23,207000,1229.9090078152
9,V1-Elite,23,210000,1229.9090078152
9,V1-Elite,23,213000,1213.01807749555
9,V1-Elite,23,216000,1213.01807749555
9,V1-Elite,23,219000,1202.50039839638
9,V1-Elite,23,222000,1193.97447540581
9,V1-Elite,23,225000,1193.97447540581
9,V1-Elite,23,228000,1182.26430204606
9,V1-Elite,23,231000,1154.86157244194
9,V1-Elite,23,234000,1130.08651554375
9,V1-Elite,23,237000,1129.11639979751
9,V1-Elite,23,240000,1129.11639979751
9,V1-Elite,23,243000,1112.23974549469
9,V1-Elite,23,246000,1112.23974549469
9,V1-Elite,23,249000,1091.36890838291
9,V1-Elite,23,252000,1083.04806350964
9,V1-Elite,23,255000,1074.83360638985
9,V1-Elite,23,258000,1060.0815357619
9,V1-Elite,23,261000,1057.67328646283
9,V1-Elite,23,264000,1055.96034586337
9,V1-Elite,23,267000,1055.96034586337
9,V1-Elite,23,270000,1052.30654933424
9,V1-Elite,23,273000,1051.94320815066
9,V1-Elite,23,276000,1044.98787807325
9,V1-Elite,23,279000,1035.72824840487
9,V1-Elite,23,282000,1031.84175939442
9,V1-Elite,23,285000,1023.4066896157
9,V1-Elite,23,288000,1015.01464545099
9,V1-Elite,23,291000,1013.55209228441
9,V1-Elite,23,294000,1010.97724753791
9,V1-Elite,23,297000,1007.66391163159
9,V1-Elite,23,300000,1005.82534408914
9,V2-EliteDiff,23,3000,6011.85098389132
9,V2-EliteDiff,23,6000,4268.94261334592
9,V2-EliteDiff,23,9000,4268.94261334592
9,V2-EliteDiff,23,12000,3503.93781276509
9,V2-EliteDiff,23,15000,2144.57745120079
9,V2-EliteDiff,23,18000,1877.85742129537
9,V2-EliteDiff,23,21000,1877.85742129537
9,V2-EliteDiff,23,24000,1753.47414799369
9,V2-EliteDiff,23,27000,1033.69865506806
9,V2-EliteDiff,23,30000,841.735107314089
9,V2-EliteDiff,23,33000,821.496241646652
9,V2-EliteDiff,23,36000,551.949778836915
9,V2-EliteDiff,23,39000,536.989880746401
9,V2-EliteDiff,23,42000,231.819188632876
9,V2-EliteDiff,23,45000,170.260360391088
9,V2-EliteDiff,23,48000,170.260360391088
9,V2-EliteDiff,23,51000,132.837533653738
9,V2-EliteDiff,23,54000,132.837533653738
9,V2-EliteDiff,23,57000,132.837533653738
9,V2-EliteDiff,23,60000,132.837533653738
9,V2-EliteDiff,23,63000,132.837533653738
9,V2-EliteDiff,23,66000,132.837533653738
9,V2-EliteDiff,23,69000,132.837533653738
9,V2-EliteDiff,23,72000,132.837533653738
9,V2-EliteDiff,23,75000,132.837533653738
9,V2-EliteDiff,23,78000,132.837533653738
9,V2-EliteDiff,23,81000,132.837533653738
9,V2-EliteDiff,23,84000,114.61056242779
9,V2-EliteDiff,23,87000,114.61056242779
9,V2-EliteDiff,23,90000,114.61056242779
9,V2-EliteDiff,23,93000,114.61056242779
9,V2-EliteDiff,23,96000,112.59798878133
9,V2-EliteDiff,23,99000,112.59798878133
9,V2-EliteDiff,23,102000,112.59798878133
9,V2-EliteDiff,23,105000,112.59798878133
9,V2-EliteDiff,23,108000,112.59798878133
9,V2-EliteDiff,23,111000,67.6902966251469
9,V2-EliteDiff,23,114000,60.7722545127647
9,V2-EliteDiff,23,117000,60.7722545127647
9,V2-EliteDiff,23,120000,60.7722545127647
9,V2-EliteDiff,23,123000,60.7722545127647
9,V2-EliteDiff,23,126000,60.7722545127647
9,V2-EliteDiff,23,129000,60.7722545127647
9,V2-EliteDiff,23,132000,60.7722545127647
9,V2-EliteDiff,23,135000,60.7722545127647
9,V2-EliteDiff,23,138000,60.7722545127647
9,V2-EliteDiff,23,141000,60.7722545127647
9,V2-EliteDiff,23,144000,60.7722545127647
9,V2-EliteDiff,23,147000,60.7722545127647
9,V2-EliteDiff,23,150000,60.7722545127647
9,V2-EliteDiff,23,153000,60.7722545127647
9,V2-EliteDiff,23,156000,60.7722545127647
9,V2-EliteDiff,23,159000,51.5980044361204
9,V2-EliteDiff,23,162000,51.5980044361204
9,V2-EliteDiff,23,165000,51.5980044361204
9,V2-EliteDiff,23,168000,51.5980044361204
9,V2-EliteDiff,23,171000,51.5980044361204
9,V2-EliteDiff,23,174000,51.5980044361204
9,V2-EliteDiff,23,177000,51.5980044361204
9,V2-EliteDiff,23,180000,51.5980044361204
9,V2-EliteDiff,23,183000,51.5980044361204
9,V2-EliteDiff,23,186000,51.5980044361204
9,V2-EliteDiff,23,189000,51.5980044361204
9,V2-EliteDiff,23,192000,51.5980044361204
9,V2-EliteDiff,23,195000,51.5980044361204
9,V2-EliteDiff,23,198000,51.5980044361204
9,V2-EliteDiff,23,201000,51.5980044361204
9,V2-EliteDiff,23,204000,51.5980044361204
9,V2-EliteDiff,23,207000,51.5980044361204
9,V2-EliteDiff,23,210000,51.5980044361204
9,V2-EliteDiff,23,213000,51.5980044361204
9,V2-EliteDiff,23,216000,51.5980044361204
9,V2-EliteDiff,23,219000,51.5980044361204
9,V2-EliteDiff,23,222000,50.7421950337214
9,V2-EliteDiff,23,225000,50.7421950337214
9,V2-EliteDiff,23,228000,50.7421950337214
9,V2-EliteDiff,23,231000,50.7421950337214
9,V2-EliteDiff,23,234000,50.7421950337214
9,V2-EliteDiff,23,237000,46.7725618772356
9,V2-EliteDiff,23,240000,46.7725618772356
9,V2-EliteDiff,23,243000,46.7725618772356
9,V2-EliteDiff,23,246000,46.7725618772356
9,V2-EliteDiff,23,249000,35.913896118534
9,V2-EliteDiff,23,252000,30.5958238266359
9,V2-EliteDiff,23,255000,30.5958238266359
9,V2-EliteDiff,23,258000,30.5958238266359
9,V2-EliteDiff,23,261000,30.5958238266359
9,V2-EliteDiff,23,264000,30.5958238266359
9,V2-EliteDiff,23,267000,30.5958238266359
9,V2-EliteDiff,23,270000,30.5958238266359
9,V2-EliteDiff,23,273000,30.5958238266359
9,V2-EliteDiff,23,276000,30.5958238266359
9,V2-EliteDiff,23,279000,30.5958238266359
9,V2-EliteDiff,23,282000,30.5958238266359
9,V2-EliteDiff,23,285000,30.5958238266359
9,V2-EliteDiff,23,288000,30.5958238266359
9,V2-EliteDiff,23,291000,30.5958238266359
9,V2-EliteDiff,23,294000,30.5958238266359
9,V2-EliteDiff,23,297000,30.5958238266359
9,V2-EliteDiff,23,300000,30.5958238266359
10,V0-GlobalCap2,21,3000,7587.64270089463
10,V0-GlobalCap2,21,6000,7491.27992486059
10,V0-GlobalCap2,21,9000,7487.06797973048
10,V0-GlobalCap2,21,12000,6906.48616653384
10,V0-GlobalCap2,21,15000,6756.11472827519
10,V0-GlobalCap2,21,18000,5685.7081509767
10,V0-GlobalCap2,21,21000,4992.90960648916
10,V0-GlobalCap2,21,24000,4992.90960648916
10,V0-GlobalCap2,21,27000,4992.90960648916
10,V0-GlobalCap2,21,30000,4992.90960648916
10,V0-GlobalCap2,21,33000,4672.50485371893
10,V0-GlobalCap2,21,36000,4672.50485371893
10,V0-GlobalCap2,21,39000,4672.50485371893
10,V0-GlobalCap2,21,42000,4672.50485371893
10,V0-GlobalCap2,21,45000,4672.50485371893
10,V0-GlobalCap2,21,48000,4672.50485371893
10,V0-GlobalCap2,21,51000,4131.94063602933
10,V0-GlobalCap2,21,54000,4131.94063602933
10,V0-GlobalCap2,21,57000,4131.94063602933
10,V0-GlobalCap2,21,60000,4131.94063602933
10,V0-GlobalCap2,21,63000,4131.94063602933
10,V0-GlobalCap2,21,66000,4131.94063602933
10,V0-GlobalCap2,21,69000,4131.94063602933
10,V0-GlobalCap2,21,72000,4131.94063602933
10,V0-GlobalCap2,21,75000,4131.94063602933
10,V0-GlobalCap2,21,78000,4131.94063602933
10,V0-GlobalCap2,21,81000,4131.94063602933
10,V0-GlobalCap2,21,84000,4131.94063602933
10,V0-GlobalCap2,21,87000,4131.94063602933
10,V0-GlobalCap2,21,90000,4131.94063602933
10,V0-GlobalCap2,21,93000,4131.94063602933
10,V0-GlobalCap2,21,96000,4131.94063602933
10,V0-GlobalCap2,21,99000,4131.94063602933
10,V0-GlobalCap2,21,102000,4131.94063602933
10,V0-GlobalCap2,21,105000,4131.94063602933
10,V0-GlobalCap2,21,108000,4131.94063602933
10,V0-GlobalCap2,21,111000,4131.94063602933
10,V0-GlobalCap2,21,114000,4131.94063602933
10,V0-GlobalCap2,21,117000,4131.94063602933
10,V0-GlobalCap2,21,120000,4131.94063602933
10,V0-GlobalCap2,21,123000,4131.94063602933
10,V0-GlobalCap2,21,126000,4131.94063602933
10,V0-GlobalCap2,21,129000,4131.94063602933
10,V0-GlobalCap2,21,132000,4131.94063602933
10,V0-GlobalCap2,21,135000,4131.94063602933
10,V0-GlobalCap2,21,138000,4131.94063602933
10,V0-GlobalCap2,21,141000,4131.94063602933
10,V0-GlobalCap2,21,144000,4131.94063602933
10,V0-GlobalCap2,21,147000,4131.94063602933
10,V0-GlobalCap2,21,150000,4131.94063602933
10,V0-GlobalCap2,21,153000,4131.94063602933
10,V0-GlobalCap2,21,156000,4131.94063602933
10,V0-GlobalCap2,21,159000,4131.94063602933
10,V0-GlobalCap2,21,162000,4131.94063602933
10,V0-GlobalCap2,21,165000,4131.94063602933
10,V0-GlobalCap2,21,168000,4131.94063602933
10,V0-GlobalCap2,21,171000,4131.94063602933
10,V0-GlobalCap2,21,174000,4131.94063602933
10,V0-GlobalCap2,21,177000,4131.94063602933
10,V0-GlobalCap2,21,180000,4131.94063602933
10,V0-GlobalCap2,21,183000,4131.94063602933
10,V0-GlobalCap2,21,186000,4131.94063602933
10,V0-GlobalCap2,21,189000,4131.94063602933
10,V0-GlobalCap2,21,192000,4131.94063602933
10,V0-GlobalCap2,21,195000,4131.94063602933
10,V0-GlobalCap2,21,198000,4131.94063602933
10,V0-GlobalCap2,21,201000,4131.94063602933
10,V0-GlobalCap2,21,204000,4131.94063602933
10,V0-GlobalCap2,21,207000,4131.94063602933
10,V0-GlobalCap2,21,210000,4131.94063602933
10,V0-GlobalCap2,21,213000,4131.94063602933
10,V0-GlobalCap2,21,216000,4131.94063602933
10,V0-GlobalCap2,21,219000,4131.94063602933
10,V0-GlobalCap2,21,222000,4131.94063602933
10,V0-GlobalCap2,21,225000,4131.94063602933
10,V0-GlobalCap2,21,228000,4131.94063602933
10,V0-GlobalCap2,21,231000,4131.94063602933
10,V0-GlobalCap2,21,234000,4131.94063602933
10,V0-GlobalCap2,21,237000,4131.94063602933
10,V0-GlobalCap2,21,240000,4131.94063602933
10,V0-GlobalCap2,21,243000,4131.94063602933
10,V0-GlobalCap2,21,246000,4131.94063602933
10,V0-GlobalCap2,21,249000,4131.94063602933
10,V0-GlobalCap2,21,252000,4131.94063602933
10,V0-GlobalCap2,21,255000,4131.94063602933
10,V0-GlobalCap2,21,258000,4131.94063602933
10,V0-GlobalCap2,21,261000,4131.94063602933
10,V0-GlobalCap2,21,264000,4131.94063602933
10,V0-GlobalCap2,21,267000,4131.94063602933
10,V0-GlobalCap2,21,270000,4131.94063602933
10,V0-GlobalCap2,21,273000,4131.94063602933
10,V0-GlobalCap2,21,276000,4131.94063602933
10,V0-GlobalCap2,21,279000,4131.94063602933
10,V0-GlobalCap2,21,282000,4131.94063602933
10,V0-GlobalCap2,21,285000,4131.94063602933
10,V0-GlobalCap2,21,288000,4131.94063602933
10,V0-GlobalCap2,21,291000,4131.94063602933
10,V0-GlobalCap2,21,294000,4131.94063602933
10,V0-GlobalCap2,21,297000,4131.94063602933
10,V0-GlobalCap2,21,300000,4131.94063602933
10,V1-Elite,21,3000,6404.34190495454
10,V1-Elite,21,6000,6252.2080470286
10,V1-Elite,21,9000,6052.71885767807
10,V1-Elite,21,12000,6052.71885767807
10,V1-Elite,21,15000,5643.21951324198
10,V1-Elite,21,18000,5643.21951324198
10,V1-Elite,21,21000,5621.74977639926
10,V1-Elite,21,24000,5621.74977639926
10,V1-Elite,21,27000,5621.74977639926
10,V1-Elite,21,30000,5621.74977639926
10,V1-Elite,21,33000,5621.74977639926
10,V1-Elite,21,36000,5470.90172986021
10,V1-Elite,21,39000,5470.90172986021
10,V1-Elite,21,42000,5419.31370681005
10,V1-Elite,21,45000,5361.15903052232
10,V1-Elite,21,48000,5348.93010080192
10,V1-Elite,21,51000,5321.99764539481
10,V1-Elite,21,54000,5321.99764539481
10,V1-Elite,21,57000,5321.99764539481
10,V1-Elite,21,60000,5199.3939769984
10,V1-Elite,21,63000,5048.05132295123
10,V1-Elite,21,66000,5048.05132295123
10,V1-Elite,21,69000,5048.05132295123
10,V1-Elite,21,72000,5048.05132295123
10,V1-Elite,21,75000,5048.05132295123
10,V1-Elite,21,78000,5048.05132295123
10,V1-Elite,21,81000,5046.08315878434
10,V1-Elite,21,84000,5046.08315878434
10,V1-Elite,21,87000,5046.08315878434
10,V1-Elite,21,90000,5046.08315878434
10,V1-Elite,21,93000,5046.08315878434
10,V1-Elite,21,96000,5046.08315878434
10,V1-Elite,21,99000,5009.22664404502
10,V1-Elite,21,102000,4890.14592672001
10,V1-Elite,21,105000,4890.14592672001
10,V1-Elite,21,108000,4890.14592672001
10,V1-Elite,21,111000,4818.54649300812
10,V1-Elite,21,114000,4818.54649300812
10,V1-Elite,21,117000,4801.84707752559
10,V1-Elite,21,120000,4682.93487383072
10,V1-Elite,21,123000,4682.93487383072
10,V1-Elite,21,126000,4682.47127476177
10,V1-Elite,21,129000,4682.47127476177
10,V1-Elite,21,132000,4682.47127476177
10,V1-Elite,21,135000,4682.47127476177
10,V1-Elite,21,138000,4679.09898461099
10,V1-Elite,21,141000,4667.15919181397
10,V1-Elite,21,144000,4667.15919181397
10,V1-Elite,21,147000,4667.15919181397
10,V1-Elite,21,150000,4607.48082534067
10,V1-Elite,21,153000,4601.37726996497
10,V1-Elite,21,156000,4581.49002799109
10,V1-Elite,21,159000,4518.5474464893
10,V1-Elite,21,162000,4501.31865815034
10,V1-Elite,21,165000,4289.37120856308
10,V1-Elite,21,168000,4234.19091122053
10,V1-Elite,21,171000,4234.19091122053
10,V1-Elite,21,174000,4234.19091122053
10,V1-Elite,21,177000,4234.19091122053
10,V1-Elite,21,180000,4223.26581686636
10,V1-Elite,21,183000,4223.26581686636
10,V1-Elite,21,186000,4223.26581686636
10,V1-Elite,21,189000,4223.26581686636
10,V1-Elite,21,192000,4202.28594578428
10,V1-Elite,21,195000,4187.7087406004
10,V1-Elite,21,198000,4187.7087406004
10,V1-Elite,21,201000,4187.7087406004
10,V1-Elite,21,204000,3738.07659239857
10,V1-Elite,21,207000,3556.44192357233
10,V1-Elite,21,210000,3343.24842781601
10,V1-Elite,21,213000,3330.04538094342
10,V1-Elite,21,216000,3316.33163986633
10,V1-Elite,21,219000,3291.25750523917
10,V1-Elite,21,222000,3239.14270807111
10,V1-Elite,21,225000,3236.164492286
10,V1-Elite,21,228000,3236.164492286
10,V1-Elite,21,231000,3222.81899588955
10,V1-Elite,21,234000,3222.09377619944
10,V1-Elite,21,237000,3209.39290762617
10,V1-Elite,21,240000,3204.48661208754
10,V1-Elite,21,243000,3204.48661208754
10,V1-Elite,21,246000,3204.48661208754
10,V1-Elite,21,249000,3197.57619602475
10,V1-Elite,21,252000,3196.00621484775
10,V1-Elite,21,255000,3191.3498289522
10,V1-Elite,21,258000,3184.60775032453
10,V1-Elite,21,261000,3184.60775032453
10,V1-Elite,21,264000,3184.60775032453
10,V1-Elite,21,267000,3178.10571007004
10,V1-Elite,21,270000,3167.18109028808
10,V1-Elite,21,273000,3164.2502569799
10,V1-Elite,21,276000,3163.55281265345
10,V1-Elite,21,279000,3160.25950739156
10,V1-Elite,21,282000,3154.23090781439
10,V1-Elite,21,285000,3152.32528738834
10,V1-Elite,21,288000,3150.49913112884
10,V1-Elite,21,291000,3150.49913112884
10,V1-Elite,21,294000,3148.52853366054
10,V1-Elite,21,297000,3147.68460459592
10,V1-Elite,21,300000,3147.162743996
10,V2-EliteDiff,21,3000,6514.25160371032
10,V2-EliteDiff,21,6000,6296.46671404598
10,V2-EliteDiff,21,9000,6296.46671404598
10,V2-EliteDiff,21,12000,6296.46671404598
10,V2-EliteDiff,21,15000,6296.46671404598
10,V2-EliteDiff,21,18000,6296.46671404598
10,V2-EliteDiff,21,21000,6296.46671404598
10,V2-EliteDiff,21,24000,6296.46671404598
10,V2-EliteDiff,21,27000,6296.46671404598
10,V2-EliteDiff,21,30000,6296.46671404598
10,V2-EliteDiff,21,33000,6127.9815278093
10,V2-EliteDiff,21,36000,5567.57060200066
10,V2-EliteDiff,21,39000,5567.57060200066
10,V2-EliteDiff,21,42000,5567.57060200066
10,V2-EliteDiff,21,45000,5026.34293666348
10,V2-EliteDiff,21,48000,4835.11243534874
10,V2-EliteDiff,21,51000,4835.11243534874
10,V2-EliteDiff,21,54000,4835.11243534874
10,V2-EliteDiff,21,57000,4835.11243534874
10,V2-EliteDiff,21,60000,4835.11243534874
10,V2-EliteDiff,21,63000,4835.11243534874
10,V2-EliteDiff,21,66000,4477.80284068502
10,V2-EliteDiff,21,69000,4477.80284068502
10,V2-EliteDiff,21,72000,4324.26784188269
10,V2-EliteDiff,21,75000,4324.26784188269
10,V2-EliteDiff,21,78000,3966.38841587678
10,V2-EliteDiff,21,81000,3966.38841587678
10,V2-EliteDiff,21,84000,3966.38841587678
10,V2-EliteDiff,21,87000,3966.38841587678
10,V2-EliteDiff,21,90000,3966.38841587678
10,V2-EliteDiff,21,93000,3966.38841587678
10,V2-EliteDiff,21,96000,3966.38841587678
10,V2-EliteDiff,21,99000,3928.67090351324
10,V2-EliteDiff,21,102000,3928.67090351324
10,V2-EliteDiff,21,105000,3898.33899892582
10,V2-EliteDiff,21,108000,3886.39971189171
10,V2-EliteDiff,21,111000,3886.39971189171
10,V2-EliteDiff,21,114000,3886.39971189171
10,V2-EliteDiff,21,117000,3886.39971189171
10,V2-EliteDiff,21,120000,3886.39971189171
10,V2-EliteDiff,21,123000,3886.39971189171
10,V2-EliteDiff,21,126000,3847.4519604618
10,V2-EliteDiff,21,129000,3847.4519604618
10,V2-EliteDiff,21,132000,3847.4519604618
10,V2-EliteDiff,21,135000,3847.4519604618
10,V2-EliteDiff,21,138000,3847.4519604618
10,V2-EliteDiff,21,141000,3847.4519604618
10,V2-EliteDiff,21,144000,3847.4519604618
10,V2-EliteDiff,21,147000,3822.93984593512
10,V2-EliteDiff,21,150000,3822.93984593512
10,V2-EliteDiff,21,153000,3822.93984593512
10,V2-EliteDiff,21,156000,3822.93984593512
10,V2-EliteDiff,21,159000,3822.93984593512
10,V2-EliteDiff,21,162000,3822.93984593512
10,V2-EliteDiff,21,165000,3720.07277983248
10,V2-EliteDiff,21,168000,3625.30766270748
10,V2-EliteDiff,21,171000,3625.30766270748
10,V2-EliteDiff,21,174000,3393.02852643781
10,V2-EliteDiff,21,177000,3393.02852643781
10,V2-EliteDiff,21,180000,3324.1892639149
10,V2-EliteDiff,21,183000,3324.1892639149
10,V2-EliteDiff,21,186000,3324.1892639149
10,V2-EliteDiff,21,189000,3324.1892639149
10,V2-EliteDiff,21,192000,3324.1892639149
10,V2-EliteDiff,21,195000,3324.1892639149
10,V2-EliteDiff,21,198000,3324.1892639149
10,V2-EliteDiff,21,201000,3324.1892639149
10,V2-EliteDiff,21,204000,3324.1892639149
10,V2-EliteDiff,21,207000,3324.1892639149
10,V2-EliteDiff,21,210000,3245.507467826
10,V2-EliteDiff,21,213000,3245.507467826
10,V2-EliteDiff,21,216000,3245.507467826
10,V2-EliteDiff,21,219000,3245.507467826
10,V2-EliteDiff,21,222000,3245.507467826
10,V2-EliteDiff,21,225000,3245.507467826
10,V2-EliteDiff,21,228000,3245.507467826
10,V2-EliteDiff,21,231000,3245.507467826
10,V2-EliteDiff,21,234000,3245.507467826
10,V2-EliteDiff,21,237000,3245.507467826
10,V2-EliteDiff,21,240000,3245.507467826
10,V2-EliteDiff,21,243000,3245.507467826
10,V2-EliteDiff,21,246000,3245.507467826
10,V2-EliteDiff,21,249000,3245.507467826
10,V2-EliteDiff,21,252000,3245.507467826
10,V2-EliteDiff,21,255000,3245.507467826
10,V2-EliteDiff,21,258000,3245.507467826
10,V2-EliteDiff,21,261000,3201.08243773861
10,V2-EliteDiff,21,264000,3201.08243773861
10,V2-EliteDiff,21,267000,3201.08243773861
10,V2-EliteDiff,21,270000,3201.08243773861
10,V2-EliteDiff,21,273000,3201.08243773861
10,V2-EliteDiff,21,276000,3201.08243773861
10,V2-EliteDiff,21,279000,3201.08243773861
10,V2-EliteDiff,21,282000,3201.08243773861
10,V2-EliteDiff,21,285000,3201.08243773861
10,V2-EliteDiff,21,288000,3201.08243773861
10,V2-EliteDiff,21,291000,3201.08243773861
10,V2-EliteDiff,21,294000,3201.08243773861
10,V2-EliteDiff,21,297000,3201.08243773861
10,V2-EliteDiff,21,300000,3201.08243773861
10,V0-GlobalCap2,22,3000,7545.52974739103
10,V0-GlobalCap2,22,6000,6495.88751689576
10,V0-GlobalCap2,22,9000,6495.88751689576
10,V0-GlobalCap2,22,12000,5655.4998504328
10,V0-GlobalCap2,22,15000,5438.44285081131
10,V0-GlobalCap2,22,18000,5420.89406887889
10,V0-GlobalCap2,22,21000,5420.89406887889
10,V0-GlobalCap2,22,24000,4718.77129546043
10,V0-GlobalCap2,22,27000,4652.05558615897
10,V0-GlobalCap2,22,30000,4652.05558615897
10,V0-GlobalCap2,22,33000,4652.05558615897
10,V0-GlobalCap2,22,36000,4652.05558615897
10,V0-GlobalCap2,22,39000,4652.05558615897
10,V0-GlobalCap2,22,42000,4652.05558615897
10,V0-GlobalCap2,22,45000,4652.05558615897
10,V0-GlobalCap2,22,48000,4652.05558615897
10,V0-GlobalCap2,22,51000,4652.05558615897
10,V0-GlobalCap2,22,54000,4636.67148401494
10,V0-GlobalCap2,22,57000,4636.67148401494
10,V0-GlobalCap2,22,60000,4636.67148401494
10,V0-GlobalCap2,22,63000,4636.67148401494
10,V0-GlobalCap2,22,66000,4636.67148401494
10,V0-GlobalCap2,22,69000,4601.50804851518
10,V0-GlobalCap2,22,72000,4601.50804851518
10,V0-GlobalCap2,22,75000,4601.50804851518
10,V0-GlobalCap2,22,78000,4601.50804851518
10,V0-GlobalCap2,22,81000,4601.50804851518
10,V0-GlobalCap2,22,84000,4601.50804851518
10,V0-GlobalCap2,22,87000,4351.29842339795
10,V0-GlobalCap2,22,90000,3902.39912789572
10,V0-GlobalCap2,22,93000,3902.39912789572
10,V0-GlobalCap2,22,96000,3902.39912789572
10,V0-GlobalCap2,22,99000,3902.39912789572
10,V0-GlobalCap2,22,102000,3902.39912789572
10,V0-GlobalCap2,22,105000,3902.39912789572
10,V0-GlobalCap2,22,108000,3902.39912789572
10,V0-GlobalCap2,22,111000,3902.39912789572
10,V0-GlobalCap2,22,114000,3902.39912789572
10,V0-GlobalCap2,22,117000,3311.23284675637
10,V0-GlobalCap2,22,120000,3155.05726880046
10,V0-GlobalCap2,22,123000,3092.24426037983
10,V0-GlobalCap2,22,126000,3084.68958011688
10,V0-GlobalCap2,22,129000,3073.00688907786
10,V0-GlobalCap2,22,132000,3064.88330723917
10,V0-GlobalCap2,22,135000,3049.29775040968
10,V0-GlobalCap2,22,138000,3040.92885198868
10,V0-GlobalCap2,22,141000,3028.98221087873
10,V0-GlobalCap2,22,144000,3028.98221087873
10,V0-GlobalCap2,22,147000,3028.98221087873
10,V0-GlobalCap2,22,150000,3028.98221087873
10,V0-GlobalCap2,22,153000,3028.98221087873
10,V0-GlobalCap2,22,156000,3028.98221087873
10,V0-GlobalCap2,22,159000,3028.98221087873
10,V0-GlobalCap2,22,162000,3028.98221087873
10,V0-GlobalCap2,22,165000,3028.98221087873
10,V0-GlobalCap2,22,168000,3028.98221087873
10,V0-GlobalCap2,22,171000,3028.98221087873
10,V0-GlobalCap2,22,174000,3028.98221087873
10,V0-GlobalCap2,22,177000,3028.98221087873
10,V0-GlobalCap2,22,180000,3028.98221087873
10,V0-GlobalCap2,22,183000,3028.98221087873
10,V0-GlobalCap2,22,186000,3028.98221087873
10,V0-GlobalCap2,22,189000,3028.98221087873
10,V0-GlobalCap2,22,192000,3028.98221087873
10,V0-GlobalCap2,22,195000,3028.98221087873
10,V0-GlobalCap2,22,198000,3028.98221087873
10,V0-GlobalCap2,22,201000,3028.98221087873
10,V0-GlobalCap2,22,204000,3028.98221087873
10,V0-GlobalCap2,22,207000,3028.98221087873
10,V0-GlobalCap2,22,210000,3028.98221087873
10,V0-GlobalCap2,22,213000,3028.98221087873
10,V0-GlobalCap2,22,216000,3028.98221087873
10,V0-GlobalCap2,22,219000,3028.98221087873
10,V0-GlobalCap2,22,222000,3028.98221087873
10,V0-GlobalCap2,22,225000,3028.98221087873
10,V0-GlobalCap2,22,228000,3028.98221087873
10,V0-GlobalCap2,22,231000,3028.98221087873
10,V0-GlobalCap2,22,234000,3028.98221087873
10,V0-GlobalCap2,22,237000,3028.98221087873
10,V0-GlobalCap2,22,240000,3028.98221087873
10,V0-GlobalCap2,22,243000,3028.98221087873
10,V0-GlobalCap2,22,246000,3028.98221087873
10,V0-GlobalCap2,22,249000,3028.98221087873
10,V0-GlobalCap2,22,252000,3028.98221087873
10,V0-GlobalCap2,22,255000,3028.98221087873
10,V0-GlobalCap2,22,258000,3028.98221087873
10,V0-GlobalCap2,22,261000,3028.98221087873
10,V0-GlobalCap2,22,264000,3028.98221087873
10,V0-GlobalCap2,22,267000,3028.98221087873
10,V0-GlobalCap2,22,270000,3028.98221087873
10,V0-GlobalCap2,22,273000,3028.98221087873
10,V0-GlobalCap2,22,276000,3028.98221087873
10,V0-GlobalCap2,22,279000,3028.98221087873
10,V0-GlobalCap2,22,282000,3028.98221087873
10,V0-GlobalCap2,22,285000,3028.98221087873
10,V0-GlobalCap2,22,288000,3028.98221087873
10,V0-GlobalCap2,22,291000,3028.98221087873
10,V0-GlobalCap2,22,294000,3028.98221087873
10,V0-GlobalCap2,22,297000,3028.98221087873
10,V0-GlobalCap2,22,300000,3028.98221087873
10,V1-Elite,22,3000,5080.95670731815
10,V1-Elite,22,6000,4620.97003912567
10,V1-Elite,22,9000,4454.2522915461
10,V1-Elite,22,12000,4454.2522915461
10,V1-Elite,22,15000,4454.2522915461
10,V1-Elite,22,18000,4201.26032968914
10,V1-Elite,22,21000,4201.26032968914
10,V1-Elite,22,24000,4132.52443174462
10,V1-Elite,22,27000,4118.28551205981
10,V1-Elite,22,30000,4033.14085814773
10,V1-Elite,22,33000,3853.96526282445
10,V1-Elite,22,36000,3616.63239072173
10,V1-Elite,22,39000,3523.63083587131
10,V1-Elite,22,42000,3463.73172253493
10,V1-Elite,22,45000,3463.73172253493
10,V1-Elite,22,48000,3433.70845539052
10,V1-Elite,22,51000,3347.05529474634
10,V1-Elite,22,54000,3347.05529474634
10,V1-Elite,22,57000,3347.05529474634
10,V1-Elite,22,60000,3347.05529474634
10,V1-Elite,22,63000,3347.05529474634
10,V1-Elite,22,66000,3271.97331006691
10,V1-Elite,22,69000,3271.97331006691
10,V1-Elite,22,72000,3271.97331006691
10,V1-Elite,22,75000,3271.97331006691
10,V1-Elite,22,78000,3271.97331006691
10,V1-Elite,22,81000,3271.97331006691
10,V1-Elite,22,84000,3271.97331006691
10,V1-Elite,22,87000,3266.58197021214
10,V1-Elite,22,90000,3266.58197021214
10,V1-Elite,22,93000,3266.58197021214
10,V1-Elite,22,96000,3266.58197021214
10,V1-Elite,22,99000,3266.58197021214
10,V1-Elite,22,102000,3266.58197021214
10,V1-Elite,22,105000,3230.73405912321
10,V1-Elite,22,108000,3230.73405912321
10,V1-Elite,22,111000,3230.73405912321
10,V1-Elite,22,114000,3230.73405912321
10,V1-Elite,22,117000,3230.73405912321
10,V1-Elite,22,120000,3230.73405912321
10,V1-Elite,22,123000,3230.73405912321
10,V1-Elite,22,126000,3209.04381350528
10,V1-Elite,22,129000,3209.04381350528
10,V1-Elite,22,132000,3207.4024682167
10,V1-Elite,22,135000,3176.39812621284
10,V1-Elite,22,138000,3176.39812621284
10,V1-Elite,22,141000,3176.39812621284
10,V1-Elite,22,144000,3151.4924122031
10,V1-Elite,22,147000,3151.4924122031
10,V1-Elite,22,150000,3151.4924122031
10,V1-Elite,22,153000,3151.4924122031
10,V1-Elite,22,156000,3144.94130551241
10,V1-Elite,22,159000,3144.94130551241
10,V1-Elite,22,162000,3115.02075976984
10,V1-Elite,22,165000,3115.02075976984
10,V1-Elite,22,168000,3094.5288446027
10,V1-Elite,22,171000,3094.5288446027
10,V1-Elite,22,174000,3094.5288446027
10,V1-Elite,22,177000,3094.5288446027
10,V1-Elite,22,180000,3094.5288446027
10,V1-Elite,22,183000,3094.5288446027
10,V1-Elite,22,186000,3094.5288446027
10,V1-Elite,22,189000,3066.10023063828
10,V1-Elite,22,192000,3066.10023063828
10,V1-Elite,22,195000,3063.68000415018
10,V1-Elite,22,198000,3063.68000415018
10,V1-Elite,22,201000,3061.86603401509
10,V1-Elite,22,204000,3052.01521382177
10,V1-Elite,22,207000,3049.87751759346
10,V1-Elite,22,210000,3049.87751759346
10,V1-Elite,22,213000,3046.45290509918
10,V1-Elite,22,216000,3044.07830281961
10,V1-Elite,22,219000,3041.50511566887
10,V1-Elite,22,222000,3024.45886875213
10,V1-Elite,22,225000,3016.96948838165
10,V1-Elite,22,228000,3016.96948838165
10,V1-Elite,22,231000,3016.96948838165
10,V1-Elite,22,234000,3016.96948838165
10,V1-Elite,22,237000,3016.96948838165
10,V1-Elite,22,240000,3016.96948838165
10,V1-Elite,22,243000,3016.96948838165
10,V1-Elite,22,246000,3015.2988201637
10,V1-Elite,22,249000,3015.2988201637
10,V1-Elite,22,252000,3012.54048273529
10,V1-Elite,22,255000,3010.16740028557
10,V1-Elite,22,258000,3005.23154268619
10,V1-Elite,22,261000,3005.23154268619
10,V1-Elite,22,264000,3003.2078796359
10,V1-Elite,22,267000,3001.35788452599
10,V1-Elite,22,270000,2999.74387199782
10,V1-Elite,22,273000,2999.74387199782
10,V1-Elite,22,276000,2997.44685096697
10,V1-Elite,22,279000,2994.15428179616
10,V1-Elite,22,282000,2991.85776055509
10,V1-Elite,22,285000,2990.24775032538
10,V1-Elite,22,288000,2987.87886345371
10,V1-Elite,22,291000,2986.02239331016
10,V1-Elite,22,294000,2985.0607445187
10,V1-Elite,22,297000,2984.03332685134
10,V1-Elite,22,300000,2983.68745388445
10,V2-EliteDiff,22,3000,7967.13977352111
10,V2-EliteDiff,22,6000,7159.24801780808
10,V2-EliteDiff,22,9000,6532.84657521435
10,V2-EliteDiff,22,12000,6532.84657521435
10,V2-EliteDiff,22,15000,6532.84657521435
10,V2-EliteDiff,22,18000,6532.84657521435
10,V2-EliteDiff,22,21000,6034.01057075887
10,V2-EliteDiff,22,24000,6034.01057075887
10,V2-EliteDiff,22,27000,6003.16914504765
10,V2-EliteDiff,22,30000,6003.16914504765
10,V2-EliteDiff,22,33000,6003.16914504765
10,V2-EliteDiff,22,36000,6003.16914504765
10,V2-EliteDiff,22,39000,6003.16914504765
10,V2-EliteDiff,22,42000,6003.16914504765
10,V2-EliteDiff,22,45000,6003.16914504765
10,V2-EliteDiff,22,48000,6003.16914504765
10,V2-EliteDiff,22,51000,5518.92670578969
10,V2-EliteDiff,22,54000,5518.92670578969
10,V2-EliteDiff,22,57000,5518.92670578969
10,V2-EliteDiff,22,60000,5518.92670578969
10,V2-EliteDiff,22,63000,5518.92670578969
10,V2-EliteDiff,22,66000,5518.92670578969
10,V2-EliteDiff,22,69000,5518.92670578969
10,V2-EliteDiff,22,72000,5253.44568291106
10,V2-EliteDiff,22,75000,5253.44568291106
10,V2-EliteDiff,22,78000,5253.44568291106
10,V2-EliteDiff,22,81000,5253.44568291106
10,V2-EliteDiff,22,84000,5253.44568291106
10,V2-EliteDiff,22,87000,5253.44568291106
10,V2-EliteDiff,22,90000,5248.37114082925
10,V2-EliteDiff,22,93000,5028.96221487671
10,V2-EliteDiff,22,96000,4710.00736448854
10,V2-EliteDiff,22,99000,4599.27975680861
10,V2-EliteDiff,22,102000,4599.27975680861
10,V2-EliteDiff,22,105000,4599.27975680861
10,V2-EliteDiff,22,108000,4599.27975680861
10,V2-EliteDiff,22,111000,4599.27975680861
10,V2-EliteDiff,22,114000,4599.27975680861
10,V2-EliteDiff,22,117000,4599.27975680861
10,V2-EliteDiff,22,120000,4599.27975680861
10,V2-EliteDiff,22,123000,4599.27975680861
10,V2-EliteDiff,22,126000,4599.27975680861
10,V2-EliteDiff,22,129000,4599.27975680861
10,V2-EliteDiff,22,132000,4599.27975680861
10,V2-EliteDiff,22,135000,4599.27975680861
10,V2-EliteDiff,22,138000,4599.27975680861
10,V2-EliteDiff,22,141000,4599.27975680861
10,V2-EliteDiff,22,144000,4599.27975680861
10,V2-EliteDiff,22,147000,4599.27975680861
10,V2-EliteDiff,22,150000,4599.27975680861
10,V2-EliteDiff,22,153000,4538.16829502171
10,V2-EliteDiff,22,156000,4538.16829502171
10,V2-EliteDiff,22,159000,4538.16829502171
10,V2-EliteDiff,22,162000,4525.15034895248
10,V2-EliteDiff,22,165000,4467.60940392051
10,V2-EliteDiff,22,168000,4467.60940392051
10,V2-EliteDiff,22,171000,4420.57026585453
10,V2-EliteDiff,22,174000,4420.57026585453
10,V2-EliteDiff,22,177000,4420.57026585453
10,V2-EliteDiff,22,180000,4409.70428934437
10,V2-EliteDiff,22,183000,4409.70428934437
10,V2-EliteDiff,22,186000,4409.70428934437
10,V2-EliteDiff,22,189000,4409.70428934437
10,V2-EliteDiff,22,192000,4409.70428934437
10,V2-EliteDiff,22,195000,4409.70428934437
10,V2-EliteDiff,22,198000,4368.57931278063
10,V2-EliteDiff,22,201000,4368.57931278063
10,V2-EliteDiff,22,204000,4368.57931278063
10,V2-EliteDiff,22,207000,4368.57931278063
10,V2-EliteDiff,22,210000,4368.57931278063
10,V2-EliteDiff,22,213000,4368.57931278063
10,V2-EliteDiff,22,216000,4368.57931278063
10,V2-EliteDiff,22,219000,4368.57931278063
10,V2-EliteDiff,22,222000,4368.57931278063
10,V2-EliteDiff,22,225000,4368.57931278063
10,V2-EliteDiff,22,228000,4368.57931278063
10,V2-EliteDiff,22,231000,4368.57931278063
10,V2-EliteDiff,22,234000,4368.57931278063
10,V2-EliteDiff,22,237000,4368.57931278063
10,V2-EliteDiff,22,240000,4301.38013324779
10,V2-EliteDiff,22,243000,4301.38013324779
10,V2-EliteDiff,22,246000,4301.38013324779
10,V2-EliteDiff,22,249000,4301.38013324779
10,V2-EliteDiff,22,252000,4301.38013324779
10,V2-EliteDiff,22,255000,4301.38013324779
10,V2-EliteDiff,22,258000,4301.38013324779
10,V2-EliteDiff,22,261000,4301.38013324779
10,V2-EliteDiff,22,264000,4222.64432471255
10,V2-EliteDiff,22,267000,4222.64432471255
10,V2-EliteDiff,22,270000,4222.64432471255
10,V2-EliteDiff,22,273000,4222.64432471255
10,V2-EliteDiff,22,276000,4222.64432471255
10,V2-EliteDiff,22,279000,4222.64432471255
10,V2-EliteDiff,22,282000,4222.64432471255
10,V2-EliteDiff,22,285000,4222.64432471255
10,V2-EliteDiff,22,288000,4222.64432471255
10,V2-EliteDiff,22,291000,4222.64432471255
10,V2-EliteDiff,22,294000,4169.43478628589
10,V2-EliteDiff,22,297000,4169.43478628589
10,V2-EliteDiff,22,300000,4169.43478628589
10,V0-GlobalCap2,23,3000,7784.10330170388
10,V0-GlobalCap2,23,6000,6163.87613876601
10,V0-GlobalCap2,23,9000,5866.3456985375
10,V0-GlobalCap2,23,12000,5866.3456985375
10,V0-GlobalCap2,23,15000,5866.3456985375
10,V0-GlobalCap2,23,18000,5866.3456985375
10,V0-GlobalCap2,23,21000,5149.24671812641
10,V0-GlobalCap2,23,24000,5149.24671812641
10,V0-GlobalCap2,23,27000,5149.24671812641
10,V0-GlobalCap2,23,30000,5149.24671812641
10,V0-GlobalCap2,23,33000,5149.24671812641
10,V0-GlobalCap2,23,36000,5149.24671812641
10,V0-GlobalCap2,23,39000,5149.24671812641
10,V0-GlobalCap2,23,42000,5149.24671812641
10,V0-GlobalCap2,23,45000,4857.15655523017
10,V0-GlobalCap2,23,48000,4436.69886704427
10,V0-GlobalCap2,23,51000,4436.69886704427
10,V0-GlobalCap2,23,54000,4436.69886704427
10,V0-GlobalCap2,23,57000,4436.69886704427
10,V0-GlobalCap2,23,60000,4436.69886704427
10,V0-GlobalCap2,23,63000,4436.69886704427
10,V0-GlobalCap2,23,66000,4436.69886704427
10,V0-GlobalCap2,23,69000,4436.69886704427
10,V0-GlobalCap2,23,72000,4436.69886704427
10,V0-GlobalCap2,23,75000,4436.69886704427
10,V0-GlobalCap2,23,78000,4436.69886704427
10,V0-GlobalCap2,23,81000,4436.69886704427
10,V0-GlobalCap2,23,84000,4436.69886704427
10,V0-GlobalCap2,23,87000,4436.69886704427
10,V0-GlobalCap2,23,90000,4436.69886704427
10,V0-GlobalCap2,23,93000,4436.69886704427
10,V0-GlobalCap2,23,96000,4436.69886704427
10,V0-GlobalCap2,23,99000,4436.69886704427
10,V0-GlobalCap2,23,102000,4436.69886704427
10,V0-GlobalCap2,23,105000,4436.69886704427
10,V0-GlobalCap2,23,108000,4436.69886704427
10,V0-GlobalCap2,23,111000,4436.69886704427
10,V0-GlobalCap2,23,114000,4436.69886704427
10,V0-GlobalCap2,23,117000,4436.69886704427
10,V0-GlobalCap2,23,120000,4436.69886704427
10,V0-GlobalCap2,23,123000,4436.69886704427
10,V0-GlobalCap2,23,126000,4436.69886704427
10,V0-GlobalCap2,23,129000,4436.69886704427
10,V0-GlobalCap2,23,132000,4436.69886704427
10,V0-GlobalCap2,23,135000,4436.69886704427
10,V0-GlobalCap2,23,138000,4436.69886704427
10,V0-GlobalCap2,23,141000,4436.69886704427
10,V0-GlobalCap2,23,144000,4436.69886704427
10,V0-GlobalCap2,23,147000,4436.69886704427
10,V0-GlobalCap2,23,150000,4436.69886704427
10,V0-GlobalCap2,23,153000,4436.69886704427
10,V0-GlobalCap2,23,156000,4436.69886704427
10,V0-GlobalCap2,23,159000,4436.69886704427
10,V0-GlobalCap2,23,162000,4436.69886704427
10,V0-GlobalCap2,23,165000,4436.69886704427
10,V0-GlobalCap2,23,168000,4436.69886704427
10,V0-GlobalCap2,23,171000,4436.69886704427
10,V0-GlobalCap2,23,174000,4436.69886704427
10,V0-GlobalCap2,23,177000,4436.69886704427
10,V0-GlobalCap2,23,180000,4436.69886704427
10,V0-GlobalCap2,23,183000,4436.69886704427
10,V0-GlobalCap2,23,186000,4436.69886704427
10,V0-GlobalCap2,23,189000,4436.69886704427
10,V0-GlobalCap2,23,192000,4436.69886704427
10,V0-GlobalCap2,23,195000,4436.69886704427
10,V0-GlobalCap2,23,198000,4436.69886704427
10,V0-GlobalCap2,23,201000,4436.69886704427
10,V0-GlobalCap2,23,204000,4436.69886704427
10,V0-GlobalCap2,23,207000,4436.69886704427
10,V0-GlobalCap2,23,210000,4436.69886704427
10,V0-GlobalCap2,23,213000,4436.69886704427
10,V0-GlobalCap2,23,216000,4436.69886704427
10,V0-GlobalCap2,23,219000,4024.12665925402
10,V0-GlobalCap2,23,222000,3655.59026708938
10,V0-GlobalCap2,23,225000,3655.59026708938
10,V0-GlobalCap2,23,228000,3655.59026708938
10,V0-GlobalCap2,23,231000,3655.59026708938
10,V0-GlobalCap2,23,234000,3655.59026708938
10,V0-GlobalCap2,23,237000,3655.59026708938
10,V0-GlobalCap2,23,240000,3655.59026708938
10,V0-GlobalCap2,23,243000,3655.59026708938
10,V0-GlobalCap2,23,246000,3655.59026708938
10,V0-GlobalCap2,23,249000,3655.59026708938
10,V0-GlobalCap2,23,252000,3655.59026708938
10,V0-GlobalCap2,23,255000,3655.59026708938
10,V0-GlobalCap2,23,258000,3655.59026708938
10,V0-GlobalCap2,23,261000,3655.59026708938
10,V0-GlobalCap2,23,264000,3655.59026708938
10,V0-GlobalCap2,23,267000,3655.59026708938
10,V0-GlobalCap2,23,270000,3655.59026708938
10,V0-GlobalCap2,23,273000,3655.59026708938
10,V0-GlobalCap2,23,276000,3655.59026708938
10,V0-GlobalCap2,23,279000,3655.59026708938
10,V0-GlobalCap2,23,282000,3655.59026708938
10,V0-GlobalCap2,23,285000,3655.59026708938
10,V0-GlobalCap2,23,288000,3655.59026708938
10,V0-GlobalCap2,23,291000,3655.59026708938
10,V0-GlobalCap2,23,294000,3655.59026708938
10,V0-GlobalCap2,23,297000,3655.59026708938
10,V0-GlobalCap2,23,300000,3655.59026708938
10,V1-Elite,23,3000,6035.04136371597
10,V1-Elite,23,6000,5685.68946009374
10,V1-Elite,23,9000,5564.74483168223
10,V1-Elite,23,12000,5363.00163617254
10,V1-Elite,23,15000,5319.88636303779
10,V1-Elite,23,18000,4977.05948823697
10,V1-Elite,23,21000,4917.00518623035
10,V1-Elite,23,24000,4917.00518623035
10,V1-Elite,23,27000,4860.1931259888
10,V1-Elite,23,30000,4860.1931259888
10,V1-Elite,23,33000,4860.1931259888
10,V1-Elite,23,36000,4860.1931259888
10,V1-Elite,23,39000,4382.87650016772
10,V1-Elite,23,42000,3977.75769366183
10,V1-Elite,23,45000,3673.11608385176
10,V1-Elite,23,48000,3542.20276475227
10,V1-Elite,23,51000,3542.20276475227
10,V1-Elite,23,54000,3441.71415600786
10,V1-Elite,23,57000,3414.89926662268
10,V1-Elite,23,60000,3414.89926662268
10,V1-Elite,23,63000,3380.97860759361
10,V1-Elite,23,66000,3380.97860759361
10,V1-Elite,23,69000,3285.30239075828
10,V1-Elite,23,72000,3285.30239075828
10,V1-Elite,23,75000,3285.30239075828
10,V1-Elite,23,78000,3285.30239075828
10,V1-Elite,23,81000,3285.30239075828
10,V1-Elite,23,84000,3285.30239075828
10,V1-Elite,23,87000,3285.30239075828
10,V1-Elite,23,90000,3285.30239075828
10,V1-Elite,23,93000,3229.35002587129
10,V1-Elite,23,96000,3229.35002587129
10,V1-Elite,23,99000,3175.3531614294
10,V1-Elite,23,102000,3175.3531614294
10,V1-Elite,23,105000,3175.3531614294
10,V1-Elite,23,108000,3175.3531614294
10,V1-Elite,23,111000,3175.3531614294
10,V1-Elite,23,114000,3175.3531614294
10,V1-Elite,23,117000,3175.3531614294
10,V1-Elite,23,120000,3175.3531614294
10,V1-Elite,23,123000,3175.3531614294
10,V1-Elite,23,126000,3175.3531614294
10,V1-Elite,23,129000,3174.13117360815
10,V1-Elite,23,132000,3174.13117360815
10,V1-Elite,23,135000,3174.13117360815
10,V1-Elite,23,138000,3170.49510803047
10,V1-Elite,23,141000,3170.49510803047
10,V1-Elite,23,144000,3170.49510803047
10,V1-Elite,23,147000,3170.49510803047
10,V1-Elite,23,150000,3170.49510803047
10,V1-Elite,23,153000,3170.49510803047
10,V1-Elite,23,156000,3170.49510803047
10,V1-Elite,23,159000,3170.49510803047
10,V1-Elite,23,162000,3170.49510803047
10,V1-Elite,23,165000,3170.49510803047
10,V1-Elite,23,168000,3170.49510803047
10,V1-Elite,23,171000,3163.78603821439
10,V1-Elite,23,174000,3151.92556082119
10,V1-Elite,23,177000,3151.92556082119
10,V1-Elite,23,180000,3151.92556082119
10,V1-Elite,23,183000,3151.92556082119
10,V1-Elite,23,186000,3147.3962392239
10,V1-Elite,23,189000,3147.3962392239
10,V1-Elite,23,192000,3147.3962392239
10,V1-Elite,23,195000,3117.35402278407
10,V1-Elite,23,198000,3117.35402278407
10,V1-Elite,23,201000,3117.35402278407
10,V1-Elite,23,204000,3113.41897882489
10,V1-Elite,23,207000,3102.98025926618
10,V1-Elite,23,210000,3102.98025926618
10,V1-Elite,23,213000,3102.98025926618
10,V1-Elite,23,216000,3100.54145565369
10,V1-Elite,23,219000,3100.54145565369
10,V1-Elite,23,222000,3095.21922723186
10,V1-Elite,23,225000,3093.23431321563
10,V1-Elite,23,228000,3093.23431321563
10,V1-Elite,23,231000,3085.11959033114
10,V1-Elite,23,234000,3085.11959033114
10,V1-Elite,23,237000,3085.11959033114
10,V1-Elite,23,240000,3083.68179217525
10,V1-Elite,23,243000,3082.08390722152
10,V1-Elite,23,246000,3079.87930921252
10,V1-Elite,23,249000,3068.26308824705
10,V1-Elite,23,252000,3063.82909057787
10,V1-Elite,23,255000,3060.58707859753
10,V1-Elite,23,258000,3060.58707859753
10,V1-Elite,23,261000,3058.08400814733
10,V1-Elite,23,264000,3058.08400814733
10,V1-Elite,23,267000,3054.03281689146
10,V1-Elite,23,270000,3052.77732197712
10,V1-Elite,23,273000,3043.85284499056
10,V1-Elite,23,276000,3036.62850349781
10,V1-Elite,23,279000,3035.15092598757
10,V1-Elite,23,282000,3028.88351927788
10,V1-Elite,23,285000,3026.31708768276
10,V1-Elite,23,288000,3024.95734553537
10,V1-Elite,23,291000,3023.3223751968
10,V1-Elite,23,294000,3022.57767209983
10,V1-Elite,23,297000,3019.66045346975
10,V1-Elite,23,300000,3019.51742368696
10,V2-EliteDiff,23,3000,6277.91950592493
10,V2-EliteDiff,23,6000,6277.91950592493
10,V2-EliteDiff,23,9000,6277.91950592493
10,V2-EliteDiff,23,12000,6277.91950592493
10,V2-EliteDiff,23,15000,6277.91950592493
10,V2-EliteDiff,23,18000,6277.91950592493
10,V2-EliteDiff,23,21000,6277.91950592493
10,V2-EliteDiff,23,24000,6277.91950592493
10,V2-EliteDiff,23,27000,6277.91950592493
10,V2-EliteDiff,23,30000,6277.91950592493
10,V2-EliteDiff,23,33000,6277.91950592493
10,V2-EliteDiff,23,36000,6277.91950592493
10,V2-EliteDiff,23,39000,6100.11908443524
10,V2-EliteDiff,23,42000,6100.11908443524
10,V2-EliteDiff,23,45000,6100.11908443524
10,V2-EliteDiff,23,48000,6100.11908443524
10,V2-EliteDiff,23,51000,6100.11908443524
10,V2-EliteDiff,23,54000,6094.24098327398
10,V2-EliteDiff,23,57000,6094.24098327398
10,V2-EliteDiff,23,60000,6094.24098327398
10,V2-EliteDiff,23,63000,6094.24098327398
10,V2-EliteDiff,23,66000,6094.24098327398
10,V2-EliteDiff,23,69000,5939.14660468439
10,V2-EliteDiff,23,72000,5939.14660468439
10,V2-EliteDiff,23,75000,5939.14660468439
10,V2-EliteDiff,23,78000,5939.14660468439
10,V2-EliteDiff,23,81000,5939.14660468439
10,V2-EliteDiff,23,84000,5760.96267985515
10,V2-EliteDiff,23,87000,5760.96267985515
10,V2-EliteDiff,23,90000,5760.96267985515
10,V2-EliteDiff,23,93000,5649.73724172314
10,V2-EliteDiff,23,96000,5617.46361429066
10,V2-EliteDiff,23,99000,5203.34226098962
10,V2-EliteDiff,23,102000,5203.34226098962
10,V2-EliteDiff,23,105000,5064.64375153813
10,V2-EliteDiff,23,108000,5064.64375153813
10,V2-EliteDiff,23,111000,5064.64375153813
10,V2-EliteDiff,23,114000,4900.97474780337
10,V2-EliteDiff,23,117000,4900.97474780337
10,V2-EliteDiff,23,120000,4748.5897500127
10,V2-EliteDiff,23,123000,4748.5897500127
10,V2-EliteDiff,23,126000,4748.5897500127
10,V2-EliteDiff,23,129000,4748.5897500127
10,V2-EliteDiff,23,132000,4748.5897500127
10,V2-EliteDiff,23,135000,4748.5897500127
10,V2-EliteDiff,23,138000,4748.5897500127
10,V2-EliteDiff,23,141000,4748.5897500127
10,V2-EliteDiff,23,144000,4733.94782952376
10,V2-EliteDiff,23,147000,4733.94782952376
10,V2-EliteDiff,23,150000,4733.94782952376
10,V2-EliteDiff,23,153000,4733.94782952376
10,V2-EliteDiff,23,156000,4733.94782952376
10,V2-EliteDiff,23,159000,4733.94782952376
10,V2-EliteDiff,23,162000,4733.94782952376
10,V2-EliteDiff,23,165000,4733.94782952376
10,V2-EliteDiff,23,168000,4689.49683643446
10,V2-EliteDiff,23,171000,4689.49683643446
10,V2-EliteDiff,23,174000,4683.85293088893
10,V2-EliteDiff,23,177000,4683.85293088893
10,V2-EliteDiff,23,180000,4683.85293088893
10,V2-EliteDiff,23,183000,4683.85293088893
10,V2-EliteDiff,23,186000,4683.85293088893
10,V2-EliteDiff,23,189000,4683.85293088893
10,V2-EliteDiff,23,192000,4683.85293088893
10,V2-EliteDiff,23,195000,4683.85293088893
10,V2-EliteDiff,23,198000,4683.85293088893
10,V2-EliteDiff,23,201000,4683.85293088893
10,V2-EliteDiff,23,204000,4683.85293088893
10,V2-EliteDiff,23,207000,4683.85293088893
10,V2-EliteDiff,23,210000,4683.85293088893
10,V2-EliteDiff,23,213000,4683.85293088893
10,V2-EliteDiff,23,216000,4500.83390897552
10,V2-EliteDiff,23,219000,4471.62153306653
10,V2-EliteDiff,23,222000,4300.9942238884
10,V2-EliteDiff,23,225000,4264.03554561749
10,V2-EliteDiff,23,228000,4259.26797286372
10,V2-EliteDiff,23,231000,4259.26797286372
10,V2-EliteDiff,23,234000,4259.26797286372
10,V2-EliteDiff,23,237000,4177.02421787547
10,V2-EliteDiff,23,240000,4177.02421787547
10,V2-EliteDiff,23,243000,4177.02421787547
10,V2-EliteDiff,23,246000,4177.02421787547
10,V2-EliteDiff,23,249000,4177.02421787547
10,V2-EliteDiff,23,252000,4177.02421787547
10,V2-EliteDiff,23,255000,4177.02421787547
10,V2-EliteDiff,23,258000,4177.02421787547
10,V2-EliteDiff,23,261000,4177.02421787547
10,V2-EliteDiff,23,264000,4177.02421787547
10,V2-EliteDiff,23,267000,4177.02421787547
10,V2-EliteDiff,23,270000,4177.02421787547
10,V2-EliteDiff,23,273000,4177.02421787547
10,V2-EliteDiff,23,276000,4177.02421787547
10,V2-EliteDiff,23,279000,4177.02421787547
10,V2-EliteDiff,23,282000,4177.02421787547
10,V2-EliteDiff,23,285000,4177.02421787547
10,V2-EliteDiff,23,288000,4177.02421787547
10,V2-EliteDiff,23,291000,4104.60946590738
10,V2-EliteDiff,23,294000,4104.60946590738
10,V2-EliteDiff,23,297000,4104.60946590738
10,V2-EliteDiff,23,300000,4104.60946590738
12,V0-GlobalCap2,21,3000,1812142578.38516
12,V0-GlobalCap2,21,6000,1437075972.77492
12,V0-GlobalCap2,21,9000,1082425020.93875
12,V0-GlobalCap2,21,12000,109833451.623254
12,V0-GlobalCap2,21,15000,67101572.1720934
12,V0-GlobalCap2,21,18000,54793200.5238023
12,V0-GlobalCap2,21,21000,22075083.6675465
12,V0-GlobalCap2,21,24000,15526623.1328999
12,V0-GlobalCap2,21,27000,10774107.6272066
12,V0-GlobalCap2,21,30000,7307466.376828
12,V0-GlobalCap2,21,33000,5639175.83564457
12,V0-GlobalCap2,21,36000,4066106.54091196
12,V0-GlobalCap2,21,39000,4066106.54091196
12,V0-GlobalCap2,21,42000,3747882.98024968
12,V0-GlobalCap2,21,45000,3586725.70410402
12,V0-GlobalCap2,21,48000,2582097.67004567
12,V0-GlobalCap2,21,51000,2466891.1093962
12,V0-GlobalCap2,21,54000,2408495.57901184
12,V0-GlobalCap2,21,57000,2408495.57901184
12,V0-GlobalCap2,21,60000,2408495.57901184
12,V0-GlobalCap2,21,63000,1507581.59648322
12,V0-GlobalCap2,21,66000,1507581.59648322
12,V0-GlobalCap2,21,69000,1264245.39959785
12,V0-GlobalCap2,21,72000,728861.781002777
12,V0-GlobalCap2,21,75000,728861.781002777
12,V0-GlobalCap2,21,78000,666081.44474797
12,V0-GlobalCap2,21,81000,638018.624514858
12,V0-GlobalCap2,21,84000,633797.532914167
12,V0-GlobalCap2,21,87000,633797.532914167
12,V0-GlobalCap2,21,90000,633797.532914167
12,V0-GlobalCap2,21,93000,633797.532914167
12,V0-GlobalCap2,21,96000,633797.532914167
12,V0-GlobalCap2,21,99000,633725.931253487
12,V0-GlobalCap2,21,102000,604362.731056608
12,V0-GlobalCap2,21,105000,604362.731056608
12,V0-GlobalCap2,21,108000,604362.731056608
12,V0-GlobalCap2,21,111000,604362.731056608
12,V0-GlobalCap2,21,114000,604362.731056608
12,V0-GlobalCap2,21,117000,604362.731056608
12,V0-GlobalCap2,21,120000,604362.731056608
12,V0-GlobalCap2,21,123000,604362.731056608
12,V0-GlobalCap2,21,126000,604362.731056608
12,V0-GlobalCap2,21,129000,604362.731056608
12,V0-GlobalCap2,21,132000,604362.731056608
12,V0-GlobalCap2,21,135000,604362.731056608
12,V0-GlobalCap2,21,138000,604362.731056608
12,V0-GlobalCap2,21,141000,604362.731056608
12,V0-GlobalCap2,21,144000,604362.731056608
12,V0-GlobalCap2,21,147000,604362.731056608
12,V0-GlobalCap2,21,150000,604362.731056608
12,V0-GlobalCap2,21,153000,604362.731056608
12,V0-GlobalCap2,21,156000,604362.731056608
12,V0-GlobalCap2,21,159000,604362.731056608
12,V0-GlobalCap2,21,162000,604362.731056608
12,V0-GlobalCap2,21,165000,604362.731056608
12,V0-GlobalCap2,21,168000,604362.731056608
12,V0-GlobalCap2,21,171000,604362.731056608
12,V0-GlobalCap2,21,174000,604362.731056608
12,V0-GlobalCap2,21,177000,604362.731056608
12,V0-GlobalCap2,21,180000,604362.731056608
12,V0-GlobalCap2,21,183000,604362.731056608
12,V0-GlobalCap2,21,186000,604362.731056608
12,V0-GlobalCap2,21,189000,604362.731056608
12,V0-GlobalCap2,21,192000,604362.731056608
12,V0-GlobalCap2,21,195000,591958.868573737
12,V0-GlobalCap2,21,198000,591958.868573737
12,V0-GlobalCap2,21,201000,591958.868573737
12,V0-GlobalCap2,21,204000,591958.868573737
12,V0-GlobalCap2,21,207000,591958.868573737
12,V0-GlobalCap2,21,210000,591958.868573737
12,V0-GlobalCap2,21,213000,496313.697574207
12,V0-GlobalCap2,21,216000,480983.581648468
12,V0-GlobalCap2,21,219000,478010.895133391
12,V0-GlobalCap2,21,222000,467560.088127943
12,V0-GlobalCap2,21,225000,411404.395005396
12,V0-GlobalCap2,21,228000,411404.395005396
12,V0-GlobalCap2,21,231000,411169.951371353
12,V0-GlobalCap2,21,234000,411169.951371353
12,V0-GlobalCap2,21,237000,398555.13231486
12,V0-GlobalCap2,21,240000,394424.560557169
12,V0-GlobalCap2,21,243000,386493.575708593
12,V0-GlobalCap2,21,246000,375249.484548363
12,V0-GlobalCap2,21,249000,375249.484548363
12,V0-GlobalCap2,21,252000,375249.484548363
12,V0-GlobalCap2,21,255000,375249.484548363
12,V0-GlobalCap2,21,258000,375249.484548363
12,V0-GlobalCap2,21,261000,375249.484548363
12,V0-GlobalCap2,21,264000,375249.484548363
12,V0-GlobalCap2,21,267000,375249.484548363
12,V0-GlobalCap2,21,270000,375249.484548363
12,V0-GlobalCap2,21,273000,375249.484548363
12,V0-GlobalCap2,21,276000,375249.484548363
12,V0-GlobalCap2,21,279000,375249.484548363
12,V0-GlobalCap2,21,282000,375249.484548363
12,V0-GlobalCap2,21,285000,375249.484548363
12,V0-GlobalCap2,21,288000,375249.484548363
12,V0-GlobalCap2,21,291000,375249.484548363
12,V0-GlobalCap2,21,294000,375249.484548363
12,V0-GlobalCap2,21,297000,375249.484548363
12,V0-GlobalCap2,21,300000,375249.484548363
12,V1-Elite,21,3000,51692848.959461
12,V1-Elite,21,6000,6096499.75931522
12,V1-Elite,21,9000,4228709.35809878
12,V1-Elite,21,12000,1493995.43888518
12,V1-Elite,21,15000,1050260.33790685
12,V1-Elite,21,18000,1044287.86434136
12,V1-Elite,21,21000,942144.150541177
12,V1-Elite,21,24000,891716.048142528
12,V1-Elite,21,27000,790257.446249584
12,V1-Elite,21,30000,790257.446249584
12,V1-Elite,21,33000,667935.154048051
12,V1-Elite,21,36000,667748.597870913
12,V1-Elite,21,39000,667748.597870913
12,V1-Elite,21,42000,617278.950813925
12,V1-Elite,21,45000,607352.336612718
12,V1-Elite,21,48000,607352.336612718
12,V1-Elite,21,51000,551260.150935299
12,V1-Elite,21,54000,403862.435286431
12,V1-Elite,21,57000,385615.911310065
12,V1-Elite,21,60000,289754.341210409
12,V1-Elite,21,63000,289754.341210409
12,V1-Elite,21,66000,289754.341210409
12,V1-Elite,21,69000,289754.341210409
12,V1-Elite,21,72000,289754.341210409
12,V1-Elite,21,75000,289754.341210409
12,V1-Elite,21,78000,289754.341210409
12,V1-Elite,21,81000,258390.492721762
12,V1-Elite,21,84000,258390.492721762
12,V1-Elite,21,87000,258390.492721762
12,V1-Elite,21,90000,245853.156109941
12,V1-Elite,21,93000,245853.156109941
12,V1-Elite,21,96000,245853.156109941
12,V1-Elite,21,99000,245853.156109941
12,V1-Elite,21,102000,245853.156109941
12,V1-Elite,21,105000,245853.156109941
12,V1-Elite,21,108000,245827.609101509
12,V1-Elite,21,111000,245827.609101509
12,V1-Elite,21,114000,245827.609101509
12,V1-Elite,21,117000,245827.609101509
12,V1-Elite,21,120000,245827.609101509
12,V1-Elite,21,123000,245827.609101509
12,V1-Elite,21,126000,245827.609101509
12,V1-Elite,21,129000,245827.609101509
12,V1-Elite,21,132000,244939.034848833
12,V1-Elite,21,135000,244867.200014717
12,V1-Elite,21,138000,244867.200014717
12,V1-Elite,21,141000,236317.627538719
12,V1-Elite,21,144000,236317.627538719
12,V1-Elite,21,147000,236317.627538719
12,V1-Elite,21,150000,235058.013351684
12,V1-Elite,21,153000,235058.013351684
12,V1-Elite,21,156000,235058.013351684
12,V1-Elite,21,159000,235058.013351684
12,V1-Elite,21,162000,235058.013351684
12,V1-Elite,21,165000,235058.013351684
12,V1-Elite,21,168000,235058.013351684
12,V1-Elite,21,171000,235058.013351684
12,V1-Elite,21,174000,235058.013351684
12,V1-Elite,21,177000,235058.013351684
12,V1-Elite,21,180000,235058.013351684
12,V1-Elite,21,183000,233009.005709602
12,V1-Elite,21,186000,233009.005709602
12,V1-Elite,21,189000,233009.005709602
12,V1-Elite,21,192000,233009.005709602
12,V1-Elite,21,195000,233009.005709602
12,V1-Elite,21,198000,233009.005709602
12,V1-Elite,21,201000,231501.356952198
12,V1-Elite,21,204000,231501.356952198
12,V1-Elite,21,207000,231501.356952198
12,V1-Elite,21,210000,230772.428046708
12,V1-Elite,21,213000,230772.428046708
12,V1-Elite,21,216000,230723.830567988
12,V1-Elite,21,219000,230723.830567988
12,V1-Elite,21,222000,230723.830567988
12,V1-Elite,21,225000,225377.675426825
12,V1-Elite,21,228000,225248.151260607
12,V1-Elite,21,231000,225248.151260607
12,V1-Elite,21,234000,223022.468176416
12,V1-Elite,21,237000,214080.837344203
12,V1-Elite,21,240000,207825.994421801
12,V1-Elite,21,243000,207825.994421801
12,V1-Elite,21,246000,205469.741871129
12,V1-Elite,21,249000,205469.741871129
12,V1-Elite,21,252000,200521.694820967
12,V1-Elite,21,255000,197658.425973156
12,V1-Elite,21,258000,189599.137563546
12,V1-Elite,21,261000,187575.01071013
12,V1-Elite,21,264000,186079.829212307
12,V1-Elite,21,267000,185636.233182879
12,V1-Elite,21,270000,185636.233182879
12,V1-Elite,21,273000,185314.878924033
12,V1-Elite,21,276000,185088.197637537
12,V1-Elite,21,279000,185088.197637537
12,V1-Elite,21,282000,184701.887607446
12,V1-Elite,21,285000,167741.79995932
12,V1-Elite,21,288000,151534.594742898
12,V1-Elite,21,291000,150867.921981851
12,V1-Elite,21,294000,149133.156246449
12,V1-Elite,21,297000,145651.481218665
12,V1-Elite,21,300000,144587.940850818
12,V2-EliteDiff,21,3000,77098600.114272
12,V2-EliteDiff,21,6000,35036879.4092085
12,V2-EliteDiff,21,9000,17684290.3708363
12,V2-EliteDiff,21,12000,13956428.3760579
12,V2-EliteDiff,21,15000,13956428.3760579
12,V2-EliteDiff,21,18000,13186699.8337804
12,V2-EliteDiff,21,21000,7626505.96899728
12,V2-EliteDiff,21,24000,6964076.09656551
12,V2-EliteDiff,21,27000,6845527.28716892
12,V2-EliteDiff,21,30000,6182133.43580557
12,V2-EliteDiff,21,33000,5104778.0687694
12,V2-EliteDiff,21,36000,5104778.0687694
12,V2-EliteDiff,21,39000,4596012.13990365
12,V2-EliteDiff,21,42000,4596012.13990365
12,V2-EliteDiff,21,45000,4596012.13990365
12,V2-EliteDiff,21,48000,4596012.13990365
12,V2-EliteDiff,21,51000,4558879.76670821
12,V2-EliteDiff,21,54000,4558480.81595181
12,V2-EliteDiff,21,57000,4558480.81595181
12,V2-EliteDiff,21,60000,4558480.81595181
12,V2-EliteDiff,21,63000,4480308.23624109
12,V2-EliteDiff,21,66000,4206254.61667737
12,V2-EliteDiff,21,69000,4206254.61667737
12,V2-EliteDiff,21,72000,4206254.61667737
12,V2-EliteDiff,21,75000,3911568.39057259
12,V2-EliteDiff,21,78000,3911568.39057259
12,V2-EliteDiff,21,81000,3911568.39057259
12,V2-EliteDiff,21,84000,3772426.51650645
12,V2-EliteDiff,21,87000,3522268.5129953
12,V2-EliteDiff,21,90000,3448468.00873677
12,V2-EliteDiff,21,93000,3249942.01126619
12,V2-EliteDiff,21,96000,3249942.01126619
12,V2-EliteDiff,21,99000,3249942.01126619
12,V2-EliteDiff,21,102000,3249633.38377005
12,V2-EliteDiff,21,105000,3138862.78658862
12,V2-EliteDiff,21,108000,3138862.78658862
12,V2-EliteDiff,21,111000,3013803.71974013
12,V2-EliteDiff,21,114000,2335889.66999313
12,V2-EliteDiff,21,117000,2335889.66999313
12,V2-EliteDiff,21,120000,2335889.66999313
12,V2-EliteDiff,21,123000,2335889.66999313
12,V2-EliteDiff,21,126000,2335889.66999313
12,V2-EliteDiff,21,129000,2335889.66999313
12,V2-EliteDiff,21,132000,2335889.66999313
12,V2-EliteDiff,21,135000,2335889.66999313
12,V2-EliteDiff,21,138000,2335889.66999313
12,V2-EliteDiff,21,141000,2335889.66999313
12,V2-EliteDiff,21,144000,2335889.66999313
12,V2-EliteDiff,21,147000,2335889.66999313
12,V2-EliteDiff,21,150000,2335636.09746126
12,V2-EliteDiff,21,153000,2335636.09746126
12,V2-EliteDiff,21,156000,2335636.09746126
12,V2-EliteDiff,21,159000,2335636.09746126
12,V2-EliteDiff,21,162000,2335636.09746126
12,V2-EliteDiff,21,165000,2335636.09746126
12,V2-EliteDiff,21,168000,2335636.09746126
12,V2-EliteDiff,21,171000,2335636.09746126
12,V2-EliteDiff,21,174000,2335636.09746126
12,V2-EliteDiff,21,177000,2335636.09746126
12,V2-EliteDiff,21,180000,2335636.09746126
12,V2-EliteDiff,21,183000,2335636.09746126
12,V2-EliteDiff,21,186000,2335636.09746126
12,V2-EliteDiff,21,189000,2335635.82180973
12,V2-EliteDiff,21,192000,2335635.82180973
12,V2-EliteDiff,21,195000,2335635.82180973
12,V2-EliteDiff,21,198000,2335635.82180973
12,V2-EliteDiff,21,201000,2335635.82180973
12,V2-EliteDiff,21,204000,2335635.82180973
12,V2-EliteDiff,21,207000,2335635.82180973
12,V2-EliteDiff,21,210000,2335635.82180973
12,V2-EliteDiff,21,213000,2335635.82180973
12,V2-EliteDiff,21,216000,1913950.32955314
12,V2-EliteDiff,21,219000,1913950.32955314
12,V2-EliteDiff,21,222000,1898428.73055691
12,V2-EliteDiff,21,225000,1898084.27226474
12,V2-EliteDiff,21,228000,1841190.88658273
12,V2-EliteDiff,21,231000,1841190.88658273
12,V2-EliteDiff,21,234000,1617056.49000415
12,V2-EliteDiff,21,237000,1593984.45019234
12,V2-EliteDiff,21,240000,1593984.45019234
12,V2-EliteDiff,21,243000,1593984.45019234
12,V2-EliteDiff,21,246000,1593984.45019234
12,V2-EliteDiff,21,249000,1467112.82068126
12,V2-EliteDiff,21,252000,1467112.82068126
12,V2-EliteDiff,21,255000,1467112.82068126
12,V2-EliteDiff,21,258000,1467112.82068126
12,V2-EliteDiff,21,261000,1467112.82068126
12,V2-EliteDiff,21,264000,1467112.82068126
12,V2-EliteDiff,21,267000,1467112.82068126
12,V2-EliteDiff,21,270000,1454892.57223573
12,V2-EliteDiff,21,273000,1454892.57223573
12,V2-EliteDiff,21,276000,1454892.57223573
12,V2-EliteDiff,21,279000,1454892.57223573
12,V2-EliteDiff,21,282000,1454892.57223573
12,V2-EliteDiff,21,285000,1454892.57223573
12,V2-EliteDiff,21,288000,1197813.82240591
12,V2-EliteDiff,21,291000,1162203.04296749
12,V2-EliteDiff,21,294000,1162203.04296749
12,V2-EliteDiff,21,297000,1120955.98217473
12,V2-EliteDiff,21,300000,920042.320806202
12,V0-GlobalCap2,22,3000,2808366906.86088
12,V0-GlobalCap2,22,6000,1445964011.74503
12,V0-GlobalCap2,22,9000,251110511.972607
12,V0-GlobalCap2,22,12000,115250742.216807
12,V0-GlobalCap2,22,15000,66903128.9816929
12,V0-GlobalCap2,22,18000,40346597.1107586
12,V0-GlobalCap2,22,21000,29249535.6631323
12,V0-GlobalCap2,22,24000,14762001.8296933
12,V0-GlobalCap2,22,27000,10521661.5992567
12,V0-GlobalCap2,22,30000,6989023.54679436
12,V0-GlobalCap2,22,33000,6207619.94608745
12,V0-GlobalCap2,22,36000,4994103.48973357
12,V0-GlobalCap2,22,39000,4035032.73310635
12,V0-GlobalCap2,22,42000,3524554.88923658
12,V0-GlobalCap2,22,45000,3524554.88923658
12,V0-GlobalCap2,22,48000,3305475.65360435
12,V0-GlobalCap2,22,51000,2918833.31676084
12,V0-GlobalCap2,22,54000,2847252.85483662
12,V0-GlobalCap2,22,57000,2299269.92519553
12,V0-GlobalCap2,22,60000,2172359.07040578
12,V0-GlobalCap2,22,63000,2158580.37346816
12,V0-GlobalCap2,22,66000,2114952.86955778
12,V0-GlobalCap2,22,69000,1957695.06934723
12,V0-GlobalCap2,22,72000,1957695.06934723
12,V0-GlobalCap2,22,75000,1923100.57725459
12,V0-GlobalCap2,22,78000,1860996.09711657
12,V0-GlobalCap2,22,81000,1860996.09711657
12,V0-GlobalCap2,22,84000,1819668.67165274
12,V0-GlobalCap2,22,87000,1819655.44722993
12,V0-GlobalCap2,22,90000,1819655.44722993
12,V0-GlobalCap2,22,93000,1819655.44722993
12,V0-GlobalCap2,22,96000,1817711.82822308
12,V0-GlobalCap2,22,99000,1787473.36166768
12,V0-GlobalCap2,22,102000,1746698.42658166
12,V0-GlobalCap2,22,105000,1746698.42658166
12,V0-GlobalCap2,22,108000,1746698.42658166
12,V0-GlobalCap2,22,111000,1746698.42658166
12,V0-GlobalCap2,22,114000,1746698.42658166
12,V0-GlobalCap2,22,117000,1746698.42658166
12,V0-GlobalCap2,22,120000,1746698.42658166
12,V0-GlobalCap2,22,123000,1746698.42658166
12,V0-GlobalCap2,22,126000,1746698.42658166
12,V0-GlobalCap2,22,129000,1746698.42658166
12,V0-GlobalCap2,22,132000,1746698.42658166
12,V0-GlobalCap2,22,135000,1746698.42658166
12,V0-GlobalCap2,22,138000,1746698.42658166
12,V0-GlobalCap2,22,141000,1746698.42658166
12,V0-GlobalCap2,22,144000,1746698.42658166
12,V0-GlobalCap2,22,147000,1746698.42658166
12,V0-GlobalCap2,22,150000,1746698.42658166
12,V0-GlobalCap2,22,153000,1746698.42658166
12,V0-GlobalCap2,22,156000,1746698.42658166
12,V0-GlobalCap2,22,159000,1746698.42658166
12,V0-GlobalCap2,22,162000,1746698.42658166
12,V0-GlobalCap2,22,165000,1746698.42658166
12,V0-GlobalCap2,22,168000,1746698.42658166
12,V0-GlobalCap2,22,171000,1746698.42658166
12,V0-GlobalCap2,22,174000,1746698.42658166
12,V0-GlobalCap2,22,177000,1746698.42658166
12,V0-GlobalCap2,22,180000,1746698.42658166
12,V0-GlobalCap2,22,183000,1746698.42658166
12,V0-GlobalCap2,22,186000,1746698.42658166
12,V0-GlobalCap2,22,189000,1746698.42658166
12,V0-GlobalCap2,22,192000,1746698.42658166
12,V0-GlobalCap2,22,195000,1746698.42658166
12,V0-GlobalCap2,22,198000,1746698.42658166
12,V0-GlobalCap2,22,201000,1746698.42658166
12,V0-GlobalCap2,22,204000,1646809.72366429
12,V0-GlobalCap2,22,207000,1554644.64994777
12,V0-GlobalCap2,22,210000,1517869.98631427
12,V0-GlobalCap2,22,213000,1469659.60651075
12,V0-GlobalCap2,22,216000,1390270.98123696
12,V0-GlobalCap2,22,219000,1388861.81256578
12,V0-GlobalCap2,22,222000,1370748.05496543
12,V0-GlobalCap2,22,225000,1288629.61897365
12,V0-GlobalCap2,22,228000,1265880.7424425
12,V0-GlobalCap2,22,231000,1233022.30869781
12,V0-GlobalCap2,22,234000,1078668.95252649
12,V0-GlobalCap2,22,237000,1003884.95220118
12,V0-GlobalCap2,22,240000,1003884.95220118
12,V0-GlobalCap2,22,243000,978944.09143213
12,V0-GlobalCap2,22,246000,833260.547803565
12,V0-GlobalCap2,22,249000,745852.84100531
12,V0-GlobalCap2,22,252000,702079.484048968
12,V0-GlobalCap2,22,255000,684297.74155428
12,V0-GlobalCap2,22,258000,684297.74155428
12,V0-GlobalCap2,22,261000,684297.74155428
12,V0-GlobalCap2,22,264000,684297.74155428
12,V0-GlobalCap2,22,267000,684297.74155428
12,V0-GlobalCap2,22,270000,684297.74155428
12,V0-GlobalCap2,22,273000,684297.74155428
12,V0-GlobalCap2,22,276000,684297.74155428
12,V0-GlobalCap2,22,279000,684297.74155428
12,V0-GlobalCap2,22,282000,684297.74155428
12,V0-GlobalCap2,22,285000,684297.74155428
12,V0-GlobalCap2,22,288000,684297.74155428
12,V0-GlobalCap2,22,291000,684297.74155428
12,V0-GlobalCap2,22,294000,684297.74155428
12,V0-GlobalCap2,22,297000,684297.74155428
12,V0-GlobalCap2,22,300000,684297.74155428
12,V1-Elite,22,3000,61763141.0701478
12,V1-Elite,22,6000,19740003.0996103
12,V1-Elite,22,9000,10668193.2528046
12,V1-Elite,22,12000,9280742.93589055
12,V1-Elite,22,15000,7330630.85408939
12,V1-Elite,22,18000,7171818.33788898
12,V1-Elite,22,21000,6386011.5817051
12,V1-Elite,22,24000,5416358.1754616
12,V1-Elite,22,27000,4949338.48581932
12,V1-Elite,22,30000,4790046.11119824
12,V1-Elite,22,33000,4790046.11119824
12,V1-Elite,22,36000,4185771.97261352
12,V1-Elite,22,39000,4179869.09204494
12,V1-Elite,22,42000,4071110.83316849
12,V1-Elite,22,45000,4071110.83316849
12,V1-Elite,22,48000,4071110.83316849
12,V1-Elite,22,51000,4002537.62798253
12,V1-Elite,22,54000,3651427.26039838
12,V1-Elite,22,57000,3611684.88996915
12,V1-Elite,22,60000,3588935.5851942
12,V1-Elite,22,63000,3588935.5851942
12,V1-Elite,22,66000,3583203.05558386
12,V1-Elite,22,69000,3583203.05558386
12,V1-Elite,22,72000,3583203.05558386
12,V1-Elite,22,75000,3547689.31871912
12,V1-Elite,22,78000,3532596.43012078
12,V1-Elite,22,81000,3532596.43012078
12,V1-Elite,22,84000,3532596.43012078
12,V1-Elite,22,87000,3532596.43012078
12,V1-Elite,22,90000,3519273.56116074
12,V1-Elite,22,93000,3442568.62307596
12,V1-Elite,22,96000,3403131.80474816
12,V1-Elite,22,99000,3247004.14738213
12,V1-Elite,22,102000,3236317.07913639
12,V1-Elite,22,105000,3217866.75571884
12,V1-Elite,22,108000,3044812.54924852
12,V1-Elite,22,111000,2939822.08955181
12,V1-Elite,22,114000,2939822.08955181
12,V1-Elite,22,117000,2884820.20465444
12,V1-Elite,22,120000,2884820.20465444
12,V1-Elite,22,123000,2838683.02808615
12,V1-Elite,22,126000,2813431.58831944
12,V1-Elite,22,129000,2813431.58831944
12,V1-Elite,22,132000,2697811.87386649
12,V1-Elite,22,135000,2697811.87386649
12,V1-Elite,22,138000,2697811.87386649
12,V1-Elite,22,141000,2453520.42619951
12,V1-Elite,22,144000,2271335.93907481
12,V1-Elite,22,147000,2271335.93907481
12,V1-Elite,22,150000,2259066.92272759
12,V1-Elite,22,153000,2239943.40371912
12,V1-Elite,22,156000,2239943.40371912
12,V1-Elite,22,159000,2239943.40371912
12,V1-Elite,22,162000,2199497.20957877
12,V1-Elite,22,165000,2199297.91621116
12,V1-Elite,22,168000,2197281.73025006
12,V1-Elite,22,171000,2197281.73025006
12,V1-Elite,22,174000,2154181.67762588
12,V1-Elite,22,177000,2123777.93300604
12,V1-Elite,22,180000,2112433.21525052
12,V1-Elite,22,183000,2082000.51417916
12,V1-Elite,22,186000,2044005.303725
12,V1-Elite,22,189000,2040933.28254247
12,V1-Elite,22,192000,2015345.11806595
12,V1-Elite,22,195000,2014893.77318581
12,V1-Elite,22,198000,2014893.77318581
12,V1-Elite,22,201000,2014893.77318581
12,V1-Elite,22,204000,2014893.77318581
12,V1-Elite,22,207000,2014893.77318581
12,V1-Elite,22,210000,2014893.77318581
12,V1-Elite,22,213000,2006512.4988838
12,V1-Elite,22,216000,1998219.72642603
12,V1-Elite,22,219000,1945032.91842291
12,V1-Elite,22,222000,1941836.91096257
12,V1-Elite,22,225000,1932359.98582667
12,V1-Elite,22,228000,1932359.98582667
12,V1-Elite,22,231000,1932053.83616377
12,V1-Elite,22,234000,1925978.84078451
12,V1-Elite,22,237000,1908237.89936065
12,V1-Elite,22,240000,1898977.25107374
12,V1-Elite,22,243000,1867655.95599739
12,V1-Elite,22,246000,1867655.95599739
12,V1-Elite,22,249000,1862543.48980016
12,V1-Elite,22,252000,1862543.48980016
12,V1-Elite,22,255000,1860460.08240485
12,V1-Elite,22,258000,1856406.42553978
12,V1-Elite,22,261000,1846275.54782875
12,V1-Elite,22,264000,1824822.58574244
12,V1-Elite,22,267000,1805245.81611911
12,V1-Elite,22,270000,1780344.53680887
12,V1-Elite,22,273000,1735636.46906215
12,V1-Elite,22,276000,1729557.03714214
12,V1-Elite,22,279000,1710362.48257972
12,V1-Elite,22,282000,1703805.42897443
12,V1-Elite,22,285000,1690734.97517194
12,V1-Elite,22,288000,1675962.65204629
12,V1-Elite,22,291000,1652023.95436444
12,V1-Elite,22,294000,1632305.4321447
12,V1-Elite,22,297000,1622349.57328239
12,V1-Elite,22,300000,1614827.34793343
12,V2-EliteDiff,22,3000,89438195.6614323
12,V2-EliteDiff,22,6000,30257600.1094637
12,V2-EliteDiff,22,9000,21254894.5160201
12,V2-EliteDiff,22,12000,19917955.7611892
12,V2-EliteDiff,22,15000,13983766.4106695
12,V2-EliteDiff,22,18000,9761002.8006865
12,V2-EliteDiff,22,21000,9761002.8006865
12,V2-EliteDiff,22,24000,6395623.62043312
12,V2-EliteDiff,22,27000,5705801.19984849
12,V2-EliteDiff,22,30000,5705801.19984849
12,V2-EliteDiff,22,33000,5658283.30776025
12,V2-EliteDiff,22,36000,5491317.01849956
12,V2-EliteDiff,22,39000,5462042.62430063
12,V2-EliteDiff,22,42000,5397135.23020282
12,V2-EliteDiff,22,45000,5397135.23020282
12,V2-EliteDiff,22,48000,5397135.23020282
12,V2-EliteDiff,22,51000,5397135.23020282
12,V2-EliteDiff,22,54000,5397135.23020282
12,V2-EliteDiff,22,57000,5049423.21887653
12,V2-EliteDiff,22,60000,5049423.21887653
12,V2-EliteDiff,22,63000,5049423.21887653
12,V2-EliteDiff,22,66000,4953726.14042742
12,V2-EliteDiff,22,69000,4498316.38579472
12,V2-EliteDiff,22,72000,4139801.35610043
12,V2-EliteDiff,22,75000,3700621.50998338
12,V2-EliteDiff,22,78000,3649635.25463361
12,V2-EliteDiff,22,81000,3649635.25463361
12,V2-EliteDiff,22,84000,3265171.56548127
12,V2-EliteDiff,22,87000,3057558.21722772
12,V2-EliteDiff,22,90000,3057558.21722772
12,V2-EliteDiff,22,93000,3057558.21722772
12,V2-EliteDiff,22,96000,2762474.70980413
12,V2-EliteDiff,22,99000,2762474.70980413
12,V2-EliteDiff,22,102000,2762474.70980413
12,V2-EliteDiff,22,105000,2762474.70980413
12,V2-EliteDiff,22,108000,2762474.70980413
12,V2-EliteDiff,22,111000,2762474.70980413
12,V2-EliteDiff,22,114000,2762457.77793948
12,V2-EliteDiff,22,117000,2762457.77793948
12,V2-EliteDiff,22,120000,2762457.77793948
12,V2-EliteDiff,22,123000,2762457.77793948
12,V2-EliteDiff,22,126000,2762457.77793948
12,V2-EliteDiff,22,129000,2762457.77793948
12,V2-EliteDiff,22,132000,2762457.77793948
12,V2-EliteDiff,22,135000,2762457.77793948
12,V2-EliteDiff,22,138000,2762457.77793948
12,V2-EliteDiff,22,141000,2762457.77793948
12,V2-EliteDiff,22,144000,2762457.77793948
12,V2-EliteDiff,22,147000,2741167.77277686
12,V2-EliteDiff,22,150000,2741167.77277686
12,V2-EliteDiff,22,153000,2741167.77277686
12,V2-EliteDiff,22,156000,2741167.77277686
12,V2-EliteDiff,22,159000,2741167.77277686
12,V2-EliteDiff,22,162000,2741167.77277686
12,V2-EliteDiff,22,165000,2741167.77277686
12,V2-EliteDiff,22,168000,2517337.12725069
12,V2-EliteDiff,22,171000,2481749.52514374
12,V2-EliteDiff,22,174000,2481749.52514374
12,V2-EliteDiff,22,177000,2466820.68436441
12,V2-EliteDiff,22,180000,2466820.68436441
12,V2-EliteDiff,22,183000,2088666.43307034
12,V2-EliteDiff,22,186000,1990829.09496005
12,V2-EliteDiff,22,189000,1844036.7570431
12,V2-EliteDiff,22,192000,1844036.7570431
12,V2-EliteDiff,22,195000,1844036.7570431
12,V2-EliteDiff,22,198000,1844036.7570431
12,V2-EliteDiff,22,201000,1844036.7570431
12,V2-EliteDiff,22,204000,1785156.35378205
12,V2-EliteDiff,22,207000,1785156.35378205
12,V2-EliteDiff,22,210000,1785156.35378205
12,V2-EliteDiff,22,213000,1785156.35378205
12,V2-EliteDiff,22,216000,1785156.35378205
12,V2-EliteDiff,22,219000,1785156.35378205
12,V2-EliteDiff,22,222000,1785156.35378205
12,V2-EliteDiff,22,225000,1785156.35378205
12,V2-EliteDiff,22,228000,1785156.35378205
12,V2-EliteDiff,22,231000,1785156.35378205
12,V2-EliteDiff,22,234000,1785156.35378205
12,V2-EliteDiff,22,237000,1785156.35378205
12,V2-EliteDiff,22,240000,1785156.35378205
12,V2-EliteDiff,22,243000,1773626.45004748
12,V2-EliteDiff,22,246000,1773626.45004748
12,V2-EliteDiff,22,249000,1773626.45004748
12,V2-EliteDiff,22,252000,1773626.45004748
12,V2-EliteDiff,22,255000,1773626.45004748
12,V2-EliteDiff,22,258000,1773626.45004748
12,V2-EliteDiff,22,261000,1773626.45004748
12,V2-EliteDiff,22,264000,1773626.45004748
12,V2-EliteDiff,22,267000,1773626.45004748
12,V2-EliteDiff,22,270000,1773626.45004748
12,V2-EliteDiff,22,273000,1773626.45004748
12,V2-EliteDiff,22,276000,1773626.45004748
12,V2-EliteDiff,22,279000,1773626.45004748
12,V2-EliteDiff,22,282000,1773626.45004748
12,V2-EliteDiff,22,285000,1773626.45004748
12,V2-EliteDiff,22,288000,1773626.45004748
12,V2-EliteDiff,22,291000,1773626.45004748
12,V2-EliteDiff,22,294000,1773626.45004748
12,V2-EliteDiff,22,297000,1773626.45004748
12,V2-EliteDiff,22,300000,1773626.45004748
12,V0-GlobalCap2,23,3000,1831326206.28141
12,V0-GlobalCap2,23,6000,340797463.261423
12,V0-GlobalCap2,23,9000,23419529.6294154
12,V0-GlobalCap2,23,12000,11450111.14592
12,V0-GlobalCap2,23,15000,11450111.14592
12,V0-GlobalCap2,23,18000,4928543.98710508
12,V0-GlobalCap2,23,21000,3188462.67867038
12,V0-GlobalCap2,23,24000,2917589.315099
12,V0-GlobalCap2,23,27000,2637987.14682437
12,V0-GlobalCap2,23,30000,2621046.57554254
12,V0-GlobalCap2,23,33000,2621046.57554254
12,V0-GlobalCap2,23,36000,2621046.57554254
12,V0-GlobalCap2,23,39000,2621046.57554254
12,V0-GlobalCap2,23,42000,2621046.57554254
12,V0-GlobalCap2,23,45000,2621046.57554254
12,V0-GlobalCap2,23,48000,2621046.57554254
12,V0-GlobalCap2,23,51000,2621046.57554254
12,V0-GlobalCap2,23,54000,2621046.57554254
12,V0-GlobalCap2,23,57000,2621046.57554254
12,V0-GlobalCap2,23,60000,2621046.57554254
12,V0-GlobalCap2,23,63000,2539515.66194898
12,V0-GlobalCap2,23,66000,2539515.66194898
12,V0-GlobalCap2,23,69000,2539515.66194898
12,V0-GlobalCap2,23,72000,2539515.66194898
12,V0-GlobalCap2,23,75000,2539515.66194898
12,V0-GlobalCap2,23,78000,2539515.66194898
12,V0-GlobalCap2,23,81000,1969279.12351506
12,V0-GlobalCap2,23,84000,1833673.80518036
12,V0-GlobalCap2,23,87000,1826485.74478807
12,V0-GlobalCap2,23,90000,1826485.74478807
12,V0-GlobalCap2,23,93000,1826485.74478807
12,V0-GlobalCap2,23,96000,1826485.74478807
12,V0-GlobalCap2,23,99000,1756877.46078288
12,V0-GlobalCap2,23,102000,1478641.84442321
12,V0-GlobalCap2,23,105000,1478641.84442321
12,V0-GlobalCap2,23,108000,1478641.84442321
12,V0-GlobalCap2,23,111000,1478641.84442321
12,V0-GlobalCap2,23,114000,1478641.84442321
12,V0-GlobalCap2,23,117000,1424333.86391404
12,V0-GlobalCap2,23,120000,1423592.95761783
12,V0-GlobalCap2,23,123000,1403496.97709411
12,V0-GlobalCap2,23,126000,1403423.12810648
12,V0-GlobalCap2,23,129000,1337109.56645216
12,V0-GlobalCap2,23,132000,1318284.04066461
12,V0-GlobalCap2,23,135000,1318284.04066461
12,V0-GlobalCap2,23,138000,1153251.69218666
12,V0-GlobalCap2,23,141000,1089873.89874565
12,V0-GlobalCap2,23,144000,1073683.07087634
12,V0-GlobalCap2,23,147000,1073683.07087634
12,V0-GlobalCap2,23,150000,1073683.07087634
12,V0-GlobalCap2,23,153000,1073683.07087634
12,V0-GlobalCap2,23,156000,1073683.07087634
12,V0-GlobalCap2,23,159000,1073683.07087634
12,V0-GlobalCap2,23,162000,1073683.07087634
12,V0-GlobalCap2,23,165000,1073683.07087634
12,V0-GlobalCap2,23,168000,1073683.07087634
12,V0-GlobalCap2,23,171000,1073683.07087634
12,V0-GlobalCap2,23,174000,1073683.07087634
12,V0-GlobalCap2,23,177000,1073683.07087634
12,V0-GlobalCap2,23,180000,1073683.07087634
12,V0-GlobalCap2,23,183000,1073683.07087634
12,V0-GlobalCap2,23,186000,1073683.07087634
12,V0-GlobalCap2,23,189000,1073683.07087634
12,V0-GlobalCap2,23,192000,1073683.07087634
12,V0-GlobalCap2,23,195000,1073683.07087634
12,V0-GlobalCap2,23,198000,1073683.07087634
12,V0-GlobalCap2,23,201000,1073683.07087634
12,V0-GlobalCap2,23,204000,1073683.07087634
12,V0-GlobalCap2,23,207000,1046252.31776107
12,V0-GlobalCap2,23,210000,974784.371903176
12,V0-GlobalCap2,23,213000,933606.07786022
12,V0-GlobalCap2,23,216000,868577.992555617
12,V0-GlobalCap2,23,219000,867907.711858341
12,V0-GlobalCap2,23,222000,846699.149157308
12,V0-GlobalCap2,23,225000,831680.238302173
12,V0-GlobalCap2,23,228000,700961.159232434
12,V0-GlobalCap2,23,231000,674109.222886419
12,V0-GlobalCap2,23,234000,652745.058399352
12,V0-GlobalCap2,23,237000,635445.940042181
12,V0-GlobalCap2,23,240000,593492.112184113
12,V0-GlobalCap2,23,243000,588643.950650752
12,V0-GlobalCap2,23,246000,588643.950650752
12,V0-GlobalCap2,23,249000,588603.880246241
12,V0-GlobalCap2,23,252000,582044.042422624
12,V0-GlobalCap2,23,255000,570626.006505888
12,V0-GlobalCap2,23,258000,566504.808440495
12,V0-GlobalCap2,23,261000,564448.331734551
12,V0-GlobalCap2,23,264000,549404.099536946
12,V0-GlobalCap2,23,267000,533938.184430497
12,V0-GlobalCap2,23,270000,521412.105165797
12,V0-GlobalCap2,23,273000,517152.599148276
12,V0-GlobalCap2,23,276000,509087.054109656
12,V0-GlobalCap2,23,279000,491293.78751502
12,V0-GlobalCap2,23,282000,475040.166209703
12,V0-GlobalCap2,23,285000,470330.975127326
12,V0-GlobalCap2,23,288000,470330.975127326
12,V0-GlobalCap2,23,291000,470330.975127326
12,V0-GlobalCap2,23,294000,470330.975127326
12,V0-GlobalCap2,23,297000,468840.002664961
12,V0-GlobalCap2,23,300000,458422.664209293
12,V1-Elite,23,3000,14941421.2125911
12,V1-Elite,23,6000,8736928.66630801
12,V1-Elite,23,9000,7127411.87053891
12,V1-Elite,23,12000,6205478.6227951
12,V1-Elite,23,15000,5537325.55382801
12,V1-Elite,23,18000,3792799.38592427
12,V1-Elite,23,21000,3554005.65833915
12,V1-Elite,23,24000,3497407.94974968
12,V1-Elite,23,27000,3120265.69621236
12,V1-Elite,23,30000,3088847.31818306
12,V1-Elite,23,33000,2811971.14667911
12,V1-Elite,23,36000,2711885.88283642
12,V1-Elite,23,39000,2711885.88283642
12,V1-Elite,23,42000,2419944.17569934
12,V1-Elite,23,45000,2227999.06362737
12,V1-Elite,23,48000,2227999.06362737
12,V1-Elite,23,51000,2195008.66052182
12,V1-Elite,23,54000,2195008.66052182
12,V1-Elite,23,57000,2195008.66052182
12,V1-Elite,23,60000,2195008.66052182
12,V1-Elite,23,63000,2166907.19201844
12,V1-Elite,23,66000,2139323.59191021
12,V1-Elite,23,69000,2105499.10915262
12,V1-Elite,23,72000,2105499.10915262
12,V1-Elite,23,75000,2096733.35165322
12,V1-Elite,23,78000,2096733.35165322
12,V1-Elite,23,81000,2096733.35165322
12,V1-Elite,23,84000,2096733.35165322
12,V1-Elite,23,87000,2024290.56475978
12,V1-Elite,23,90000,2024290.56475978
12,V1-Elite,23,93000,1959763.66208483
12,V1-Elite,23,96000,1959763.66208483
12,V1-Elite,23,99000,1954085.26955228
12,V1-Elite,23,102000,1952178.04032674
12,V1-Elite,23,105000,1952178.04032674
12,V1-Elite,23,108000,1919635.47161577
12,V1-Elite,23,111000,1919635.47161577
12,V1-Elite,23,114000,1919635.47161577
12,V1-Elite,23,117000,1919635.47161577
12,V1-Elite,23,120000,1873843.92403384
12,V1-Elite,23,123000,1792054.15127834
12,V1-Elite,23,126000,1792054.15127834
12,V1-Elite,23,129000,1791659.20260484
12,V1-Elite,23,132000,1791659.20260484
12,V1-Elite,23,135000,1787492.71276451
12,V1-Elite,23,138000,1774482.02164704
12,V1-Elite,23,141000,1761878.89561418
12,V1-Elite,23,144000,1761878.89561418
12,V1-Elite,23,147000,1761878.89561418
12,V1-Elite,23,150000,1758899.41688342
12,V1-Elite,23,153000,1758899.41688342
12,V1-Elite,23,156000,1745401.9401419
12,V1-Elite,23,159000,1704305.42865039
12,V1-Elite,23,162000,1704305.42865039
12,V1-Elite,23,165000,1704305.42865039
12,V1-Elite,23,168000,1699954.64866359
12,V1-Elite,23,171000,1680509.71231003
12,V1-Elite,23,174000,1667774.53821245
12,V1-Elite,23,177000,1667774.53821245
12,V1-Elite,23,180000,1667774.53821245
12,V1-Elite,23,183000,1667774.53821245
12,V1-Elite,23,186000,1667774.53821245
12,V1-Elite,23,189000,1667623.25157257
12,V1-Elite,23,192000,1667623.25157257
12,V1-Elite,23,195000,1667623.25157257
12,V1-Elite,23,198000,1664450.30818825
12,V1-Elite,23,201000,1664450.30818825
12,V1-Elite,23,204000,1660672.89950772
12,V1-Elite,23,207000,1660672.89950772
12,V1-Elite,23,210000,1658372.36482656
12,V1-Elite,23,213000,1658366.01508918
12,V1-Elite,23,216000,1658366.01508918
12,V1-Elite,23,219000,1658241.70748471
12,V1-Elite,23,222000,1651138.13550699
12,V1-Elite,23,225000,1627610.22517647
12,V1-Elite,23,228000,1626629.54092128
12,V1-Elite,23,231000,1619717.90015803
12,V1-Elite,23,234000,1604446.22121093
12,V1-Elite,23,237000,1604446.22121093
12,V1-Elite,23,240000,1604446.22121093
12,V1-Elite,23,243000,1594180.88909173
12,V1-Elite,23,246000,1594180.88909173
12,V1-Elite,23,249000,1577113.82100681
12,V1-Elite,23,252000,1567348.1709968
12,V1-Elite,23,255000,1567348.1709968
12,V1-Elite,23,258000,1567348.1709968
12,V1-Elite,23,261000,1567092.15707137
12,V1-Elite,23,264000,1557298.26392266
12,V1-Elite,23,267000,1557298.26392266
12,V1-Elite,23,270000,1555814.77722292
12,V1-Elite,23,273000,1533277.0517662
12,V1-Elite,23,276000,1529695.55558754
12,V1-Elite,23,279000,1522240.60070518
12,V1-Elite,23,282000,1504908.07167428
12,V1-Elite,23,285000,1498320.33890291
12,V1-Elite,23,288000,1490412.85606588
12,V1-Elite,23,291000,1489708.38873053
12,V1-Elite,23,294000,1486584.96137666
12,V1-Elite,23,297000,1481353.83587536
12,V1-Elite,23,300000,1476320.31868785
12,V2-EliteDiff,23,3000,107406147.126264
12,V2-EliteDiff,23,6000,23786802.7738813
12,V2-EliteDiff,23,9000,15960879.1197155
12,V2-EliteDiff,23,12000,13360440.6578924
12,V2-EliteDiff,23,15000,11861477.3422479
12,V2-EliteDiff,23,18000,11861477.3422479
12,V2-EliteDiff,23,21000,9891892.11680333
12,V2-EliteDiff,23,24000,7833360.9287094
12,V2-EliteDiff,23,27000,7564997.21007699
12,V2-EliteDiff,23,30000,7564997.21007699
12,V2-EliteDiff,23,33000,7564997.21007699
12,V2-EliteDiff,23,36000,7564997.21007699
12,V2-EliteDiff,23,39000,7564997.21007699
12,V2-EliteDiff,23,42000,7278219.6549519
12,V2-EliteDiff,23,45000,7278219.6549519
12,V2-EliteDiff,23,48000,6092362.31938991
12,V2-EliteDiff,23,51000,5727969.58467539
12,V2-EliteDiff,23,54000,5727969.58467539
12,V2-EliteDiff,23,57000,5232376.89489105
12,V2-EliteDiff,23,60000,4592470.73311678
12,V2-EliteDiff,23,63000,4592470.73311678
12,V2-EliteDiff,23,66000,3196955.85196695
12,V2-EliteDiff,23,69000,3196955.85196695
12,V2-EliteDiff,23,72000,2860030.68311019
12,V2-EliteDiff,23,75000,2860030.68311019
12,V2-EliteDiff,23,78000,2859880.78689123
12,V2-EliteDiff,23,81000,2859880.78689123
12,V2-EliteDiff,23,84000,2859880.78689123
12,V2-EliteDiff,23,87000,2859202.56505007
12,V2-EliteDiff,23,90000,2615879.9801207
12,V2-EliteDiff,23,93000,2615879.9801207
12,V2-EliteDiff,23,96000,2615879.9801207
12,V2-EliteDiff,23,99000,2558240.45307704
12,V2-EliteDiff,23,102000,2558240.45307704
12,V2-EliteDiff,23,105000,2088743.1494452
12,V2-EliteDiff,23,108000,2056680.01206096
12,V2-EliteDiff,23,111000,2056680.01206096
12,V2-EliteDiff,23,114000,2056680.01206096
12,V2-EliteDiff,23,117000,2044087.13925865
12,V2-EliteDiff,23,120000,2044087.13925865
12,V2-EliteDiff,23,123000,2043464.72077236
12,V2-EliteDiff,23,126000,2020327.06474243
12,V2-EliteDiff,23,129000,1966879.28853939
12,V2-EliteDiff,23,132000,1966879.28853939
12,V2-EliteDiff,23,135000,1966879.28853939
12,V2-EliteDiff,23,138000,1966879.28853939
12,V2-EliteDiff,23,141000,1859774.87956885
12,V2-EliteDiff,23,144000,1859774.87956885
12,V2-EliteDiff,23,147000,1782099.60655289
12,V2-EliteDiff,23,150000,1782099.60655289
12,V2-EliteDiff,23,153000,1782099.60655289
12,V2-EliteDiff,23,156000,1782099.60655289
12,V2-EliteDiff,23,159000,1782099.60655289
12,V2-EliteDiff,23,162000,1748546.51292187
12,V2-EliteDiff,23,165000,1748546.51292187
12,V2-EliteDiff,23,168000,1748546.51292187
12,V2-EliteDiff,23,171000,1748546.51292187
12,V2-EliteDiff,23,174000,1748365.8734073
12,V2-EliteDiff,23,177000,1748365.8734073
12,V2-EliteDiff,23,180000,1748365.8734073
12,V2-EliteDiff,23,183000,1748365.8734073
12,V2-EliteDiff,23,186000,1715353.66024429
12,V2-EliteDiff,23,189000,1715353.66024429
12,V2-EliteDiff,23,192000,1715353.66024429
12,V2-EliteDiff,23,195000,1715353.66024429
12,V2-EliteDiff,23,198000,1715353.66024429
12,V2-EliteDiff,23,201000,1715353.66024429
12,V2-EliteDiff,23,204000,1687953.77486281
12,V2-EliteDiff,23,207000,1579895.07267215
12,V2-EliteDiff,23,210000,1579895.07267215
12,V2-EliteDiff,23,213000,1579895.07267215
12,V2-EliteDiff,23,216000,1579895.07267215
12,V2-EliteDiff,23,219000,1579895.07267215
12,V2-EliteDiff,23,222000,1543253.72409453
12,V2-EliteDiff,23,225000,1543253.72409453
12,V2-EliteDiff,23,228000,1543253.72409453
12,V2-EliteDiff,23,231000,1543253.72409453
12,V2-EliteDiff,23,234000,1543253.72409453
12,V2-EliteDiff,23,237000,1443912.25403452
12,V2-EliteDiff,23,240000,1381003.73530691
12,V2-EliteDiff,23,243000,1381003.73530691
12,V2-EliteDiff,23,246000,1381003.73530691
12,V2-EliteDiff,23,249000,1381003.73530691
12,V2-EliteDiff,23,252000,1381003.73530691
12,V2-EliteDiff,23,255000,1381003.73530691
12,V2-EliteDiff,23,258000,1381003.73530691
12,V2-EliteDiff,23,261000,1381003.73530691
12,V2-EliteDiff,23,264000,1381003.73530691
12,V2-EliteDiff,23,267000,1381003.73530691
12,V2-EliteDiff,23,270000,1381003.73530691
12,V2-EliteDiff,23,273000,1381003.73530691
12,V2-EliteDiff,23,276000,1381003.73530691
12,V2-EliteDiff,23,279000,1381003.73530691
12,V2-EliteDiff,23,282000,1381003.73530691
12,V2-EliteDiff,23,285000,1381003.73530691
12,V2-EliteDiff,23,288000,1284401.67457474
12,V2-EliteDiff,23,291000,1284401.67457474
12,V2-EliteDiff,23,294000,1272405.45504636
12,V2-EliteDiff,23,297000,1257322.63511133
12,V2-EliteDiff,23,300000,1257322.63511133
15,V0-GlobalCap2,21,3000,134984873.328759
15,V0-GlobalCap2,21,6000,134984873.328759
15,V0-GlobalCap2,21,9000,137496.260854372
15,V0-GlobalCap2,21,12000,78811.6826676643
15,V0-GlobalCap2,21,15000,12931.4939080175
15,V0-GlobalCap2,21,18000,8362.44969402641
15,V0-GlobalCap2,21,21000,4314.54579149719
15,V0-GlobalCap2,21,24000,4242.81885422824
15,V0-GlobalCap2,21,27000,4235.48521237892
15,V0-GlobalCap2,21,30000,4235.48521237892
15,V0-GlobalCap2,21,33000,4235.48521237892
15,V0-GlobalCap2,21,36000,4235.48521237892
15,V0-GlobalCap2,21,39000,4235.48521237892
15,V0-GlobalCap2,21,42000,4235.48521237892
15,V0-GlobalCap2,21,45000,4235.48521237892
15,V0-GlobalCap2,21,48000,4235.48521237892
15,V0-GlobalCap2,21,51000,3916.70903400113
15,V0-GlobalCap2,21,54000,3916.70903400113
15,V0-GlobalCap2,21,57000,3916.70903400113
15,V0-GlobalCap2,21,60000,3916.70903400113
15,V0-GlobalCap2,21,63000,3916.70903400113
15,V0-GlobalCap2,21,66000,3916.70903400113
15,V0-GlobalCap2,21,69000,3916.70903400113
15,V0-GlobalCap2,21,72000,3916.70903400113
15,V0-GlobalCap2,21,75000,3916.70903400113
15,V0-GlobalCap2,21,78000,3916.70903400113
15,V0-GlobalCap2,21,81000,3916.70903400113
15,V0-GlobalCap2,21,84000,3916.70903400113
15,V0-GlobalCap2,21,87000,3916.70903400113
15,V0-GlobalCap2,21,90000,3916.70903400113
15,V0-GlobalCap2,21,93000,3916.70903400113
15,V0-GlobalCap2,21,96000,3916.70903400113
15,V0-GlobalCap2,21,99000,3916.70903400113
15,V0-GlobalCap2,21,102000,3916.70903400113
15,V0-GlobalCap2,21,105000,3916.70903400113
15,V0-GlobalCap2,21,108000,3916.70903400113
15,V0-GlobalCap2,21,111000,3916.70903400113
15,V0-GlobalCap2,21,114000,3916.70903400113
15,V0-GlobalCap2,21,117000,3916.70903400113
15,V0-GlobalCap2,21,120000,3916.70903400113
15,V0-GlobalCap2,21,123000,3916.70903400113
15,V0-GlobalCap2,21,126000,3916.70903400113
15,V0-GlobalCap2,21,129000,3916.70903400113
15,V0-GlobalCap2,21,132000,3916.70903400113
15,V0-GlobalCap2,21,135000,3916.70903400113
15,V0-GlobalCap2,21,138000,3916.70903400113
15,V0-GlobalCap2,21,141000,3916.70903400113
15,V0-GlobalCap2,21,144000,3916.70903400113
15,V0-GlobalCap2,21,147000,3916.70903400113
15,V0-GlobalCap2,21,150000,3916.70903400113
15,V0-GlobalCap2,21,153000,3916.70903400113
15,V0-GlobalCap2,21,156000,3916.70903400113
15,V0-GlobalCap2,21,159000,3916.70903400113
15,V0-GlobalCap2,21,162000,3916.70903400113
15,V0-GlobalCap2,21,165000,3916.70903400113
15,V0-GlobalCap2,21,168000,3916.70903400113
15,V0-GlobalCap2,21,171000,3916.70903400113
15,V0-GlobalCap2,21,174000,3916.70903400113
15,V0-GlobalCap2,21,177000,3648.6110078328
15,V0-GlobalCap2,21,180000,3187.34015347496
15,V0-GlobalCap2,21,183000,3187.34015347496
15,V0-GlobalCap2,21,186000,3187.34015347496
15,V0-GlobalCap2,21,189000,3187.34015347496
15,V0-GlobalCap2,21,192000,3187.34015347496
15,V0-GlobalCap2,21,195000,3187.34015347496
15,V0-GlobalCap2,21,198000,3187.34015347496
15,V0-GlobalCap2,21,201000,3187.34015347496
15,V0-GlobalCap2,21,204000,2106.65677184917
15,V0-GlobalCap2,21,207000,1588.29724695858
15,V0-GlobalCap2,21,210000,1583.57544735713
15,V0-GlobalCap2,21,213000,1326.35593026655
15,V0-GlobalCap2,21,216000,1025.45988852854
15,V0-GlobalCap2,21,219000,768.71917384101
15,V0-GlobalCap2,21,222000,768.71917384101
15,V0-GlobalCap2,21,225000,768.71917384101
15,V0-GlobalCap2,21,228000,768.71917384101
15,V0-GlobalCap2,21,231000,768.71917384101
15,V0-GlobalCap2,21,234000,768.71917384101
15,V0-GlobalCap2,21,237000,768.71917384101
15,V0-GlobalCap2,21,240000,768.71917384101
15,V0-GlobalCap2,21,243000,768.71917384101
15,V0-GlobalCap2,21,246000,768.71917384101
15,V0-GlobalCap2,21,249000,768.71917384101
15,V0-GlobalCap2,21,252000,768.71917384101
15,V0-GlobalCap2,21,255000,768.71917384101
15,V0-GlobalCap2,21,258000,768.71917384101
15,V0-GlobalCap2,21,261000,768.71917384101
15,V0-GlobalCap2,21,264000,768.71917384101
15,V0-GlobalCap2,21,267000,768.71917384101
15,V0-GlobalCap2,21,270000,768.71917384101
15,V0-GlobalCap2,21,273000,768.71917384101
15,V0-GlobalCap2,21,276000,768.71917384101
15,V0-GlobalCap2,21,279000,768.71917384101
15,V0-GlobalCap2,21,282000,768.71917384101
15,V0-GlobalCap2,21,285000,558.29718885644
15,V0-GlobalCap2,21,288000,558.29718885644
15,V0-GlobalCap2,21,291000,558.29718885644
15,V0-GlobalCap2,21,294000,558.29718885644
15,V0-GlobalCap2,21,297000,558.29718885644
15,V0-GlobalCap2,21,300000,558.29718885644
15,V1-Elite,21,3000,332336.959891353
15,V1-Elite,21,6000,23222.7479269486
15,V1-Elite,21,9000,9919.40050070319
15,V1-Elite,21,12000,6232.96517893965
15,V1-Elite,21,15000,3064.39638982343
15,V1-Elite,21,18000,2297.84456540698
15,V1-Elite,21,21000,2178.63551995763
15,V1-Elite,21,24000,2144.56639109874
15,V1-Elite,21,27000,2100.26671875765
15,V1-Elite,21,30000,1853.3822558303
15,V1-Elite,21,33000,1836.76127060218
15,V1-Elite,21,36000,1814.96200169343
15,V1-Elite,21,39000,1810.97292320524
15,V1-Elite,21,42000,1583.74560673021
15,V1-Elite,21,45000,1532.70713470888
15,V1-Elite,21,48000,1529.90894507288
15,V1-Elite,21,51000,1523.98933316726
15,V1-Elite,21,54000,1517.06692064042
15,V1-Elite,21,57000,1498.75541817545
15,V1-Elite,21,60000,1492.56999882294
15,V1-Elite,21,63000,1487.12617117802
15,V1-Elite,21,66000,920.587851886932
15,V1-Elite,21,69000,909.616754568549
15,V1-Elite,21,72000,793.162160729434
15,V1-Elite,21,75000,781.481090924039
15,V1-Elite,21,78000,774.275519460591
15,V1-Elite,21,81000,771.643620119316
15,V1-Elite,21,84000,770.599667747857
15,V1-Elite,21,87000,770.599667747857
15,V1-Elite,21,90000,770.599667747857
15,V1-Elite,21,93000,768.841117192563
15,V1-Elite,21,96000,685.623477644971
15,V1-Elite,21,99000,683.669805188729
15,V1-Elite,21,102000,682.318978061779
15,V1-Elite,21,105000,682.107913835142
15,V1-Elite,21,108000,681.051059492152
15,V1-Elite,21,111000,679.309918024063
15,V1-Elite,21,114000,679.309918024063
15,V1-Elite,21,117000,677.796210926329
15,V1-Elite,21,120000,676.743414676065
15,V1-Elite,21,123000,676.743414676065
15,V1-Elite,21,126000,676.430282864585
15,V1-Elite,21,129000,668.259430025953
15,V1-Elite,21,132000,662.241945458577
15,V1-Elite,21,135000,661.896036717028
15,V1-Elite,21,138000,661.825080265567
15,V1-Elite,21,141000,661.616289412596
15,V1-Elite,21,144000,659.532451251933
15,V1-Elite,21,147000,659.532451251933
15,V1-Elite,21,150000,659.532451251933
15,V1-Elite,21,153000,632.168433637699
15,V1-Elite,21,156000,628.821226621183
15,V1-Elite,21,159000,628.431679650628
15,V1-Elite,21,162000,628.431679650628
15,V1-Elite,21,165000,628.103396128521
15,V1-Elite,21,168000,622.70677694012
15,V1-Elite,21,171000,621.367724596824
15,V1-Elite,21,174000,619.928136893652
15,V1-Elite,21,177000,619.557866803886
15,V1-Elite,21,180000,619.557866803886
15,V1-Elite,21,183000,619.557866803886
15,V1-Elite,21,186000,619.285920870967
15,V1-Elite,21,189000,619.285920870967
15,V1-Elite,21,192000,619.2814971595
15,V1-Elite,21,195000,619.2814971595
15,V1-Elite,21,198000,619.2814971595
15,V1-Elite,21,201000,619.2814971595
15,V1-Elite,21,204000,619.2814971595
15,V1-Elite,21,207000,619.116597214954
15,V1-Elite,21,210000,619.116597214954
15,V1-Elite,21,213000,618.671301341461
15,V1-Elite,21,216000,617.563871281841
15,V1-Elite,21,219000,617.22422376723
15,V1-Elite,21,222000,617.22422376723
15,V1-Elite,21,225000,617.22422376723
15,V1-Elite,21,228000,616.974018878455
15,V1-Elite,21,231000,616.974018878455
15,V1-Elite,21,234000,616.974018878455
15,V1-Elite,21,237000,616.926811468891
15,V1-Elite,21,240000,616.89896151801
15,V1-Elite,21,243000,616.865355099008
15,V1-Elite,21,246000,616.779033920729
15,V1-Elite,21,249000,616.751892800989
15,V1-Elite,21,252000,616.736777642986
15,V1-Elite,21,255000,616.736777642986
15,V1-Elite,21,258000,616.704944233755
15,V1-Elite,21,261000,616.549890268654
15,V1-Elite,21,264000,616.549890268654
15,V1-Elite,21,267000,616.549890268654
15,V1-Elite,21,270000,616.549890268654
15,V1-Elite,21,273000,616.517260813408
15,V1-Elite,21,276000,616.517260813408
15,V1-Elite,21,279000,616.386591321745
15,V1-Elite,21,282000,616.335716131149
15,V1-Elite,21,285000,614.805046207011
15,V1-Elite,21,288000,614.725878277121
15,V1-Elite,21,291000,614.68765567173
15,V1-Elite,21,294000,614.683609337651
15,V1-Elite,21,297000,614.671234908517
15,V1-Elite,21,300000,614.66114815185
15,V2-EliteDiff,21,3000,6550853.86531606
15,V2-EliteDiff,21,6000,3569515.67892491
15,V2-EliteDiff,21,9000,1343530.69843328
15,V2-EliteDiff,21,12000,94505.8475971103
15,V2-EliteDiff,21,15000,94458.3915471056
15,V2-EliteDiff,21,18000,87321.4992422826
15,V2-EliteDiff,21,21000,21680.6181757145
15,V2-EliteDiff,21,24000,18887.6826550998
15,V2-EliteDiff,21,27000,18835.3074773371
15,V2-EliteDiff,21,30000,16021.8475873086
15,V2-EliteDiff,21,33000,16021.8475873086
15,V2-EliteDiff,21,36000,11209.0233932131
15,V2-EliteDiff,21,39000,9473.22890015214
15,V2-EliteDiff,21,42000,9439.21801315907
15,V2-EliteDiff,21,45000,9437.90536974378
15,V2-EliteDiff,21,48000,9437.90536974378
15,V2-EliteDiff,21,51000,9437.90536974378
15,V2-EliteDiff,21,54000,9437.90536974378
15,V2-EliteDiff,21,57000,9437.90536974378
15,V2-EliteDiff,21,60000,9437.90536974378
15,V2-EliteDiff,21,63000,9430.79772588003
15,V2-EliteDiff,21,66000,9430.79772588003
15,V2-EliteDiff,21,69000,9402.30090016791
15,V2-EliteDiff,21,72000,9402.30090016791
15,V2-EliteDiff,21,75000,9402.30090016791
15,V2-EliteDiff,21,78000,9398.65284526387
15,V2-EliteDiff,21,81000,9398.04139739492
15,V2-EliteDiff,21,84000,9383.27477817976
15,V2-EliteDiff,21,87000,9383.27477817976
15,V2-EliteDiff,21,90000,9377.32160347478
15,V2-EliteDiff,21,93000,9377.32160347478
15,V2-EliteDiff,21,96000,9377.32160347478
15,V2-EliteDiff,21,99000,9367.92551380271
15,V2-EliteDiff,21,102000,9364.09711153925
15,V2-EliteDiff,21,105000,9364.09711153925
15,V2-EliteDiff,21,108000,9050.05073223479
15,V2-EliteDiff,21,111000,9017.21333972815
15,V2-EliteDiff,21,114000,9017.21333972815
15,V2-EliteDiff,21,117000,9006.31958734311
15,V2-EliteDiff,21,120000,9000.83209451624
15,V2-EliteDiff,21,123000,9000.83209451624
15,V2-EliteDiff,21,126000,8990.87645347488
15,V2-EliteDiff,21,129000,8825.2673574047
15,V2-EliteDiff,21,132000,8825.2673574047
15,V2-EliteDiff,21,135000,8825.2673574047
15,V2-EliteDiff,21,138000,8825.2673574047
15,V2-EliteDiff,21,141000,8825.2673574047
15,V2-EliteDiff,21,144000,8825.2673574047
15,V2-EliteDiff,21,147000,8819.62910557111
15,V2-EliteDiff,21,150000,8819.62910557111
15,V2-EliteDiff,21,153000,8819.62910557111
15,V2-EliteDiff,21,156000,8819.62910557111
15,V2-EliteDiff,21,159000,8819.62910557111
15,V2-EliteDiff,21,162000,8819.62910557111
15,V2-EliteDiff,21,165000,8819.62910557111
15,V2-EliteDiff,21,168000,8819.62910557111
15,V2-EliteDiff,21,171000,8819.62910557111
15,V2-EliteDiff,21,174000,8813.10027585154
15,V2-EliteDiff,21,177000,8813.10027585154
15,V2-EliteDiff,21,180000,8813.10027585154
15,V2-EliteDiff,21,183000,8813.10027585154
15,V2-EliteDiff,21,186000,8811.68474393585
15,V2-EliteDiff,21,189000,8808.98693677641
15,V2-EliteDiff,21,192000,8808.98693677641
15,V2-EliteDiff,21,195000,8808.98693677641
15,V2-EliteDiff,21,198000,8808.98693677641
15,V2-EliteDiff,21,201000,8808.98693677641
15,V2-EliteDiff,21,204000,8808.98693677641
15,V2-EliteDiff,21,207000,8808.98693677641
15,V2-EliteDiff,21,210000,8808.98693677641
15,V2-EliteDiff,21,213000,8808.98693677641
15,V2-EliteDiff,21,216000,8808.98693677641
15,V2-EliteDiff,21,219000,8808.98693677641
15,V2-EliteDiff,21,222000,8808.78779035425
15,V2-EliteDiff,21,225000,8808.78779035425
15,V2-EliteDiff,21,228000,8808.78779035425
15,V2-EliteDiff,21,231000,8808.78779035425
15,V2-EliteDiff,21,234000,8804.7495689411
15,V2-EliteDiff,21,237000,8706.92295092704
15,V2-EliteDiff,21,240000,8617.69912788893
15,V2-EliteDiff,21,243000,8597.10830885447
15,V2-EliteDiff,21,246000,8597.10830885447
15,V2-EliteDiff,21,249000,8597.10830885447
15,V2-EliteDiff,21,252000,8597.10830885447
15,V2-EliteDiff,21,255000,8591.14553243205
15,V2-EliteDiff,21,258000,8591.14553243205
15,V2-EliteDiff,21,261000,8591.14553243205
15,V2-EliteDiff,21,264000,8591.14553243205
15,V2-EliteDiff,21,267000,8591.14553243205
15,V2-EliteDiff,21,270000,8591.14553243205
15,V2-EliteDiff,21,273000,8591.14553243205
15,V2-EliteDiff,21,276000,8591.14553243205
15,V2-EliteDiff,21,279000,8589.88989273565
15,V2-EliteDiff,21,282000,8589.88989273565
15,V2-EliteDiff,21,285000,8586.1111073449
15,V2-EliteDiff,21,288000,8584.77287379726
15,V2-EliteDiff,21,291000,8584.77287379726
15,V2-EliteDiff,21,294000,8584.77287379726
15,V2-EliteDiff,21,297000,8584.65937179958
15,V2-EliteDiff,21,300000,8584.65937179958
15,V0-GlobalCap2,22,3000,100648671.421192
15,V0-GlobalCap2,22,6000,1368923.10573889
15,V0-GlobalCap2,22,9000,1368923.10573889
15,V0-GlobalCap2,22,12000,161871.393829509
15,V0-GlobalCap2,22,15000,21381.0350669859
15,V0-GlobalCap2,22,18000,11866.9255601612
15,V0-GlobalCap2,22,21000,5398.39628281438
15,V0-GlobalCap2,22,24000,5035.91465002266
15,V0-GlobalCap2,22,27000,5023.04486383861
15,V0-GlobalCap2,22,30000,4598.67278466303
15,V0-GlobalCap2,22,33000,4564.75900927304
15,V0-GlobalCap2,22,36000,4425.9715994354
15,V0-GlobalCap2,22,39000,4413.57946041191
15,V0-GlobalCap2,22,42000,4398.90924014263
15,V0-GlobalCap2,22,45000,4384.74445648777
15,V0-GlobalCap2,22,48000,2777.66182366715
15,V0-GlobalCap2,22,51000,2766.56598715376
15,V0-GlobalCap2,22,54000,2762.69793994647
15,V0-GlobalCap2,22,57000,2762.69793994647
15,V0-GlobalCap2,22,60000,2762.69793994647
15,V0-GlobalCap2,22,63000,2762.69793994647
15,V0-GlobalCap2,22,66000,2762.69793994647
15,V0-GlobalCap2,22,69000,2762.69793994647
15,V0-GlobalCap2,22,72000,2762.69793994647
15,V0-GlobalCap2,22,75000,2762.69793994647
15,V0-GlobalCap2,22,78000,2762.69793994647
15,V0-GlobalCap2,22,81000,2762.69793994647
15,V0-GlobalCap2,22,84000,1078.33749899483
15,V0-GlobalCap2,22,87000,1078.33749899483
15,V0-GlobalCap2,22,90000,1078.33749899483
15,V0-GlobalCap2,22,93000,1078.33749899483
15,V0-GlobalCap2,22,96000,1078.33749899483
15,V0-GlobalCap2,22,99000,1078.33749899483
15,V0-GlobalCap2,22,102000,1078.33749899483
15,V0-GlobalCap2,22,105000,1078.33749899483
15,V0-GlobalCap2,22,108000,1078.33749899483
15,V0-GlobalCap2,22,111000,1078.33749899483
15,V0-GlobalCap2,22,114000,1078.33749899483
15,V0-GlobalCap2,22,117000,1078.33749899483
15,V0-GlobalCap2,22,120000,1078.33749899483
15,V0-GlobalCap2,22,123000,1078.33749899483
15,V0-GlobalCap2,22,126000,1078.33749899483
15,V0-GlobalCap2,22,129000,1078.33749899483
15,V0-GlobalCap2,22,132000,1078.33749899483
15,V0-GlobalCap2,22,135000,1078.33749899483
15,V0-GlobalCap2,22,138000,1078.33749899483
15,V0-GlobalCap2,22,141000,1078.33749899483
15,V0-GlobalCap2,22,144000,1078.33749899483
15,V0-GlobalCap2,22,147000,1078.33749899483
15,V0-GlobalCap2,22,150000,1078.33749899483
15,V0-GlobalCap2,22,153000,1078.33749899483
15,V0-GlobalCap2,22,156000,1078.33749899483
15,V0-GlobalCap2,22,159000,1078.33749899483
15,V0-GlobalCap2,22,162000,1078.33749899483
15,V0-GlobalCap2,22,165000,1078.33749899483
15,V0-GlobalCap2,22,168000,1078.33749899483
15,V0-GlobalCap2,22,171000,1078.33749899483
15,V0-GlobalCap2,22,174000,1075.69913507476
15,V0-GlobalCap2,22,177000,643.780462936485
15,V0-GlobalCap2,22,180000,640.617598160859
15,V0-GlobalCap2,22,183000,590.003739672082
15,V0-GlobalCap2,22,186000,587.784723195013
15,V0-GlobalCap2,22,189000,586.892646712422
15,V0-GlobalCap2,22,192000,528.63262859835
15,V0-GlobalCap2,22,195000,528.081456050958
15,V0-GlobalCap2,22,198000,490.867361613897
15,V0-GlobalCap2,22,201000,490.332592430174
15,V0-GlobalCap2,22,204000,490.332592430174
15,V0-GlobalCap2,22,207000,490.332592430174
15,V0-GlobalCap2,22,210000,490.332592430174
15,V0-GlobalCap2,22,213000,490.332592430174
15,V0-GlobalCap2,22,216000,490.332592430174
15,V0-GlobalCap2,22,219000,391.363284419431
15,V0-GlobalCap2,22,222000,391.341522784001
15,V0-GlobalCap2,22,225000,390.923620110658
15,V0-GlobalCap2,22,228000,390.923620110658
15,V0-GlobalCap2,22,231000,390.923620110658
15,V0-GlobalCap2,22,234000,390.923620110658
15,V0-GlobalCap2,22,237000,390.923620110658
15,V0-GlobalCap2,22,240000,390.923620110658
15,V0-GlobalCap2,22,243000,390.923620110658
15,V0-GlobalCap2,22,246000,390.923620110658
15,V0-GlobalCap2,22,249000,390.923620110658
15,V0-GlobalCap2,22,252000,390.923620110658
15,V0-GlobalCap2,22,255000,390.923620110658
15,V0-GlobalCap2,22,258000,390.923620110658
15,V0-GlobalCap2,22,261000,390.923620110658
15,V0-GlobalCap2,22,264000,390.923620110658
15,V0-GlobalCap2,22,267000,390.923620110658
15,V0-GlobalCap2,22,270000,390.923620110658
15,V0-GlobalCap2,22,273000,390.923620110658
15,V0-GlobalCap2,22,276000,390.923620110658
15,V0-GlobalCap2,22,279000,390.923620110658
15,V0-GlobalCap2,22,282000,390.923620110658
15,V0-GlobalCap2,22,285000,390.923620110658
15,V0-GlobalCap2,22,288000,390.923620110658
15,V0-GlobalCap2,22,291000,390.923620110658
15,V0-GlobalCap2,22,294000,390.923620110658
15,V0-GlobalCap2,22,297000,390.923620110658
15,V0-GlobalCap2,22,300000,390.923620110658
15,V1-Elite,22,3000,77204.9511045688
15,V1-Elite,22,6000,32816.1521588891
15,V1-Elite,22,9000,25607.4468601558
15,V1-Elite,22,12000,14862.4105635169
15,V1-Elite,22,15000,14345.8776920198
15,V1-Elite,22,18000,13460.9610680053
15,V1-Elite,22,21000,13414.6436715673
15,V1-Elite,22,24000,13399.9353459405
15,V1-Elite,22,27000,13391.0432259041
15,V1-Elite,22,30000,13380.9275868303
15,V1-Elite,22,33000,13378.0191656765
15,V1-Elite,22,36000,13237.3827916308
15,V1-Elite,22,39000,13222.8249653843
15,V1-Elite,22,42000,13206.5322298177
15,V1-Elite,22,45000,10714.3725548624
15,V1-Elite,22,48000,10714.2663630867
15,V1-Elite,22,51000,10706.7587847091
15,V1-Elite,22,54000,10706.7587847091
15,V1-Elite,22,57000,10706.7587847091
15,V1-Elite,22,60000,10529.966332392
15,V1-Elite,22,63000,10295.5417937122
15,V1-Elite,22,66000,10049.4862516604
15,V1-Elite,22,69000,10018.0370610279
15,V1-Elite,22,72000,10011.4856729289
15,V1-Elite,22,75000,10011.2844832762
15,V1-Elite,22,78000,10006.1608039669
15,V1-Elite,22,81000,10005.334109369
15,V1-Elite,22,84000,10001.5554352083
15,V1-Elite,22,87000,9998.39401771532
15,V1-Elite,22,90000,9996.29291850165
15,V1-Elite,22,93000,9996.29291850165
15,V1-Elite,22,96000,9994.48247979693
15,V1-Elite,22,99000,9994.48247979693
15,V1-Elite,22,102000,9994.48247979693
15,V1-Elite,22,105000,9993.65031701643
15,V1-Elite,22,108000,9993.45418870625
15,V1-Elite,22,111000,9993.45238226746
15,V1-Elite,22,114000,9992.19692137121
15,V1-Elite,22,117000,9990.96173798266
15,V1-Elite,22,120000,9989.79297805603
15,V1-Elite,22,123000,9989.52449572247
15,V1-Elite,22,126000,5330.13424412151
15,V1-Elite,22,129000,4950.65095396941
15,V1-Elite,22,132000,4910.24648782681
15,V1-Elite,22,135000,4772.6062108303
15,V1-Elite,22,138000,4768.03337171951
15,V1-Elite,22,141000,4317.14259840661
15,V1-Elite,22,144000,4127.33062607503
15,V1-Elite,22,147000,4116.3764010863
15,V1-Elite,22,150000,4116.01508036862
15,V1-Elite,22,153000,4085.95724063008
15,V1-Elite,22,156000,4080.510919769
15,V1-Elite,22,159000,4077.86992025937
15,V1-Elite,22,162000,4075.99290324912
15,V1-Elite,22,165000,4075.96473111442
15,V1-Elite,22,168000,3260.07129454871
15,V1-Elite,22,171000,3258.27241639219
15,V1-Elite,22,174000,3255.16101999936
15,V1-Elite,22,177000,2257.89855154813
15,V1-Elite,22,180000,2257.12027534342
15,V1-Elite,22,183000,2256.94942259451
15,V1-Elite,22,186000,2256.94942259451
15,V1-Elite,22,189000,2256.85558399812
15,V1-Elite,22,192000,901.291390963321
15,V1-Elite,22,195000,670.524096673849
15,V1-Elite,22,198000,655.897205877647
15,V1-Elite,22,201000,448.390937568815
15,V1-Elite,22,204000,445.99019521688
15,V1-Elite,22,207000,445.301742426024
15,V1-Elite,22,210000,443.756722615796
15,V1-Elite,22,213000,442.830246385986
15,V1-Elite,22,216000,442.830246385986
15,V1-Elite,22,219000,441.121864160312
15,V1-Elite,22,222000,441.051292501721
15,V1-Elite,22,225000,440.487796800352
15,V1-Elite,22,228000,439.720784813584
15,V1-Elite,22,231000,439.118109508885
15,V1-Elite,22,234000,439.118109508885
15,V1-Elite,22,237000,438.754290599219
15,V1-Elite,22,240000,438.498962113732
15,V1-Elite,22,243000,383.158402670441
15,V1-Elite,22,246000,381.858334460841
15,V1-Elite,22,249000,381.482266295036
15,V1-Elite,22,252000,380.601059806422
15,V1-Elite,22,255000,380.601059806422
15,V1-Elite,22,258000,380.257698872508
15,V1-Elite,22,261000,292.339476274872
15,V1-Elite,22,264000,292.201777063398
15,V1-Elite,22,267000,281.067675817627
15,V1-Elite,22,270000,280.510411592254
15,V1-Elite,22,273000,280.203861464164
15,V1-Elite,22,276000,278.341845000786
15,V1-Elite,22,279000,278.221026096826
15,V1-Elite,22,282000,268.114537114161
15,V1-Elite,22,285000,268.114537114161
15,V1-Elite,22,288000,268.033951977847
15,V1-Elite,22,291000,268.004413425754
15,V1-Elite,22,294000,267.935152405789
15,V1-Elite,22,297000,263.90076921402
15,V1-Elite,22,300000,258.441222956522
15,V2-EliteDiff,22,3000,284224.211657339
15,V2-EliteDiff,22,6000,284177.935113297
15,V2-EliteDiff,22,9000,35741.7085139017
15,V2-EliteDiff,22,12000,35688.817514458
15,V2-EliteDiff,22,15000,32186.5732763444
15,V2-EliteDiff,22,18000,32186.5732763444
15,V2-EliteDiff,22,21000,28820.6334210062
15,V2-EliteDiff,22,24000,28075.9451698116
15,V2-EliteDiff,22,27000,13037.254431001
15,V2-EliteDiff,22,30000,12000.9234078546
15,V2-EliteDiff,22,33000,9252.33417956634
15,V2-EliteDiff,22,36000,9243.75633710954
15,V2-EliteDiff,22,39000,8870.97417860411
15,V2-EliteDiff,22,42000,8607.05629153782
15,V2-EliteDiff,22,45000,5870.87066514649
15,V2-EliteDiff,22,48000,5852.03170271218
15,V2-EliteDiff,22,51000,4975.51685828432
15,V2-EliteDiff,22,54000,4975.51685828432
15,V2-EliteDiff,22,57000,4176.28237722423
15,V2-EliteDiff,22,60000,4090.38132792775
15,V2-EliteDiff,22,63000,4059.87308563905
15,V2-EliteDiff,22,66000,4047.71046765752
15,V2-EliteDiff,22,69000,4044.799484575
15,V2-EliteDiff,22,72000,4044.799484575
15,V2-EliteDiff,22,75000,4043.25202136588
15,V2-EliteDiff,22,78000,4043.25202136588
15,V2-EliteDiff,22,81000,4043.25202136588
15,V2-EliteDiff,22,84000,4043.25202136588
15,V2-EliteDiff,22,87000,4041.78641923921
15,V2-EliteDiff,22,90000,4041.78641923921
15,V2-EliteDiff,22,93000,4018.65471715367
15,V2-EliteDiff,22,96000,4018.65471715367
15,V2-EliteDiff,22,99000,4018.65471715367
15,V2-EliteDiff,22,102000,4018.65471715367
15,V2-EliteDiff,22,105000,4018.65471715367
15,V2-EliteDiff,22,108000,3827.42498437517
15,V2-EliteDiff,22,111000,3806.30512142659
15,V2-EliteDiff,22,114000,3778.18024141664
15,V2-EliteDiff,22,117000,3752.27934615317
15,V2-EliteDiff,22,120000,3743.01910556336
15,V2-EliteDiff,22,123000,3732.87503013582
15,V2-EliteDiff,22,126000,3732.87503013582
15,V2-EliteDiff,22,129000,3732.87503013582
15,V2-EliteDiff,22,132000,3732.87503013582
15,V2-EliteDiff,22,135000,3732.87503013582
15,V2-EliteDiff,22,138000,3732.87503013582
15,V2-EliteDiff,22,141000,3732.87503013582
15,V2-EliteDiff,22,144000,3732.87503013582
15,V2-EliteDiff,22,147000,3729.26762950614
15,V2-EliteDiff,22,150000,3729.26762950614
15,V2-EliteDiff,22,153000,3729.26762950614
15,V2-EliteDiff,22,156000,3729.26762950614
15,V2-EliteDiff,22,159000,3729.26762950614
15,V2-EliteDiff,22,162000,3729.26762950614
15,V2-EliteDiff,22,165000,3729.26762950614
15,V2-EliteDiff,22,168000,3729.26762950614
15,V2-EliteDiff,22,171000,3729.14335286673
15,V2-EliteDiff,22,174000,3729.14335286673
15,V2-EliteDiff,22,177000,3729.14335286673
15,V2-EliteDiff,22,180000,3713.59793502788
15,V2-EliteDiff,22,183000,3713.59793502788
15,V2-EliteDiff,22,186000,3713.59793502788
15,V2-EliteDiff,22,189000,3713.59793502788
15,V2-EliteDiff,22,192000,2820.04363098157
15,V2-EliteDiff,22,195000,2777.1140665968
15,V2-EliteDiff,22,198000,2777.1140665968
15,V2-EliteDiff,22,201000,2480.11140355026
15,V2-EliteDiff,22,204000,2447.83861451299
15,V2-EliteDiff,22,207000,2447.83861451299
15,V2-EliteDiff,22,210000,2447.73097309115
15,V2-EliteDiff,22,213000,2447.73097309115
15,V2-EliteDiff,22,216000,2261.80475082381
15,V2-EliteDiff,22,219000,2246.19171149738
15,V2-EliteDiff,22,222000,2239.66525114797
15,V2-EliteDiff,22,225000,2233.9378704812
15,V2-EliteDiff,22,228000,2193.57598594931
15,V2-EliteDiff,22,231000,1617.34911038603
15,V2-EliteDiff,22,234000,1591.31033794966
15,V2-EliteDiff,22,237000,1589.65465124746
15,V2-EliteDiff,22,240000,1589.65465124746
15,V2-EliteDiff,22,243000,1572.2175809897
15,V2-EliteDiff,22,246000,1558.23373257899
15,V2-EliteDiff,22,249000,1558.23373257899
15,V2-EliteDiff,22,252000,1557.80992983618
15,V2-EliteDiff,22,255000,1539.81907382443
15,V2-EliteDiff,22,258000,1539.81907382443
15,V2-EliteDiff,22,261000,1539.81907382443
15,V2-EliteDiff,22,264000,1377.71960653442
15,V2-EliteDiff,22,267000,1317.04265379878
15,V2-EliteDiff,22,270000,1308.74466455251
15,V2-EliteDiff,22,273000,1308.74466455251
15,V2-EliteDiff,22,276000,1148.37867803988
15,V2-EliteDiff,22,279000,1148.37867803988
15,V2-EliteDiff,22,282000,1148.37867803988
15,V2-EliteDiff,22,285000,1148.37867803988
15,V2-EliteDiff,22,288000,1144.85789583595
15,V2-EliteDiff,22,291000,1144.85789583595
15,V2-EliteDiff,22,294000,1144.85789583595
15,V2-EliteDiff,22,297000,788.672959047639
15,V2-EliteDiff,22,300000,697.91362375863
15,V0-GlobalCap2,23,3000,3835689.71396366
15,V0-GlobalCap2,23,6000,982831.036528111
15,V0-GlobalCap2,23,9000,83998.3231931095
15,V0-GlobalCap2,23,12000,36140.1775914745
15,V0-GlobalCap2,23,15000,29046.7651603351
15,V0-GlobalCap2,23,18000,28999.6995181841
15,V0-GlobalCap2,23,21000,28999.6995181841
15,V0-GlobalCap2,23,24000,28999.6995181841
15,V0-GlobalCap2,23,27000,28999.6995181841
15,V0-GlobalCap2,23,30000,28999.6995181841
15,V0-GlobalCap2,23,33000,28999.6995181841
15,V0-GlobalCap2,23,36000,28999.6995181841
15,V0-GlobalCap2,23,39000,28999.6995181841
15,V0-GlobalCap2,23,42000,28999.6995181841
15,V0-GlobalCap2,23,45000,28999.6995181841
15,V0-GlobalCap2,23,48000,28999.6995181841
15,V0-GlobalCap2,23,51000,28999.6995181841
15,V0-GlobalCap2,23,54000,28999.6995181841
15,V0-GlobalCap2,23,57000,28999.6995181841
15,V0-GlobalCap2,23,60000,28999.6995181841
15,V0-GlobalCap2,23,63000,28999.6995181841
15,V0-GlobalCap2,23,66000,28999.6995181841
15,V0-GlobalCap2,23,69000,28999.6995181841
15,V0-GlobalCap2,23,72000,28999.6995181841
15,V0-GlobalCap2,23,75000,28999.6995181841
15,V0-GlobalCap2,23,78000,28999.6995181841
15,V0-GlobalCap2,23,81000,23719.4030940739
15,V0-GlobalCap2,23,84000,23653.1775898817
15,V0-GlobalCap2,23,87000,23506.4604118635
15,V0-GlobalCap2,23,90000,23454.6765650323
15,V0-GlobalCap2,23,93000,23421.3356277306
15,V0-GlobalCap2,23,96000,23403.3999161355
15,V0-GlobalCap2,23,99000,23390.3555158929
15,V0-GlobalCap2,23,102000,23380.9711558862
15,V0-GlobalCap2,23,105000,23330.6625547846
15,V0-GlobalCap2,23,108000,23330.6625547846
15,V0-GlobalCap2,23,111000,23330.6625547846
15,V0-GlobalCap2,23,114000,23330.6625547846
15,V0-GlobalCap2,23,117000,23330.6625547846
15,V0-GlobalCap2,23,120000,21379.0011961543
15,V0-GlobalCap2,23,123000,21228.6621079847
15,V0-GlobalCap2,23,126000,20336.9471227763
15,V0-GlobalCap2,23,129000,20334.0851777841
15,V0-GlobalCap2,23,132000,20247.7001865418
15,V0-GlobalCap2,23,135000,20244.240144813
15,V0-GlobalCap2,23,138000,20244.0024873157
15,V0-GlobalCap2,23,141000,20203.623287863
15,V0-GlobalCap2,23,144000,20203.623287863
15,V0-GlobalCap2,23,147000,20203.623287863
15,V0-GlobalCap2,23,150000,20203.623287863
15,V0-GlobalCap2,23,153000,20203.623287863
15,V0-GlobalCap2,23,156000,20203.623287863
15,V0-GlobalCap2,23,159000,20203.623287863
15,V0-GlobalCap2,23,162000,20203.623287863
15,V0-GlobalCap2,23,165000,20201.9162721081
15,V0-GlobalCap2,23,168000,20195.1593646514
15,V0-GlobalCap2,23,171000,20194.5371864255
15,V0-GlobalCap2,23,174000,20066.2704738598
15,V0-GlobalCap2,23,177000,20065.6580794926
15,V0-GlobalCap2,23,180000,20065.6580794926
15,V0-GlobalCap2,23,183000,20065.6580794926
15,V0-GlobalCap2,23,186000,20065.6580794926
15,V0-GlobalCap2,23,189000,20065.6580794926
15,V0-GlobalCap2,23,192000,20065.6580794926
15,V0-GlobalCap2,23,195000,19531.8538251757
15,V0-GlobalCap2,23,198000,17785.4019186299
15,V0-GlobalCap2,23,201000,17784.563654975
15,V0-GlobalCap2,23,204000,17629.235346352
15,V0-GlobalCap2,23,207000,17486.1497626605
15,V0-GlobalCap2,23,210000,17405.3332038749
15,V0-GlobalCap2,23,213000,17405.2221370519
15,V0-GlobalCap2,23,216000,17357.3448705849
15,V0-GlobalCap2,23,219000,17298.8985377599
15,V0-GlobalCap2,23,222000,17297.6665288042
15,V0-GlobalCap2,23,225000,17296.9864853877
15,V0-GlobalCap2,23,228000,17285.6762985214
15,V0-GlobalCap2,23,231000,17284.4715782123
15,V0-GlobalCap2,23,234000,17284.4434938492
15,V0-GlobalCap2,23,237000,17284.4434938492
15,V0-GlobalCap2,23,240000,17284.4434938492
15,V0-GlobalCap2,23,243000,17284.4434938492
15,V0-GlobalCap2,23,246000,17284.4434938492
15,V0-GlobalCap2,23,249000,17284.4434938492
15,V0-GlobalCap2,23,252000,17284.4434938492
15,V0-GlobalCap2,23,255000,17284.4434938492
15,V0-GlobalCap2,23,258000,17284.4434938492
15,V0-GlobalCap2,23,261000,12622.66273177
15,V0-GlobalCap2,23,264000,12439.1295104844
15,V0-GlobalCap2,23,267000,12313.7424649932
15,V0-GlobalCap2,23,270000,12196.4750317515
15,V0-GlobalCap2,23,273000,12162.2944351211
15,V0-GlobalCap2,23,276000,12158.589092978
15,V0-GlobalCap2,23,279000,12153.9187006268
15,V0-GlobalCap2,23,282000,12146.5523990424
15,V0-GlobalCap2,23,285000,12144.9139385927
15,V0-GlobalCap2,23,288000,12144.516273457
15,V0-GlobalCap2,23,291000,12143.2414181476
15,V0-GlobalCap2,23,294000,12141.5793013453
15,V0-GlobalCap2,23,297000,12141.3767895208
15,V0-GlobalCap2,23,300000,12140.04458701
15,V1-Elite,23,3000,66528.6779457517
15,V1-Elite,23,6000,65987.8977835358
15,V1-Elite,23,9000,65816.9419176218
15,V1-Elite,23,12000,19168.1967526621
15,V1-Elite,23,15000,19142.5392599148
15,V1-Elite,23,18000,12456.6920828235
15,V1-Elite,23,21000,9103.75893228391
15,V1-Elite,23,24000,5296.20515914813
15,V1-Elite,23,27000,4297.28066412046
15,V1-Elite,23,30000,3604.59000950747
15,V1-Elite,23,33000,3276.75798523838
15,V1-Elite,23,36000,2025.62064354249
15,V1-Elite,23,39000,1800.117133146
15,V1-Elite,23,42000,1648.84752149177
15,V1-Elite,23,45000,1619.57084082215
15,V1-Elite,23,48000,1607.78312109983
15,V1-Elite,23,51000,1603.82676562322
15,V1-Elite,23,54000,1603.82676562322
15,V1-Elite,23,57000,1601.45854121589
15,V1-Elite,23,60000,1583.74332934438
15,V1-Elite,23,63000,1577.65874879773
15,V1-Elite,23,66000,1571.031686365
15,V1-Elite,23,69000,1570.50626259433
15,V1-Elite,23,72000,1569.6998349737
15,V1-Elite,23,75000,1562.34871681467
15,V1-Elite,23,78000,1562.34871681467
15,V1-Elite,23,81000,1562.34871681467
15,V1-Elite,23,84000,1495.53664076751
15,V1-Elite,23,87000,1487.57103517915
15,V1-Elite,23,90000,1485.63693959114
15,V1-Elite,23,93000,1483.30123377666
15,V1-Elite,23,96000,1480.83447241956
15,V1-Elite,23,99000,1479.21624657159
15,V1-Elite,23,102000,1477.71437445131
15,V1-Elite,23,105000,1477.71437445131
15,V1-Elite,23,108000,1477.40597362386
15,V1-Elite,23,111000,1477.03150703652
15,V1-Elite,23,114000,1476.90407638941
15,V1-Elite,23,117000,1476.90407638941
15,V1-Elite,23,120000,1476.64799610431
15,V1-Elite,23,123000,1476.64799610431
15,V1-Elite,23,126000,1476.64799610431
15,V1-Elite,23,129000,1476.64799610431
15,V1-Elite,23,132000,1476.60720702146
15,V1-Elite,23,135000,1476.30176607204
15,V1-Elite,23,138000,1475.00940375217
15,V1-Elite,23,141000,1474.58279342577
15,V1-Elite,23,144000,1474.58279342577
15,V1-Elite,23,147000,1474.54719600324
15,V1-Elite,23,150000,1474.48286157432
15,V1-Elite,23,153000,1474.15549014901
15,V1-Elite,23,156000,1474.15549014901
15,V1-Elite,23,159000,1474.15549014901
15,V1-Elite,23,162000,1474.15549014901
15,V1-Elite,23,165000,1474.08899526553
15,V1-Elite,23,168000,1474.08899526553
15,V1-Elite,23,171000,1474.08899526553
15,V1-Elite,23,174000,1473.46891085419
15,V1-Elite,23,177000,1473.46891085419
15,V1-Elite,23,180000,1473.31818664152
15,V1-Elite,23,183000,1473.31818664152
15,V1-Elite,23,186000,1473.31818664152
15,V1-Elite,23,189000,1473.31818664152
15,V1-Elite,23,192000,1473.31818664152
15,V1-Elite,23,195000,1473.31818664152
15,V1-Elite,23,198000,1471.18121110968
15,V1-Elite,23,201000,1470.47213804663
15,V1-Elite,23,204000,1470.06095083775
15,V1-Elite,23,207000,1469.26225385682
15,V1-Elite,23,210000,1468.91687181492
15,V1-Elite,23,213000,1468.91687181492
15,V1-Elite,23,216000,1468.62402823378
15,V1-Elite,23,219000,1468.60058885124
15,V1-Elite,23,222000,1468.45211631426
15,V1-Elite,23,225000,1447.50427353951
15,V1-Elite,23,228000,1437.85130934883
15,V1-Elite,23,231000,1436.38047474126
15,V1-Elite,23,234000,1430.67068972789
15,V1-Elite,23,237000,1428.96553246213
15,V1-Elite,23,240000,1428.64470313767
15,V1-Elite,23,243000,1426.24467192825
15,V1-Elite,23,246000,1425.65194442123
15,V1-Elite,23,249000,1425.28324257651
15,V1-Elite,23,252000,1424.279347252
15,V1-Elite,23,255000,1424.06783303566
15,V1-Elite,23,258000,1423.76658219825
15,V1-Elite,23,261000,1421.4044813988
15,V1-Elite,23,264000,1421.13960814012
15,V1-Elite,23,267000,1416.03678021889
15,V1-Elite,23,270000,1412.85181345477
15,V1-Elite,23,273000,1412.3672418248
15,V1-Elite,23,276000,1411.90396967734
15,V1-Elite,23,279000,1411.37460908153
15,V1-Elite,23,282000,1404.6611360481
15,V1-Elite,23,285000,1386.94724808369
15,V1-Elite,23,288000,1386.8999129217
15,V1-Elite,23,291000,1386.8547212203
15,V1-Elite,23,294000,1386.8547212203
15,V1-Elite,23,297000,1386.83230969352
15,V1-Elite,23,300000,1169.09518376209
15,V2-EliteDiff,23,3000,1290743.13800313
15,V2-EliteDiff,23,6000,958398.256989574
15,V2-EliteDiff,23,9000,447018.006829059
15,V2-EliteDiff,23,12000,268371.961819623
15,V2-EliteDiff,23,15000,158123.117265891
15,V2-EliteDiff,23,18000,21140.9477950678
15,V2-EliteDiff,23,21000,16855.4791673516
15,V2-EliteDiff,23,24000,16661.0247108584
15,V2-EliteDiff,23,27000,16652.5495358641
15,V2-EliteDiff,23,30000,16650.9871800082
15,V2-EliteDiff,23,33000,16617.28943681
15,V2-EliteDiff,23,36000,13318.7314622702
15,V2-EliteDiff,23,39000,7443.65176635964
15,V2-EliteDiff,23,42000,7344.11049074458
15,V2-EliteDiff,23,45000,6510.70630319776
15,V2-EliteDiff,23,48000,6488.78822439717
15,V2-EliteDiff,23,51000,6488.78822439717
15,V2-EliteDiff,23,54000,6488.78822439717
15,V2-EliteDiff,23,57000,6488.78822439717
15,V2-EliteDiff,23,60000,6488.78822439717
15,V2-EliteDiff,23,63000,6488.78822439717
15,V2-EliteDiff,23,66000,6081.62268764207
15,V2-EliteDiff,23,69000,3775.31237143302
15,V2-EliteDiff,23,72000,3632.25486077205
15,V2-EliteDiff,23,75000,3590.23298552067
15,V2-EliteDiff,23,78000,3550.64227053328
15,V2-EliteDiff,23,81000,3547.72334797425
15,V2-EliteDiff,23,84000,3547.72334797425
15,V2-EliteDiff,23,87000,3004.00567650076
15,V2-EliteDiff,23,90000,2963.62352359667
15,V2-EliteDiff,23,93000,2962.47151063725
15,V2-EliteDiff,23,96000,2939.65490878801
15,V2-EliteDiff,23,99000,2939.65490878801
15,V2-EliteDiff,23,102000,2939.65490878801
15,V2-EliteDiff,23,105000,2931.00889672501
15,V2-EliteDiff,23,108000,2925.015861936
15,V2-EliteDiff,23,111000,2925.015861936
15,V2-EliteDiff,23,114000,2925.015861936
15,V2-EliteDiff,23,117000,2925.015861936
15,V2-EliteDiff,23,120000,2925.015861936
15,V2-EliteDiff,23,123000,2923.32303482019
15,V2-EliteDiff,23,126000,2923.32303482019
15,V2-EliteDiff,23,129000,2922.641751217
15,V2-EliteDiff,23,132000,2889.26708272319
15,V2-EliteDiff,23,135000,2889.26708272319
15,V2-EliteDiff,23,138000,2879.71978707742
15,V2-EliteDiff,23,141000,2879.71978707742
15,V2-EliteDiff,23,144000,2879.71978707742
15,V2-EliteDiff,23,147000,2879.71978707742
15,V2-EliteDiff,23,150000,2879.71978707742
15,V2-EliteDiff,23,153000,2876.29314828231
15,V2-EliteDiff,23,156000,2876.29314828231
15,V2-EliteDiff,23,159000,2876.29314828231
15,V2-EliteDiff,23,162000,2876.29314828231
15,V2-EliteDiff,23,165000,2876.29314828231
15,V2-EliteDiff,23,168000,2876.29314828231
15,V2-EliteDiff,23,171000,2876.29314828231
15,V2-EliteDiff,23,174000,2876.29314828231
15,V2-EliteDiff,23,177000,2876.29314828231
15,V2-EliteDiff,23,180000,2876.29314828231
15,V2-EliteDiff,23,183000,2876.29314828231
15,V2-EliteDiff,23,186000,2780.06809074038
15,V2-EliteDiff,23,189000,2777.5091779554
15,V2-EliteDiff,23,192000,2745.19423728284
15,V2-EliteDiff,23,195000,2720.36403732354
15,V2-EliteDiff,23,198000,2688.64926854675
15,V2-EliteDiff,23,201000,2680.19433343962
15,V2-EliteDiff,23,204000,2663.48053575429
15,V2-EliteDiff,23,207000,2658.11056572272
15,V2-EliteDiff,23,210000,2649.3929474164
15,V2-EliteDiff,23,213000,2646.36421447836
15,V2-EliteDiff,23,216000,2645.01329638392
15,V2-EliteDiff,23,219000,2645.01329638392
15,V2-EliteDiff,23,222000,2633.28306148551
15,V2-EliteDiff,23,225000,2633.28306148551
15,V2-EliteDiff,23,228000,2633.28306148551
15,V2-EliteDiff,23,231000,2632.69319322369
15,V2-EliteDiff,23,234000,2632.69319322369
15,V2-EliteDiff,23,237000,2632.69319322369
15,V2-EliteDiff,23,240000,2632.69319322369
15,V2-EliteDiff,23,243000,2630.59279357432
15,V2-EliteDiff,23,246000,2630.59279357432
15,V2-EliteDiff,23,249000,2630.54551648852
15,V2-EliteDiff,23,252000,2630.54551648852
15,V2-EliteDiff,23,255000,2624.65053688378
15,V2-EliteDiff,23,258000,2624.65053688378
15,V2-EliteDiff,23,261000,2624.65053688378
15,V2-EliteDiff,23,264000,2623.54145513308
15,V2-EliteDiff,23,267000,2623.54145513308
15,V2-EliteDiff,23,270000,2623.54145513308
15,V2-EliteDiff,23,273000,2623.54145513308
15,V2-EliteDiff,23,276000,2623.54145513308
15,V2-EliteDiff,23,279000,2623.54145513308
15,V2-EliteDiff,23,282000,2623.54145513308
15,V2-EliteDiff,23,285000,2623.54145513308
15,V2-EliteDiff,23,288000,2623.54145513308
15,V2-EliteDiff,23,291000,2623.54145513308
15,V2-EliteDiff,23,294000,2623.54145513308
15,V2-EliteDiff,23,297000,2622.41562469428
15,V2-EliteDiff,23,300000,2622.41562469428
19,V0-GlobalCap2,21,3000,492422992.695917
19,V0-GlobalCap2,21,6000,10429413.2647023
19,V0-GlobalCap2,21,9000,310317.157140781
19,V0-GlobalCap2,21,12000,90834.6824522684
19,V0-GlobalCap2,21,15000,68160.9590078408
19,V0-GlobalCap2,21,18000,60907.3686609961
19,V0-GlobalCap2,21,21000,60292.8447382963
19,V0-GlobalCap2,21,24000,56211.6304419009
19,V0-GlobalCap2,21,27000,55603.0819102988
19,V0-GlobalCap2,21,30000,55601.2470370442
19,V0-GlobalCap2,21,33000,55601.2470370442
19,V0-GlobalCap2,21,36000,55601.2470370442
19,V0-GlobalCap2,21,39000,55601.2470370442
19,V0-GlobalCap2,21,42000,55601.2470370442
19,V0-GlobalCap2,21,45000,54941.1369599805
19,V0-GlobalCap2,21,48000,54813.652412676
19,V0-GlobalCap2,21,51000,54813.652412676
19,V0-GlobalCap2,21,54000,54813.652412676
19,V0-GlobalCap2,21,57000,54813.652412676
19,V0-GlobalCap2,21,60000,54440.0309994643
19,V0-GlobalCap2,21,63000,54440.0309994643
19,V0-GlobalCap2,21,66000,54440.0309994643
19,V0-GlobalCap2,21,69000,54440.0309994643
19,V0-GlobalCap2,21,72000,54440.0309994643
19,V0-GlobalCap2,21,75000,54440.0309994643
19,V0-GlobalCap2,21,78000,54440.0309994643
19,V0-GlobalCap2,21,81000,54440.0309994643
19,V0-GlobalCap2,21,84000,54440.0309994643
19,V0-GlobalCap2,21,87000,54440.0309994643
19,V0-GlobalCap2,21,90000,54440.0309994643
19,V0-GlobalCap2,21,93000,54440.0309994643
19,V0-GlobalCap2,21,96000,54440.0309994643
19,V0-GlobalCap2,21,99000,54440.0309994643
19,V0-GlobalCap2,21,102000,54440.0309994643
19,V0-GlobalCap2,21,105000,54055.973600087
19,V0-GlobalCap2,21,108000,52606.6716871198
19,V0-GlobalCap2,21,111000,52085.7538199574
19,V0-GlobalCap2,21,114000,52085.7538199574
19,V0-GlobalCap2,21,117000,51836.2283258383
19,V0-GlobalCap2,21,120000,51831.7292012496
19,V0-GlobalCap2,21,123000,51830.2608514348
19,V0-GlobalCap2,21,126000,51802.8373889903
19,V0-GlobalCap2,21,129000,51802.7510785729
19,V0-GlobalCap2,21,132000,51802.7510785729
19,V0-GlobalCap2,21,135000,51801.9652264229
19,V0-GlobalCap2,21,138000,51782.2278725672
19,V0-GlobalCap2,21,141000,51781.3284201513
19,V0-GlobalCap2,21,144000,51781.038784876
19,V0-GlobalCap2,21,147000,51780.9371920593
19,V0-GlobalCap2,21,150000,47027.4208007344
19,V0-GlobalCap2,21,153000,43294.1355558956
19,V0-GlobalCap2,21,156000,43293.5817980399
19,V0-GlobalCap2,21,159000,43284.8133819582
19,V0-GlobalCap2,21,162000,43011.6097946947
19,V0-GlobalCap2,21,165000,43005.7576640076
19,V0-GlobalCap2,21,168000,43003.899897037
19,V0-GlobalCap2,21,171000,42892.9747943338
19,V0-GlobalCap2,21,174000,42664.6499682214
19,V0-GlobalCap2,21,177000,42664.1610779607
19,V0-GlobalCap2,21,180000,42664.1610779607
19,V0-GlobalCap2,21,183000,42663.423364605
19,V0-GlobalCap2,21,186000,42663.3109971054
19,V0-GlobalCap2,21,189000,42663.2782730507
19,V0-GlobalCap2,21,192000,42629.2548384832
19,V0-GlobalCap2,21,195000,42614.25259529
19,V0-GlobalCap2,21,198000,42614.0020824781
19,V0-GlobalCap2,21,201000,42613.6049176081
19,V0-GlobalCap2,21,204000,42613.2780866356
19,V0-GlobalCap2,21,207000,42613.1674321757
19,V0-GlobalCap2,21,210000,42609.9987011305
19,V0-GlobalCap2,21,213000,42608.6057354733
19,V0-GlobalCap2,21,216000,42604.4910245819
19,V0-GlobalCap2,21,219000,42602.1017251166
19,V0-GlobalCap2,21,222000,42559.7531035154
19,V0-GlobalCap2,21,225000,42559.5454374215
19,V0-GlobalCap2,21,228000,42556.6046238533
19,V0-GlobalCap2,21,231000,42554.4616598599
19,V0-GlobalCap2,21,234000,42554.1842954026
19,V0-GlobalCap2,21,237000,42554.0527463226
19,V0-GlobalCap2,21,240000,42553.8705689451
19,V0-GlobalCap2,21,243000,36031.4068540545
19,V0-GlobalCap2,21,246000,34804.5011511931
19,V0-GlobalCap2,21,249000,34789.6345034008
19,V0-GlobalCap2,21,252000,33265.6693648956
19,V0-GlobalCap2,21,255000,33265.6693648956
19,V0-GlobalCap2,21,258000,33265.6693648956
19,V0-GlobalCap2,21,261000,33265.6693648956
19,V0-GlobalCap2,21,264000,33265.6693648956
19,V0-GlobalCap2,21,267000,33265.6693648956
19,V0-GlobalCap2,21,270000,33265.6693648956
19,V0-GlobalCap2,21,273000,33265.6693648956
19,V0-GlobalCap2,21,276000,19847.6463884409
19,V0-GlobalCap2,21,279000,18870.9722473291
19,V0-GlobalCap2,21,282000,18523.7252182781
19,V0-GlobalCap2,21,285000,18515.6017098475
19,V0-GlobalCap2,21,288000,18512.8608764735
19,V0-GlobalCap2,21,291000,18510.0577555736
19,V0-GlobalCap2,21,294000,18507.6102621492
19,V0-GlobalCap2,21,297000,18505.5482267941
19,V0-GlobalCap2,21,300000,18504.5046395897
19,V1-Elite,21,3000,589684.155794751
19,V1-Elite,21,6000,76782.3079741084
19,V1-Elite,21,9000,38315.1243644843
19,V1-Elite,21,12000,17387.9352320433
19,V1-Elite,21,15000,17386.0029946508
19,V1-Elite,21,18000,11550.4902906974
19,V1-Elite,21,21000,8859.77718015744
19,V1-Elite,21,24000,8855.73655092595
19,V1-Elite,21,27000,8855.12797205918
19,V1-Elite,21,30000,7480.66805331552
19,V1-Elite,21,33000,6794.85192091094
19,V1-Elite,21,36000,5937.66303259816
19,V1-Elite,21,39000,5932.41904805069
19,V1-Elite,21,42000,5932.41904805069
19,V1-Elite,21,45000,5932.41904805069
19,V1-Elite,21,48000,5918.13705378088
19,V1-Elite,21,51000,5917.7316399539
19,V1-Elite,21,54000,5917.7316399539
19,V1-Elite,21,57000,5917.6752492492
19,V1-Elite,21,60000,5916.54638233427
19,V1-Elite,21,63000,5847.06718257752
19,V1-Elite,21,66000,5842.84113948452
19,V1-Elite,21,69000,5439.32946938276
19,V1-Elite,21,72000,5438.64829632082
19,V1-Elite,21,75000,5146.14822591187
19,V1-Elite,21,78000,5145.93058590157
19,V1-Elite,21,81000,5111.74222709289
19,V1-Elite,21,84000,5057.90241238314
19,V1-Elite,21,87000,5056.6687720688
19,V1-Elite,21,90000,5056.6687720688
19,V1-Elite,21,93000,5056.17349997406
19,V1-Elite,21,96000,4709.87064164389
19,V1-Elite,21,99000,4677.68216545265
19,V1-Elite,21,102000,4677.1458253238
19,V1-Elite,21,105000,4675.44906878294
19,V1-Elite,21,108000,4675.37652560274
19,V1-Elite,21,111000,4636.77679039046
19,V1-Elite,21,114000,2162.1536449797
19,V1-Elite,21,117000,2133.47098538179
19,V1-Elite,21,120000,2130.95882020037
19,V1-Elite,21,123000,2086.75526360043
19,V1-Elite,21,126000,1996.14380184492
19,V1-Elite,21,129000,1805.87110019615
19,V1-Elite,21,132000,1803.6628949509
19,V1-Elite,21,135000,1803.6628949509
19,V1-Elite,21,138000,1801.91822252297
19,V1-Elite,21,141000,1799.52503271282
19,V1-Elite,21,144000,1718.69317018617
19,V1-Elite,21,147000,1718.69317018617
19,V1-Elite,21,150000,1715.40508212268
19,V1-Elite,21,153000,1715.09880469984
19,V1-Elite,21,156000,1714.10000647413
19,V1-Elite,21,159000,1712.93951495387
19,V1-Elite,21,162000,1709.12562170682
19,V1-Elite,21,165000,1704.84421015323
19,V1-Elite,21,168000,1653.23457870243
19,V1-Elite,21,171000,1652.70767884044
19,V1-Elite,21,174000,1652.52389502317
19,V1-Elite,21,177000,1652.46339250134
19,V1-Elite,21,180000,1599.68775272657
19,V1-Elite,21,183000,1584.6869712116
19,V1-Elite,21,186000,1580.129709811
19,V1-Elite,21,189000,1578.75871017738
19,V1-Elite,21,192000,1578.66028218999
19,V1-Elite,21,195000,1577.24300450245
19,V1-Elite,21,198000,1574.05286212762
19,V1-Elite,21,201000,1573.43060321264
19,V1-Elite,21,204000,1572.83072819427
19,V1-Elite,21,207000,1572.13260038931
19,V1-Elite,21,210000,1572.11482516135
19,V1-Elite,21,213000,1571.55630633395
19,V1-Elite,21,216000,1571.48753275361
19,V1-Elite,21,219000,1571.19181961802
19,V1-Elite,21,222000,1570.99065071251
19,V1-Elite,21,225000,1570.67220683227
19,V1-Elite,21,228000,1570.67220683227
19,V1-Elite,21,231000,1570.55324834752
19,V1-Elite,21,234000,1570.46408559735
19,V1-Elite,21,237000,1569.80406781669
19,V1-Elite,21,240000,1569.56341392165
19,V1-Elite,21,243000,1569.56341392165
19,V1-Elite,21,246000,1569.56341392165
19,V1-Elite,21,249000,1569.56341392165
19,V1-Elite,21,252000,1569.19913398424
19,V1-Elite,21,255000,1568.88873356694
19,V1-Elite,21,258000,1568.70166608858
19,V1-Elite,21,261000,1568.51028596205
19,V1-Elite,21,264000,1567.31400826214
19,V1-Elite,21,267000,1567.2340514603
19,V1-Elite,21,270000,1567.00333174007
19,V1-Elite,21,273000,1567.00333174007
19,V1-Elite,21,276000,1567.00333174007
19,V1-Elite,21,279000,1567.00333174007
19,V1-Elite,21,282000,1566.94223119233
19,V1-Elite,21,285000,1566.79527631802
19,V1-Elite,21,288000,1566.77830195343
19,V1-Elite,21,291000,1566.74809253093
19,V1-Elite,21,294000,1566.61443971525
19,V1-Elite,21,297000,1554.25828605633
19,V1-Elite,21,300000,1553.83463613372
19,V2-EliteDiff,21,3000,9227427.13050942
19,V2-EliteDiff,21,6000,615132.611850628
19,V2-EliteDiff,21,9000,274339.877074558
19,V2-EliteDiff,21,12000,125079.658144929
19,V2-EliteDiff,21,15000,121543.591889054
19,V2-EliteDiff,21,18000,121478.716074411
19,V2-EliteDiff,21,21000,62130.3005319557
19,V2-EliteDiff,21,24000,62127.0090823806
19,V2-EliteDiff,21,27000,62127.0090823806
19,V2-EliteDiff,21,30000,62125.3384771404
19,V2-EliteDiff,21,33000,57434.7808054723
19,V2-EliteDiff,21,36000,57407.0311736499
19,V2-EliteDiff,21,39000,55357.2564695704
19,V2-EliteDiff,21,42000,55322.2402649995
19,V2-EliteDiff,21,45000,55317.6900577083
19,V2-EliteDiff,21,48000,55317.6900577083
19,V2-EliteDiff,21,51000,55316.2824080386
19,V2-EliteDiff,21,54000,55316.2824080386
19,V2-EliteDiff,21,57000,47549.9605460843
19,V2-EliteDiff,21,60000,47480.8510627371
19,V2-EliteDiff,21,63000,47480.8510627371
19,V2-EliteDiff,21,66000,47471.743525257
19,V2-EliteDiff,21,69000,47471.743525257
19,V2-EliteDiff,21,72000,45669.7573033808
19,V2-EliteDiff,21,75000,45589.2801071868
19,V2-EliteDiff,21,78000,44852.8242454005
19,V2-EliteDiff,21,81000,44801.5005490037
19,V2-EliteDiff,21,84000,44800.1984350068
19,V2-EliteDiff,21,87000,44798.5800009685
19,V2-EliteDiff,21,90000,39211.277578714
19,V2-EliteDiff,21,93000,29160.6358638873
19,V2-EliteDiff,21,96000,29139.5059661454
19,V2-EliteDiff,21,99000,26721.3029966739
19,V2-EliteDiff,21,102000,25391.560619703
19,V2-EliteDiff,21,105000,25375.8068006495
19,V2-EliteDiff,21,108000,25369.5249215528
19,V2-EliteDiff,21,111000,25363.3254541307
19,V2-EliteDiff,21,114000,25363.3254541307
19,V2-EliteDiff,21,117000,25363.3254541307
19,V2-EliteDiff,21,120000,25363.3254541307
19,V2-EliteDiff,21,123000,25363.3254541307
19,V2-EliteDiff,21,126000,25204.9162331203
19,V2-EliteDiff,21,129000,25190.3415595049
19,V2-EliteDiff,21,132000,25190.3415595049
19,V2-EliteDiff,21,135000,24326.2049261807
19,V2-EliteDiff,21,138000,24277.8586592594
19,V2-EliteDiff,21,141000,24276.7681011972
19,V2-EliteDiff,21,144000,24273.3127401547
19,V2-EliteDiff,21,147000,24273.3127401547
19,V2-EliteDiff,21,150000,24272.582205491
19,V2-EliteDiff,21,153000,24272.0296905456
19,V2-EliteDiff,21,156000,24269.6250490598
19,V2-EliteDiff,21,159000,24008.7445727398
19,V2-EliteDiff,21,162000,23990.3352773513
19,V2-EliteDiff,21,165000,23987.3903567169
19,V2-EliteDiff,21,168000,23514.5777436564
19,V2-EliteDiff,21,171000,23495.6924143531
19,V2-EliteDiff,21,174000,23493.940251533
19,V2-EliteDiff,21,177000,23490.3443857279
19,V2-EliteDiff,21,180000,23490.3443857279
19,V2-EliteDiff,21,183000,23490.3443857279
19,V2-EliteDiff,21,186000,23490.3443857279
19,V2-EliteDiff,21,189000,23490.3443857279
19,V2-EliteDiff,21,192000,23490.3443857279
19,V2-EliteDiff,21,195000,23490.3443857279
19,V2-EliteDiff,21,198000,23490.3443857279
19,V2-EliteDiff,21,201000,22076.8000011979
19,V2-EliteDiff,21,204000,22070.8146511478
19,V2-EliteDiff,21,207000,22070.6130480666
19,V2-EliteDiff,21,210000,22061.8563490072
19,V2-EliteDiff,21,213000,22061.5330467835
19,V2-EliteDiff,21,216000,22061.5330467835
19,V2-EliteDiff,21,219000,22060.3033744804
19,V2-EliteDiff,21,222000,22060.3033744804
19,V2-EliteDiff,21,225000,18476.4134206166
19,V2-EliteDiff,21,228000,18476.1221787017
19,V2-EliteDiff,21,231000,18474.4771773816
19,V2-EliteDiff,21,234000,18467.6779707839
19,V2-EliteDiff,21,237000,18467.6547080305
19,V2-EliteDiff,21,240000,18467.6547080305
19,V2-EliteDiff,21,243000,18467.6547080305
19,V2-EliteDiff,21,246000,18467.6547080305
19,V2-EliteDiff,21,249000,18467.6547080305
19,V2-EliteDiff,21,252000,18467.6547080305
19,V2-EliteDiff,21,255000,18467.6547080305
19,V2-EliteDiff,21,258000,18467.6547080305
19,V2-EliteDiff,21,261000,18424.0943492415
19,V2-EliteDiff,21,264000,18389.0543120963
19,V2-EliteDiff,21,267000,18389.0543120963
19,V2-EliteDiff,21,270000,18388.070591519
19,V2-EliteDiff,21,273000,18386.890725903
19,V2-EliteDiff,21,276000,18386.890725903
19,V2-EliteDiff,21,279000,17907.9280115888
19,V2-EliteDiff,21,282000,17263.8576322134
19,V2-EliteDiff,21,285000,16978.7521518751
19,V2-EliteDiff,21,288000,16943.0140902641
19,V2-EliteDiff,21,291000,16928.1210864072
19,V2-EliteDiff,21,294000,16927.0997399095
19,V2-EliteDiff,21,297000,16902.782407445
19,V2-EliteDiff,21,300000,16899.542571126
19,V0-GlobalCap2,22,3000,212695068.002574
19,V0-GlobalCap2,22,6000,18022596.9365811
19,V0-GlobalCap2,22,9000,137628.78598054
19,V0-GlobalCap2,22,12000,9615.77139051107
19,V0-GlobalCap2,22,15000,9615.77139051107
19,V0-GlobalCap2,22,18000,9615.77139051107
19,V0-GlobalCap2,22,21000,9615.77139051107
19,V0-GlobalCap2,22,24000,9615.77139051107
19,V0-GlobalCap2,22,27000,9615.77139051107
19,V0-GlobalCap2,22,30000,9615.77139051107
19,V0-GlobalCap2,22,33000,9615.77139051107
19,V0-GlobalCap2,22,36000,9615.77139051107
19,V0-GlobalCap2,22,39000,9615.77139051107
19,V0-GlobalCap2,22,42000,9615.77139051107
19,V0-GlobalCap2,22,45000,9615.77139051107
19,V0-GlobalCap2,22,48000,9615.77139051107
19,V0-GlobalCap2,22,51000,9615.77139051107
19,V0-GlobalCap2,22,54000,9615.77139051107
19,V0-GlobalCap2,22,57000,9615.77139051107
19,V0-GlobalCap2,22,60000,9615.77139051107
19,V0-GlobalCap2,22,63000,6460.89386852557
19,V0-GlobalCap2,22,66000,6383.93197780439
19,V0-GlobalCap2,22,69000,6383.93197780439
19,V0-GlobalCap2,22,72000,6383.93197780439
19,V0-GlobalCap2,22,75000,6383.93197780439
19,V0-GlobalCap2,22,78000,6383.93197780439
19,V0-GlobalCap2,22,81000,6383.93197780439
19,V0-GlobalCap2,22,84000,6383.93197780439
19,V0-GlobalCap2,22,87000,6383.93197780439
19,V0-GlobalCap2,22,90000,6383.93197780439
19,V0-GlobalCap2,22,93000,6383.93197780439
19,V0-GlobalCap2,22,96000,6321.47720316633
19,V0-GlobalCap2,22,99000,5878.14072555448
19,V0-GlobalCap2,22,102000,5072.26451371814
19,V0-GlobalCap2,22,105000,5068.6432786262
19,V0-GlobalCap2,22,108000,5068.6432786262
19,V0-GlobalCap2,22,111000,5068.6432786262
19,V0-GlobalCap2,22,114000,5068.6432786262
19,V0-GlobalCap2,22,117000,5068.6432786262
19,V0-GlobalCap2,22,120000,5068.6432786262
19,V0-GlobalCap2,22,123000,5068.6432786262
19,V0-GlobalCap2,22,126000,5068.6432786262
19,V0-GlobalCap2,22,129000,5068.6432786262
19,V0-GlobalCap2,22,132000,5068.6432786262
19,V0-GlobalCap2,22,135000,5068.6432786262
19,V0-GlobalCap2,22,138000,5068.6432786262
19,V0-GlobalCap2,22,141000,5068.6432786262
19,V0-GlobalCap2,22,144000,5068.6432786262
19,V0-GlobalCap2,22,147000,5068.6432786262
19,V0-GlobalCap2,22,150000,5068.6432786262
19,V0-GlobalCap2,22,153000,5068.6432786262
19,V0-GlobalCap2,22,156000,5068.6432786262
19,V0-GlobalCap2,22,159000,5068.6432786262
19,V0-GlobalCap2,22,162000,5068.6432786262
19,V0-GlobalCap2,22,165000,5068.6432786262
19,V0-GlobalCap2,22,168000,5068.6432786262
19,V0-GlobalCap2,22,171000,2533.4582870894
19,V0-GlobalCap2,22,174000,2518.08075273428
19,V0-GlobalCap2,22,177000,2161.76531607794
19,V0-GlobalCap2,22,180000,1674.34786701701
19,V0-GlobalCap2,22,183000,1536.67891329188
19,V0-GlobalCap2,22,186000,1519.03231613275
19,V0-GlobalCap2,22,189000,1489.28218432628
19,V0-GlobalCap2,22,192000,1489.28218432628
19,V0-GlobalCap2,22,195000,1489.18015695834
19,V0-GlobalCap2,22,198000,1444.84653871282
19,V0-GlobalCap2,22,201000,1444.64779144977
19,V0-GlobalCap2,22,204000,1443.98985411857
19,V0-GlobalCap2,22,207000,1443.96141659642
19,V0-GlobalCap2,22,210000,1443.9377132253
19,V0-GlobalCap2,22,213000,1373.47133689424
19,V0-GlobalCap2,22,216000,1357.08867900702
19,V0-GlobalCap2,22,219000,1356.28910406923
19,V0-GlobalCap2,22,222000,1356.0668839665
19,V0-GlobalCap2,22,225000,1355.67797401224
19,V0-GlobalCap2,22,228000,1355.67797401224
19,V0-GlobalCap2,22,231000,1344.97601834588
19,V0-GlobalCap2,22,234000,1344.2648703346
19,V0-GlobalCap2,22,237000,1344.14264212832
19,V0-GlobalCap2,22,240000,1344.12293816024
19,V0-GlobalCap2,22,243000,1339.09341676918
19,V0-GlobalCap2,22,246000,1336.14560185865
19,V0-GlobalCap2,22,249000,1335.32700622956
19,V0-GlobalCap2,22,252000,1335.31337894578
19,V0-GlobalCap2,22,255000,1315.09997832462
19,V0-GlobalCap2,22,258000,1314.8422570179
19,V0-GlobalCap2,22,261000,1314.26066947229
19,V0-GlobalCap2,22,264000,1314.18351762974
19,V0-GlobalCap2,22,267000,1314.18351762974
19,V0-GlobalCap2,22,270000,1314.08439280452
19,V0-GlobalCap2,22,273000,1314.08439280452
19,V0-GlobalCap2,22,276000,1314.08439280452
19,V0-GlobalCap2,22,279000,1314.08439280452
19,V0-GlobalCap2,22,282000,1314.08439280452
19,V0-GlobalCap2,22,285000,1314.08439280452
19,V0-GlobalCap2,22,288000,1314.08439280452
19,V0-GlobalCap2,22,291000,1314.08439280452
19,V0-GlobalCap2,22,294000,1314.08439280452
19,V0-GlobalCap2,22,297000,1314.08439280452
19,V0-GlobalCap2,22,300000,1314.08439280452
19,V1-Elite,22,3000,265177.858728914
19,V1-Elite,22,6000,29002.0242540373
19,V1-Elite,22,9000,14410.2544704333
19,V1-Elite,22,12000,14085.3502126501
19,V1-Elite,22,15000,11289.7324584633
19,V1-Elite,22,18000,7712.21962570414
19,V1-Elite,22,21000,7706.2872621674
19,V1-Elite,22,24000,7704.7385341237
19,V1-Elite,22,27000,6511.4648298397
19,V1-Elite,22,30000,6505.80836222794
19,V1-Elite,22,33000,6505.70274032027
19,V1-Elite,22,36000,6124.78865876387
19,V1-Elite,22,39000,6117.10157151749
19,V1-Elite,22,42000,6108.56871655695
19,V1-Elite,22,45000,6108.56871655695
19,V1-Elite,22,48000,6108.56871655695
19,V1-Elite,22,51000,6107.75987582386
19,V1-Elite,22,54000,6107.75987582386
19,V1-Elite,22,57000,6107.75987582386
19,V1-Elite,22,60000,6107.2261925885
19,V1-Elite,22,63000,6106.83128285382
19,V1-Elite,22,66000,4762.59988308565
19,V1-Elite,22,69000,4760.14456143815
19,V1-Elite,22,72000,4132.53938294196
19,V1-Elite,22,75000,3563.2611965665
19,V1-Elite,22,78000,3505.44940590582
19,V1-Elite,22,81000,3505.06784617576
19,V1-Elite,22,84000,3480.40886078109
19,V1-Elite,22,87000,3477.33207365131
19,V1-Elite,22,90000,3415.90044632645
19,V1-Elite,22,93000,3414.6138576667
19,V1-Elite,22,96000,3413.44369389544
19,V1-Elite,22,99000,3413.19272845899
19,V1-Elite,22,102000,3413.19272845899
19,V1-Elite,22,105000,3413.19272845899
19,V1-Elite,22,108000,3386.83916467498
19,V1-Elite,22,111000,2286.41744095784
19,V1-Elite,22,114000,2278.34921583976
19,V1-Elite,22,117000,2245.01742999004
19,V1-Elite,22,120000,1304.03396258423
19,V1-Elite,22,123000,1303.06548495249
19,V1-Elite,22,126000,1301.30492560478
19,V1-Elite,22,129000,1300.3557458474
19,V1-Elite,22,132000,1004.91460956298
19,V1-Elite,22,135000,1002.39746149677
19,V1-Elite,22,138000,1000.13286364833
19,V1-Elite,22,141000,999.366975707342
19,V1-Elite,22,144000,980.272408812627
19,V1-Elite,22,147000,962.674072653553
19,V1-Elite,22,150000,959.460928088487
19,V1-Elite,22,153000,934.666805203862
19,V1-Elite,22,156000,933.14212747933
19,V1-Elite,22,159000,921.860073419396
19,V1-Elite,22,162000,915.141080264704
19,V1-Elite,22,165000,913.485106143008
19,V1-Elite,22,168000,912.969252329469
19,V1-Elite,22,171000,912.626942440223
19,V1-Elite,22,174000,910.772369038566
19,V1-Elite,22,177000,910.772369038566
19,V1-Elite,22,180000,910.772369038566
19,V1-Elite,22,183000,665.586189561405
19,V1-Elite,22,186000,582.238146009819
19,V1-Elite,22,189000,540.920995179337
19,V1-Elite,22,192000,518.669201420758
19,V1-Elite,22,195000,517.336280517573
19,V1-Elite,22,198000,517.336280517573
19,V1-Elite,22,201000,516.954713537241
19,V1-Elite,22,204000,516.954713537241
19,V1-Elite,22,207000,516.954713537241
19,V1-Elite,22,210000,516.869558083004
19,V1-Elite,22,213000,503.868107029371
19,V1-Elite,22,216000,503.868107029371
19,V1-Elite,22,219000,503.858724148001
19,V1-Elite,22,222000,503.597365843668
19,V1-Elite,22,225000,503.597365843668
19,V1-Elite,22,228000,503.200431009659
19,V1-Elite,22,231000,503.1657816198
19,V1-Elite,22,234000,502.885380219755
19,V1-Elite,22,237000,502.882001287375
19,V1-Elite,22,240000,502.882001287375
19,V1-Elite,22,243000,502.882001287375
19,V1-Elite,22,246000,502.354190695147
19,V1-Elite,22,249000,502.354190695147
19,V1-Elite,22,252000,502.354190695147
19,V1-Elite,22,255000,502.354190695147
19,V1-Elite,22,258000,502.185294664084
19,V1-Elite,22,261000,502.133235989843
19,V1-Elite,22,264000,502.133235989843
19,V1-Elite,22,267000,370.555330366804
19,V1-Elite,22,270000,369.494484200625
19,V1-Elite,22,273000,367.784088040346
19,V1-Elite,22,276000,360.969306866067
19,V1-Elite,22,279000,321.407210226601
19,V1-Elite,22,282000,321.407210226601
19,V1-Elite,22,285000,321.295842323431
19,V1-Elite,22,288000,321.295842323431
19,V1-Elite,22,291000,304.509173945096
19,V1-Elite,22,294000,291.355032037236
19,V1-Elite,22,297000,291.137486046619
19,V1-Elite,22,300000,210.400038551
19,V2-EliteDiff,22,3000,5509703.61929657
19,V2-EliteDiff,22,6000,2033394.40575262
19,V2-EliteDiff,22,9000,765268.879386126
19,V2-EliteDiff,22,12000,600444.254327878
19,V2-EliteDiff,22,15000,219440.994890326
19,V2-EliteDiff,22,18000,108934.02959842
19,V2-EliteDiff,22,21000,106127.979995922
19,V2-EliteDiff,22,24000,20977.9014598779
19,V2-EliteDiff,22,27000,20962.1341556935
19,V2-EliteDiff,22,30000,20947.4605437805
19,V2-EliteDiff,22,33000,15944.2011957573
19,V2-EliteDiff,22,36000,13685.3086930187
19,V2-EliteDiff,22,39000,13665.7902475298
19,V2-EliteDiff,22,42000,12284.9449282686
19,V2-EliteDiff,22,45000,10898.8361585719
19,V2-EliteDiff,22,48000,10881.7119602365
19,V2-EliteDiff,22,51000,10862.0345186666
19,V2-EliteDiff,22,54000,10861.6917793935
19,V2-EliteDiff,22,57000,10851.8217473458
19,V2-EliteDiff,22,60000,8453.09244908317
19,V2-EliteDiff,22,63000,2331.91530558852
19,V2-EliteDiff,22,66000,2311.6485624638
19,V2-EliteDiff,22,69000,2139.21241470548
19,V2-EliteDiff,22,72000,2125.44938440258
19,V2-EliteDiff,22,75000,2120.68929042944
19,V2-EliteDiff,22,78000,2114.6317614197
19,V2-EliteDiff,22,81000,2114.6317614197
19,V2-EliteDiff,22,84000,2114.6317614197
19,V2-EliteDiff,22,87000,2114.6317614197
19,V2-EliteDiff,22,90000,2114.6317614197
19,V2-EliteDiff,22,93000,2112.97454472618
19,V2-EliteDiff,22,96000,1999.07193071361
19,V2-EliteDiff,22,99000,1999.07193071361
19,V2-EliteDiff,22,102000,1991.11276439456
19,V2-EliteDiff,22,105000,1991.11276439456
19,V2-EliteDiff,22,108000,1991.11276439456
19,V2-EliteDiff,22,111000,1917.99559173798
19,V2-EliteDiff,22,114000,1902.48776581087
19,V2-EliteDiff,22,117000,1897.74990771649
19,V2-EliteDiff,22,120000,1893.53548578205
19,V2-EliteDiff,22,123000,1893.53548578205
19,V2-EliteDiff,22,126000,1893.53548578205
19,V2-EliteDiff,22,129000,1893.38782191568
19,V2-EliteDiff,22,132000,1893.38782191568
19,V2-EliteDiff,22,135000,1893.38782191568
19,V2-EliteDiff,22,138000,1893.38782191568
19,V2-EliteDiff,22,141000,1893.38782191568
19,V2-EliteDiff,22,144000,1893.38782191568
19,V2-EliteDiff,22,147000,1892.2734461398
19,V2-EliteDiff,22,150000,1892.2734461398
19,V2-EliteDiff,22,153000,1892.2734461398
19,V2-EliteDiff,22,156000,1892.2734461398
19,V2-EliteDiff,22,159000,1892.2734461398
19,V2-EliteDiff,22,162000,1892.2734461398
19,V2-EliteDiff,22,165000,1427.82773867236
19,V2-EliteDiff,22,168000,1427.62842480595
19,V2-EliteDiff,22,171000,1418.95846144814
19,V2-EliteDiff,22,174000,1414.65210912459
19,V2-EliteDiff,22,177000,1414.49972353024
19,V2-EliteDiff,22,180000,1414.49972353024
19,V2-EliteDiff,22,183000,1414.49972353024
19,V2-EliteDiff,22,186000,1414.49972353024
19,V2-EliteDiff,22,189000,1414.49972353024
19,V2-EliteDiff,22,192000,1414.49972353024
19,V2-EliteDiff,22,195000,1361.79150978252
19,V2-EliteDiff,22,198000,1330.31337131114
19,V2-EliteDiff,22,201000,1319.4517752638
19,V2-EliteDiff,22,204000,1318.5328229886
19,V2-EliteDiff,22,207000,1318.5328229886
19,V2-EliteDiff,22,210000,1315.42653137868
19,V2-EliteDiff,22,213000,1311.85179235651
19,V2-EliteDiff,22,216000,1308.37579032865
19,V2-EliteDiff,22,219000,1306.59951586198
19,V2-EliteDiff,22,222000,1306.59951586198
19,V2-EliteDiff,22,225000,1305.17108670668
19,V2-EliteDiff,22,228000,1305.17108670668
19,V2-EliteDiff,22,231000,1305.17108670668
19,V2-EliteDiff,22,234000,1305.17108670668
19,V2-EliteDiff,22,237000,1305.17108670668
19,V2-EliteDiff,22,240000,1305.10428680978
19,V2-EliteDiff,22,243000,1305.10428680978
19,V2-EliteDiff,22,246000,1305.10428680978
19,V2-EliteDiff,22,249000,1305.10428680978
19,V2-EliteDiff,22,252000,1305.10428680978
19,V2-EliteDiff,22,255000,1305.10428680978
19,V2-EliteDiff,22,258000,1305.10428680978
19,V2-EliteDiff,22,261000,1305.10428680978
19,V2-EliteDiff,22,264000,1305.10428680978
19,V2-EliteDiff,22,267000,1305.10428680978
19,V2-EliteDiff,22,270000,1304.40418725598
19,V2-EliteDiff,22,273000,1304.40418725598
19,V2-EliteDiff,22,276000,1302.50252673443
19,V2-EliteDiff,22,279000,1302.50252673443
19,V2-EliteDiff,22,282000,1302.50252673443
19,V2-EliteDiff,22,285000,1302.50252673443
19,V2-EliteDiff,22,288000,1302.50252673443
19,V2-EliteDiff,22,291000,1302.50252673443
19,V2-EliteDiff,22,294000,1302.50252673443
19,V2-EliteDiff,22,297000,1302.50252673443
19,V2-EliteDiff,22,300000,1302.17865389605
19,V0-GlobalCap2,23,3000,6495567.71811731
19,V0-GlobalCap2,23,6000,130874.302840672
19,V0-GlobalCap2,23,9000,82398.7033517211
19,V0-GlobalCap2,23,12000,15365.2174738897
19,V0-GlobalCap2,23,15000,14633.5616876735
19,V0-GlobalCap2,23,18000,13762.853541168
19,V0-GlobalCap2,23,21000,13762.853541168
19,V0-GlobalCap2,23,24000,13762.853541168
19,V0-GlobalCap2,23,27000,13762.853541168
19,V0-GlobalCap2,23,30000,13762.853541168
19,V0-GlobalCap2,23,33000,13762.853541168
19,V0-GlobalCap2,23,36000,13762.853541168
19,V0-GlobalCap2,23,39000,13762.853541168
19,V0-GlobalCap2,23,42000,13762.853541168
19,V0-GlobalCap2,23,45000,13762.853541168
19,V0-GlobalCap2,23,48000,13762.853541168
19,V0-GlobalCap2,23,51000,13762.853541168
19,V0-GlobalCap2,23,54000,13762.853541168
19,V0-GlobalCap2,23,57000,13762.853541168
19,V0-GlobalCap2,23,60000,13762.853541168
19,V0-GlobalCap2,23,63000,13762.853541168
19,V0-GlobalCap2,23,66000,13762.853541168
19,V0-GlobalCap2,23,69000,12997.7672110571
19,V0-GlobalCap2,23,72000,12979.4745869284
19,V0-GlobalCap2,23,75000,9781.65394957144
19,V0-GlobalCap2,23,78000,9705.0081119592
19,V0-GlobalCap2,23,81000,9703.8584093804
19,V0-GlobalCap2,23,84000,9703.44559715992
19,V0-GlobalCap2,23,87000,9702.71492129526
19,V0-GlobalCap2,23,90000,9702.15905229604
19,V0-GlobalCap2,23,93000,9702.15905229604
19,V0-GlobalCap2,23,96000,9702.15905229604
19,V0-GlobalCap2,23,99000,9700.91011864783
19,V0-GlobalCap2,23,102000,9700.91011864783
19,V0-GlobalCap2,23,105000,9700.91011864783
19,V0-GlobalCap2,23,108000,9700.91011864783
19,V0-GlobalCap2,23,111000,9700.91011864783
19,V0-GlobalCap2,23,114000,9700.91011864783
19,V0-GlobalCap2,23,117000,9700.91011864783
19,V0-GlobalCap2,23,120000,9700.91011864783
19,V0-GlobalCap2,23,123000,9700.91011864783
19,V0-GlobalCap2,23,126000,9700.91011864783
19,V0-GlobalCap2,23,129000,9700.91011864783
19,V0-GlobalCap2,23,132000,9700.91011864783
19,V0-GlobalCap2,23,135000,9700.91011864783
19,V0-GlobalCap2,23,138000,9700.91011864783
19,V0-GlobalCap2,23,141000,9700.91011864783
19,V0-GlobalCap2,23,144000,9700.91011864783
19,V0-GlobalCap2,23,147000,9368.65390594482
19,V0-GlobalCap2,23,150000,9368.65390594482
19,V0-GlobalCap2,23,153000,9368.65390594482
19,V0-GlobalCap2,23,156000,9368.65390594482
19,V0-GlobalCap2,23,159000,9368.65390594482
19,V0-GlobalCap2,23,162000,9368.65390594482
19,V0-GlobalCap2,23,165000,9368.65390594482
19,V0-GlobalCap2,23,168000,9368.65390594482
19,V0-GlobalCap2,23,171000,9368.65390594482
19,V0-GlobalCap2,23,174000,9368.65390594482
19,V0-GlobalCap2,23,177000,8912.6232176127
19,V0-GlobalCap2,23,180000,7559.5385717428
19,V0-GlobalCap2,23,183000,6254.86614340596
19,V0-GlobalCap2,23,186000,5232.1677549354
19,V0-GlobalCap2,23,189000,5224.18592429483
19,V0-GlobalCap2,23,192000,5222.9051408512
19,V0-GlobalCap2,23,195000,5222.10558954978
19,V0-GlobalCap2,23,198000,5222.10558954978
19,V0-GlobalCap2,23,201000,5222.10558954978
19,V0-GlobalCap2,23,204000,5222.10558954978
19,V0-GlobalCap2,23,207000,5222.10558954978
19,V0-GlobalCap2,23,210000,5077.819043674
19,V0-GlobalCap2,23,213000,4811.11319447152
19,V0-GlobalCap2,23,216000,4811.11319447152
19,V0-GlobalCap2,23,219000,4811.11319447152
19,V0-GlobalCap2,23,222000,1505.05624675881
19,V0-GlobalCap2,23,225000,1505.05624675881
19,V0-GlobalCap2,23,228000,1505.05624675881
19,V0-GlobalCap2,23,231000,1505.05624675881
19,V0-GlobalCap2,23,234000,1505.05624675881
19,V0-GlobalCap2,23,237000,1505.05624675881
19,V0-GlobalCap2,23,240000,1505.05624675881
19,V0-GlobalCap2,23,243000,1505.05624675881
19,V0-GlobalCap2,23,246000,1505.05624675881
19,V0-GlobalCap2,23,249000,1505.05624675881
19,V0-GlobalCap2,23,252000,1505.05624675881
19,V0-GlobalCap2,23,255000,1505.05624675881
19,V0-GlobalCap2,23,258000,1505.05624675881
19,V0-GlobalCap2,23,261000,1505.05624675881
19,V0-GlobalCap2,23,264000,1505.05624675881
19,V0-GlobalCap2,23,267000,1505.05624675881
19,V0-GlobalCap2,23,270000,1505.05624675881
19,V0-GlobalCap2,23,273000,1505.05624675881
19,V0-GlobalCap2,23,276000,1369.37280847079
19,V0-GlobalCap2,23,279000,707.499114976243
19,V0-GlobalCap2,23,282000,706.912983196585
19,V0-GlobalCap2,23,285000,706.912983196585
19,V0-GlobalCap2,23,288000,706.912983196585
19,V0-GlobalCap2,23,291000,706.912983196585
19,V0-GlobalCap2,23,294000,706.912983196585
19,V0-GlobalCap2,23,297000,706.912983196585
19,V0-GlobalCap2,23,300000,706.912983196585
19,V1-Elite,23,3000,359628.648373726
19,V1-Elite,23,6000,72517.8160070091
19,V1-Elite,23,9000,53236.3747451222
19,V1-Elite,23,12000,27768.8250554549
19,V1-Elite,23,15000,27728.2631603136
19,V1-Elite,23,18000,17385.6450794831
19,V1-Elite,23,21000,17323.3193624401
19,V1-Elite,23,24000,17320.1780218644
19,V1-Elite,23,27000,16369.2242417604
19,V1-Elite,23,30000,16369.2242417604
19,V1-Elite,23,33000,16368.2406510822
19,V1-Elite,23,36000,16225.6873116354
19,V1-Elite,23,39000,14519.9433184862
19,V1-Elite,23,42000,13267.8868819827
19,V1-Elite,23,45000,13253.5400539982
19,V1-Elite,23,48000,13253.4746460851
19,V1-Elite,23,51000,13251.312544608
19,V1-Elite,23,54000,13251.2145261469
19,V1-Elite,23,57000,8739.81368897799
19,V1-Elite,23,60000,8731.12615980461
19,V1-Elite,23,63000,8728.82710506808
19,V1-Elite,23,66000,7819.67951670621
19,V1-Elite,23,69000,7819.17173339326
19,V1-Elite,23,72000,7818.5161141615
19,V1-Elite,23,75000,7586.78759746889
19,V1-Elite,23,78000,7572.84954561722
19,V1-Elite,23,81000,7330.37881086128
19,V1-Elite,23,84000,7258.45175413748
19,V1-Elite,23,87000,7122.70346727415
19,V1-Elite,23,90000,7118.80885713715
19,V1-Elite,23,93000,7118.6588405959
19,V1-Elite,23,96000,7118.45319287824
19,V1-Elite,23,99000,7108.17426354536
19,V1-Elite,23,102000,7108.17426354536
19,V1-Elite,23,105000,7037.98294862559
19,V1-Elite,23,108000,7035.26230294548
19,V1-Elite,23,111000,7034.14516993094
19,V1-Elite,23,114000,7034.06299723968
19,V1-Elite,23,117000,7033.75567814704
19,V1-Elite,23,120000,7033.75567814704
19,V1-Elite,23,123000,7033.75567814704
19,V1-Elite,23,126000,7033.75567814704
19,V1-Elite,23,129000,7033.75567814704
19,V1-Elite,23,132000,7033.73003559519
19,V1-Elite,23,135000,7033.73003559519
19,V1-Elite,23,138000,7033.73003559519
19,V1-Elite,23,141000,7024.45069066261
19,V1-Elite,23,144000,6637.26678301577
19,V1-Elite,23,147000,6633.65605147469
19,V1-Elite,23,150000,6632.59931675234
19,V1-Elite,23,153000,6369.28776387369
19,V1-Elite,23,156000,6369.11592505233
19,V1-Elite,23,159000,6093.81408048466
19,V1-Elite,23,162000,5924.64275157325
19,V1-Elite,23,165000,5900.99719024877
19,V1-Elite,23,168000,5900.77566677532
19,V1-Elite,23,171000,5774.45352622667
19,V1-Elite,23,174000,5773.17796305309
19,V1-Elite,23,177000,5773.17796305309
19,V1-Elite,23,180000,5773.17796305309
19,V1-Elite,23,183000,5773.11338682995
19,V1-Elite,23,186000,5746.01572534293
19,V1-Elite,23,189000,5746.004924837
19,V1-Elite,23,192000,5383.14267104198
19,V1-Elite,23,195000,5382.22154576014
19,V1-Elite,23,198000,5000.14275101736
19,V1-Elite,23,201000,4518.94019054476
19,V1-Elite,23,204000,4277.77273874098
19,V1-Elite,23,207000,4276.28084676966
19,V1-Elite,23,210000,4274.60793099588
19,V1-Elite,23,213000,3908.39855318024
19,V1-Elite,23,216000,3703.65373777496
19,V1-Elite,23,219000,3702.11443601693
19,V1-Elite,23,222000,3701.84540782294
19,V1-Elite,23,225000,3701.75051831866
19,V1-Elite,23,228000,3701.01114712091
19,V1-Elite,23,231000,3684.77725033724
19,V1-Elite,23,234000,3684.03613670254
19,V1-Elite,23,237000,3684.03613670254
19,V1-Elite,23,240000,3683.70791269137
19,V1-Elite,23,243000,3683.64497787465
19,V1-Elite,23,246000,3683.56289585391
19,V1-Elite,23,249000,3672.90391290368
19,V1-Elite,23,252000,3671.71216825371
19,V1-Elite,23,255000,3671.44577472226
19,V1-Elite,23,258000,3671.44577472226
19,V1-Elite,23,261000,3670.57614141182
19,V1-Elite,23,264000,3670.56060155609
19,V1-Elite,23,267000,3670.56060155609
19,V1-Elite,23,270000,3670.56060155609
19,V1-Elite,23,273000,3670.53824393855
19,V1-Elite,23,276000,3670.47823639467
19,V1-Elite,23,279000,3670.45742248701
19,V1-Elite,23,282000,3670.27332624253
19,V1-Elite,23,285000,3670.24026587725
19,V1-Elite,23,288000,3669.9713391141
19,V1-Elite,23,291000,3669.93063568501
19,V1-Elite,23,294000,3669.79610870141
19,V1-Elite,23,297000,3669.74948863541
19,V1-Elite,23,300000,3653.33114947458
19,V2-EliteDiff,23,3000,1482629.08635969
19,V2-EliteDiff,23,6000,1276632.85645928
19,V2-EliteDiff,23,9000,548171.65996036
19,V2-EliteDiff,23,12000,244710.957247528
19,V2-EliteDiff,23,15000,112586.963032754
19,V2-EliteDiff,23,18000,103845.272435712
19,V2-EliteDiff,23,21000,11602.9818130997
19,V2-EliteDiff,23,24000,11459.0628947397
19,V2-EliteDiff,23,27000,11446.6298644337
19,V2-EliteDiff,23,30000,7918.1100917835
19,V2-EliteDiff,23,33000,7897.15050702588
19,V2-EliteDiff,23,36000,7882.67721003743
19,V2-EliteDiff,23,39000,7557.32842659113
19,V2-EliteDiff,23,42000,7544.7124579408
19,V2-EliteDiff,23,45000,7543.08114612903
19,V2-EliteDiff,23,48000,7543.08114612903
19,V2-EliteDiff,23,51000,7540.94602989719
19,V2-EliteDiff,23,54000,7502.35308415807
19,V2-EliteDiff,23,57000,7485.71514599782
19,V2-EliteDiff,23,60000,7485.71514599782
19,V2-EliteDiff,23,63000,7482.59060422407
19,V2-EliteDiff,23,66000,7482.59060422407
19,V2-EliteDiff,23,69000,4503.23896611851
19,V2-EliteDiff,23,72000,4481.10869819889
19,V2-EliteDiff,23,75000,3639.84761151074
19,V2-EliteDiff,23,78000,3637.46967413805
19,V2-EliteDiff,23,81000,3631.57957949736
19,V2-EliteDiff,23,84000,3615.38357738708
19,V2-EliteDiff,23,87000,3614.67136434494
19,V2-EliteDiff,23,90000,2491.20461472515
19,V2-EliteDiff,23,93000,2481.70015406877
19,V2-EliteDiff,23,96000,2481.70015406877
19,V2-EliteDiff,23,99000,2481.70015406877
19,V2-EliteDiff,23,102000,2479.9385784667
19,V2-EliteDiff,23,105000,2479.9385784667
19,V2-EliteDiff,23,108000,2219.01270498594
19,V2-EliteDiff,23,111000,2193.44277741082
19,V2-EliteDiff,23,114000,2193.44277741082
19,V2-EliteDiff,23,117000,2193.44277741082
19,V2-EliteDiff,23,120000,2190.47686635432
19,V2-EliteDiff,23,123000,1321.47540280881
19,V2-EliteDiff,23,126000,1321.46612919111
19,V2-EliteDiff,23,129000,1321.46612919111
19,V2-EliteDiff,23,132000,1321.44547351343
19,V2-EliteDiff,23,135000,1078.037937161
19,V2-EliteDiff,23,138000,1077.41975762511
19,V2-EliteDiff,23,141000,1070.98545747104
19,V2-EliteDiff,23,144000,1054.44263976378
19,V2-EliteDiff,23,147000,1047.71461959099
19,V2-EliteDiff,23,150000,1047.71461959099
19,V2-EliteDiff,23,153000,1046.78474577381
19,V2-EliteDiff,23,156000,1046.78474577381
19,V2-EliteDiff,23,159000,1046.78474577381
19,V2-EliteDiff,23,162000,1046.02866388333
19,V2-EliteDiff,23,165000,1022.48331168736
19,V2-EliteDiff,23,168000,998.910985669565
19,V2-EliteDiff,23,171000,996.888744689695
19,V2-EliteDiff,23,174000,994.659114513416
19,V2-EliteDiff,23,177000,988.767562587841
19,V2-EliteDiff,23,180000,985.406728799337
19,V2-EliteDiff,23,183000,982.19324346866
19,V2-EliteDiff,23,186000,982.19324346866
19,V2-EliteDiff,23,189000,982.162317412043
19,V2-EliteDiff,23,192000,982.162317412043
19,V2-EliteDiff,23,195000,982.162317412043
19,V2-EliteDiff,23,198000,982.162317412043
19,V2-EliteDiff,23,201000,982.162317412043
19,V2-EliteDiff,23,204000,980.296884272563
19,V2-EliteDiff,23,207000,980.296884272563
19,V2-EliteDiff,23,210000,980.296884272563
19,V2-EliteDiff,23,213000,980.296884272563
19,V2-EliteDiff,23,216000,980.296884272563
19,V2-EliteDiff,23,219000,980.296884272563
19,V2-EliteDiff,23,222000,980.296884272563
19,V2-EliteDiff,23,225000,980.296884272563
19,V2-EliteDiff,23,228000,926.204012425819
19,V2-EliteDiff,23,231000,924.407031977851
19,V2-EliteDiff,23,234000,923.216739723043
19,V2-EliteDiff,23,237000,919.745943874867
19,V2-EliteDiff,23,240000,919.078651489811
19,V2-EliteDiff,23,243000,255.243023864196
19,V2-EliteDiff,23,246000,253.283250089099
19,V2-EliteDiff,23,249000,253.283250089099
19,V2-EliteDiff,23,252000,252.634660446216
19,V2-EliteDiff,23,255000,252.634660446216
19,V2-EliteDiff,23,258000,251.375876201538
19,V2-EliteDiff,23,261000,251.375876201538
19,V2-EliteDiff,23,264000,251.375876201538
19,V2-EliteDiff,23,267000,250.304752169596
19,V2-EliteDiff,23,270000,250.304752169596
19,V2-EliteDiff,23,273000,250.304752169596
19,V2-EliteDiff,23,276000,250.304752169596
19,V2-EliteDiff,23,279000,250.304752169596
19,V2-EliteDiff,23,282000,249.518248952903
19,V2-EliteDiff,23,285000,249.518248952903
19,V2-EliteDiff,23,288000,249.518248952903
19,V2-EliteDiff,23,291000,249.227531711987
19,V2-EliteDiff,23,294000,249.227531711987
19,V2-EliteDiff,23,297000,249.227531711987
19,V2-EliteDiff,23,300000,249.227531711987
22,V0-GlobalCap2,21,3000,6863.24673193209
22,V0-GlobalCap2,21,6000,6400.44030177325
22,V0-GlobalCap2,21,9000,6113.80757068648
22,V0-GlobalCap2,21,12000,5978.54445471972
22,V0-GlobalCap2,21,15000,5934.53999526203
22,V0-GlobalCap2,21,18000,5934.53999526203
22,V0-GlobalCap2,21,21000,5885.39410410391
22,V0-GlobalCap2,21,24000,4714.18399398933
22,V0-GlobalCap2,21,27000,4714.18399398933
22,V0-GlobalCap2,21,30000,4639.74755827261
22,V0-GlobalCap2,21,33000,4639.74755827261
22,V0-GlobalCap2,21,36000,4639.74755827261
22,V0-GlobalCap2,21,39000,4639.74755827261
22,V0-GlobalCap2,21,42000,4554.38143839842
22,V0-GlobalCap2,21,45000,4554.38143839842
22,V0-GlobalCap2,21,48000,4554.38143839842
22,V0-GlobalCap2,21,51000,4554.38143839842
22,V0-GlobalCap2,21,54000,4554.38143839842
22,V0-GlobalCap2,21,57000,4547.45973797695
22,V0-GlobalCap2,21,60000,4536.65233181795
22,V0-GlobalCap2,21,63000,4536.65233181795
22,V0-GlobalCap2,21,66000,4526.59514744803
22,V0-GlobalCap2,21,69000,4526.59514744803
22,V0-GlobalCap2,21,72000,4526.59514744803
22,V0-GlobalCap2,21,75000,4526.59514744803
22,V0-GlobalCap2,21,78000,4526.59514744803
22,V0-GlobalCap2,21,81000,4526.59514744803
22,V0-GlobalCap2,21,84000,4526.59514744803
22,V0-GlobalCap2,21,87000,4526.59514744803
22,V0-GlobalCap2,21,90000,4526.59514744803
22,V0-GlobalCap2,21,93000,4526.59514744803
22,V0-GlobalCap2,21,96000,4526.59514744803
22,V0-GlobalCap2,21,99000,4526.59514744803
22,V0-GlobalCap2,21,102000,4526.59514744803
22,V0-GlobalCap2,21,105000,4526.59514744803
22,V0-GlobalCap2,21,108000,4526.59514744803
22,V0-GlobalCap2,21,111000,4526.59514744803
22,V0-GlobalCap2,21,114000,4526.59514744803
22,V0-GlobalCap2,21,117000,4526.59514744803
22,V0-GlobalCap2,21,120000,4526.59514744803
22,V0-GlobalCap2,21,123000,4526.59514744803
22,V0-GlobalCap2,21,126000,4526.59514744803
22,V0-GlobalCap2,21,129000,4430.33052558936
22,V0-GlobalCap2,21,132000,4418.44099187487
22,V0-GlobalCap2,21,135000,4418.44099187487
22,V0-GlobalCap2,21,138000,4418.44099187487
22,V0-GlobalCap2,21,141000,4418.44099187487
22,V0-GlobalCap2,21,144000,4418.44099187487
22,V0-GlobalCap2,21,147000,4418.44099187487
22,V0-GlobalCap2,21,150000,4418.44099187487
22,V0-GlobalCap2,21,153000,4418.44099187487
22,V0-GlobalCap2,21,156000,4418.44099187487
22,V0-GlobalCap2,21,159000,4418.44099187487
22,V0-GlobalCap2,21,162000,4418.44099187487
22,V0-GlobalCap2,21,165000,4418.44099187487
22,V0-GlobalCap2,21,168000,4418.44099187487
22,V0-GlobalCap2,21,171000,4418.44099187487
22,V0-GlobalCap2,21,174000,4418.44099187487
22,V0-GlobalCap2,21,177000,4418.44099187487
22,V0-GlobalCap2,21,180000,4418.44099187487
22,V0-GlobalCap2,21,183000,4097.38826042881
22,V0-GlobalCap2,21,186000,4050.33148153998
22,V0-GlobalCap2,21,189000,4040.97550424862
22,V0-GlobalCap2,21,192000,4026.50958405424
22,V0-GlobalCap2,21,195000,4026.50958405424
22,V0-GlobalCap2,21,198000,4025.42207788482
22,V0-GlobalCap2,21,201000,4025.42207788482
22,V0-GlobalCap2,21,204000,4025.42207788482
22,V0-GlobalCap2,21,207000,4025.42207788482
22,V0-GlobalCap2,21,210000,4020.12135580016
22,V0-GlobalCap2,21,213000,4020.12135580016
22,V0-GlobalCap2,21,216000,4020.12135580016
22,V0-GlobalCap2,21,219000,4020.12135580016
22,V0-GlobalCap2,21,222000,4014.33930526072
22,V0-GlobalCap2,21,225000,4014.33930526072
22,V0-GlobalCap2,21,228000,4014.33930526072
22,V0-GlobalCap2,21,231000,4014.33930526072
22,V0-GlobalCap2,21,234000,4014.33930526072
22,V0-GlobalCap2,21,237000,4014.33930526072
22,V0-GlobalCap2,21,240000,4014.33930526072
22,V0-GlobalCap2,21,243000,4014.33930526072
22,V0-GlobalCap2,21,246000,4014.33930526072
22,V0-GlobalCap2,21,249000,4014.33930526072
22,V0-GlobalCap2,21,252000,4014.33930526072
22,V0-GlobalCap2,21,255000,4014.33930526072
22,V0-GlobalCap2,21,258000,4014.33930526072
22,V0-GlobalCap2,21,261000,4014.33930526072
22,V0-GlobalCap2,21,264000,4014.33930526072
22,V0-GlobalCap2,21,267000,4014.33930526072
22,V0-GlobalCap2,21,270000,4014.33930526072
22,V0-GlobalCap2,21,273000,4014.33930526072
22,V0-GlobalCap2,21,276000,4014.33930526072
22,V0-GlobalCap2,21,279000,4014.33930526072
22,V0-GlobalCap2,21,282000,4014.33930526072
22,V0-GlobalCap2,21,285000,4014.33930526072
22,V0-GlobalCap2,21,288000,4014.33930526072
22,V0-GlobalCap2,21,291000,4014.33930526072
22,V0-GlobalCap2,21,294000,4014.33930526072
22,V0-GlobalCap2,21,297000,4014.33930526072
22,V0-GlobalCap2,21,300000,4014.33930526072
22,V1-Elite,21,3000,5817.34630786498
22,V1-Elite,21,6000,4866.44445318362
22,V1-Elite,21,9000,4733.36313499924
22,V1-Elite,21,12000,4637.91057954895
22,V1-Elite,21,15000,4542.59887797513
22,V1-Elite,21,18000,4535.89606422241
22,V1-Elite,21,21000,4535.89606422241
22,V1-Elite,21,24000,4437.52268754448
22,V1-Elite,21,27000,4437.52268754448
22,V1-Elite,21,30000,4437.52268754448
22,V1-Elite,21,33000,4260.34244132407
22,V1-Elite,21,36000,4260.34244132407
22,V1-Elite,21,39000,4259.82255157716
22,V1-Elite,21,42000,4259.82255157716
22,V1-Elite,21,45000,4259.82255157716
22,V1-Elite,21,48000,4216.03520580986
22,V1-Elite,21,51000,4216.03520580986
22,V1-Elite,21,54000,4216.03520580986
22,V1-Elite,21,57000,4216.03520580986
22,V1-Elite,21,60000,4187.0839624175
22,V1-Elite,21,63000,4187.0839624175
22,V1-Elite,21,66000,4145.19936367377
22,V1-Elite,21,69000,4145.19936367377
22,V1-Elite,21,72000,4145.19936367377
22,V1-Elite,21,75000,4084.71986468082
22,V1-Elite,21,78000,4059.73711909908
22,V1-Elite,21,81000,4059.73711909908
22,V1-Elite,21,84000,4059.73711909908
22,V1-Elite,21,87000,3986.45976075989
22,V1-Elite,21,90000,3954.77320609376
22,V1-Elite,21,93000,3834.39689709004
22,V1-Elite,21,96000,3617.89304284119
22,V1-Elite,21,99000,3617.89304284119
22,V1-Elite,21,102000,3601.06199375164
22,V1-Elite,21,105000,3572.61702825628
22,V1-Elite,21,108000,3496.40631351511
22,V1-Elite,21,111000,3496.40631351511
22,V1-Elite,21,114000,3496.40631351511
22,V1-Elite,21,117000,3496.40631351511
22,V1-Elite,21,120000,3479.55553650107
22,V1-Elite,21,123000,3471.74724099516
22,V1-Elite,21,126000,3456.74475179025
22,V1-Elite,21,129000,3441.66921560842
22,V1-Elite,21,132000,3441.66921560842
22,V1-Elite,21,135000,3411.8963025364
22,V1-Elite,21,138000,3411.8963025364
22,V1-Elite,21,141000,3411.8963025364
22,V1-Elite,21,144000,3411.8963025364
22,V1-Elite,21,147000,3397.25194445647
22,V1-Elite,21,150000,3397.25194445647
22,V1-Elite,21,153000,3392.90692659942
22,V1-Elite,21,156000,3392.90692659942
22,V1-Elite,21,159000,3392.90692659942
22,V1-Elite,21,162000,3392.90692659942
22,V1-Elite,21,165000,3388.40653097125
22,V1-Elite,21,168000,3380.95273732736
22,V1-Elite,21,171000,3366.77068118334
22,V1-Elite,21,174000,3366.77068118334
22,V1-Elite,21,177000,3366.77068118334
22,V1-Elite,21,180000,3366.77068118334
22,V1-Elite,21,183000,3366.77068118334
22,V1-Elite,21,186000,3352.11141167441
22,V1-Elite,21,189000,3352.11141167441
22,V1-Elite,21,192000,3352.11141167441
22,V1-Elite,21,195000,3352.11141167441
22,V1-Elite,21,198000,3352.11141167441
22,V1-Elite,21,201000,3352.11141167441
22,V1-Elite,21,204000,3352.11141167441
22,V1-Elite,21,207000,3352.11141167441
22,V1-Elite,21,210000,3352.11141167441
22,V1-Elite,21,213000,3343.13116938425
22,V1-Elite,21,216000,3343.13116938425
22,V1-Elite,21,219000,3343.13116938425
22,V1-Elite,21,222000,3339.27581802593
22,V1-Elite,21,225000,3339.27581802593
22,V1-Elite,21,228000,3336.65933924715
22,V1-Elite,21,231000,3331.88212630434
22,V1-Elite,21,234000,3323.12674418969
22,V1-Elite,21,237000,3311.61328885198
22,V1-Elite,21,240000,3310.76907067576
22,V1-Elite,21,243000,3306.05159819862
22,V1-Elite,21,246000,3304.19535313219
22,V1-Elite,21,249000,3294.55920990608
22,V1-Elite,21,252000,3287.66156638882
22,V1-Elite,21,255000,3287.1372391533
22,V1-Elite,21,258000,3285.8929633839
22,V1-Elite,21,261000,3279.5446335712
22,V1-Elite,21,264000,3279.5446335712
22,V1-Elite,21,267000,3279.5446335712
22,V1-Elite,21,270000,3277.42760073039
22,V1-Elite,21,273000,3276.5854287826
22,V1-Elite,21,276000,3276.2759066462
22,V1-Elite,21,279000,3272.82577050642
22,V1-Elite,21,282000,3270.50985464096
22,V1-Elite,21,285000,3270.45083414582
22,V1-Elite,21,288000,3267.7470807531
22,V1-Elite,21,291000,3267.67583425784
22,V1-Elite,21,294000,3265.26394180562
22,V1-Elite,21,297000,3264.99709262271
22,V1-Elite,21,300000,3264.66126173316
22,V2-EliteDiff,21,3000,7877.09514373905
22,V2-EliteDiff,21,6000,7772.31081593534
22,V2-EliteDiff,21,9000,7343.65463934867
22,V2-EliteDiff,21,12000,6376.08298062497
22,V2-EliteDiff,21,15000,6376.08298062497
22,V2-EliteDiff,21,18000,6306.97679067176
22,V2-EliteDiff,21,21000,6306.97679067176
22,V2-EliteDiff,21,24000,6306.97679067176
22,V2-EliteDiff,21,27000,6306.97679067176
22,V2-EliteDiff,21,30000,6118.1579134501
22,V2-EliteDiff,21,33000,6118.1579134501
22,V2-EliteDiff,21,36000,6118.1579134501
22,V2-EliteDiff,21,39000,6118.1579134501
22,V2-EliteDiff,21,42000,6118.1579134501
22,V2-EliteDiff,21,45000,6118.1579134501
22,V2-EliteDiff,21,48000,6118.1579134501
22,V2-EliteDiff,21,51000,6118.1579134501
22,V2-EliteDiff,21,54000,6118.1579134501
22,V2-EliteDiff,21,57000,6118.1579134501
22,V2-EliteDiff,21,60000,6118.1579134501
22,V2-EliteDiff,21,63000,6118.1579134501
22,V2-EliteDiff,21,66000,6118.1579134501
22,V2-EliteDiff,21,69000,6118.1579134501
22,V2-EliteDiff,21,72000,5835.11412382628
22,V2-EliteDiff,21,75000,5800.74591899571
22,V2-EliteDiff,21,78000,5800.74591899571
22,V2-EliteDiff,21,81000,5280.3648353884
22,V2-EliteDiff,21,84000,5280.3648353884
22,V2-EliteDiff,21,87000,5280.3648353884
22,V2-EliteDiff,21,90000,5280.3648353884
22,V2-EliteDiff,21,93000,5280.3648353884
22,V2-EliteDiff,21,96000,5280.3648353884
22,V2-EliteDiff,21,99000,5280.3648353884
22,V2-EliteDiff,21,102000,5239.33873260789
22,V2-EliteDiff,21,105000,5239.33873260789
22,V2-EliteDiff,21,108000,5239.33873260789
22,V2-EliteDiff,21,111000,5239.33873260789
22,V2-EliteDiff,21,114000,5214.29784947476
22,V2-EliteDiff,21,117000,5213.68979306026
22,V2-EliteDiff,21,120000,5213.68979306026
22,V2-EliteDiff,21,123000,5213.68979306026
22,V2-EliteDiff,21,126000,5213.68979306026
22,V2-EliteDiff,21,129000,5142.664810413
22,V2-EliteDiff,21,132000,5130.28339060934
22,V2-EliteDiff,21,135000,4949.54655750006
22,V2-EliteDiff,21,138000,4949.54655750006
22,V2-EliteDiff,21,141000,4692.87011893299
22,V2-EliteDiff,21,144000,4692.87011893299
22,V2-EliteDiff,21,147000,4692.87011893299
22,V2-EliteDiff,21,150000,4692.87011893299
22,V2-EliteDiff,21,153000,4692.87011893299
22,V2-EliteDiff,21,156000,4692.87011893299
22,V2-EliteDiff,21,159000,4692.87011893299
22,V2-EliteDiff,21,162000,4692.87011893299
22,V2-EliteDiff,21,165000,4692.87011893299
22,V2-EliteDiff,21,168000,796.701931193152
22,V2-EliteDiff,21,171000,359.485310670247
22,V2-EliteDiff,21,174000,299.710950932233
22,V2-EliteDiff,21,177000,288.993364260284
22,V2-EliteDiff,21,180000,269.182597573513
22,V2-EliteDiff,21,183000,215.52235961699
22,V2-EliteDiff,21,186000,192.590203841306
22,V2-EliteDiff,21,189000,189.579685399603
22,V2-EliteDiff,21,192000,168.207107305253
22,V2-EliteDiff,21,195000,161.108149801485
22,V2-EliteDiff,21,198000,148.131852109376
22,V2-EliteDiff,21,201000,138.434595634475
22,V2-EliteDiff,21,204000,138.025948175069
22,V2-EliteDiff,21,207000,136.313511715146
22,V2-EliteDiff,21,210000,132.03122048817
22,V2-EliteDiff,21,213000,131.330208092191
22,V2-EliteDiff,21,216000,128.549826804807
22,V2-EliteDiff,21,219000,127.152665778643
22,V2-EliteDiff,21,222000,126.550322098605
22,V2-EliteDiff,21,225000,125.42234922443
22,V2-EliteDiff,21,228000,122.507882572317
22,V2-EliteDiff,21,231000,121.137290613004
22,V2-EliteDiff,21,234000,118.922729635677
22,V2-EliteDiff,21,237000,118.318607876151
22,V2-EliteDiff,21,240000,117.313892272549
22,V2-EliteDiff,21,243000,116.933772237056
22,V2-EliteDiff,21,246000,116.933772237056
22,V2-EliteDiff,21,249000,116.933772237056
22,V2-EliteDiff,21,252000,116.607050615488
22,V2-EliteDiff,21,255000,116.607050615488
22,V2-EliteDiff,21,258000,116.607050615488
22,V2-EliteDiff,21,261000,116.607050615488
22,V2-EliteDiff,21,264000,116.607050615488
22,V2-EliteDiff,21,267000,116.607050615488
22,V2-EliteDiff,21,270000,116.392826729104
22,V2-EliteDiff,21,273000,116.392826729104
22,V2-EliteDiff,21,276000,116.173122747933
22,V2-EliteDiff,21,279000,115.738684037807
22,V2-EliteDiff,21,282000,115.509335040033
22,V2-EliteDiff,21,285000,115.509335040033
22,V2-EliteDiff,21,288000,115.195055992209
22,V2-EliteDiff,21,291000,115.195055992209
22,V2-EliteDiff,21,294000,114.810578514073
22,V2-EliteDiff,21,297000,114.810578514073
22,V2-EliteDiff,21,300000,114.810578514073
22,V0-GlobalCap2,22,3000,7930.51433074584
22,V0-GlobalCap2,22,6000,6054.92002692197
22,V0-GlobalCap2,22,9000,5487.88654089617
22,V0-GlobalCap2,22,12000,5456.68642550549
22,V0-GlobalCap2,22,15000,5456.68642550549
22,V0-GlobalCap2,22,18000,4801.13652663995
22,V0-GlobalCap2,22,21000,4801.13652663995
22,V0-GlobalCap2,22,24000,4801.13652663995
22,V0-GlobalCap2,22,27000,4801.13652663995
22,V0-GlobalCap2,22,30000,4801.13652663995
22,V0-GlobalCap2,22,33000,4801.13652663995
22,V0-GlobalCap2,22,36000,4801.13652663995
22,V0-GlobalCap2,22,39000,4801.13652663995
22,V0-GlobalCap2,22,42000,4801.13652663995
22,V0-GlobalCap2,22,45000,4801.13652663995
22,V0-GlobalCap2,22,48000,4801.13652663995
22,V0-GlobalCap2,22,51000,4801.13652663995
22,V0-GlobalCap2,22,54000,4801.13652663995
22,V0-GlobalCap2,22,57000,4801.13652663995
22,V0-GlobalCap2,22,60000,4801.13652663995
22,V0-GlobalCap2,22,63000,4801.13652663995
22,V0-GlobalCap2,22,66000,4801.13652663995
22,V0-GlobalCap2,22,69000,4801.13652663995
22,V0-GlobalCap2,22,72000,4801.13652663995
22,V0-GlobalCap2,22,75000,4801.13652663995
22,V0-GlobalCap2,22,78000,4801.13652663995
22,V0-GlobalCap2,22,81000,4801.13652663995
22,V0-GlobalCap2,22,84000,4801.13652663995
22,V0-GlobalCap2,22,87000,4801.13652663995
22,V0-GlobalCap2,22,90000,4633.62612443163
22,V0-GlobalCap2,22,93000,4633.62612443163
22,V0-GlobalCap2,22,96000,4633.62612443163
22,V0-GlobalCap2,22,99000,4633.62612443163
22,V0-GlobalCap2,22,102000,4633.62612443163
22,V0-GlobalCap2,22,105000,4633.62612443163
22,V0-GlobalCap2,22,108000,4633.62612443163
22,V0-GlobalCap2,22,111000,4633.62612443163
22,V0-GlobalCap2,22,114000,4633.62612443163
22,V0-GlobalCap2,22,117000,4633.62612443163
22,V0-GlobalCap2,22,120000,4633.62612443163
22,V0-GlobalCap2,22,123000,4633.62612443163
22,V0-GlobalCap2,22,126000,4633.62612443163
22,V0-GlobalCap2,22,129000,4633.62612443163
22,V0-GlobalCap2,22,132000,4633.62612443163
22,V0-GlobalCap2,22,135000,4633.62612443163
22,V0-GlobalCap2,22,138000,4633.62612443163
22,V0-GlobalCap2,22,141000,4633.62612443163
22,V0-GlobalCap2,22,144000,4633.62612443163
22,V0-GlobalCap2,22,147000,4633.62612443163
22,V0-GlobalCap2,22,150000,4633.62612443163
22,V0-GlobalCap2,22,153000,4633.62612443163
22,V0-GlobalCap2,22,156000,4633.62612443163
22,V0-GlobalCap2,22,159000,4633.62612443163
22,V0-GlobalCap2,22,162000,4633.62612443163
22,V0-GlobalCap2,22,165000,4633.62612443163
22,V0-GlobalCap2,22,168000,4633.62612443163
22,V0-GlobalCap2,22,171000,4633.62612443163
22,V0-GlobalCap2,22,174000,4633.62612443163
22,V0-GlobalCap2,22,177000,4633.62612443163
22,V0-GlobalCap2,22,180000,4633.62612443163
22,V0-GlobalCap2,22,183000,4633.62612443163
22,V0-GlobalCap2,22,186000,4633.62612443163
22,V0-GlobalCap2,22,189000,4633.62612443163
22,V0-GlobalCap2,22,192000,4633.62612443163
22,V0-GlobalCap2,22,195000,4633.62612443163
22,V0-GlobalCap2,22,198000,4633.62612443163
22,V0-GlobalCap2,22,201000,4633.62612443163
22,V0-GlobalCap2,22,204000,4633.62612443163
22,V0-GlobalCap2,22,207000,4633.62612443163
22,V0-GlobalCap2,22,210000,4633.62612443163
22,V0-GlobalCap2,22,213000,4633.62612443163
22,V0-GlobalCap2,22,216000,4633.62612443163
22,V0-GlobalCap2,22,219000,4633.62612443163
22,V0-GlobalCap2,22,222000,4633.62612443163
22,V0-GlobalCap2,22,225000,4633.62612443163
22,V0-GlobalCap2,22,228000,4633.62612443163
22,V0-GlobalCap2,22,231000,4633.62612443163
22,V0-GlobalCap2,22,234000,4633.62612443163
22,V0-GlobalCap2,22,237000,4633.62612443163
22,V0-GlobalCap2,22,240000,4633.62612443163
22,V0-GlobalCap2,22,243000,4633.62612443163
22,V0-GlobalCap2,22,246000,4633.62612443163
22,V0-GlobalCap2,22,249000,4633.62612443163
22,V0-GlobalCap2,22,252000,4633.62612443163
22,V0-GlobalCap2,22,255000,4633.62612443163
22,V0-GlobalCap2,22,258000,4633.62612443163
22,V0-GlobalCap2,22,261000,4633.62612443163
22,V0-GlobalCap2,22,264000,4633.62612443163
22,V0-GlobalCap2,22,267000,4633.62612443163
22,V0-GlobalCap2,22,270000,4633.62612443163
22,V0-GlobalCap2,22,273000,4633.62612443163
22,V0-GlobalCap2,22,276000,4633.62612443163
22,V0-GlobalCap2,22,279000,4633.62612443163
22,V0-GlobalCap2,22,282000,4633.62612443163
22,V0-GlobalCap2,22,285000,4633.62612443163
22,V0-GlobalCap2,22,288000,4633.62612443163
22,V0-GlobalCap2,22,291000,4633.62612443163
22,V0-GlobalCap2,22,294000,4633.62612443163
22,V0-GlobalCap2,22,297000,4633.62612443163
22,V0-GlobalCap2,22,300000,4633.62612443163
22,V1-Elite,22,3000,1073.17652880375
22,V1-Elite,22,6000,147.491037785491
22,V1-Elite,22,9000,132.857889894156
22,V1-Elite,22,12000,129.019084804371
22,V1-Elite,22,15000,125.666459521442
22,V1-Elite,22,18000,125.666459521442
22,V1-Elite,22,21000,123.923162916783
22,V1-Elite,22,24000,123.923162916783
22,V1-Elite,22,27000,123.923162916783
22,V1-Elite,22,30000,123.923162916783
22,V1-Elite,22,33000,123.311855052918
22,V1-Elite,22,36000,123.311855052918
22,V1-Elite,22,39000,122.22543373907
22,V1-Elite,22,42000,122.22543373907
22,V1-Elite,22,45000,119.913117459391
22,V1-Elite,22,48000,119.913117459391
22,V1-Elite,22,51000,119.913117459391
22,V1-Elite,22,54000,119.913117459391
22,V1-Elite,22,57000,119.913117459391
22,V1-Elite,22,60000,119.913117459391
22,V1-Elite,22,63000,119.913117459391
22,V1-Elite,22,66000,119.913117459391
22,V1-Elite,22,69000,118.575659226079
22,V1-Elite,22,72000,118.575659226079
22,V1-Elite,22,75000,118.575659226079
22,V1-Elite,22,78000,118.575659226079
22,V1-Elite,22,81000,118.575659226079
22,V1-Elite,22,84000,118.575659226079
22,V1-Elite,22,87000,118.575659226079
22,V1-Elite,22,90000,118.575659226079
22,V1-Elite,22,93000,118.575659226079
22,V1-Elite,22,96000,118.498272506018
22,V1-Elite,22,99000,118.498272506018
22,V1-Elite,22,102000,118.27116982984
22,V1-Elite,22,105000,118.27116982984
22,V1-Elite,22,108000,118.27116982984
22,V1-Elite,22,111000,118.27116982984
22,V1-Elite,22,114000,118.27116982984
22,V1-Elite,22,117000,118.27116982984
22,V1-Elite,22,120000,118.23284828001
22,V1-Elite,22,123000,117.607198161476
22,V1-Elite,22,126000,117.591196661481
22,V1-Elite,22,129000,117.591196661481
22,V1-Elite,22,132000,117.133571833816
22,V1-Elite,22,135000,116.922221484237
22,V1-Elite,22,138000,116.411463471769
22,V1-Elite,22,141000,116.411463471769
22,V1-Elite,22,144000,116.143333244925
22,V1-Elite,22,147000,116.033560180772
22,V1-Elite,22,150000,116.033560180772
22,V1-Elite,22,153000,115.837441559273
22,V1-Elite,22,156000,115.837441559273
22,V1-Elite,22,159000,115.837441559273
22,V1-Elite,22,162000,115.723369296887
22,V1-Elite,22,165000,115.723369296887
22,V1-Elite,22,168000,115.723369296887
22,V1-Elite,22,171000,115.723369296887
22,V1-Elite,22,174000,115.463948721173
22,V1-Elite,22,177000,114.87709486346
22,V1-Elite,22,180000,114.87709486346
22,V1-Elite,22,183000,114.87709486346
22,V1-Elite,22,186000,114.87709486346
22,V1-Elite,22,189000,114.717171320199
22,V1-Elite,22,192000,114.269835750909
22,V1-Elite,22,195000,113.914672695721
22,V1-Elite,22,198000,113.914672695721
22,V1-Elite,22,201000,113.914672695721
22,V1-Elite,22,204000,113.877203863368
22,V1-Elite,22,207000,112.991081159419
22,V1-Elite,22,210000,112.991081159419
22,V1-Elite,22,213000,112.991081159419
22,V1-Elite,22,216000,112.991081159419
22,V1-Elite,22,219000,112.991081159419
22,V1-Elite,22,222000,112.991081159419
22,V1-Elite,22,225000,112.859232994759
22,V1-Elite,22,228000,112.859232994759
22,V1-Elite,22,231000,112.859232994759
22,V1-Elite,22,234000,112.451170526822
22,V1-Elite,22,237000,112.451170526822
22,V1-Elite,22,240000,112.433642113248
22,V1-Elite,22,243000,111.65306932021
22,V1-Elite,22,246000,110.964931362323
22,V1-Elite,22,249000,110.786548715423
22,V1-Elite,22,252000,109.852038823895
22,V1-Elite,22,255000,109.848914622567
22,V1-Elite,22,258000,108.278408478176
22,V1-Elite,22,261000,108.278408478176
22,V1-Elite,22,264000,107.775820215737
22,V1-Elite,22,267000,106.36082205385
22,V1-Elite,22,270000,106.090538900753
22,V1-Elite,22,273000,105.05693636764
22,V1-Elite,22,276000,104.914211988619
22,V1-Elite,22,279000,104.15960743737
22,V1-Elite,22,282000,103.227534838163
22,V1-Elite,22,285000,103.022789935503
22,V1-Elite,22,288000,102.241156330442
22,V1-Elite,22,291000,101.639218119881
22,V1-Elite,22,294000,100.729404887054
22,V1-Elite,22,297000,100.384853846373
22,V1-Elite,22,300000,100.039815833713
22,V2-EliteDiff,22,3000,8025.19680518942
22,V2-EliteDiff,22,6000,7665.30108890841
22,V2-EliteDiff,22,9000,7173.47670915612
22,V2-EliteDiff,22,12000,7173.47670915612
22,V2-EliteDiff,22,15000,7173.47670915612
22,V2-EliteDiff,22,18000,6952.83670880006
22,V2-EliteDiff,22,21000,6952.83670880006
22,V2-EliteDiff,22,24000,6952.83670880006
22,V2-EliteDiff,22,27000,6877.10733418722
22,V2-EliteDiff,22,30000,6804.31853051153
22,V2-EliteDiff,22,33000,6804.31853051153
22,V2-EliteDiff,22,36000,6660.07890543803
22,V2-EliteDiff,22,39000,6660.07890543803
22,V2-EliteDiff,22,42000,6660.07890543803
22,V2-EliteDiff,22,45000,6540.83556081397
22,V2-EliteDiff,22,48000,6322.27775305402
22,V2-EliteDiff,22,51000,6204.93511724082
22,V2-EliteDiff,22,54000,6204.93511724082
22,V2-EliteDiff,22,57000,5908.1223615382
22,V2-EliteDiff,22,60000,5908.1223615382
22,V2-EliteDiff,22,63000,5531.91276547915
22,V2-EliteDiff,22,66000,5530.91370931753
22,V2-EliteDiff,22,69000,5530.91370931753
22,V2-EliteDiff,22,72000,5376.3311597155
22,V2-EliteDiff,22,75000,5376.3311597155
22,V2-EliteDiff,22,78000,5376.3311597155
22,V2-EliteDiff,22,81000,5365.12497663942
22,V2-EliteDiff,22,84000,5273.99117490515
22,V2-EliteDiff,22,87000,5190.55973609742
22,V2-EliteDiff,22,90000,5190.55973609742
22,V2-EliteDiff,22,93000,5190.55973609742
22,V2-EliteDiff,22,96000,5190.55973609742
22,V2-EliteDiff,22,99000,5190.55973609742
22,V2-EliteDiff,22,102000,5190.55973609742
22,V2-EliteDiff,22,105000,5172.90740002647
22,V2-EliteDiff,22,108000,5018.83802842114
22,V2-EliteDiff,22,111000,5018.83802842114
22,V2-EliteDiff,22,114000,4939.8764765085
22,V2-EliteDiff,22,117000,4927.93997174958
22,V2-EliteDiff,22,120000,4808.31414485887
22,V2-EliteDiff,22,123000,4808.31414485887
22,V2-EliteDiff,22,126000,4808.31414485887
22,V2-EliteDiff,22,129000,4755.10455183007
22,V2-EliteDiff,22,132000,4755.10455183007
22,V2-EliteDiff,22,135000,4755.10455183007
22,V2-EliteDiff,22,138000,4755.10455183007
22,V2-EliteDiff,22,141000,4755.10455183007
22,V2-EliteDiff,22,144000,4745.02895259011
22,V2-EliteDiff,22,147000,4745.02895259011
22,V2-EliteDiff,22,150000,4745.02895259011
22,V2-EliteDiff,22,153000,4745.02895259011
22,V2-EliteDiff,22,156000,4741.10113010009
22,V2-EliteDiff,22,159000,4741.10113010009
22,V2-EliteDiff,22,162000,4729.23845175843
22,V2-EliteDiff,22,165000,4729.23845175843
22,V2-EliteDiff,22,168000,4729.23845175843
22,V2-EliteDiff,22,171000,4717.03762621687
22,V2-EliteDiff,22,174000,4717.03762621687
22,V2-EliteDiff,22,177000,4717.03762621687
22,V2-EliteDiff,22,180000,4717.03762621687
22,V2-EliteDiff,22,183000,4717.03762621687
22,V2-EliteDiff,22,186000,4709.09943990627
22,V2-EliteDiff,22,189000,4709.09943990627
22,V2-EliteDiff,22,192000,4709.09943990627
22,V2-EliteDiff,22,195000,4709.09943990627
22,V2-EliteDiff,22,198000,4709.09943990627
22,V2-EliteDiff,22,201000,4709.09943990627
22,V2-EliteDiff,22,204000,4709.09943990627
22,V2-EliteDiff,22,207000,4709.09943990627
22,V2-EliteDiff,22,210000,4709.09943990627
22,V2-EliteDiff,22,213000,4705.14864375961
22,V2-EliteDiff,22,216000,4705.14864375961
22,V2-EliteDiff,22,219000,4705.14864375961
22,V2-EliteDiff,22,222000,4705.14864375961
22,V2-EliteDiff,22,225000,4705.14864375961
22,V2-EliteDiff,22,228000,4705.14864375961
22,V2-EliteDiff,22,231000,4705.14864375961
22,V2-EliteDiff,22,234000,4704.00195887097
22,V2-EliteDiff,22,237000,4704.00195887097
22,V2-EliteDiff,22,240000,4704.00195887097
22,V2-EliteDiff,22,243000,4704.00195887097
22,V2-EliteDiff,22,246000,4704.00195887097
22,V2-EliteDiff,22,249000,4704.00195887097
22,V2-EliteDiff,22,252000,4704.00195887097
22,V2-EliteDiff,22,255000,4698.01653663886
22,V2-EliteDiff,22,258000,4698.01653663886
22,V2-EliteDiff,22,261000,4698.01653663886
22,V2-EliteDiff,22,264000,4683.29057061065
22,V2-EliteDiff,22,267000,4683.29057061065
22,V2-EliteDiff,22,270000,4640.13700172852
22,V2-EliteDiff,22,273000,4636.05821262033
22,V2-EliteDiff,22,276000,4636.05821262033
22,V2-EliteDiff,22,279000,4636.05821262033
22,V2-EliteDiff,22,282000,4636.05821262033
22,V2-EliteDiff,22,285000,4636.05821262033
22,V2-EliteDiff,22,288000,4636.05821262033
22,V2-EliteDiff,22,291000,4611.62433034684
22,V2-EliteDiff,22,294000,4611.62433034684
22,V2-EliteDiff,22,297000,4610.74877269413
22,V2-EliteDiff,22,300000,4610.74877269413
22,V0-GlobalCap2,23,3000,7141.45511337274
22,V0-GlobalCap2,23,6000,6376.6108221863
22,V0-GlobalCap2,23,9000,5413.20263690962
22,V0-GlobalCap2,23,12000,5368.28495002595
22,V0-GlobalCap2,23,15000,5263.89537065508
22,V0-GlobalCap2,23,18000,5263.89537065508
22,V0-GlobalCap2,23,21000,5244.51829681847
22,V0-GlobalCap2,23,24000,5244.51829681847
22,V0-GlobalCap2,23,27000,5244.51829681847
22,V0-GlobalCap2,23,30000,5242.42900742791
22,V0-GlobalCap2,23,33000,4700.25359945148
22,V0-GlobalCap2,23,36000,4509.88415912518
22,V0-GlobalCap2,23,39000,4406.0072058666
22,V0-GlobalCap2,23,42000,4406.0072058666
22,V0-GlobalCap2,23,45000,4406.0072058666
22,V0-GlobalCap2,23,48000,4406.0072058666
22,V0-GlobalCap2,23,51000,4406.0072058666
22,V0-GlobalCap2,23,54000,4406.0072058666
22,V0-GlobalCap2,23,57000,4406.0072058666
22,V0-GlobalCap2,23,60000,4406.0072058666
22,V0-GlobalCap2,23,63000,4406.0072058666
22,V0-GlobalCap2,23,66000,4406.0072058666
22,V0-GlobalCap2,23,69000,4406.0072058666
22,V0-GlobalCap2,23,72000,4170.44148246417
22,V0-GlobalCap2,23,75000,3816.10267309944
22,V0-GlobalCap2,23,78000,3816.10267309944
22,V0-GlobalCap2,23,81000,3816.10267309944
22,V0-GlobalCap2,23,84000,3816.10267309944
22,V0-GlobalCap2,23,87000,3816.10267309944
22,V0-GlobalCap2,23,90000,3816.10267309944
22,V0-GlobalCap2,23,93000,3816.10267309944
22,V0-GlobalCap2,23,96000,3816.10267309944
22,V0-GlobalCap2,23,99000,3816.10267309944
22,V0-GlobalCap2,23,102000,3816.10267309944
22,V0-GlobalCap2,23,105000,3816.10267309944
22,V0-GlobalCap2,23,108000,3816.10267309944
22,V0-GlobalCap2,23,111000,3816.10267309944
22,V0-GlobalCap2,23,114000,3816.10267309944
22,V0-GlobalCap2,23,117000,3816.10267309944
22,V0-GlobalCap2,23,120000,3816.10267309944
22,V0-GlobalCap2,23,123000,3816.10267309944
22,V0-GlobalCap2,23,126000,3816.10267309944
22,V0-GlobalCap2,23,129000,3816.10267309944
22,V0-GlobalCap2,23,132000,3816.10267309944
22,V0-GlobalCap2,23,135000,3816.10267309944
22,V0-GlobalCap2,23,138000,3816.10267309944
22,V0-GlobalCap2,23,141000,3816.10267309944
22,V0-GlobalCap2,23,144000,3816.10267309944
22,V0-GlobalCap2,23,147000,3816.10267309944
22,V0-GlobalCap2,23,150000,3816.10267309944
22,V0-GlobalCap2,23,153000,3816.10267309944
22,V0-GlobalCap2,23,156000,3816.10267309944
22,V0-GlobalCap2,23,159000,3816.10267309944
22,V0-GlobalCap2,23,162000,3816.10267309944
22,V0-GlobalCap2,23,165000,3816.10267309944
22,V0-GlobalCap2,23,168000,3816.10267309944
22,V0-GlobalCap2,23,171000,3816.10267309944
22,V0-GlobalCap2,23,174000,3816.10267309944
22,V0-GlobalCap2,23,177000,3816.10267309944
22,V0-GlobalCap2,23,180000,3816.10267309944
22,V0-GlobalCap2,23,183000,3816.10267309944
22,V0-GlobalCap2,23,186000,3816.10267309944
22,V0-GlobalCap2,23,189000,3816.10267309944
22,V0-GlobalCap2,23,192000,3816.10267309944
22,V0-GlobalCap2,23,195000,3816.10267309944
22,V0-GlobalCap2,23,198000,3816.10267309944
22,V0-GlobalCap2,23,201000,3816.10267309944
22,V0-GlobalCap2,23,204000,3816.10267309944
22,V0-GlobalCap2,23,207000,3816.10267309944
22,V0-GlobalCap2,23,210000,3816.10267309944
22,V0-GlobalCap2,23,213000,3816.10267309944
22,V0-GlobalCap2,23,216000,3816.10267309944
22,V0-GlobalCap2,23,219000,3816.10267309944
22,V0-GlobalCap2,23,222000,3816.10267309944
22,V0-GlobalCap2,23,225000,3816.10267309944
22,V0-GlobalCap2,23,228000,3816.10267309944
22,V0-GlobalCap2,23,231000,3816.10267309944
22,V0-GlobalCap2,23,234000,3816.10267309944
22,V0-GlobalCap2,23,237000,3816.10267309944
22,V0-GlobalCap2,23,240000,3816.10267309944
22,V0-GlobalCap2,23,243000,3816.10267309944
22,V0-GlobalCap2,23,246000,3816.10267309944
22,V0-GlobalCap2,23,249000,3816.10267309944
22,V0-GlobalCap2,23,252000,3816.10267309944
22,V0-GlobalCap2,23,255000,3816.10267309944
22,V0-GlobalCap2,23,258000,3816.10267309944
22,V0-GlobalCap2,23,261000,3816.10267309944
22,V0-GlobalCap2,23,264000,3816.10267309944
22,V0-GlobalCap2,23,267000,3816.10267309944
22,V0-GlobalCap2,23,270000,3816.10267309944
22,V0-GlobalCap2,23,273000,3816.10267309944
22,V0-GlobalCap2,23,276000,3816.10267309944
22,V0-GlobalCap2,23,279000,3816.10267309944
22,V0-GlobalCap2,23,282000,3816.10267309944
22,V0-GlobalCap2,23,285000,3816.10267309944
22,V0-GlobalCap2,23,288000,3816.10267309944
22,V0-GlobalCap2,23,291000,3816.10267309944
22,V0-GlobalCap2,23,294000,3816.10267309944
22,V0-GlobalCap2,23,297000,3816.10267309944
22,V0-GlobalCap2,23,300000,3816.10267309944
22,V1-Elite,23,3000,281.820713736132
22,V1-Elite,23,6000,144.611545629063
22,V1-Elite,23,9000,133.911561739759
22,V1-Elite,23,12000,130.033596154562
22,V1-Elite,23,15000,130.033596154562
22,V1-Elite,23,18000,129.172830285316
22,V1-Elite,23,21000,128.441282616407
22,V1-Elite,23,24000,126.717009999622
22,V1-Elite,23,27000,126.717009999622
22,V1-Elite,23,30000,125.799277504045
22,V1-Elite,23,33000,124.847589594857
22,V1-Elite,23,36000,124.598190060156
22,V1-Elite,23,39000,124.598190060156
22,V1-Elite,23,42000,124.598190060156
22,V1-Elite,23,45000,123.906977856396
22,V1-Elite,23,48000,123.521577707635
22,V1-Elite,23,51000,122.993416824456
22,V1-Elite,23,54000,122.504322154723
22,V1-Elite,23,57000,122.504322154723
22,V1-Elite,23,60000,121.695713767258
22,V1-Elite,23,63000,120.799899615991
22,V1-Elite,23,66000,120.799899615991
22,V1-Elite,23,69000,120.799899615991
22,V1-Elite,23,72000,120.799899615991
22,V1-Elite,23,75000,120.799899615991
22,V1-Elite,23,78000,120.467945604265
22,V1-Elite,23,81000,120.467945604265
22,V1-Elite,23,84000,120.440762104683
22,V1-Elite,23,87000,120.02964766672
22,V1-Elite,23,90000,120.02964766672
22,V1-Elite,23,93000,119.436920257994
22,V1-Elite,23,96000,119.001262097061
22,V1-Elite,23,99000,119.001262097061
22,V1-Elite,23,102000,118.777218195477
22,V1-Elite,23,105000,118.777218195477
22,V1-Elite,23,108000,118.723324401361
22,V1-Elite,23,111000,118.723324401361
22,V1-Elite,23,114000,118.256694692494
22,V1-Elite,23,117000,118.256694692494
22,V1-Elite,23,120000,118.083891891165
22,V1-Elite,23,123000,118.083891891165
22,V1-Elite,23,126000,117.876319977749
22,V1-Elite,23,129000,117.750158184494
22,V1-Elite,23,132000,117.750158184494
22,V1-Elite,23,135000,117.750158184494
22,V1-Elite,23,138000,117.051326583463
22,V1-Elite,23,141000,117.051326583463
22,V1-Elite,23,144000,116.553155601467
22,V1-Elite,23,147000,116.553155601467
22,V1-Elite,23,150000,116.553155601467
22,V1-Elite,23,153000,116.553155601467
22,V1-Elite,23,156000,116.366261660251
22,V1-Elite,23,159000,116.045678025147
22,V1-Elite,23,162000,116.045678025147
22,V1-Elite,23,165000,115.948726842103
22,V1-Elite,23,168000,115.814693562042
22,V1-Elite,23,171000,115.567385981244
22,V1-Elite,23,174000,115.567385981244
22,V1-Elite,23,177000,114.912563707576
22,V1-Elite,23,180000,114.708894145841
22,V1-Elite,23,183000,114.708894145841
22,V1-Elite,23,186000,114.708894145841
22,V1-Elite,23,189000,114.708894145841
22,V1-Elite,23,192000,114.708894145841
22,V1-Elite,23,195000,114.708894145841
22,V1-Elite,23,198000,114.650949756705
22,V1-Elite,23,201000,114.650949756705
22,V1-Elite,23,204000,114.115364235721
22,V1-Elite,23,207000,114.115364235721
22,V1-Elite,23,210000,114.115364235721
22,V1-Elite,23,213000,114.115364235721
22,V1-Elite,23,216000,114.115364235721
22,V1-Elite,23,219000,113.717594612867
22,V1-Elite,23,222000,113.687052693406
22,V1-Elite,23,225000,113.552553829244
22,V1-Elite,23,228000,113.030167122663
22,V1-Elite,23,231000,112.579634527826
22,V1-Elite,23,234000,112.333684597729
22,V1-Elite,23,237000,112.267451313454
22,V1-Elite,23,240000,112.267451313454
22,V1-Elite,23,243000,111.625468589299
22,V1-Elite,23,246000,110.5663854184
22,V1-Elite,23,249000,110.5663854184
22,V1-Elite,23,252000,110.5663854184
22,V1-Elite,23,255000,110.402301728369
22,V1-Elite,23,258000,109.02674481581
22,V1-Elite,23,261000,106.64729944524
22,V1-Elite,23,264000,106.337384291843
22,V1-Elite,23,267000,106.337384291843
22,V1-Elite,23,270000,106.034754455157
22,V1-Elite,23,273000,105.119169788713
22,V1-Elite,23,276000,104.891124873029
22,V1-Elite,23,279000,104.354705569067
22,V1-Elite,23,282000,102.906915124162
22,V1-Elite,23,285000,102.177171576162
22,V1-Elite,23,288000,101.954727236762
22,V1-Elite,23,291000,101.549228257403
22,V1-Elite,23,294000,101.070258661774
22,V1-Elite,23,297000,100.527555169934
22,V1-Elite,23,300000,100.045764903673
22,V2-EliteDiff,23,3000,757.581034850511
22,V2-EliteDiff,23,6000,377.503458003726
22,V2-EliteDiff,23,9000,233.899032810216
22,V2-EliteDiff,23,12000,210.050129654789
22,V2-EliteDiff,23,15000,185.472923310356
22,V2-EliteDiff,23,18000,175.788783747148
22,V2-EliteDiff,23,21000,170.573693495012
22,V2-EliteDiff,23,24000,152.088333117337
22,V2-EliteDiff,23,27000,149.42593215935
22,V2-EliteDiff,23,30000,149.292038689745
22,V2-EliteDiff,23,33000,138.663464023751
22,V2-EliteDiff,23,36000,138.653578506397
22,V2-EliteDiff,23,39000,137.471592360829
22,V2-EliteDiff,23,42000,137.471592360829
22,V2-EliteDiff,23,45000,136.778008234282
22,V2-EliteDiff,23,48000,136.778008234282
22,V2-EliteDiff,23,51000,135.00961291286
22,V2-EliteDiff,23,54000,135.00961291286
22,V2-EliteDiff,23,57000,132.379281815573
22,V2-EliteDiff,23,60000,132.379281815573
22,V2-EliteDiff,23,63000,132.379281815573
22,V2-EliteDiff,23,66000,132.379281815573
22,V2-EliteDiff,23,69000,132.297543426627
22,V2-EliteDiff,23,72000,131.159046305846
22,V2-EliteDiff,23,75000,131.159046305846
22,V2-EliteDiff,23,78000,130.211293430846
22,V2-EliteDiff,23,81000,128.855564317079
22,V2-EliteDiff,23,84000,128.855564317079
22,V2-EliteDiff,23,87000,128.855564317079
22,V2-EliteDiff,23,90000,128.267154627581
22,V2-EliteDiff,23,93000,126.408879741712
22,V2-EliteDiff,23,96000,126.408879741712
22,V2-EliteDiff,23,99000,126.408879741712
22,V2-EliteDiff,23,102000,126.367057147817
22,V2-EliteDiff,23,105000,125.860215834506
22,V2-EliteDiff,23,108000,125.753253521551
22,V2-EliteDiff,23,111000,125.249182617191
22,V2-EliteDiff,23,114000,125.249182617191
22,V2-EliteDiff,23,117000,125.249182617191
22,V2-EliteDiff,23,120000,124.511885596677
22,V2-EliteDiff,23,123000,124.511885596677
22,V2-EliteDiff,23,126000,124.511885596677
22,V2-EliteDiff,23,129000,124.511885596677
22,V2-EliteDiff,23,132000,124.060970253988
22,V2-EliteDiff,23,135000,123.041091920255
22,V2-EliteDiff,23,138000,123.041091920255
22,V2-EliteDiff,23,141000,122.622251515867
22,V2-EliteDiff,23,144000,122.24477671239
22,V2-EliteDiff,23,147000,121.48302716091
22,V2-EliteDiff,23,150000,120.155265420041
22,V2-EliteDiff,23,153000,120.155265420041
22,V2-EliteDiff,23,156000,120.155265420041
22,V2-EliteDiff,23,159000,120.155265420041
22,V2-EliteDiff,23,162000,120.155265420041
22,V2-EliteDiff,23,165000,120.155265420041
22,V2-EliteDiff,23,168000,119.581419941886
22,V2-EliteDiff,23,171000,119.462944728491
22,V2-EliteDiff,23,174000,118.720350563129
22,V2-EliteDiff,23,177000,118.49579325702
22,V2-EliteDiff,23,180000,118.49579325702
22,V2-EliteDiff,23,183000,118.49579325702
22,V2-EliteDiff,23,186000,118.49579325702
22,V2-EliteDiff,23,189000,118.49579325702
22,V2-EliteDiff,23,192000,118.059950493826
22,V2-EliteDiff,23,195000,118.052111721096
22,V2-EliteDiff,23,198000,117.775888205158
22,V2-EliteDiff,23,201000,117.775888205158
22,V2-EliteDiff,23,204000,117.486726821607
22,V2-EliteDiff,23,207000,117.434496911474
22,V2-EliteDiff,23,210000,117.304686030619
22,V2-EliteDiff,23,213000,116.810400290226
22,V2-EliteDiff,23,216000,116.810400290226
22,V2-EliteDiff,23,219000,116.410447053031
22,V2-EliteDiff,23,222000,115.966253896177
22,V2-EliteDiff,23,225000,115.966253896177
22,V2-EliteDiff,23,228000,115.966253896177
22,V2-EliteDiff,23,231000,115.966253896177
22,V2-EliteDiff,23,234000,115.951176588624
22,V2-EliteDiff,23,237000,115.57579832475
22,V2-EliteDiff,23,240000,115.404664617451
22,V2-EliteDiff,23,243000,114.667027836781
22,V2-EliteDiff,23,246000,114.667027836781
22,V2-EliteDiff,23,249000,114.667027836781
22,V2-EliteDiff,23,252000,114.667027836781
22,V2-EliteDiff,23,255000,114.444803504564
22,V2-EliteDiff,23,258000,114.397935245824
22,V2-EliteDiff,23,261000,114.215697817655
22,V2-EliteDiff,23,264000,114.053434766688
22,V2-EliteDiff,23,267000,113.885867047975
22,V2-EliteDiff,23,270000,113.885867047975
22,V2-EliteDiff,23,273000,113.885867047975
22,V2-EliteDiff,23,276000,113.885867047975
22,V2-EliteDiff,23,279000,113.815204905336
22,V2-EliteDiff,23,282000,113.186541161448
22,V2-EliteDiff,23,285000,112.968692800592
22,V2-EliteDiff,23,288000,112.968692800592
22,V2-EliteDiff,23,291000,112.737502490423
22,V2-EliteDiff,23,294000,111.868904888663
22,V2-EliteDiff,23,297000,111.868904888663
22,V2-EliteDiff,23,300000,111.868904888663
26,V0-GlobalCap2,21,3000,7302.28178281075
26,V0-GlobalCap2,21,6000,6261.53586704661
26,V0-GlobalCap2,21,9000,5561.36191956538
26,V0-GlobalCap2,21,12000,5561.36191956538
26,V0-GlobalCap2,21,15000,5561.36191956538
26,V0-GlobalCap2,21,18000,5561.36191956538
26,V0-GlobalCap2,21,21000,5561.36191956538
26,V0-GlobalCap2,21,24000,5372.89704613267
26,V0-GlobalCap2,21,27000,5319.83766432794
26,V0-GlobalCap2,21,30000,5311.59598608541
26,V0-GlobalCap2,21,33000,5289.18539411864
26,V0-GlobalCap2,21,36000,5278.79183122558
26,V0-GlobalCap2,21,39000,5226.43260136936
26,V0-GlobalCap2,21,42000,5226.43260136936
26,V0-GlobalCap2,21,45000,5226.43260136936
26,V0-GlobalCap2,21,48000,5226.43260136936
26,V0-GlobalCap2,21,51000,5226.43260136936
26,V0-GlobalCap2,21,54000,5226.43260136936
26,V0-GlobalCap2,21,57000,5226.43260136936
26,V0-GlobalCap2,21,60000,5226.43260136936
26,V0-GlobalCap2,21,63000,5226.43260136936
26,V0-GlobalCap2,21,66000,5226.43260136936
26,V0-GlobalCap2,21,69000,5226.43260136936
26,V0-GlobalCap2,21,72000,5226.43260136936
26,V0-GlobalCap2,21,75000,5226.43260136936
26,V0-GlobalCap2,21,78000,5226.43260136936
26,V0-GlobalCap2,21,81000,5226.43260136936
26,V0-GlobalCap2,21,84000,5226.43260136936
26,V0-GlobalCap2,21,87000,5226.43260136936
26,V0-GlobalCap2,21,90000,5226.43260136936
26,V0-GlobalCap2,21,93000,4712.76670967024
26,V0-GlobalCap2,21,96000,4712.76670967024
26,V0-GlobalCap2,21,99000,4712.76670967024
26,V0-GlobalCap2,21,102000,4712.76670967024
26,V0-GlobalCap2,21,105000,4692.48032580144
26,V0-GlobalCap2,21,108000,4692.48032580144
26,V0-GlobalCap2,21,111000,4431.80172217309
26,V0-GlobalCap2,21,114000,4427.25666783474
26,V0-GlobalCap2,21,117000,4231.09546641575
26,V0-GlobalCap2,21,120000,4192.09705348036
26,V0-GlobalCap2,21,123000,4192.09705348036
26,V0-GlobalCap2,21,126000,4192.09705348036
26,V0-GlobalCap2,21,129000,4192.09705348036
26,V0-GlobalCap2,21,132000,4192.09705348036
26,V0-GlobalCap2,21,135000,4192.09705348036
26,V0-GlobalCap2,21,138000,4192.09705348036
26,V0-GlobalCap2,21,141000,4192.09705348036
26,V0-GlobalCap2,21,144000,4192.09705348036
26,V0-GlobalCap2,21,147000,4192.09705348036
26,V0-GlobalCap2,21,150000,4192.09705348036
26,V0-GlobalCap2,21,153000,4192.09705348036
26,V0-GlobalCap2,21,156000,4192.09705348036
26,V0-GlobalCap2,21,159000,4192.09705348036
26,V0-GlobalCap2,21,162000,4192.09705348036
26,V0-GlobalCap2,21,165000,4192.09705348036
26,V0-GlobalCap2,21,168000,4192.09705348036
26,V0-GlobalCap2,21,171000,4146.12430902783
26,V0-GlobalCap2,21,174000,4146.12430902783
26,V0-GlobalCap2,21,177000,4146.12430902783
26,V0-GlobalCap2,21,180000,4146.12430902783
26,V0-GlobalCap2,21,183000,4146.12430902783
26,V0-GlobalCap2,21,186000,4146.12430902783
26,V0-GlobalCap2,21,189000,4146.12430902783
26,V0-GlobalCap2,21,192000,4146.12430902783
26,V0-GlobalCap2,21,195000,4146.12430902783
26,V0-GlobalCap2,21,198000,4146.12430902783
26,V0-GlobalCap2,21,201000,4146.12430902783
26,V0-GlobalCap2,21,204000,4146.12430902783
26,V0-GlobalCap2,21,207000,4146.12430902783
26,V0-GlobalCap2,21,210000,4146.12430902783
26,V0-GlobalCap2,21,213000,4146.12430902783
26,V0-GlobalCap2,21,216000,4146.12430902783
26,V0-GlobalCap2,21,219000,4146.12430902783
26,V0-GlobalCap2,21,222000,4146.12430902783
26,V0-GlobalCap2,21,225000,4146.12430902783
26,V0-GlobalCap2,21,228000,4146.12430902783
26,V0-GlobalCap2,21,231000,4146.12430902783
26,V0-GlobalCap2,21,234000,4146.12430902783
26,V0-GlobalCap2,21,237000,4146.12430902783
26,V0-GlobalCap2,21,240000,4146.12430902783
26,V0-GlobalCap2,21,243000,4146.12430902783
26,V0-GlobalCap2,21,246000,4146.12430902783
26,V0-GlobalCap2,21,249000,4146.12430902783
26,V0-GlobalCap2,21,252000,4146.12430902783
26,V0-GlobalCap2,21,255000,4146.12430902783
26,V0-GlobalCap2,21,258000,4146.12430902783
26,V0-GlobalCap2,21,261000,4146.12430902783
26,V0-GlobalCap2,21,264000,4146.12430902783
26,V0-GlobalCap2,21,267000,4146.12430902783
26,V0-GlobalCap2,21,270000,4146.12430902783
26,V0-GlobalCap2,21,273000,4146.12430902783
26,V0-GlobalCap2,21,276000,4146.12430902783
26,V0-GlobalCap2,21,279000,4146.12430902783
26,V0-GlobalCap2,21,282000,4146.12430902783
26,V0-GlobalCap2,21,285000,4146.12430902783
26,V0-GlobalCap2,21,288000,4146.12430902783
26,V0-GlobalCap2,21,291000,4146.12430902783
26,V0-GlobalCap2,21,294000,4146.12430902783
26,V0-GlobalCap2,21,297000,4146.12430902783
26,V0-GlobalCap2,21,300000,4146.12430902783
26,V1-Elite,21,3000,3949.47890655499
26,V1-Elite,21,6000,3210.6116234656
26,V1-Elite,21,9000,3127.80156165534
26,V1-Elite,21,12000,3086.02524256628
26,V1-Elite,21,15000,2949.69717671987
26,V1-Elite,21,18000,2943.91526949309
26,V1-Elite,21,21000,2913.49971720143
26,V1-Elite,21,24000,2913.49971720143
26,V1-Elite,21,27000,2913.49971720143
26,V1-Elite,21,30000,2913.49971720143
26,V1-Elite,21,33000,2913.49971720143
26,V1-Elite,21,36000,2913.49971720143
26,V1-Elite,21,39000,2913.49971720143
26,V1-Elite,21,42000,2904.25983883315
26,V1-Elite,21,45000,2904.25983883315
26,V1-Elite,21,48000,2904.25983883315
26,V1-Elite,21,51000,2904.25983883315
26,V1-Elite,21,54000,2904.25983883315
26,V1-Elite,21,57000,2901.56151927898
26,V1-Elite,21,60000,2901.56151927898
26,V1-Elite,21,63000,2881.08017731844
26,V1-Elite,21,66000,2875.36582122016
26,V1-Elite,21,69000,2845.68018484951
26,V1-Elite,21,72000,2845.68018484951
26,V1-Elite,21,75000,2841.62008347185
26,V1-Elite,21,78000,2820.21767612643
26,V1-Elite,21,81000,2820.21767612643
26,V1-Elite,21,84000,2820.21767612643
26,V1-Elite,21,87000,2807.79078711891
26,V1-Elite,21,90000,2807.79078711891
26,V1-Elite,21,93000,2720.3171935313
26,V1-Elite,21,96000,2679.10632464103
26,V1-Elite,21,99000,2672.79010105335
26,V1-Elite,21,102000,2656.57613231139
26,V1-Elite,21,105000,2651.84289895924
26,V1-Elite,21,108000,2651.84289895924
26,V1-Elite,21,111000,2646.00759043193
26,V1-Elite,21,114000,2629.64269310423
26,V1-Elite,21,117000,2621.69995293608
26,V1-Elite,21,120000,2621.69995293608
26,V1-Elite,21,123000,2608.0868936445
26,V1-Elite,21,126000,2597.87006402937
26,V1-Elite,21,129000,2591.90679364149
26,V1-Elite,21,132000,2591.90679364149
26,V1-Elite,21,135000,2591.90679364149
26,V1-Elite,21,138000,2582.25159080476
26,V1-Elite,21,141000,2577.99590187722
26,V1-Elite,21,144000,2577.99590187722
26,V1-Elite,21,147000,2577.99590187722
26,V1-Elite,21,150000,2577.99590187722
26,V1-Elite,21,153000,2577.99590187722
26,V1-Elite,21,156000,2576.07449075466
26,V1-Elite,21,159000,2570.93349019951
26,V1-Elite,21,162000,2570.93349019951
26,V1-Elite,21,165000,2570.93349019951
26,V1-Elite,21,168000,2568.74070096695
26,V1-Elite,21,171000,2549.89033144912
26,V1-Elite,21,174000,2549.89033144912
26,V1-Elite,21,177000,2549.89033144912
26,V1-Elite,21,180000,2549.52386221369
26,V1-Elite,21,183000,2547.23562848286
26,V1-Elite,21,186000,2547.23562848286
26,V1-Elite,21,189000,2547.23562848286
26,V1-Elite,21,192000,2547.23562848286
26,V1-Elite,21,195000,2547.23562848286
26,V1-Elite,21,198000,2547.23562848286
26,V1-Elite,21,201000,2544.96892767765
26,V1-Elite,21,204000,2492.04083121366
26,V1-Elite,21,207000,2469.89266676978
26,V1-Elite,21,210000,2461.84307395297
26,V1-Elite,21,213000,2447.29060348637
26,V1-Elite,21,216000,2443.65365524092
26,V1-Elite,21,219000,2434.53239880012
26,V1-Elite,21,222000,2434.27201407089
26,V1-Elite,21,225000,2434.27201407089
26,V1-Elite,21,228000,2434.27201407089
26,V1-Elite,21,231000,2432.35591714458
26,V1-Elite,21,234000,2432.35591714458
26,V1-Elite,21,237000,2432.35591714458
26,V1-Elite,21,240000,2429.52118332763
26,V1-Elite,21,243000,2427.37501240252
26,V1-Elite,21,246000,2425.95691018012
26,V1-Elite,21,249000,2425.95691018012
26,V1-Elite,21,252000,2424.02957545568
26,V1-Elite,21,255000,2421.3790959319
26,V1-Elite,21,258000,2420.95576011491
26,V1-Elite,21,261000,2419.12822860038
26,V1-Elite,21,264000,2419.12822860038
26,V1-Elite,21,267000,2418.72400237592
26,V1-Elite,21,270000,2418.37936298582
26,V1-Elite,21,273000,2417.62677258498
26,V1-Elite,21,276000,2417.09284920204
26,V1-Elite,21,279000,2416.86730133945
26,V1-Elite,21,282000,2416.86730133945
26,V1-Elite,21,285000,2416.80366714606
26,V1-Elite,21,288000,2415.99120814721
26,V1-Elite,21,291000,2415.62744198744
26,V1-Elite,21,294000,2415.43955322195
26,V1-Elite,21,297000,2415.05960588573
26,V1-Elite,21,300000,2414.88211299918
26,V2-EliteDiff,21,3000,3891.23527197446
26,V2-EliteDiff,21,6000,3646.56056295584
26,V2-EliteDiff,21,9000,3321.15245976414
26,V2-EliteDiff,21,12000,3261.02439193426
26,V2-EliteDiff,21,15000,3186.30589825977
26,V2-EliteDiff,21,18000,3186.30589825977
26,V2-EliteDiff,21,21000,3132.38287424252
26,V2-EliteDiff,21,24000,3132.38287424252
26,V2-EliteDiff,21,27000,3132.38287424252
26,V2-EliteDiff,21,30000,3132.38287424252
26,V2-EliteDiff,21,33000,3092.18988139154
26,V2-EliteDiff,21,36000,3092.18988139154
26,V2-EliteDiff,21,39000,2972.46298499676
26,V2-EliteDiff,21,42000,2919.806814811
26,V2-EliteDiff,21,45000,2919.806814811
26,V2-EliteDiff,21,48000,2919.806814811
26,V2-EliteDiff,21,51000,2919.806814811
26,V2-EliteDiff,21,54000,2919.806814811
26,V2-EliteDiff,21,57000,2919.806814811
26,V2-EliteDiff,21,60000,2918.66554379455
26,V2-EliteDiff,21,63000,2880.95833224951
26,V2-EliteDiff,21,66000,2761.87710888622
26,V2-EliteDiff,21,69000,2616.93901167324
26,V2-EliteDiff,21,72000,2616.93901167324
26,V2-EliteDiff,21,75000,2616.93901167324
26,V2-EliteDiff,21,78000,2616.93901167324
26,V2-EliteDiff,21,81000,2616.93901167324
26,V2-EliteDiff,21,84000,2616.93901167324
26,V2-EliteDiff,21,87000,2585.93947821548
26,V2-EliteDiff,21,90000,2585.93947821548
26,V2-EliteDiff,21,93000,2585.93947821548
26,V2-EliteDiff,21,96000,2585.93947821548
26,V2-EliteDiff,21,99000,2585.93947821548
26,V2-EliteDiff,21,102000,2585.93947821548
26,V2-EliteDiff,21,105000,2569.75834221959
26,V2-EliteDiff,21,108000,2569.75834221959
26,V2-EliteDiff,21,111000,2569.75834221959
26,V2-EliteDiff,21,114000,2569.75834221959
26,V2-EliteDiff,21,117000,2503.63137727431
26,V2-EliteDiff,21,120000,2445.18066491551
26,V2-EliteDiff,21,123000,2445.18066491551
26,V2-EliteDiff,21,126000,2445.18066491551
26,V2-EliteDiff,21,129000,2445.18066491551
26,V2-EliteDiff,21,132000,2445.18066491551
26,V2-EliteDiff,21,135000,2387.97306048894
26,V2-EliteDiff,21,138000,2387.97306048894
26,V2-EliteDiff,21,141000,2387.97306048894
26,V2-EliteDiff,21,144000,2387.97306048894
26,V2-EliteDiff,21,147000,2387.97306048894
26,V2-EliteDiff,21,150000,2387.97306048894
26,V2-EliteDiff,21,153000,2387.97306048894
26,V2-EliteDiff,21,156000,2387.97306048894
26,V2-EliteDiff,21,159000,2387.97306048894
26,V2-EliteDiff,21,162000,2387.97306048894
26,V2-EliteDiff,21,165000,2387.97306048894
26,V2-EliteDiff,21,168000,2387.97306048894
26,V2-EliteDiff,21,171000,2317.62688322353
26,V2-EliteDiff,21,174000,2317.62688322353
26,V2-EliteDiff,21,177000,2317.62688322353
26,V2-EliteDiff,21,180000,2317.62688322353
26,V2-EliteDiff,21,183000,2317.62688322353
26,V2-EliteDiff,21,186000,2317.62688322353
26,V2-EliteDiff,21,189000,2317.62688322353
26,V2-EliteDiff,21,192000,2317.62688322353
26,V2-EliteDiff,21,195000,2317.62688322353
26,V2-EliteDiff,21,198000,2317.62688322353
26,V2-EliteDiff,21,201000,2317.62688322353
26,V2-EliteDiff,21,204000,2317.62688322353
26,V2-EliteDiff,21,207000,2317.62688322353
26,V2-EliteDiff,21,210000,2317.62688322353
26,V2-EliteDiff,21,213000,2317.62688322353
26,V2-EliteDiff,21,216000,2317.62688322353
26,V2-EliteDiff,21,219000,2317.62688322353
26,V2-EliteDiff,21,222000,2317.62688322353
26,V2-EliteDiff,21,225000,2317.62688322353
26,V2-EliteDiff,21,228000,2317.62688322353
26,V2-EliteDiff,21,231000,2317.62688322353
26,V2-EliteDiff,21,234000,2308.27941874908
26,V2-EliteDiff,21,237000,2308.27941874908
26,V2-EliteDiff,21,240000,2308.27941874908
26,V2-EliteDiff,21,243000,2308.27941874908
26,V2-EliteDiff,21,246000,2308.27941874908
26,V2-EliteDiff,21,249000,2308.27941874908
26,V2-EliteDiff,21,252000,2308.27941874908
26,V2-EliteDiff,21,255000,2308.27941874908
26,V2-EliteDiff,21,258000,2308.27941874908
26,V2-EliteDiff,21,261000,2308.27941874908
26,V2-EliteDiff,21,264000,2308.27941874908
26,V2-EliteDiff,21,267000,2308.27941874908
26,V2-EliteDiff,21,270000,2308.27941874908
26,V2-EliteDiff,21,273000,2308.27941874908
26,V2-EliteDiff,21,276000,2308.27941874908
26,V2-EliteDiff,21,279000,2293.58058612516
26,V2-EliteDiff,21,282000,2293.58058612516
26,V2-EliteDiff,21,285000,2293.58058612516
26,V2-EliteDiff,21,288000,2293.58058612516
26,V2-EliteDiff,21,291000,2293.58058612516
26,V2-EliteDiff,21,294000,2293.58058612516
26,V2-EliteDiff,21,297000,2293.58058612516
26,V2-EliteDiff,21,300000,2293.58058612516
26,V0-GlobalCap2,22,3000,6436.38683924064
26,V0-GlobalCap2,22,6000,4239.23396935194
26,V0-GlobalCap2,22,9000,502.887838557216
26,V0-GlobalCap2,22,12000,351.562746551862
26,V0-GlobalCap2,22,15000,334.494880595432
26,V0-GlobalCap2,22,18000,316.641516256812
26,V0-GlobalCap2,22,21000,312.610354969543
26,V0-GlobalCap2,22,24000,312.610354969543
26,V0-GlobalCap2,22,27000,307.282269279269
26,V0-GlobalCap2,22,30000,307.282269279269
26,V0-GlobalCap2,22,33000,307.282269279269
26,V0-GlobalCap2,22,36000,307.282269279269
26,V0-GlobalCap2,22,39000,307.282269279269
26,V0-GlobalCap2,22,42000,307.135733120607
26,V0-GlobalCap2,22,45000,302.183401186059
26,V0-GlobalCap2,22,48000,301.308648498396
26,V0-GlobalCap2,22,51000,298.946772079742
26,V0-GlobalCap2,22,54000,298.946772079742
26,V0-GlobalCap2,22,57000,293.354336202432
26,V0-GlobalCap2,22,60000,280.795553446045
26,V0-GlobalCap2,22,63000,280.795553446045
26,V0-GlobalCap2,22,66000,280.795553446045
26,V0-GlobalCap2,22,69000,280.795553446045
26,V0-GlobalCap2,22,72000,280.795553446045
26,V0-GlobalCap2,22,75000,280.795553446045
26,V0-GlobalCap2,22,78000,280.795553446045
26,V0-GlobalCap2,22,81000,280.795553446045
26,V0-GlobalCap2,22,84000,280.795553446045
26,V0-GlobalCap2,22,87000,280.216304478333
26,V0-GlobalCap2,22,90000,280.216304478333
26,V0-GlobalCap2,22,93000,280.216304478333
26,V0-GlobalCap2,22,96000,280.216304478333
26,V0-GlobalCap2,22,99000,280.216304478333
26,V0-GlobalCap2,22,102000,280.216304478333
26,V0-GlobalCap2,22,105000,280.216304478333
26,V0-GlobalCap2,22,108000,280.216304478333
26,V0-GlobalCap2,22,111000,280.216304478333
26,V0-GlobalCap2,22,114000,280.216304478333
26,V0-GlobalCap2,22,117000,270.105227337794
26,V0-GlobalCap2,22,120000,270.105227337794
26,V0-GlobalCap2,22,123000,270.105227337794
26,V0-GlobalCap2,22,126000,270.105227337794
26,V0-GlobalCap2,22,129000,270.105227337794
26,V0-GlobalCap2,22,132000,270.105227337794
26,V0-GlobalCap2,22,135000,270.105227337794
26,V0-GlobalCap2,22,138000,270.105227337794
26,V0-GlobalCap2,22,141000,270.105227337794
26,V0-GlobalCap2,22,144000,262.025659631337
26,V0-GlobalCap2,22,147000,262.025659631337
26,V0-GlobalCap2,22,150000,260.890670586116
26,V0-GlobalCap2,22,153000,260.890670586116
26,V0-GlobalCap2,22,156000,260.090185924284
26,V0-GlobalCap2,22,159000,257.724319733921
26,V0-GlobalCap2,22,162000,254.448648032884
26,V0-GlobalCap2,22,165000,254.448648032884
26,V0-GlobalCap2,22,168000,254.448648032884
26,V0-GlobalCap2,22,171000,254.448648032884
26,V0-GlobalCap2,22,174000,254.448648032884
26,V0-GlobalCap2,22,177000,254.448648032884
26,V0-GlobalCap2,22,180000,254.264807261952
26,V0-GlobalCap2,22,183000,253.022972527847
26,V0-GlobalCap2,22,186000,250.974516595531
26,V0-GlobalCap2,22,189000,248.372960845254
26,V0-GlobalCap2,22,192000,248.372960845254
26,V0-GlobalCap2,22,195000,241.162479609587
26,V0-GlobalCap2,22,198000,241.162479609587
26,V0-GlobalCap2,22,201000,241.162479609587
26,V0-GlobalCap2,22,204000,241.162479609587
26,V0-GlobalCap2,22,207000,241.162479609587
26,V0-GlobalCap2,22,210000,240.822482769786
26,V0-GlobalCap2,22,213000,240.822482769786
26,V0-GlobalCap2,22,216000,240.822482769786
26,V0-GlobalCap2,22,219000,237.573843876744
26,V0-GlobalCap2,22,222000,235.040701885271
26,V0-GlobalCap2,22,225000,235.040701885271
26,V0-GlobalCap2,22,228000,234.673611574363
26,V0-GlobalCap2,22,231000,233.257214357249
26,V0-GlobalCap2,22,234000,232.078955703447
26,V0-GlobalCap2,22,237000,229.534224153294
26,V0-GlobalCap2,22,240000,229.534224153294
26,V0-GlobalCap2,22,243000,229.534224153294
26,V0-GlobalCap2,22,246000,226.959130787558
26,V0-GlobalCap2,22,249000,225.433608611209
26,V0-GlobalCap2,22,252000,223.76243824677
26,V0-GlobalCap2,22,255000,223.76243824677
26,V0-GlobalCap2,22,258000,223.76243824677
26,V0-GlobalCap2,22,261000,223.76243824677
26,V0-GlobalCap2,22,264000,220.562876678126
26,V0-GlobalCap2,22,267000,218.843798350609
26,V0-GlobalCap2,22,270000,218.298096368409
26,V0-GlobalCap2,22,273000,211.619218985868
26,V0-GlobalCap2,22,276000,211.619218985868
26,V0-GlobalCap2,22,279000,211.619218985868
26,V0-GlobalCap2,22,282000,211.027884265936
26,V0-GlobalCap2,22,285000,207.398959252135
26,V0-GlobalCap2,22,288000,207.055870906684
26,V0-GlobalCap2,22,291000,206.100445050758
26,V0-GlobalCap2,22,294000,203.904138106967
26,V0-GlobalCap2,22,297000,201.802726132726
26,V0-GlobalCap2,22,300000,200.384062684284
26,V1-Elite,22,3000,4348.29421172037
26,V1-Elite,22,6000,3332.17937148001
26,V1-Elite,22,9000,3181.49389238077
26,V1-Elite,22,12000,3111.4621742765
26,V1-Elite,22,15000,3018.72849056989
26,V1-Elite,22,18000,3018.72849056989
26,V1-Elite,22,21000,2941.71701641167
26,V1-Elite,22,24000,2817.5257950697
26,V1-Elite,22,27000,2769.91307726677
26,V1-Elite,22,30000,2687.19372176175
26,V1-Elite,22,33000,2628.61964630918
26,V1-Elite,22,36000,2589.84036216982
26,V1-Elite,22,39000,2578.81093159639
26,V1-Elite,22,42000,2504.40895871604
26,V1-Elite,22,45000,2477.33117234668
26,V1-Elite,22,48000,2460.48143443003
26,V1-Elite,22,51000,2447.56607464295
26,V1-Elite,22,54000,2433.09730158206
26,V1-Elite,22,57000,2410.17470543146
26,V1-Elite,22,60000,2373.7497036594
26,V1-Elite,22,63000,2358.51419007357
26,V1-Elite,22,66000,2358.51419007357
26,V1-Elite,22,69000,2358.51419007357
26,V1-Elite,22,72000,2345.28317263268
26,V1-Elite,22,75000,2340.13367008468
26,V1-Elite,22,78000,2334.14395903926
26,V1-Elite,22,81000,2333.43551336972
26,V1-Elite,22,84000,2333.43551336972
26,V1-Elite,22,87000,2333.43551336972
26,V1-Elite,22,90000,2333.43551336972
26,V1-Elite,22,93000,2333.43551336972
26,V1-Elite,22,96000,2333.43551336972
26,V1-Elite,22,99000,2333.43551336972
26,V1-Elite,22,102000,2333.43551336972
26,V1-Elite,22,105000,2333.43551336972
26,V1-Elite,22,108000,2333.43551336972
26,V1-Elite,22,111000,2333.43551336972
26,V1-Elite,22,114000,2333.43551336972
26,V1-Elite,22,117000,2333.43551336972
26,V1-Elite,22,120000,2333.43551336972
26,V1-Elite,22,123000,2333.43551336972
26,V1-Elite,22,126000,2333.43551336972
26,V1-Elite,22,129000,2333.43551336972
26,V1-Elite,22,132000,2333.43551336972
26,V1-Elite,22,135000,2333.43551336972
26,V1-Elite,22,138000,2331.68845713486
26,V1-Elite,22,141000,2331.68845713486
26,V1-Elite,22,144000,2331.68845713486
26,V1-Elite,22,147000,2331.68845713486
26,V1-Elite,22,150000,2329.90758680168
26,V1-Elite,22,153000,2329.90758680168
26,V1-Elite,22,156000,2328.93567079318
26,V1-Elite,22,159000,2314.18329471925
26,V1-Elite,22,162000,2314.18329471925
26,V1-Elite,22,165000,2314.18329471925
26,V1-Elite,22,168000,2314.18329471925
26,V1-Elite,22,171000,2314.18329471925
26,V1-Elite,22,174000,2314.18329471925
26,V1-Elite,22,177000,2314.18329471925
26,V1-Elite,22,180000,2314.18329471925
26,V1-Elite,22,183000,2314.18329471925
26,V1-Elite,22,186000,2309.91994325979
26,V1-Elite,22,189000,2309.91994325979
26,V1-Elite,22,192000,2309.91994325979
26,V1-Elite,22,195000,2307.29933626139
26,V1-Elite,22,198000,2301.78145686291
26,V1-Elite,22,201000,2300.09579069314
26,V1-Elite,22,204000,2300.09579069314
26,V1-Elite,22,207000,2300.09579069314
26,V1-Elite,22,210000,2299.71488274858
26,V1-Elite,22,213000,2298.87426041625
26,V1-Elite,22,216000,2298.87426041625
26,V1-Elite,22,219000,2294.54856531891
26,V1-Elite,22,222000,2293.90444187878
26,V1-Elite,22,225000,2292.73090824795
26,V1-Elite,22,228000,2292.73090824795
26,V1-Elite,22,231000,2292.73090824795
26,V1-Elite,22,234000,2288.29003725098
26,V1-Elite,22,237000,2288.29003725098
26,V1-Elite,22,240000,2288.29003725098
26,V1-Elite,22,243000,2285.90116512824
26,V1-Elite,22,246000,2284.13366905788
26,V1-Elite,22,249000,2283.93409870109
26,V1-Elite,22,252000,2282.99152449267
26,V1-Elite,22,255000,2282.99152449267
26,V1-Elite,22,258000,2282.99152449267
26,V1-Elite,22,261000,2281.86643560861
26,V1-Elite,22,264000,2281.47031225449
26,V1-Elite,22,267000,2280.49522653709
26,V1-Elite,22,270000,2279.8932245947
26,V1-Elite,22,273000,2279.22119227992
26,V1-Elite,22,276000,2277.52220320351
26,V1-Elite,22,279000,2277.31693511444
26,V1-Elite,22,282000,2277.08311832744
26,V1-Elite,22,285000,2276.8257106373
26,V1-Elite,22,288000,2276.78009908242
26,V1-Elite,22,291000,2276.29939788069
26,V1-Elite,22,294000,2275.62816887973
26,V1-Elite,22,297000,2275.45476010161
26,V1-Elite,22,300000,2275.29296797345
26,V2-EliteDiff,22,3000,3584.75097874879
26,V2-EliteDiff,22,6000,3388.49362106089
26,V2-EliteDiff,22,9000,3131.73329559221
26,V2-EliteDiff,22,12000,3018.03635428397
26,V2-EliteDiff,22,15000,2903.76380475833
26,V2-EliteDiff,22,18000,2792.95305023701
26,V2-EliteDiff,22,21000,2792.95305023701
26,V2-EliteDiff,22,24000,2755.28052749634
26,V2-EliteDiff,22,27000,2755.28052749634
26,V2-EliteDiff,22,30000,2755.28052749634
26,V2-EliteDiff,22,33000,2755.28052749634
26,V2-EliteDiff,22,36000,2737.96462652931
26,V2-EliteDiff,22,39000,2737.96462652931
26,V2-EliteDiff,22,42000,2737.96462652931
26,V2-EliteDiff,22,45000,2737.96462652931
26,V2-EliteDiff,22,48000,2737.96462652931
26,V2-EliteDiff,22,51000,2737.96462652931
26,V2-EliteDiff,22,54000,2737.96462652931
26,V2-EliteDiff,22,57000,2737.96462652931
26,V2-EliteDiff,22,60000,2737.96462652931
26,V2-EliteDiff,22,63000,2737.96462652931
26,V2-EliteDiff,22,66000,2737.96462652931
26,V2-EliteDiff,22,69000,2737.96462652931
26,V2-EliteDiff,22,72000,2648.08229322832
26,V2-EliteDiff,22,75000,2638.130666226
26,V2-EliteDiff,22,78000,2638.130666226
26,V2-EliteDiff,22,81000,2637.76359883589
26,V2-EliteDiff,22,84000,2637.76359883589
26,V2-EliteDiff,22,87000,2637.76359883589
26,V2-EliteDiff,22,90000,2637.76359883589
26,V2-EliteDiff,22,93000,2637.76359883589
26,V2-EliteDiff,22,96000,2637.76359883589
26,V2-EliteDiff,22,99000,2637.76359883589
26,V2-EliteDiff,22,102000,2637.76359883589
26,V2-EliteDiff,22,105000,2446.70135586198
26,V2-EliteDiff,22,108000,2446.70135586198
26,V2-EliteDiff,22,111000,2446.70135586198
26,V2-EliteDiff,22,114000,2446.70135586198
26,V2-EliteDiff,22,117000,2446.70135586198
26,V2-EliteDiff,22,120000,2446.70135586198
26,V2-EliteDiff,22,123000,2317.68463294905
26,V2-EliteDiff,22,126000,2317.68463294905
26,V2-EliteDiff,22,129000,2317.68463294905
26,V2-EliteDiff,22,132000,2317.68463294905
26,V2-EliteDiff,22,135000,2317.68463294905
26,V2-EliteDiff,22,138000,2317.68463294905
26,V2-EliteDiff,22,141000,2317.68463294905
26,V2-EliteDiff,22,144000,2317.68463294905
26,V2-EliteDiff,22,147000,2317.68463294905
26,V2-EliteDiff,22,150000,2317.68463294905
26,V2-EliteDiff,22,153000,2317.68463294905
26,V2-EliteDiff,22,156000,2317.68463294905
26,V2-EliteDiff,22,159000,2317.68463294905
26,V2-EliteDiff,22,162000,2317.68463294905
26,V2-EliteDiff,22,165000,2317.68463294905
26,V2-EliteDiff,22,168000,2317.68463294905
26,V2-EliteDiff,22,171000,2317.68463294905
26,V2-EliteDiff,22,174000,2317.68463294905
26,V2-EliteDiff,22,177000,2317.68463294905
26,V2-EliteDiff,22,180000,2317.68463294905
26,V2-EliteDiff,22,183000,2317.68463294905
26,V2-EliteDiff,22,186000,2317.68463294905
26,V2-EliteDiff,22,189000,2317.68463294905
26,V2-EliteDiff,22,192000,2317.68463294905
26,V2-EliteDiff,22,195000,2317.68463294905
26,V2-EliteDiff,22,198000,2317.68463294905
26,V2-EliteDiff,22,201000,2317.68463294905
26,V2-EliteDiff,22,204000,2317.68463294905
26,V2-EliteDiff,22,207000,2317.68463294905
26,V2-EliteDiff,22,210000,2317.68463294905
26,V2-EliteDiff,22,213000,2317.68463294905
26,V2-EliteDiff,22,216000,2317.68463294905
26,V2-EliteDiff,22,219000,2317.68463294905
26,V2-EliteDiff,22,222000,2317.68463294905
26,V2-EliteDiff,22,225000,2317.68463294905
26,V2-EliteDiff,22,228000,2317.68463294905
26,V2-EliteDiff,22,231000,2317.68463294905
26,V2-EliteDiff,22,234000,2317.68463294905
26,V2-EliteDiff,22,237000,2317.68463294905
26,V2-EliteDiff,22,240000,2317.68463294905
26,V2-EliteDiff,22,243000,2317.68463294905
26,V2-EliteDiff,22,246000,2317.68463294905
26,V2-EliteDiff,22,249000,2317.68463294905
26,V2-EliteDiff,22,252000,2317.68463294905
26,V2-EliteDiff,22,255000,2317.68463294905
26,V2-EliteDiff,22,258000,2317.68463294905
26,V2-EliteDiff,22,261000,2317.68463294905
26,V2-EliteDiff,22,264000,2317.68463294905
26,V2-EliteDiff,22,267000,2317.68463294905
26,V2-EliteDiff,22,270000,2317.68463294905
26,V2-EliteDiff,22,273000,2317.68463294905
26,V2-EliteDiff,22,276000,2317.68463294905
26,V2-EliteDiff,22,279000,2317.68463294905
26,V2-EliteDiff,22,282000,2317.68463294905
26,V2-EliteDiff,22,285000,2317.68463294905
26,V2-EliteDiff,22,288000,2317.68463294905
26,V2-EliteDiff,22,291000,2317.68463294905
26,V2-EliteDiff,22,294000,2317.68463294905
26,V2-EliteDiff,22,297000,2317.68463294905
26,V2-EliteDiff,22,300000,2317.68463294905
26,V0-GlobalCap2,23,3000,6619.9959946953
26,V0-GlobalCap2,23,6000,5885.77176215399
26,V0-GlobalCap2,23,9000,5247.93686503693
26,V0-GlobalCap2,23,12000,5169.75781036017
26,V0-GlobalCap2,23,15000,5169.75781036017
26,V0-GlobalCap2,23,18000,5169.75781036017
26,V0-GlobalCap2,23,21000,5169.75781036017
26,V0-GlobalCap2,23,24000,5169.75781036017
26,V0-GlobalCap2,23,27000,5079.54934104901
26,V0-GlobalCap2,23,30000,5079.54934104901
26,V0-GlobalCap2,23,33000,5079.54934104901
26,V0-GlobalCap2,23,36000,5079.54934104901
26,V0-GlobalCap2,23,39000,5079.54934104901
26,V0-GlobalCap2,23,42000,5079.54934104901
26,V0-GlobalCap2,23,45000,4929.30460851652
26,V0-GlobalCap2,23,48000,4843.09977495038
26,V0-GlobalCap2,23,51000,4819.80732595362
26,V0-GlobalCap2,23,54000,4742.99190310207
26,V0-GlobalCap2,23,57000,4738.28071147767
26,V0-GlobalCap2,23,60000,4669.96359651747
26,V0-GlobalCap2,23,63000,4608.73462844399
26,V0-GlobalCap2,23,66000,4481.49190028657
26,V0-GlobalCap2,23,69000,4414.4334428129
26,V0-GlobalCap2,23,72000,4330.012303028
26,V0-GlobalCap2,23,75000,4330.012303028
26,V0-GlobalCap2,23,78000,4330.012303028
26,V0-GlobalCap2,23,81000,4330.012303028
26,V0-GlobalCap2,23,84000,4030.0509125204
26,V0-GlobalCap2,23,87000,4017.77506804495
26,V0-GlobalCap2,23,90000,4017.77506804495
26,V0-GlobalCap2,23,93000,4017.77506804495
26,V0-GlobalCap2,23,96000,4017.77506804495
26,V0-GlobalCap2,23,99000,4017.77506804495
26,V0-GlobalCap2,23,102000,4017.77506804495
26,V0-GlobalCap2,23,105000,4017.77506804495
26,V0-GlobalCap2,23,108000,4017.77506804495
26,V0-GlobalCap2,23,111000,4017.77506804495
26,V0-GlobalCap2,23,114000,4017.77506804495
26,V0-GlobalCap2,23,117000,4017.77506804495
26,V0-GlobalCap2,23,120000,4017.77506804495
26,V0-GlobalCap2,23,123000,4017.77506804495
26,V0-GlobalCap2,23,126000,4017.77506804495
26,V0-GlobalCap2,23,129000,4017.77506804495
26,V0-GlobalCap2,23,132000,3963.49747704722
26,V0-GlobalCap2,23,135000,3949.80777383907
26,V0-GlobalCap2,23,138000,3927.22259754836
26,V0-GlobalCap2,23,141000,3920.31989426943
26,V0-GlobalCap2,23,144000,3920.31989426943
26,V0-GlobalCap2,23,147000,3917.23027919071
26,V0-GlobalCap2,23,150000,3916.48346090714
26,V0-GlobalCap2,23,153000,3916.48346090714
26,V0-GlobalCap2,23,156000,3913.0028386793
26,V0-GlobalCap2,23,159000,3906.25178918569
26,V0-GlobalCap2,23,162000,3905.75090845097
26,V0-GlobalCap2,23,165000,3903.42287663133
26,V0-GlobalCap2,23,168000,3902.32177379601
26,V0-GlobalCap2,23,171000,3899.89469629547
26,V0-GlobalCap2,23,174000,3898.1373803725
26,V0-GlobalCap2,23,177000,3894.19309542863
26,V0-GlobalCap2,23,180000,3893.19439532005
26,V0-GlobalCap2,23,183000,3893.19439532005
26,V0-GlobalCap2,23,186000,3893.19439532005
26,V0-GlobalCap2,23,189000,3893.0056042083
26,V0-GlobalCap2,23,192000,3893.0056042083
26,V0-GlobalCap2,23,195000,3893.0056042083
26,V0-GlobalCap2,23,198000,3892.79902492286
26,V0-GlobalCap2,23,201000,3892.79902492286
26,V0-GlobalCap2,23,204000,3892.56487004459
26,V0-GlobalCap2,23,207000,3891.48468985671
26,V0-GlobalCap2,23,210000,3891.48468985671
26,V0-GlobalCap2,23,213000,3891.48468985671
26,V0-GlobalCap2,23,216000,3891.48468985671
26,V0-GlobalCap2,23,219000,3891.48468985671
26,V0-GlobalCap2,23,222000,3891.48468985671
26,V0-GlobalCap2,23,225000,3891.48468985671
26,V0-GlobalCap2,23,228000,3891.48468985671
26,V0-GlobalCap2,23,231000,3891.48468985671
26,V0-GlobalCap2,23,234000,3891.48468985671
26,V0-GlobalCap2,23,237000,3853.49366090265
26,V0-GlobalCap2,23,240000,3849.89194676075
26,V0-GlobalCap2,23,243000,3849.06564873535
26,V0-GlobalCap2,23,246000,3848.48591705764
26,V0-GlobalCap2,23,249000,3846.34206627563
26,V0-GlobalCap2,23,252000,3845.79656741539
26,V0-GlobalCap2,23,255000,3843.70968667135
26,V0-GlobalCap2,23,258000,3842.5508450279
26,V0-GlobalCap2,23,261000,3842.5508450279
26,V0-GlobalCap2,23,264000,3842.50577415895
26,V0-GlobalCap2,23,267000,3842.28411626743
26,V0-GlobalCap2,23,270000,3842.22670995062
26,V0-GlobalCap2,23,273000,3841.91028594044
26,V0-GlobalCap2,23,276000,3841.72237443085
26,V0-GlobalCap2,23,279000,3841.17548706907
26,V0-GlobalCap2,23,282000,3841.01799302872
26,V0-GlobalCap2,23,285000,3840.48625806218
26,V0-GlobalCap2,23,288000,3840.48625806218
26,V0-GlobalCap2,23,291000,3840.41382157396
26,V0-GlobalCap2,23,294000,3840.17432209498
26,V0-GlobalCap2,23,297000,3839.89891177088
26,V0-GlobalCap2,23,300000,3839.76125341606
26,V1-Elite,23,3000,5483.87986822046
26,V1-Elite,23,6000,1481.86839030077
26,V1-Elite,23,9000,992.322237622478
26,V1-Elite,23,12000,730.166516204436
26,V1-Elite,23,15000,593.74034160463
26,V1-Elite,23,18000,400.367684866922
26,V1-Elite,23,21000,359.964612032212
26,V1-Elite,23,24000,345.767015906265
26,V1-Elite,23,27000,331.863340861917
26,V1-Elite,23,30000,329.727483645706
26,V1-Elite,23,33000,326.904088903894
26,V1-Elite,23,36000,321.55763646656
26,V1-Elite,23,39000,320.500990406617
26,V1-Elite,23,42000,320.500990406617
26,V1-Elite,23,45000,319.45985746938
26,V1-Elite,23,48000,318.669791254868
26,V1-Elite,23,51000,318.669791254868
26,V1-Elite,23,54000,318.669791254868
26,V1-Elite,23,57000,318.669791254868
26,V1-Elite,23,60000,318.669791254868
26,V1-Elite,23,63000,318.172523923599
26,V1-Elite,23,66000,318.172523923599
26,V1-Elite,23,69000,318.172523923599
26,V1-Elite,23,72000,318.172523923599
26,V1-Elite,23,75000,318.172523923599
26,V1-Elite,23,78000,318.172523923599
26,V1-Elite,23,81000,316.361509832537
26,V1-Elite,23,84000,315.618599030649
26,V1-Elite,23,87000,315.618599030649
26,V1-Elite,23,90000,314.092880450174
26,V1-Elite,23,93000,314.092880450174
26,V1-Elite,23,96000,313.872721716089
26,V1-Elite,23,99000,313.872721716089
26,V1-Elite,23,102000,311.556131745402
26,V1-Elite,23,105000,311.556131745402
26,V1-Elite,23,108000,311.556131745402
26,V1-Elite,23,111000,311.556131745402
26,V1-Elite,23,114000,311.556131745402
26,V1-Elite,23,117000,311.556131745402
26,V1-Elite,23,120000,311.556131745402
26,V1-Elite,23,123000,311.556131745402
26,V1-Elite,23,126000,311.556131745402
26,V1-Elite,23,129000,311.556131745402
26,V1-Elite,23,132000,311.556131745402
26,V1-Elite,23,135000,311.556131745402
26,V1-Elite,23,138000,311.556131745402
26,V1-Elite,23,141000,311.556131745402
26,V1-Elite,23,144000,310.771411568559
26,V1-Elite,23,147000,309.333351471543
26,V1-Elite,23,150000,309.333351471543
26,V1-Elite,23,153000,309.333351471543
26,V1-Elite,23,156000,309.333351471543
26,V1-Elite,23,159000,309.333351471543
26,V1-Elite,23,162000,309.034679645155
26,V1-Elite,23,165000,309.034679645155
26,V1-Elite,23,168000,309.034679645155
26,V1-Elite,23,171000,309.034679645155
26,V1-Elite,23,174000,309.034679645155
26,V1-Elite,23,177000,309.034679645155
26,V1-Elite,23,180000,309.006545393614
26,V1-Elite,23,183000,308.693317735006
26,V1-Elite,23,186000,307.725243471449
26,V1-Elite,23,189000,307.725243471449
26,V1-Elite,23,192000,307.725243471449
26,V1-Elite,23,195000,307.222558913521
26,V1-Elite,23,198000,306.575330257837
26,V1-Elite,23,201000,306.575330257837
26,V1-Elite,23,204000,306.575330257837
26,V1-Elite,23,207000,305.874915912109
26,V1-Elite,23,210000,305.80761398175
26,V1-Elite,23,213000,305.80761398175
26,V1-Elite,23,216000,305.80761398175
26,V1-Elite,23,219000,305.80761398175
26,V1-Elite,23,222000,305.80761398175
26,V1-Elite,23,225000,305.589238113995
26,V1-Elite,23,228000,305.150495140746
26,V1-Elite,23,231000,305.150495140746
26,V1-Elite,23,234000,305.150495140746
26,V1-Elite,23,237000,305.150495140746
26,V1-Elite,23,240000,304.499529058729
26,V1-Elite,23,243000,304.133618455659
26,V1-Elite,23,246000,303.921215513794
26,V1-Elite,23,249000,303.506575349028
26,V1-Elite,23,252000,303.506575349028
26,V1-Elite,23,255000,303.506575349028
26,V1-Elite,23,258000,303.314449972661
26,V1-Elite,23,261000,303.14180700376
26,V1-Elite,23,264000,302.599239463794
26,V1-Elite,23,267000,302.599239463794
26,V1-Elite,23,270000,302.529973720378
26,V1-Elite,23,273000,302.211311655418
26,V1-Elite,23,276000,301.95798223363
26,V1-Elite,23,279000,301.95798223363
26,V1-Elite,23,282000,301.764077573571
26,V1-Elite,23,285000,301.459665085685
26,V1-Elite,23,288000,301.116200912353
26,V1-Elite,23,291000,300.885742520578
26,V1-Elite,23,294000,300.611782790817
26,V1-Elite,23,297000,300.416673838471
26,V1-Elite,23,300000,300.069987296702
26,V2-EliteDiff,23,3000,4015.99200787747
26,V2-EliteDiff,23,6000,3745.67213657313
26,V2-EliteDiff,23,9000,3697.73217930957
26,V2-EliteDiff,23,12000,3655.25273748622
26,V2-EliteDiff,23,15000,3522.00993556036
26,V2-EliteDiff,23,18000,3185.42679600455
26,V2-EliteDiff,23,21000,2890.62144611536
26,V2-EliteDiff,23,24000,2890.62144611536
26,V2-EliteDiff,23,27000,2890.62144611536
26,V2-EliteDiff,23,30000,2890.62144611536
26,V2-EliteDiff,23,33000,2890.62144611536
26,V2-EliteDiff,23,36000,2856.0473725185
26,V2-EliteDiff,23,39000,2856.0473725185
26,V2-EliteDiff,23,42000,2856.0473725185
26,V2-EliteDiff,23,45000,2815.42716990864
26,V2-EliteDiff,23,48000,2764.92700913102
26,V2-EliteDiff,23,51000,2756.78531795886
26,V2-EliteDiff,23,54000,2538.74925072634
26,V2-EliteDiff,23,57000,2426.07191545223
26,V2-EliteDiff,23,60000,2341.26245002243
26,V2-EliteDiff,23,63000,2341.26245002243
26,V2-EliteDiff,23,66000,2341.26245002243
26,V2-EliteDiff,23,69000,2341.26245002243
26,V2-EliteDiff,23,72000,2341.26245002243
26,V2-EliteDiff,23,75000,2341.26245002243
26,V2-EliteDiff,23,78000,2341.26245002243
26,V2-EliteDiff,23,81000,2341.26245002243
26,V2-EliteDiff,23,84000,2298.92102008751
26,V2-EliteDiff,23,87000,2298.92102008751
26,V2-EliteDiff,23,90000,2298.92102008751
26,V2-EliteDiff,23,93000,2298.92102008751
26,V2-EliteDiff,23,96000,2298.92102008751
26,V2-EliteDiff,23,99000,2298.92102008751
26,V2-EliteDiff,23,102000,2298.92102008751
26,V2-EliteDiff,23,105000,2298.92102008751
26,V2-EliteDiff,23,108000,2298.92102008751
26,V2-EliteDiff,23,111000,2298.92102008751
26,V2-EliteDiff,23,114000,2298.92102008751
26,V2-EliteDiff,23,117000,2298.92102008751
26,V2-EliteDiff,23,120000,2213.67204642686
26,V2-EliteDiff,23,123000,2213.67204642686
26,V2-EliteDiff,23,126000,2213.67204642686
26,V2-EliteDiff,23,129000,2206.99245298373
26,V2-EliteDiff,23,132000,2206.99245298373
26,V2-EliteDiff,23,135000,2206.99245298373
26,V2-EliteDiff,23,138000,2206.99245298373
26,V2-EliteDiff,23,141000,2206.99245298373
26,V2-EliteDiff,23,144000,2179.84873616137
26,V2-EliteDiff,23,147000,2179.84873616137
26,V2-EliteDiff,23,150000,2179.84873616137
26,V2-EliteDiff,23,153000,2179.84873616137
26,V2-EliteDiff,23,156000,2179.84873616137
26,V2-EliteDiff,23,159000,2179.84873616137
26,V2-EliteDiff,23,162000,2074.53833740741
26,V2-EliteDiff,23,165000,2074.53833740741
26,V2-EliteDiff,23,168000,2074.53833740741
26,V2-EliteDiff,23,171000,2074.53833740741
26,V2-EliteDiff,23,174000,2074.53833740741
26,V2-EliteDiff,23,177000,2074.53833740741
26,V2-EliteDiff,23,180000,2074.53833740741
26,V2-EliteDiff,23,183000,2074.53833740741
26,V2-EliteDiff,23,186000,2074.53833740741
26,V2-EliteDiff,23,189000,2074.53833740741
26,V2-EliteDiff,23,192000,2074.53833740741
26,V2-EliteDiff,23,195000,2074.53833740741
26,V2-EliteDiff,23,198000,2074.53833740741
26,V2-EliteDiff,23,201000,2074.53833740741
26,V2-EliteDiff,23,204000,2074.53833740741
26,V2-EliteDiff,23,207000,2074.53833740741
26,V2-EliteDiff,23,210000,2074.53833740741
26,V2-EliteDiff,23,213000,2074.53833740741
26,V2-EliteDiff,23,216000,2069.52387425358
26,V2-EliteDiff,23,219000,2033.33736011037
26,V2-EliteDiff,23,222000,2033.33736011037
26,V2-EliteDiff,23,225000,2033.33736011037
26,V2-EliteDiff,23,228000,2033.33736011037
26,V2-EliteDiff,23,231000,2033.33736011037
26,V2-EliteDiff,23,234000,2033.33736011037
26,V2-EliteDiff,23,237000,1986.76226309565
26,V2-EliteDiff,23,240000,1986.76226309565
26,V2-EliteDiff,23,243000,1986.76226309565
26,V2-EliteDiff,23,246000,1986.76226309565
26,V2-EliteDiff,23,249000,1986.76226309565
26,V2-EliteDiff,23,252000,1986.76226309565
26,V2-EliteDiff,23,255000,1986.76226309565
26,V2-EliteDiff,23,258000,1986.76226309565
26,V2-EliteDiff,23,261000,1986.76226309565
26,V2-EliteDiff,23,264000,1986.76226309565
26,V2-EliteDiff,23,267000,1986.76226309565
26,V2-EliteDiff,23,270000,1986.76226309565
26,V2-EliteDiff,23,273000,1986.76226309565
26,V2-EliteDiff,23,276000,1986.76226309565
26,V2-EliteDiff,23,279000,1986.76226309565
26,V2-EliteDiff,23,282000,1986.76226309565
26,V2-EliteDiff,23,285000,1986.76226309565
26,V2-EliteDiff,23,288000,1986.76226309565
26,V2-EliteDiff,23,291000,1986.76226309565
26,V2-EliteDiff,23,294000,1986.76226309565
26,V2-EliteDiff,23,297000,1980.13723397445
26,V2-EliteDiff,23,300000,1980.13723397445
