method,function_id,seed,dimension,budget,population,initial_population_shared_prefix,final_cost,best_recheck_cost,best_recheck_absdiff,seconds,evaluations,objective_calls_run,objective_calls_after_recheck,postrun_recheck_calls,call_audit,trace_finite,trace_monotone,best_consistent,trace_fe_50,trace_fe_6000,trace_fe_18000,trace_fe_30000,trace_fe_45000,trace_fe_60000,mutation_evaluations,mutation_calls,mutation_out_of_bounds,alpha_min,alpha_max,inertia_min,inertia_max,action_1,action_2,action_3,action_4,status,error_id,error_message,protocol
ASE-CSO,1,101,30,60000,50,0,744.994977545181,744.994977545181,0,7.8396577,60000,60000,60001,1,1,1,1,1,119615472058.568,101808222.646112,21765924.6055021,11132169.0907736,602090.792278807,744.994977545181,,,,,,,,,,,,ok,,,D30_FE60000_seed101_110_N50_ASE_CLPSO_N40_NRLPSO_shared_prefix
CLPSO,1,101,30,60000,50,0,66843183.251147,66843183.251147,0,0.4185945,60000,60000,60001,1,1,1,1,1,119615472058.568,25837557388.8053,8838982974.30324,1852423692.01993,275409619.202725,66843183.251147,,,,,,,,,,,,ok,,,D30_FE60000_seed101_110_N50_ASE_CLPSO_N40_NRLPSO_shared_prefix
NRLPSO-PaperAligned,1,101,30,60000,40,1,3982623.21918266,3982623.21918266,0,3.8659741,60000,60000,60001,1,1,1,1,1,119615472058.568,2210031323.95947,723863041.457349,485307903.506856,94638306.398483,3982623.21918266,38164.0,19082.0,915.0,0.1,0.999385,0.4024727664222,0.999171356191152,5127.0,5426.0,6712.0,4531.0,ok,,,D30_FE60000_seed101_110_N50_ASE_CLPSO_N40_NRLPSO_shared_prefix
ASE-CSO,3,101,30,60000,50,0,6455.32152879189,6455.32152879189,0,7.6657076,60000,60000,60001,1,1,1,1,1,582541703.745418,70572.0950649953,37252.7441831616,22951.1453742811,16763.7614570817,6455.32152879189,,,,,,,,,,,,ok,,,D30_FE60000_seed101_110_N50_ASE_CLPSO_N40_NRLPSO_shared_prefix
CLPSO,3,101,30,60000,50,0,81903.9209880419,81903.9209880419,0,0.4814392,60000,60000,60001,1,1,1,1,1,582541703.745418,181347.990421385,167844.831883473,128207.240984873,123193.882467185,81903.9209880419,,,,,,,,,,,,ok,,,D30_FE60000_seed101_110_N50_ASE_CLPSO_N40_NRLPSO_shared_prefix
NRLPSO-PaperAligned,3,101,30,60000,40,1,6762.28987362456,6762.28987362456,0,3.7945483,60000,60000,60001,1,1,1,1,1,582541703.745418,123048.789454509,72070.4727406287,36145.4073176349,15472.5396168341,6762.28987362456,39393.0,19697.0,19150.0,0.1,0.999385,0.402071407296908,0.999171356191152,5685.0,5016.0,5399.0,4467.0,ok,,,D30_FE60000_seed101_110_N50_ASE_CLPSO_N40_NRLPSO_shared_prefix
ASE-CSO,4,101,30,60000,50,0,403.990080244953,403.990080244953,0,7.8996194,60000,60000,60001,1,1,1,1,1,56395.4171848656,597.960604678581,529.763939841715,473.006757625355,404.825472345094,403.990080244953,,,,,,,,,,,,ok,,,D30_FE60000_seed101_110_N50_ASE_CLPSO_N40_NRLPSO_shared_prefix
CLPSO,4,101,30,60000,50,0,569.46596681532,569.46596681532,0,0.4415843,60000,60000,60001,1,1,1,1,1,56395.4171848656,10886.0780519287,1701.70608038319,806.798997245405,672.118817235599,569.46596681532,,,,,,,,,,,,ok,,,D30_FE60000_seed101_110_N50_ASE_CLPSO_N40_NRLPSO_shared_prefix
NRLPSO-PaperAligned,4,101,30,60000,40,1,493.192027006448,493.192027006448,0,4.0070112,60000,60000,60001,1,1,1,1,1,36940.2002439764,685.886674593915,553.033723091947,526.568717319432,509.297476244707,493.192027006448,37920.0,18960.0,25435.0,0.1,0.999385,0.402370044548968,0.999171356191152,5164.0,5345.0,7011.0,4520.0,ok,,,D30_FE60000_seed101_110_N50_ASE_CLPSO_N40_NRLPSO_shared_prefix
ASE-CSO,5,101,30,60000,50,0,580.600211840218,580.600211840218,0,9.0486133,60000,60000,60001,1,1,1,1,1,1169.70386944216,648.886679785292,609.977099714115,599.698826745162,592.257273371864,580.600211840218,,,,,,,,,,,,ok,,,D30_FE60000_seed101_110_N50_ASE_CLPSO_N40_NRLPSO_shared_prefix
CLPSO,5,101,30,60000,50,0,657.673320809763,657.673320809763,0,0.6926747,60000,60000,60001,1,1,1,1,1,1169.70386944216,928.655331678404,750.032364696385,730.876838406079,676.258401928908,657.673320809763,,,,,,,,,,,,ok,,,D30_FE60000_seed101_110_N50_ASE_CLPSO_N40_NRLPSO_shared_prefix
NRLPSO-PaperAligned,5,101,30,60000,40,1,633.103138343419,633.103138343419,0,4.3684847,60000,60000,60001,1,1,1,1,1,1169.70386944216,847.588560433064,764.4929053193,758.986858866375,723.088366796507,633.103138343419,38722.0,19361.0,18125.0,0.1,0.999385,0.402357987681417,0.999171356191152,5506.0,5284.0,5556.0,4892.0,ok,,,D30_FE60000_seed101_110_N50_ASE_CLPSO_N40_NRLPSO_shared_prefix
ASE-CSO,6,101,30,60000,50,0,600.557219193308,600.557219193308,0,7.9926499,60000,60000,60001,1,1,1,1,1,729.434954674117,622.519418051025,613.793681689543,612.047452332204,608.09805867701,600.557219193308,,,,,,,,,,,,ok,,,D30_FE60000_seed101_110_N50_ASE_CLPSO_N40_NRLPSO_shared_prefix
CLPSO,6,101,30,60000,50,0,603.987801785973,603.987801785973,0,0.7787723,60000,60000,60001,1,1,1,1,1,729.434954674117,696.694619265699,636.574197978805,623.51960346744,610.531649593133,603.987801785973,,,,,,,,,,,,ok,,,D30_FE60000_seed101_110_N50_ASE_CLPSO_N40_NRLPSO_shared_prefix
NRLPSO-PaperAligned,6,101,30,60000,40,1,604.523618971164,604.523618971164,0,4.5990841,60000,60000,60001,1,1,1,1,1,723.292942115011,678.555800664348,626.897191530653,611.840501999757,606.506353418483,604.523618971164,38459.0,19230.0,8207.0,0.1,0.999385,0.40261123394806,0.999171356191152,5427.0,5109.0,5833.0,5132.0,ok,,,D30_FE60000_seed101_110_N50_ASE_CLPSO_N40_NRLPSO_shared_prefix
ASE-CSO,7,101,30,60000,50,0,837.338205945231,837.338205945231,0,7.7496682,60000,60000,60001,1,1,1,1,1,3280.9448036783,1059.32206346133,973.045227207368,940.731339794737,859.295317788177,837.338205945231,,,,,,,,,,,,ok,,,D30_FE60000_seed101_110_N50_ASE_CLPSO_N40_NRLPSO_shared_prefix
CLPSO,7,101,30,60000,50,0,883.259567602326,883.259567602326,0,0.5523105,60000,60000,60001,1,1,1,1,1,3280.9448036783,1786.38193051267,1196.21055230762,972.851450233579,901.891500815899,883.259567602326,,,,,,,,,,,,ok,,,D30_FE60000_seed101_110_N50_ASE_CLPSO_N40_NRLPSO_shared_prefix
NRLPSO-PaperAligned,7,101,30,60000,40,1,881.658051686821,881.658051686821,0,4.58413,60000,60000,60001,1,1,1,1,1,3145.09829515056,1057.3885541509,1005.34633102947,969.391970757527,969.391970757527,881.658051686821,39048.0,19524.0,519.0,0.1,0.999385,0.402565819609719,0.999171356191152,4925.0,5231.0,5417.0,5339.0,ok,,,D30_FE60000_seed101_110_N50_ASE_CLPSO_N40_NRLPSO_shared_prefix
ASE-CSO,8,101,30,60000,50,0,878.04183367074,878.04183367074,0,7.8774987,60000,60000,60001,1,1,1,1,1,1333.30667029554,952.373327955893,910.785443275965,893.897048911532,884.506956745257,878.04183367074,,,,,,,,,,,,ok,,,D30_FE60000_seed101_110_N50_ASE_CLPSO_N40_NRLPSO_shared_prefix
CLPSO,8,101,30,60000,50,0,953.284271281103,953.284271281103,0,0.5530809,60000,60000,60001,1,1,1,1,1,1333.30667029554,1155.00871594015,1081.41739560806,967.387181037389,967.387181037389,953.284271281103,,,,,,,,,,,,ok,,,D30_FE60000_seed101_110_N50_ASE_CLPSO_N40_NRLPSO_shared_prefix
NRLPSO-PaperAligned,8,101,30,60000,40,1,922.856374230254,922.856374230254,0,4.4620797,60000,60000,60001,1,1,1,1,1,1333.30667029554,1044.5439083564,1044.5439083564,1044.5439083564,1034.44685341793,922.856374230254,39014.0,19507.0,5561.0,0.1,0.999385,0.402589597415954,0.999171356191152,6278.0,4829.0,4839.0,5000.0,ok,,,D30_FE60000_seed101_110_N50_ASE_CLPSO_N40_NRLPSO_shared_prefix
ASE-CSO,9,101,30,60000,50,0,1341.50176012154,1341.50176012154,0,8.6741147,60000,60000,60001,1,1,1,1,1,22707.097730002,4116.5077597562,3220.7128803801,2890.15018702141,2183.162141936,1341.50176012154,,,,,,,,,,,,ok,,,D30_FE60000_seed101_110_N50_ASE_CLPSO_N40_NRLPSO_shared_prefix
CLPSO,9,101,30,60000,50,0,4015.47270331039,4015.47270331039,0,0.7889235,60000,60000,60001,1,1,1,1,1,22707.097730002,14410.6873002153,8786.60009043676,7703.43527833344,4670.49468319483,4015.47270331039,,,,,,,,,,,,ok,,,D30_FE60000_seed101_110_N50_ASE_CLPSO_N40_NRLPSO_shared_prefix
NRLPSO-PaperAligned,9,101,30,60000,40,1,1224.63216471662,1224.63216471662,0,4.9135736,60000,60000,60001,1,1,1,1,1,22707.097730002,8359.23214690515,3789.94793005902,2399.18983558967,1592.93295740653,1224.63216471662,38728.0,19364.0,4114.0,0.1,0.999385,0.402336070068269,0.999171356191152,5551.0,4995.0,5427.0,5259.0,ok,,,D30_FE60000_seed101_110_N50_ASE_CLPSO_N40_NRLPSO_shared_prefix
ASE-CSO,10,101,30,60000,50,0,4957.15781373638,4957.15781373638,0,7.9297852,60000,60000,60001,1,1,1,1,1,10773.262261096,7443.0517522606,5959.05414752668,5528.61469924463,5144.47361371071,4957.15781373638,,,,,,,,,,,,ok,,,D30_FE60000_seed101_110_N50_ASE_CLPSO_N40_NRLPSO_shared_prefix
CLPSO,10,101,30,60000,50,0,5821.08242493335,5821.08242493335,0,0.5781519,60000,60000,60001,1,1,1,1,1,10773.262261096,8079.5920968064,7532.86408740362,7099.91058660439,5821.08242493335,5821.08242493335,,,,,,,,,,,,ok,,,D30_FE60000_seed101_110_N50_ASE_CLPSO_N40_NRLPSO_shared_prefix
NRLPSO-PaperAligned,10,101,30,60000,40,1,5354.25880388994,5354.25880388994,0,3.9785426,60000,60000,60001,1,1,1,1,1,9757.63794244374,8680.16071866865,7994.87169364876,7773.37991536078,6341.72944157983,5354.25880388994,39170.0,19585.0,31626.0,0.1,0.999385,0.402606823661414,0.999171356191152,5781.0,5179.0,5308.0,4522.0,ok,,,D30_FE60000_seed101_110_N50_ASE_CLPSO_N40_NRLPSO_shared_prefix
ASE-CSO,11,101,30,60000,50,0,1319.32756833894,1319.32756833894,0,7.7351944,60000,60000,60001,1,1,1,1,1,370605.025031132,1666.59376482105,1452.10773937174,1439.44169628052,1369.26737803323,1319.32756833894,,,,,,,,,,,,ok,,,D30_FE60000_seed101_110_N50_ASE_CLPSO_N40_NRLPSO_shared_prefix
CLPSO,11,101,30,60000,50,0,1548.31305206825,1548.31305206825,0,0.488737,60000,60000,60001,1,1,1,1,1,370605.025031132,7610.27182699949,6072.28281908701,2839.19584695575,1747.31783756204,1548.31305206825,,,,,,,,,,,,ok,,,D30_FE60000_seed101_110_N50_ASE_CLPSO_N40_NRLPSO_shared_prefix
NRLPSO-PaperAligned,11,101,30,60000,40,1,1338.14710307794,1338.14710307794,0,3.9364852,60000,60000,60001,1,1,1,1,1,39565.3337146869,2206.61249250778,1543.03120299098,1502.58178278778,1395.19546434226,1338.14710307794,39150.0,19575.0,24038.0,0.1,0.999385,0.402273203552923,0.999171356191152,6017.0,4880.0,5223.0,4690.0,ok,,,D30_FE60000_seed101_110_N50_ASE_CLPSO_N40_NRLPSO_shared_prefix
ASE-CSO,12,101,30,60000,50,0,1267513.03473001,1267513.03473001,0,7.7475266,60000,60000,60001,1,1,1,1,1,26057692514.0647,182021837.219938,15761783.2775625,5634006.25467399,2866863.13888059,1267513.03473001,,,,,,,,,,,,ok,,,D30_FE60000_seed101_110_N50_ASE_CLPSO_N40_NRLPSO_shared_prefix
CLPSO,12,101,30,60000,50,0,58694712.309637,58694712.309637,0,0.5163661,60000,60000,60001,1,1,1,1,1,26057692514.0647,7033490611.82171,1234031614.61232,308492222.157647,141803220.271008,58694712.309637,,,,,,,,,,,,ok,,,D30_FE60000_seed101_110_N50_ASE_CLPSO_N40_NRLPSO_shared_prefix
NRLPSO-PaperAligned,12,101,30,60000,40,1,3685080.77553189,3685080.77553189,0,4.122574,60000,60000,60001,1,1,1,1,1,26057692514.0647,490140423.630918,184596393.688329,36147582.7679863,20192602.4057645,3685080.77553189,38330.0,19165.0,21125.0,0.1,0.999385,0.402521477803058,0.999171356191152,4900.0,5202.0,6999.0,4529.0,ok,,,D30_FE60000_seed101_110_N50_ASE_CLPSO_N40_NRLPSO_shared_prefix
ASE-CSO,13,101,30,60000,50,0,18233.1895278956,18233.1895278956,0,8.7080702,60000,60000,60001,1,1,1,1,1,32369328157.9109,1615539.12298234,354545.295747911,104447.631876388,62547.7056296986,18233.1895278956,,,,,,,,,,,,ok,,,D30_FE60000_seed101_110_N50_ASE_CLPSO_N40_NRLPSO_shared_prefix
CLPSO,13,101,30,60000,50,0,2521160.51505626,2521160.51505626,0,0.6694431,60000,60000,60001,1,1,1,1,1,32369328157.9109,3946735796.33425,336889489.936046,58285898.977216,30353252.0127507,2521160.51505626,,,,,,,,,,,,ok,,,D30_FE60000_seed101_110_N50_ASE_CLPSO_N40_NRLPSO_shared_prefix
NRLPSO-PaperAligned,13,101,30,60000,40,1,249222.525220029,249222.525220029,0,4.3636572,60000,60000,60001,1,1,1,1,1,32369328157.9109,45947929.1314114,17305713.0267477,15737945.9961405,2547320.14872601,249222.525220029,39148.0,19574.0,17210.0,0.1,0.999385,0.402292718092418,0.999171356191152,4940.0,5084.0,6777.0,4011.0,ok,,,D30_FE60000_seed101_110_N50_ASE_CLPSO_N40_NRLPSO_shared_prefix
ASE-CSO,14,101,30,60000,50,0,15543.7735544977,15543.7735544977,0,7.7950519,60000,60000,60001,1,1,1,1,1,33045693.3412304,119903.644076685,37598.6220589177,18470.9673329631,16371.1635065913,15543.7735544977,,,,,,,,,,,,ok,,,D30_FE60000_seed101_110_N50_ASE_CLPSO_N40_NRLPSO_shared_prefix
CLPSO,14,101,30,60000,50,0,101412.5022532,101412.5022532,0,0.5608896,60000,60000,60001,1,1,1,1,1,33045693.3412304,9604183.47580137,652554.304282856,299340.034405854,112056.631285512,101412.5022532,,,,,,,,,,,,ok,,,D30_FE60000_seed101_110_N50_ASE_CLPSO_N40_NRLPSO_shared_prefix
NRLPSO-PaperAligned,14,101,30,60000,40,1,15963.7557022613,15963.7557022613,0,3.9115843,60000,60000,60001,1,1,1,1,1,34075895.6313293,102006.949877451,48237.7345491679,32286.6221981402,22617.5124120932,15963.7557022613,39500.0,19750.0,37826.0,0.1,0.999385,0.40251001033076,0.999171356191152,5893.0,4308.0,5801.0,4458.0,ok,,,D30_FE60000_seed101_110_N50_ASE_CLPSO_N40_NRLPSO_shared_prefix
ASE-CSO,15,101,30,60000,50,0,5598.33876374446,5598.33876374446,0,7.7992032,60000,60000,60001,1,1,1,1,1,3869377012.8982,824442.845247289,45107.3727802151,8654.94431406413,6729.68415862488,5598.33876374446,,,,,,,,,,,,ok,,,D30_FE60000_seed101_110_N50_ASE_CLPSO_N40_NRLPSO_shared_prefix
CLPSO,15,101,30,60000,50,0,113307.452343819,113307.452343819,0,0.4813799,60000,60000,60001,1,1,1,1,1,3869377012.8982,217141203.086397,24329013.7458588,840228.704669502,470606.252590273,113307.452343819,,,,,,,,,,,,ok,,,D30_FE60000_seed101_110_N50_ASE_CLPSO_N40_NRLPSO_shared_prefix
NRLPSO-PaperAligned,15,101,30,60000,40,1,54586.5148128821,54586.5148128821,0,4.0054948,60000,60000,60001,1,1,1,1,1,3869377012.8982,6829245.63986955,1393867.47231362,1020876.16166851,508371.440909892,54586.5148128821,39390.0,19695.0,32987.0,0.1,0.999385,0.402103143873312,0.999171356191152,5247.0,4686.0,6446.0,4191.0,ok,,,D30_FE60000_seed101_110_N50_ASE_CLPSO_N40_NRLPSO_shared_prefix
ASE-CSO,16,101,30,60000,50,0,1966.84744229276,1966.84744229276,0,7.7253151,60000,60000,60001,1,1,1,1,1,10182.8032352605,2641.04923570688,2325.45808256762,2276.09615138102,2030.99716622759,1966.84744229276,,,,,,,,,,,,ok,,,D30_FE60000_seed101_110_N50_ASE_CLPSO_N40_NRLPSO_shared_prefix
CLPSO,16,101,30,60000,50,0,2722.34682605991,2722.34682605991,0,0.5163274,60000,60000,60001,1,1,1,1,1,10182.8032352605,4895.41743627129,3328.45459894892,3140.59873675129,2805.69158616019,2722.34682605991,,,,,,,,,,,,ok,,,D30_FE60000_seed101_110_N50_ASE_CLPSO_N40_NRLPSO_shared_prefix
NRLPSO-PaperAligned,16,101,30,60000,40,1,2406.05287827058,2406.05287827058,0,3.9709418,60000,60000,60001,1,1,1,1,1,10182.8032352605,3245.08679571526,3148.80983258928,2856.62078697864,2591.98742465242,2406.05287827058,39444.0,19722.0,32463.0,0.1,0.999385,0.402759748729995,0.999171356191152,5758.0,4955.0,4665.0,5138.0,ok,,,D30_FE60000_seed101_110_N50_ASE_CLPSO_N40_NRLPSO_shared_prefix
ASE-CSO,17,101,30,60000,50,0,1952.50906909395,1952.50906909395,0,8.8689954,60000,60000,60001,1,1,1,1,1,85350.2454151317,2042.75362854125,1976.47186064481,1960.1966940494,1959.24112024858,1952.50906909395,,,,,,,,,,,,ok,,,D30_FE60000_seed101_110_N50_ASE_CLPSO_N40_NRLPSO_shared_prefix
CLPSO,17,101,30,60000,50,0,1991.62394932288,1991.62394932288,0,0.8659588,60000,60000,60001,1,1,1,1,1,85350.2454151317,4040.67171408448,2239.6863812646,2227.71870321336,2044.0510262425,1991.62394932288,,,,,,,,,,,,ok,,,D30_FE60000_seed101_110_N50_ASE_CLPSO_N40_NRLPSO_shared_prefix
NRLPSO-PaperAligned,17,101,30,60000,40,1,1779.63793548788,1779.63793548788,0,4.5421408,60000,60000,60001,1,1,1,1,1,692153.132940275,2103.02056472514,1997.08187997127,1935.02854772078,1819.1069507165,1779.63793548788,39023.0,19512.0,21252.0,0.1,0.999385,0.402393064943969,0.999171356191152,5400.0,5095.0,5941.0,4501.0,ok,,,D30_FE60000_seed101_110_N50_ASE_CLPSO_N40_NRLPSO_shared_prefix
ASE-CSO,18,101,30,60000,50,0,78256.1908134832,78256.1908134832,0,7.6320633,60000,60000,60001,1,1,1,1,1,1292644621.52482,671067.035581033,108014.229020449,107074.144976963,80842.1425859917,78256.1908134832,,,,,,,,,,,,ok,,,D30_FE60000_seed101_110_N50_ASE_CLPSO_N40_NRLPSO_shared_prefix
CLPSO,18,101,30,60000,50,0,127026.45838114,127026.45838114,0,0.4957119,60000,60000,60001,1,1,1,1,1,1292644621.52482,52404412.122155,2704435.80419396,2704435.80419396,127143.17695594,127026.45838114,,,,,,,,,,,,ok,,,D30_FE60000_seed101_110_N50_ASE_CLPSO_N40_NRLPSO_shared_prefix
NRLPSO-PaperAligned,18,101,30,60000,40,1,128057.525441407,128057.525441407,0,3.7527384,60000,60000,60001,1,1,1,1,1,1292644621.52482,376910.944840766,376910.944840766,376910.944840766,221856.059588429,128057.525441407,39424.0,19712.0,11205.0,0.1,0.999385,0.40245059319153,0.999171356191152,5427.0,5052.0,5847.0,4210.0,ok,,,D30_FE60000_seed101_110_N50_ASE_CLPSO_N40_NRLPSO_shared_prefix
ASE-CSO,19,101,30,60000,50,0,8367.37622907368,8367.37622907368,0,9.2007386,60000,60000,60001,1,1,1,1,1,10639221559.0019,690257.963467166,71294.074870635,14253.8940120161,11520.254274453,8367.37622907368,,,,,,,,,,,,ok,,,D30_FE60000_seed101_110_N50_ASE_CLPSO_N40_NRLPSO_shared_prefix
CLPSO,19,101,30,60000,50,0,169282.450067924,169282.450067924,0,1.5878489,60000,60000,60001,1,1,1,1,1,10639221559.0019,1440113463.9481,7608767.79069152,6114521.908978,694928.524689295,169282.450067924,,,,,,,,,,,,ok,,,D30_FE60000_seed101_110_N50_ASE_CLPSO_N40_NRLPSO_shared_prefix
NRLPSO-PaperAligned,19,101,30,60000,40,1,205887.842148712,205887.842148712,0,4.8762197,60000,60000,60001,1,1,1,1,1,10639221559.0019,4400484.2823836,2378988.52283128,2378988.52283128,407284.799889646,205887.842148712,39376.0,19688.0,28868.0,0.1,0.999385,0.402277695043533,0.999171356191152,4891.0,4724.0,7208.0,3761.0,ok,,,D30_FE60000_seed101_110_N50_ASE_CLPSO_N40_NRLPSO_shared_prefix
ASE-CSO,20,101,30,60000,50,0,2309.54155328035,2309.54155328035,0,7.7706964,60000,60000,60001,1,1,1,1,1,3891.12428247578,2378.13115085101,2347.04198236973,2332.83188029915,2320.07026033156,2309.54155328035,,,,,,,,,,,,ok,,,D30_FE60000_seed101_110_N50_ASE_CLPSO_N40_NRLPSO_shared_prefix
CLPSO,20,101,30,60000,50,0,2388.26352470121,2388.26352470121,0,0.6958889,60000,60000,60001,1,1,1,1,1,3891.12428247578,3162.49350113705,2858.01325622571,2475.82801826007,2409.33537525548,2388.26352470121,,,,,,,,,,,,ok,,,D30_FE60000_seed101_110_N50_ASE_CLPSO_N40_NRLPSO_shared_prefix
NRLPSO-PaperAligned,20,101,30,60000,40,1,2503.40857440682,2503.40857440682,0,4.0112156,60000,60000,60001,1,1,1,1,1,3891.12428247578,2761.15200360862,2640.46746427743,2624.42202735674,2556.87833962703,2503.40857440682,39365.0,19683.0,13728.0,0.1,0.999385,0.402404641349148,0.999171356191152,5636.0,4783.0,5378.0,4798.0,ok,,,D30_FE60000_seed101_110_N50_ASE_CLPSO_N40_NRLPSO_shared_prefix
ASE-CSO,21,101,30,60000,50,0,2365.36636042154,2365.36636042154,0,7.9578652,60000,60000,60001,1,1,1,1,1,3050.20507128644,2480.95212506547,2414.5050110033,2400.7579117216,2382.25414738651,2365.36636042154,,,,,,,,,,,,ok,,,D30_FE60000_seed101_110_N50_ASE_CLPSO_N40_NRLPSO_shared_prefix
CLPSO,21,101,30,60000,50,0,2448.01752084541,2448.01752084541,0,0.8593126,60000,60000,60001,1,1,1,1,1,3050.20507128644,2670.08906322506,2600.94859237563,2521.42807836898,2481.6483496293,2448.01752084541,,,,,,,,,,,,ok,,,D30_FE60000_seed101_110_N50_ASE_CLPSO_N40_NRLPSO_shared_prefix
NRLPSO-PaperAligned,21,101,30,60000,40,1,2403.78047375385,2403.78047375385,0,4.0965556,60000,60000,60001,1,1,1,1,1,3002.56670524228,2597.94988382802,2594.43323911631,2540.19243476921,2470.47497010501,2403.78047375385,38531.0,19266.0,7639.0,0.1,0.999385,0.40256545357366,0.999171356191152,5965.0,5352.0,5552.0,4560.0,ok,,,D30_FE60000_seed101_110_N50_ASE_CLPSO_N40_NRLPSO_shared_prefix
ASE-CSO,22,101,30,60000,50,0,6619.13027875785,6619.13027875785,0,8.2080559,60000,60000,60001,1,1,1,1,1,12074.0129407499,8319.88977528946,7662.57523613336,7240.40792317118,6862.86319242924,6619.13027875785,,,,,,,,,,,,ok,,,D30_FE60000_seed101_110_N50_ASE_CLPSO_N40_NRLPSO_shared_prefix
CLPSO,22,101,30,60000,50,0,3073.99289906164,3073.99289906164,0,0.9228256,60000,60000,60001,1,1,1,1,1,12074.0129407499,9186.80830426977,6646.89924620307,4281.57130687172,3191.62416741155,3073.99289906164,,,,,,,,,,,,ok,,,D30_FE60000_seed101_110_N50_ASE_CLPSO_N40_NRLPSO_shared_prefix
NRLPSO-PaperAligned,22,101,30,60000,40,1,2454.68936275704,2454.68936275704,0,4.3141732,60000,60000,60001,1,1,1,1,1,12074.0129407499,2739.49747467866,2573.93617008099,2488.43343268314,2464.31769363534,2454.68936275704,38261.0,19131.0,6706.0,0.1,0.999385,0.402414158610212,0.999171356191152,4934.0,5526.0,6555.0,4684.0,ok,,,D30_FE60000_seed101_110_N50_ASE_CLPSO_N40_NRLPSO_shared_prefix
ASE-CSO,23,101,30,60000,50,0,2767.16021685157,2767.16021685157,0,8.2652242,60000,60000,60001,1,1,1,1,1,3902.2520743078,2817.28158855117,2781.99640323302,2776.9153639542,2768.69482443969,2767.16021685157,,,,,,,,,,,,ok,,,D30_FE60000_seed101_110_N50_ASE_CLPSO_N40_NRLPSO_shared_prefix
CLPSO,23,101,30,60000,50,0,2810.32058637353,2810.32058637353,0,0.9786527,60000,60000,60001,1,1,1,1,1,3902.2520743078,3205.40691372962,2911.32678290964,2902.18381633607,2856.28630537864,2810.32058637353,,,,,,,,,,,,ok,,,D30_FE60000_seed101_110_N50_ASE_CLPSO_N40_NRLPSO_shared_prefix
NRLPSO-PaperAligned,23,101,30,60000,40,1,2813.71497362396,2813.71497362396,0,4.3820834,60000,60000,60001,1,1,1,1,1,3902.2520743078,3014.21058248541,2901.58240827077,2864.49531556744,2825.50644936298,2813.71497362396,38676.0,19338.0,34869.0,0.1,0.999385,0.402090905618416,0.999171356191152,5702.0,5117.0,5404.0,5061.0,ok,,,D30_FE60000_seed101_110_N50_ASE_CLPSO_N40_NRLPSO_shared_prefix
ASE-CSO,24,101,30,60000,50,0,2891.59748769297,2891.59748769297,0,8.1534772,60000,60000,60001,1,1,1,1,1,4404.79904469402,2958.89738900778,2918.38802365806,2900.67332621962,2892.56422226627,2891.59748769297,,,,,,,,,,,,ok,,,D30_FE60000_seed101_110_N50_ASE_CLPSO_N40_NRLPSO_shared_prefix
CLPSO,24,101,30,60000,50,0,3011.09246602698,3011.09246602698,0,1.0247836,60000,60000,60001,1,1,1,1,1,4404.79904469402,3477.12181006607,3135.48762119223,3067.11310509384,3038.78432314566,3011.09246602698,,,,,,,,,,,,ok,,,D30_FE60000_seed101_110_N50_ASE_CLPSO_N40_NRLPSO_shared_prefix
NRLPSO-PaperAligned,24,101,30,60000,40,1,2981.55333329258,2981.55333329258,0,4.3541808,60000,60000,60001,1,1,1,1,1,4404.79904469402,3144.71984664351,3060.11488943414,3006.81710612969,2986.33481187423,2981.55333329258,38028.0,19014.0,32206.0,0.1,0.999385,0.40215621190666,0.999171356191152,5572.0,5573.0,6471.0,4316.0,ok,,,D30_FE60000_seed101_110_N50_ASE_CLPSO_N40_NRLPSO_shared_prefix
ASE-CSO,25,101,30,60000,50,0,2886.9180783923,2886.9180783923,0,12.6897348,60000,60000,60001,1,1,1,1,1,9972.73335179393,2957.53889176272,2900.74101631425,2889.94338592406,2887.4825126812,2886.9180783923,,,,,,,,,,,,ok,,,D30_FE60000_seed101_110_N50_ASE_CLPSO_N40_NRLPSO_shared_prefix
CLPSO,25,101,30,60000,50,0,2960.967983533,2960.967983533,0,0.9626172,60000,60000,60001,1,1,1,1,1,9972.73335179393,4607.52195990766,3533.02909182097,3157.56042444326,3006.32946358733,2960.967983533,,,,,,,,,,,,ok,,,D30_FE60000_seed101_110_N50_ASE_CLPSO_N40_NRLPSO_shared_prefix
NRLPSO-PaperAligned,25,101,30,60000,40,1,2911.94544101012,2911.94544101012,0,4.2567509,60000,60000,60001,1,1,1,1,1,9972.73335179393,3005.69352316952,2933.38675959901,2930.65243366533,2912.87116898024,2911.94544101012,38940.0,19470.0,28176.0,0.1,0.999385,0.402308163934525,0.999171356191152,5154.0,5245.0,5954.0,4667.0,ok,,,D30_FE60000_seed101_110_N50_ASE_CLPSO_N40_NRLPSO_shared_prefix
ASE-CSO,26,101,30,60000,50,0,2800.01934227639,2800.01934227639,0,12.716062,60000,60000,60001,1,1,1,1,1,19768.473974128,3457.40276359068,2915.07956944712,2871.17838116333,2809.30182459576,2800.01934227639,,,,,,,,,,,,ok,,,D30_FE60000_seed101_110_N50_ASE_CLPSO_N40_NRLPSO_shared_prefix
CLPSO,26,101,30,60000,50,0,5433.10006225391,5433.10006225391,0,1.653146,60000,60000,60001,1,1,1,1,1,19768.473974128,9546.39444738729,6905.75443238221,6090.36985606273,5786.1861314808,5433.10006225391,,,,,,,,,,,,ok,,,D30_FE60000_seed101_110_N50_ASE_CLPSO_N40_NRLPSO_shared_prefix
NRLPSO-PaperAligned,26,101,30,60000,40,1,3465.69956831205,3465.69956831205,0,6.8191037,60000,60000,60001,1,1,1,1,1,16677.5952355239,4105.02271292619,3641.02281301773,3578.66526783758,3501.41934422197,3465.69956831205,37750.0,18875.0,13977.0,0.1,0.999385,0.402105248786617,0.999171356191152,4987.0,5453.0,7037.0,4733.0,ok,,,D30_FE60000_seed101_110_N50_ASE_CLPSO_N40_NRLPSO_shared_prefix
ASE-CSO,27,101,30,60000,50,0,3214.8348298113,3214.8348298113,0,9.2876889,60000,60000,60001,1,1,1,1,1,5482.20992632015,3263.47325119458,3220.08967792234,3216.31419375367,3215.0642930348,3214.8348298113,,,,,,,,,,,,ok,,,D30_FE60000_seed101_110_N50_ASE_CLPSO_N40_NRLPSO_shared_prefix
CLPSO,27,101,30,60000,50,0,3238.87037385627,3238.87037385627,0,1.7287389,60000,60000,60001,1,1,1,1,1,5482.20992632015,3794.43527121554,3364.94226987062,3295.859302201,3251.38309863562,3238.87037385627,,,,,,,,,,,,ok,,,D30_FE60000_seed101_110_N50_ASE_CLPSO_N40_NRLPSO_shared_prefix
NRLPSO-PaperAligned,27,101,30,60000,40,1,3200.00725485251,3200.00725485251,0,6.4927407,60000,60000,60001,1,1,1,1,1,5999.84670690829,3200.00725638917,3200.00725501467,3200.00725491407,3200.00725485251,3200.00725485251,39749.0,19875.0,39745.0,0.1,0.999385,0.402256563860741,0.999171356191152,6608.0,3609.0,6957.0,3037.0,ok,,,D30_FE60000_seed101_110_N50_ASE_CLPSO_N40_NRLPSO_shared_prefix
ASE-CSO,28,101,30,60000,50,0,3153.92266633767,3153.92266633767,0,8.3583229,60000,60000,60001,1,1,1,1,1,13288.5140539767,3374.42944970177,3221.11981520769,3212.59677469745,3203.96116502508,3153.92266633767,,,,,,,,,,,,ok,,,D30_FE60000_seed101_110_N50_ASE_CLPSO_N40_NRLPSO_shared_prefix
CLPSO,28,101,30,60000,50,0,3469.13356861487,3469.13356861487,0,1.2049533,60000,60000,60001,1,1,1,1,1,13288.5140539767,6712.48217851484,4576.4009881453,3798.47308362841,3509.82380338561,3469.13356861487,,,,,,,,,,,,ok,,,D30_FE60000_seed101_110_N50_ASE_CLPSO_N40_NRLPSO_shared_prefix
NRLPSO-PaperAligned,28,101,30,60000,40,1,3300.00727079644,3300.00727079644,0,4.98928,60000,60000,60001,1,1,1,1,1,10467.5559713744,3657.10462655253,3574.12178669631,3534.45717886102,3446.53354690339,3300.00727079644,38527.0,19264.0,26409.0,0.1,0.999385,0.402865850784667,0.999171356191152,5205.0,5021.0,6320.0,4887.0,ok,,,D30_FE60000_seed101_110_N50_ASE_CLPSO_N40_NRLPSO_shared_prefix
ASE-CSO,29,101,30,60000,50,0,3984.05368843067,3984.05368843067,0,8.1739288,60000,60000,60001,1,1,1,1,1,14903.8795081548,4265.80316346064,4182.75855794598,4111.57633100749,4055.37227335745,3984.05368843067,,,,,,,,,,,,ok,,,D30_FE60000_seed101_110_N50_ASE_CLPSO_N40_NRLPSO_shared_prefix
CLPSO,29,101,30,60000,50,0,3910.99304379115,3910.99304379115,0,0.9146299,60000,60000,60001,1,1,1,1,1,14903.8795081548,6219.6327178434,4951.86754322867,4416.05413315038,4035.4137994156,3910.99304379115,,,,,,,,,,,,ok,,,D30_FE60000_seed101_110_N50_ASE_CLPSO_N40_NRLPSO_shared_prefix
NRLPSO-PaperAligned,29,101,30,60000,40,1,3761.95516961584,3761.95516961584,0,4.2798724,60000,60000,60001,1,1,1,1,1,41588.0068347808,4370.49490128409,4089.25483676462,4048.05348136408,3769.79991061528,3761.95516961584,39483.0,19742.0,38193.0,0.1,0.999385,0.402967260972132,0.999171356191152,5502.0,4770.0,6114.0,4091.0,ok,,,D30_FE60000_seed101_110_N50_ASE_CLPSO_N40_NRLPSO_shared_prefix
ASE-CSO,30,101,30,60000,50,0,47381.4057289189,47381.4057289189,0,9.5670818,60000,60000,60001,1,1,1,1,1,3815565041.8361,8155189.15854269,1860711.27363702,233124.827484646,88702.3637192129,47381.4057289189,,,,,,,,,,,,ok,,,D30_FE60000_seed101_110_N50_ASE_CLPSO_N40_NRLPSO_shared_prefix
CLPSO,30,101,30,60000,50,0,1592222.69506208,1592222.69506208,0,1.8747264,60000,60000,60001,1,1,1,1,1,3815565041.8361,316015920.325491,31200942.5489125,11001289.8348218,2493783.66075712,1592222.69506208,,,,,,,,,,,,ok,,,D30_FE60000_seed101_110_N50_ASE_CLPSO_N40_NRLPSO_shared_prefix
NRLPSO-PaperAligned,30,101,30,60000,40,1,815548.763748252,815548.763748252,0,5.1861284,60000,60000,60001,1,1,1,1,1,3815565041.8361,13275625.6623498,6026639.40621842,3396803.84163266,857325.426545986,815548.763748252,39344.0,19672.0,29160.0,0.1,0.999385,0.402273662262219,0.999171356191152,5053.0,4728.0,6781.0,4054.0,ok,,,D30_FE60000_seed101_110_N50_ASE_CLPSO_N40_NRLPSO_shared_prefix
ASE-CSO,1,102,30,60000,50,0,2059.81309540416,2059.81309540416,0,7.9106085,60000,60000,60001,1,1,1,1,1,109641930454.072,153382372.897573,23230666.8685673,11185506.5379923,694498.219119671,2059.81309540416,,,,,,,,,,,,ok,,,D30_FE60000_seed101_110_N50_ASE_CLPSO_N40_NRLPSO_shared_prefix
CLPSO,1,102,30,60000,50,0,36901281.2195934,36901281.2195934,0,0.4554567,60000,60000,60001,1,1,1,1,1,109641930454.072,45452953767.5367,9407111670.04118,1633807092.76586,210637968.722009,36901281.2195934,,,,,,,,,,,,ok,,,D30_FE60000_seed101_110_N50_ASE_CLPSO_N40_NRLPSO_shared_prefix
NRLPSO-PaperAligned,1,102,30,60000,40,1,2919057.50078093,2919057.50078093,0,3.9364285,60000,60000,60001,1,1,1,1,1,132022535219.833,2848121825.99337,529753105.226843,201247404.824319,40910678.8851051,2919057.50078093,38234.0,19117.0,1135.0,0.1,0.999385,0.402108211644588,0.998403357288293,4972.0,5567.0,6770.0,4417.0,ok,,,D30_FE60000_seed101_110_N50_ASE_CLPSO_N40_NRLPSO_shared_prefix
ASE-CSO,3,102,30,60000,50,0,7186.33918375347,7186.33918375347,0,7.5934592,60000,60000,60001,1,1,1,1,1,546126.091865706,92130.519965582,57788.705403059,37210.2461853098,15942.2196611377,7186.33918375347,,,,,,,,,,,,ok,,,D30_FE60000_seed101_110_N50_ASE_CLPSO_N40_NRLPSO_shared_prefix
CLPSO,3,102,30,60000,50,0,100981.893231984,100981.893231984,0,0.475338,60000,60000,60001,1,1,1,1,1,546126.091865706,196733.301555034,172224.422086848,142566.008898792,142566.008898792,100981.893231984,,,,,,,,,,,,ok,,,D30_FE60000_seed101_110_N50_ASE_CLPSO_N40_NRLPSO_shared_prefix
NRLPSO-PaperAligned,3,102,30,60000,40,1,9800.51660045709,9800.51660045709,0,3.9177799,60000,60000,60001,1,1,1,1,1,546126.091865706,80340.5960534334,51972.8907749747,34710.9796724299,19264.6417936807,9800.51660045709,39452.0,19726.0,16665.0,0.1,0.999385,0.402308421034969,0.998084425011668,6016.0,4646.0,5198.0,4648.0,ok,,,D30_FE60000_seed101_110_N50_ASE_CLPSO_N40_NRLPSO_shared_prefix
ASE-CSO,4,102,30,60000,50,0,508.868179054322,508.868179054322,0,7.6972838,60000,60000,60001,1,1,1,1,1,52835.3141759953,565.275734739848,521.882565913624,516.930794027596,511.09162404103,508.868179054322,,,,,,,,,,,,ok,,,D30_FE60000_seed101_110_N50_ASE_CLPSO_N40_NRLPSO_shared_prefix
CLPSO,4,102,30,60000,50,0,591.95851834042,591.95851834042,0,0.4303311,60000,60000,60001,1,1,1,1,1,52835.3141759953,12365.1811405054,2055.36831329116,960.152429385738,662.091128517478,591.95851834042,,,,,,,,,,,,ok,,,D30_FE60000_seed101_110_N50_ASE_CLPSO_N40_NRLPSO_shared_prefix
NRLPSO-PaperAligned,4,102,30,60000,40,1,521.498801899802,521.498801899802,0,3.721087,60000,60000,60001,1,1,1,1,1,26974.5531134404,718.53848629339,568.898664860753,556.372728556172,539.804711601469,521.498801899802,38399.0,19200.0,24632.0,0.1,0.999385,0.402019908435908,0.998403357288293,4689.0,5449.0,7029.0,4394.0,ok,,,D30_FE60000_seed101_110_N50_ASE_CLPSO_N40_NRLPSO_shared_prefix
ASE-CSO,5,102,30,60000,50,0,620.178590760953,620.178590760953,0,7.9083681,60000,60000,60001,1,1,1,1,1,1135.6222532578,743.6368315532,687.739698108591,659.261824210773,628.986308240069,620.178590760953,,,,,,,,,,,,ok,,,D30_FE60000_seed101_110_N50_ASE_CLPSO_N40_NRLPSO_shared_prefix
CLPSO,5,102,30,60000,50,0,653.308762646457,653.308762646457,0,0.580289,60000,60000,60001,1,1,1,1,1,1135.6222532578,853.978764458573,763.937052486572,709.826751513689,659.914431252874,653.308762646457,,,,,,,,,,,,ok,,,D30_FE60000_seed101_110_N50_ASE_CLPSO_N40_NRLPSO_shared_prefix
NRLPSO-PaperAligned,5,102,30,60000,40,1,627.030794604413,627.030794604413,0,4.08186,60000,60000,60001,1,1,1,1,1,1135.6222532578,782.961170166202,739.054354177509,739.054354177509,719.67525390809,627.030794604413,38981.0,19491.0,13762.0,0.1,0.999385,0.402318745402329,0.998403357288293,6203.0,4731.0,5023.0,5022.0,ok,,,D30_FE60000_seed101_110_N50_ASE_CLPSO_N40_NRLPSO_shared_prefix
ASE-CSO,6,102,30,60000,50,0,601.057633294796,601.057633294796,0,7.7962294,60000,60000,60001,1,1,1,1,1,720.123829633222,639.997974101242,612.428689156619,607.628827969814,605.523778977038,601.057633294796,,,,,,,,,,,,ok,,,D30_FE60000_seed101_110_N50_ASE_CLPSO_N40_NRLPSO_shared_prefix
CLPSO,6,102,30,60000,50,0,602.091978782919,602.091978782919,0,0.7292222,60000,60000,60001,1,1,1,1,1,720.123829633222,675.258600720839,632.354615423255,620.302543014249,607.070789763554,602.091978782919,,,,,,,,,,,,ok,,,D30_FE60000_seed101_110_N50_ASE_CLPSO_N40_NRLPSO_shared_prefix
NRLPSO-PaperAligned,6,102,30,60000,40,1,616.35629526423,616.35629526423,0,4.0193519,60000,60000,60001,1,1,1,1,1,720.002129469016,666.907226924228,658.236653441027,654.121637123205,624.73844167523,616.35629526423,38784.0,19392.0,17091.0,0.1,0.999385,0.402197034259695,0.99824389114998,5731.0,5032.0,5273.0,5140.0,ok,,,D30_FE60000_seed101_110_N50_ASE_CLPSO_N40_NRLPSO_shared_prefix
ASE-CSO,7,102,30,60000,50,0,834.200891255059,834.200891255059,0,7.5421421,60000,60000,60001,1,1,1,1,1,3536.5628179238,1051.7069859626,974.98105638472,953.119253929516,893.384931851163,834.200891255059,,,,,,,,,,,,ok,,,D30_FE60000_seed101_110_N50_ASE_CLPSO_N40_NRLPSO_shared_prefix
CLPSO,7,102,30,60000,50,0,899.282859552054,899.282859552054,0,0.5092836,60000,60000,60001,1,1,1,1,1,3536.5628179238,1961.2160543926,1236.171929933,1001.04981727709,931.702901063202,899.282859552054,,,,,,,,,,,,ok,,,D30_FE60000_seed101_110_N50_ASE_CLPSO_N40_NRLPSO_shared_prefix
NRLPSO-PaperAligned,7,102,30,60000,40,1,981.288402612216,981.288402612216,0,3.7371826,60000,60000,60001,1,1,1,1,1,3181.5930167351,1095.64798267772,1017.36348667662,1017.36348667662,981.288402612216,981.288402612216,39149.0,19575.0,647.0,0.1,0.999385,0.402307023755628,0.998403357288293,5227.0,5122.0,5164.0,5298.0,ok,,,D30_FE60000_seed101_110_N50_ASE_CLPSO_N40_NRLPSO_shared_prefix
ASE-CSO,8,102,30,60000,50,0,889.549145861844,889.549145861844,0,7.7834678,60000,60000,60001,1,1,1,1,1,1387.47699266158,993.134043701098,952.740376333366,921.678284778418,905.922069099556,889.549145861844,,,,,,,,,,,,ok,,,D30_FE60000_seed101_110_N50_ASE_CLPSO_N40_NRLPSO_shared_prefix
CLPSO,8,102,30,60000,50,0,960.086981930887,960.086981930887,0,0.5184641,60000,60000,60001,1,1,1,1,1,1387.47699266158,1184.05560485788,1079.09541723556,1008.32943528417,979.145661278292,960.086981930887,,,,,,,,,,,,ok,,,D30_FE60000_seed101_110_N50_ASE_CLPSO_N40_NRLPSO_shared_prefix
NRLPSO-PaperAligned,8,102,30,60000,40,1,903.594307636286,903.594307636286,0,3.7500687,60000,60000,60001,1,1,1,1,1,1403.46207708233,1132.10524876185,1067.31488282546,1036.63136556494,999.105579901312,903.594307636286,38753.0,19377.0,5450.0,0.1,0.999385,0.402119758022216,0.998363490753714,5902.0,5074.0,5413.0,4818.0,ok,,,D30_FE60000_seed101_110_N50_ASE_CLPSO_N40_NRLPSO_shared_prefix
ASE-CSO,9,102,30,60000,50,0,970.896568534631,970.896568534631,0,7.7826883,60000,60000,60001,1,1,1,1,1,37098.2424665153,2097.75644765281,1397.17269299927,1219.28606831017,1043.72196498348,970.896568534631,,,,,,,,,,,,ok,,,D30_FE60000_seed101_110_N50_ASE_CLPSO_N40_NRLPSO_shared_prefix
CLPSO,9,102,30,60000,50,0,3272.20015444354,3272.20015444354,0,0.5713346,60000,60000,60001,1,1,1,1,1,37098.2424665153,16974.3896746466,10871.3903670073,7344.03437068212,3613.12735526569,3272.20015444354,,,,,,,,,,,,ok,,,D30_FE60000_seed101_110_N50_ASE_CLPSO_N40_NRLPSO_shared_prefix
NRLPSO-PaperAligned,9,102,30,60000,40,1,999.617446140849,999.617446140849,0,3.9587268,60000,60000,60001,1,1,1,1,1,44186.2873642788,8935.25422311698,2023.29306216484,1291.53203444058,1068.70489077451,999.617446140849,38603.0,19302.0,2563.0,0.1,0.999385,0.402363417697179,0.998223957882691,5271.0,5106.0,5870.0,5110.0,ok,,,D30_FE60000_seed101_110_N50_ASE_CLPSO_N40_NRLPSO_shared_prefix
ASE-CSO,10,102,30,60000,50,0,4028.42250559019,4028.42250559019,0,7.6951403,60000,60000,60001,1,1,1,1,1,10305.9723213942,7090.85545276001,5521.34041649006,5042.37332148602,4267.19062315252,4028.42250559019,,,,,,,,,,,,ok,,,D30_FE60000_seed101_110_N50_ASE_CLPSO_N40_NRLPSO_shared_prefix
CLPSO,10,102,30,60000,50,0,6448.24770945566,6448.24770945566,0,0.5946008,60000,60000,60001,1,1,1,1,1,10305.9723213942,8950.23202009193,7437.04676335789,7268.95630686808,6725.70719661163,6448.24770945566,,,,,,,,,,,,ok,,,D30_FE60000_seed101_110_N50_ASE_CLPSO_N40_NRLPSO_shared_prefix
NRLPSO-PaperAligned,10,102,30,60000,40,1,5009.91233504536,5009.91233504536,0,3.7702755,60000,60000,60001,1,1,1,1,1,10990.8870377531,8819.80646713556,8579.02563385703,7262.63283664113,6027.66247013711,5009.91233504536,39336.0,19668.0,13950.0,0.1,0.999385,0.402609924009233,0.997805359269621,6070.0,3978.0,5678.0,4898.0,ok,,,D30_FE60000_seed101_110_N50_ASE_CLPSO_N40_NRLPSO_shared_prefix
ASE-CSO,11,102,30,60000,50,0,1205.41818486489,1205.41818486489,0,7.6894328,60000,60000,60001,1,1,1,1,1,28408.3212603499,1948.48048148429,1359.7007847357,1316.34737561036,1262.40643539775,1205.41818486489,,,,,,,,,,,,ok,,,D30_FE60000_seed101_110_N50_ASE_CLPSO_N40_NRLPSO_shared_prefix
CLPSO,11,102,30,60000,50,0,1324.95801790355,1324.95801790355,0,0.485328,60000,60000,60001,1,1,1,1,1,28408.3212603499,8376.03268843803,3152.87430330949,1986.0393941533,1400.88979694501,1324.95801790355,,,,,,,,,,,,ok,,,D30_FE60000_seed101_110_N50_ASE_CLPSO_N40_NRLPSO_shared_prefix
NRLPSO-PaperAligned,11,102,30,60000,40,1,1326.29869236125,1326.29869236125,0,3.8443728,60000,60000,60001,1,1,1,1,1,34451.3875443363,2167.69202701987,1525.06270821843,1517.49161707878,1411.13418882523,1326.29869236125,39148.0,19574.0,30734.0,0.1,0.999385,0.402345401725082,0.998084425011668,5868.0,4811.0,5582.0,4551.0,ok,,,D30_FE60000_seed101_110_N50_ASE_CLPSO_N40_NRLPSO_shared_prefix
ASE-CSO,12,102,30,60000,50,0,497774.898587905,497774.898587905,0,8.3752049,60000,60000,60001,1,1,1,1,1,34465444467.0443,18367363.5638437,10572461.0491769,7929511.96400667,1667818.99160167,497774.898587905,,,,,,,,,,,,ok,,,D30_FE60000_seed101_110_N50_ASE_CLPSO_N40_NRLPSO_shared_prefix
CLPSO,12,102,30,60000,50,0,31555479.7857602,31555479.7857602,0,0.5853266,60000,60000,60001,1,1,1,1,1,34465444467.0443,6656219268.9542,1034469967.92229,296566985.174819,74425215.805794,31555479.7857602,,,,,,,,,,,,ok,,,D30_FE60000_seed101_110_N50_ASE_CLPSO_N40_NRLPSO_shared_prefix
NRLPSO-PaperAligned,12,102,30,60000,40,1,8724541.476737,8724541.476737,0,4.430923,60000,60000,60001,1,1,1,1,1,33828288593.2144,158119734.775129,67216320.6233861,24157081.823263,18417086.4783902,8724541.476737,38674.0,19337.0,29213.0,0.1,0.999385,0.402052815191152,0.998363490753714,5031.0,5207.0,6862.0,4186.0,ok,,,D30_FE60000_seed101_110_N50_ASE_CLPSO_N40_NRLPSO_shared_prefix
ASE-CSO,13,102,30,60000,50,0,63105.744837845,63105.744837845,0,7.6970771,60000,60000,60001,1,1,1,1,1,38921918577.3028,2314924.25773882,983729.138564775,318973.830143866,227853.637515909,63105.744837845,,,,,,,,,,,,ok,,,D30_FE60000_seed101_110_N50_ASE_CLPSO_N40_NRLPSO_shared_prefix
CLPSO,13,102,30,60000,50,0,17932026.8708996,17932026.8708996,0,0.4445711,60000,60000,60001,1,1,1,1,1,38921918577.3028,4557033732.6886,362482985.502422,136288004.662893,39852998.1844423,17932026.8708996,,,,,,,,,,,,ok,,,D30_FE60000_seed101_110_N50_ASE_CLPSO_N40_NRLPSO_shared_prefix
NRLPSO-PaperAligned,13,102,30,60000,40,1,156667.165194794,156667.165194794,0,3.8940516,60000,60000,60001,1,1,1,1,1,23144792826.0022,60360414.8210763,15734594.6361702,9592674.99055419,2026002.95808638,156667.165194794,39012.0,19506.0,25726.0,0.1,0.999385,0.402701927477175,0.998303690951847,4961.0,4816.0,6994.0,4177.0,ok,,,D30_FE60000_seed101_110_N50_ASE_CLPSO_N40_NRLPSO_shared_prefix
ASE-CSO,14,102,30,60000,50,0,7225.43021996084,7225.43021996084,0,7.7331183,60000,60000,60001,1,1,1,1,1,76181790.7361229,165775.341852507,49006.1996903722,15467.8374908455,11996.2279070515,7225.43021996084,,,,,,,,,,,,ok,,,D30_FE60000_seed101_110_N50_ASE_CLPSO_N40_NRLPSO_shared_prefix
CLPSO,14,102,30,60000,50,0,158134.607838858,158134.607838858,0,0.5577269,60000,60000,60001,1,1,1,1,1,76181790.7361229,2891410.36784738,565527.63902622,338694.390082288,173092.907512924,158134.607838858,,,,,,,,,,,,ok,,,D30_FE60000_seed101_110_N50_ASE_CLPSO_N40_NRLPSO_shared_prefix
NRLPSO-PaperAligned,14,102,30,60000,40,1,37207.756547424,37207.756547424,0,3.7553085,60000,60000,60001,1,1,1,1,1,76181790.7361229,101375.065529729,71083.8265708393,60587.8932926779,46882.1611503555,37207.756547424,39516.0,19758.0,26021.0,0.1,0.999385,0.402040731027246,0.99804455847709,5343.0,4807.0,6027.0,4267.0,ok,,,D30_FE60000_seed101_110_N50_ASE_CLPSO_N40_NRLPSO_shared_prefix
ASE-CSO,15,102,30,60000,50,0,5699.50654485181,5699.50654485181,0,7.5827463,60000,60000,60001,1,1,1,1,1,6987433421.04757,608514.00011778,44792.0896950334,38971.2736680958,8164.01299933575,5699.50654485181,,,,,,,,,,,,ok,,,D30_FE60000_seed101_110_N50_ASE_CLPSO_N40_NRLPSO_shared_prefix
CLPSO,15,102,30,60000,50,0,32684.1406040663,32684.1406040663,0,0.4404894,60000,60000,60001,1,1,1,1,1,6987433421.04757,414227036.672224,8092189.75304587,910991.645337176,73472.9235204091,32684.1406040663,,,,,,,,,,,,ok,,,D30_FE60000_seed101_110_N50_ASE_CLPSO_N40_NRLPSO_shared_prefix
NRLPSO-PaperAligned,15,102,30,60000,40,1,135350.861970062,135350.861970062,0,3.6465787,60000,60000,60001,1,1,1,1,1,6291616684.451,14468273.1251876,6655415.54697747,1612227.47839189,1612227.47839189,135350.861970062,39355.0,19678.0,36676.0,0.1,0.999385,0.40212937782014,0.998403357288293,4839.0,4436.0,7644.0,3686.0,ok,,,D30_FE60000_seed101_110_N50_ASE_CLPSO_N40_NRLPSO_shared_prefix
ASE-CSO,16,102,30,60000,50,0,2449.8876333221,2449.8876333221,0,7.848164,60000,60000,60001,1,1,1,1,1,6971.59745742831,2982.85625535136,2755.26120112743,2538.92518760902,2472.04909293119,2449.8876333221,,,,,,,,,,,,ok,,,D30_FE60000_seed101_110_N50_ASE_CLPSO_N40_NRLPSO_shared_prefix
CLPSO,16,102,30,60000,50,0,2600.74229256845,2600.74229256845,0,0.5710448,60000,60000,60001,1,1,1,1,1,6971.59745742831,4860.49217880305,3471.40813305754,2987.4747239815,2641.61091745444,2600.74229256845,,,,,,,,,,,,ok,,,D30_FE60000_seed101_110_N50_ASE_CLPSO_N40_NRLPSO_shared_prefix
NRLPSO-PaperAligned,16,102,30,60000,40,1,2458.87064222561,2458.87064222561,0,3.7933146,60000,60000,60001,1,1,1,1,1,6971.59745742831,3807.02439914916,3636.72114201712,3558.02764025154,3028.17465428705,2458.87064222561,39108.0,19554.0,22844.0,0.1,0.999385,0.402169401203492,0.998343557486425,5290.0,5025.0,5627.0,4910.0,ok,,,D30_FE60000_seed101_110_N50_ASE_CLPSO_N40_NRLPSO_shared_prefix
ASE-CSO,17,102,30,60000,50,0,1770.87259416121,1770.87259416121,0,7.8271873,60000,60000,60001,1,1,1,1,1,5826.45509057148,2030.91877671721,1973.05059325604,1811.20456375076,1782.67809844248,1770.87259416121,,,,,,,,,,,,ok,,,D30_FE60000_seed101_110_N50_ASE_CLPSO_N40_NRLPSO_shared_prefix
CLPSO,17,102,30,60000,50,0,1929.00643828549,1929.00643828549,0,0.64496,60000,60000,60001,1,1,1,1,1,5826.45509057148,3125.25961885603,2526.96221367118,2118.34140002776,2048.97578160716,1929.00643828549,,,,,,,,,,,,ok,,,D30_FE60000_seed101_110_N50_ASE_CLPSO_N40_NRLPSO_shared_prefix
NRLPSO-PaperAligned,17,102,30,60000,40,1,1831.83234589398,1831.83234589398,0,4.049455,60000,60000,60001,1,1,1,1,1,5279.05295744267,2249.11922958446,1971.54534728825,1944.37340589384,1888.8066578667,1831.83234589398,39052.0,19526.0,23908.0,0.1,0.999385,0.402541586339366,0.998363490753714,5643.0,4983.0,5559.0,4723.0,ok,,,D30_FE60000_seed101_110_N50_ASE_CLPSO_N40_NRLPSO_shared_prefix
ASE-CSO,18,102,30,60000,50,0,112337.59784778,112337.59784778,0,7.7228204,60000,60000,60001,1,1,1,1,1,733235702.936419,623887.259520332,242565.450912584,160769.128434137,131942.851339846,112337.59784778,,,,,,,,,,,,ok,,,D30_FE60000_seed101_110_N50_ASE_CLPSO_N40_NRLPSO_shared_prefix
CLPSO,18,102,30,60000,50,0,1254893.0172783,1254893.0172783,0,0.4961963,60000,60000,60001,1,1,1,1,1,733235702.936419,33843493.7115323,9001639.75515395,6670809.8544373,1752828.65006827,1254893.0172783,,,,,,,,,,,,ok,,,D30_FE60000_seed101_110_N50_ASE_CLPSO_N40_NRLPSO_shared_prefix
NRLPSO-PaperAligned,18,102,30,60000,40,1,233743.45767254,233743.45767254,0,3.8035484,60000,60000,60001,1,1,1,1,1,733235702.936419,915824.453437019,378701.03295064,378701.03295064,291713.063783454,233743.45767254,39506.0,19753.0,33937.0,0.1,0.999385,0.40213577009082,0.998283757684558,5078.0,4718.0,6617.0,4041.0,ok,,,D30_FE60000_seed101_110_N50_ASE_CLPSO_N40_NRLPSO_shared_prefix
ASE-CSO,19,102,30,60000,50,0,8009.33379666256,8009.33379666256,0,8.8484091,60000,60000,60001,1,1,1,1,1,9603001548.94157,383598.39967442,36429.8043374851,13302.7781209068,11312.1020224324,8009.33379666256,,,,,,,,,,,,ok,,,D30_FE60000_seed101_110_N50_ASE_CLPSO_N40_NRLPSO_shared_prefix
CLPSO,19,102,30,60000,50,0,70152.5343365828,70152.5343365828,0,1.658782,60000,60000,60001,1,1,1,1,1,9603001548.94157,428393018.84227,45616228.2371953,2658429.18157252,827446.893604147,70152.5343365828,,,,,,,,,,,,ok,,,D30_FE60000_seed101_110_N50_ASE_CLPSO_N40_NRLPSO_shared_prefix
NRLPSO-PaperAligned,19,102,30,60000,40,1,401542.750517737,401542.750517737,0,4.9150237,60000,60000,60001,1,1,1,1,1,6235747960.65207,2630192.84492184,2630192.84492184,2630192.84492184,727130.524502643,401542.750517737,39467.0,19734.0,36098.0,0.1,0.999385,0.402139523801534,0.998403357288293,5341.0,4278.0,6934.0,3940.0,ok,,,D30_FE60000_seed101_110_N50_ASE_CLPSO_N40_NRLPSO_shared_prefix
ASE-CSO,20,102,30,60000,50,0,2519.53817051456,2519.53817051456,0,8.070127,60000,60000,60001,1,1,1,1,1,3962.08883918711,2684.39367654569,2607.59581923545,2590.97985189709,2563.98486741866,2519.53817051456,,,,,,,,,,,,ok,,,D30_FE60000_seed101_110_N50_ASE_CLPSO_N40_NRLPSO_shared_prefix
CLPSO,20,102,30,60000,50,0,2300.52492660361,2300.52492660361,0,0.7667216,60000,60000,60001,1,1,1,1,1,3962.08883918711,3169.09296098692,2835.98369108764,2561.76512927703,2384.3643823498,2300.52492660361,,,,,,,,,,,,ok,,,D30_FE60000_seed101_110_N50_ASE_CLPSO_N40_NRLPSO_shared_prefix
NRLPSO-PaperAligned,20,102,30,60000,40,1,2466.37543546858,2466.37543546858,0,4.1757765,60000,60000,60001,1,1,1,1,1,3962.08883918711,2872.68971166067,2702.8754460208,2595.37075640266,2497.09789972843,2466.37543546858,39316.0,19658.0,33353.0,0.1,0.999385,0.402070630289993,0.99804455847709,5483.0,4895.0,5597.0,4669.0,ok,,,D30_FE60000_seed101_110_N50_ASE_CLPSO_N40_NRLPSO_shared_prefix
ASE-CSO,21,102,30,60000,50,0,2383.8191593903,2383.8191593903,0,7.9805187,60000,60000,60001,1,1,1,1,1,2886.12560169455,2465.70230343461,2428.8796196011,2395.493000998,2389.96027807938,2383.8191593903,,,,,,,,,,,,ok,,,D30_FE60000_seed101_110_N50_ASE_CLPSO_N40_NRLPSO_shared_prefix
CLPSO,21,102,30,60000,50,0,2462.94214575991,2462.94214575991,0,0.8164169,60000,60000,60001,1,1,1,1,1,2886.12560169455,2714.24061333584,2572.59787702945,2502.22156257911,2501.43292650236,2462.94214575991,,,,,,,,,,,,ok,,,D30_FE60000_seed101_110_N50_ASE_CLPSO_N40_NRLPSO_shared_prefix
NRLPSO-PaperAligned,21,102,30,60000,40,1,2403.52862438105,2403.52862438105,0,4.2040122,60000,60000,60001,1,1,1,1,1,2901.96411790384,2600.49979265711,2545.68422490649,2526.38885396518,2488.9601608577,2403.52862438105,38915.0,19458.0,16413.0,0.1,0.999385,0.402063275102241,0.998363490753714,5532.0,5327.0,5755.0,4431.0,ok,,,D30_FE60000_seed101_110_N50_ASE_CLPSO_N40_NRLPSO_shared_prefix
ASE-CSO,22,102,30,60000,50,0,2300.01193048709,2300.01193048709,0,7.8941893,60000,60000,60001,1,1,1,1,1,12176.2241558299,2588.82867703181,2327.82934804421,2320.0709743434,2305.77256263938,2300.01193048709,,,,,,,,,,,,ok,,,D30_FE60000_seed101_110_N50_ASE_CLPSO_N40_NRLPSO_shared_prefix
CLPSO,22,102,30,60000,50,0,3070.34930677509,3070.34930677509,0,0.9377232,60000,60000,60001,1,1,1,1,1,12176.2241558299,8022.68853912814,5763.20973370331,4906.60981257431,3241.48164791758,3070.34930677509,,,,,,,,,,,,ok,,,D30_FE60000_seed101_110_N50_ASE_CLPSO_N40_NRLPSO_shared_prefix
NRLPSO-PaperAligned,22,102,30,60000,40,1,2316.33094743655,2316.33094743655,0,4.3024154,60000,60000,60001,1,1,1,1,1,12176.2241558299,2739.86506581419,2534.90879040136,2396.69563581385,2345.67418591584,2316.33094743655,37874.0,18937.0,5784.0,0.1,0.999385,0.402117643937046,0.998144224813535,4811.0,5172.0,6994.0,5109.0,ok,,,D30_FE60000_seed101_110_N50_ASE_CLPSO_N40_NRLPSO_shared_prefix
ASE-CSO,23,102,30,60000,50,0,2759.5567711727,2759.5567711727,0,8.1335379,60000,60000,60001,1,1,1,1,1,3702.68380272434,2815.20142568345,2775.13478654381,2770.72992779126,2759.70291983457,2759.5567711727,,,,,,,,,,,,ok,,,D30_FE60000_seed101_110_N50_ASE_CLPSO_N40_NRLPSO_shared_prefix
CLPSO,23,102,30,60000,50,0,2779.25219236458,2779.25219236458,0,0.9790211,60000,60000,60001,1,1,1,1,1,3702.68380272434,3277.17281117633,2945.01721733882,2876.94662294397,2804.6968031708,2779.25219236458,,,,,,,,,,,,ok,,,D30_FE60000_seed101_110_N50_ASE_CLPSO_N40_NRLPSO_shared_prefix
NRLPSO-PaperAligned,23,102,30,60000,40,1,2925.85938089825,2925.85938089825,0,4.4160062,60000,60000,60001,1,1,1,1,1,3702.68380272434,3044.95588519817,2985.00039556457,2953.91804034804,2933.05827309392,2925.85938089825,38519.0,19260.0,32646.0,0.1,0.999385,0.402007080260284,0.99824389114998,5656.0,5398.0,5866.0,4521.0,ok,,,D30_FE60000_seed101_110_N50_ASE_CLPSO_N40_NRLPSO_shared_prefix
ASE-CSO,24,102,30,60000,50,0,2921.33722084066,2921.33722084066,0,8.2876863,60000,60000,60001,1,1,1,1,1,4407.00958348001,3023.09388364174,2991.61958018536,2945.64969323481,2930.00755553591,2921.33722084066,,,,,,,,,,,,ok,,,D30_FE60000_seed101_110_N50_ASE_CLPSO_N40_NRLPSO_shared_prefix
CLPSO,24,102,30,60000,50,0,3043.35385494299,3043.35385494299,0,0.983767,60000,60000,60001,1,1,1,1,1,4407.00958348001,3308.41237306474,3106.89423250044,3087.0318502626,3075.49604924977,3043.35385494299,,,,,,,,,,,,ok,,,D30_FE60000_seed101_110_N50_ASE_CLPSO_N40_NRLPSO_shared_prefix
NRLPSO-PaperAligned,24,102,30,60000,40,1,3016.51876782996,3016.51876782996,0,4.6285076,60000,60000,60001,1,1,1,1,1,4407.00958348001,3110.43665954771,3071.6323198661,3051.73546481525,3029.3872170329,3016.51876782996,38438.0,19219.0,28313.0,0.1,0.999385,0.402025957168715,0.99824389114998,5466.0,5272.0,6321.0,4463.0,ok,,,D30_FE60000_seed101_110_N50_ASE_CLPSO_N40_NRLPSO_shared_prefix
ASE-CSO,25,102,30,60000,50,0,2883.470519573,2883.470519573,0,8.4522632,60000,60000,60001,1,1,1,1,1,26023.0116460961,3043.5438345155,2946.12535592368,2917.78527393627,2883.88770584436,2883.470519573,,,,,,,,,,,,ok,,,D30_FE60000_seed101_110_N50_ASE_CLPSO_N40_NRLPSO_shared_prefix
CLPSO,25,102,30,60000,50,0,2948.6934238052,2948.6934238052,0,0.9569844,60000,60000,60001,1,1,1,1,1,26023.0116460961,5140.68905272419,3364.22087390374,3082.40521933789,2999.09612779457,2948.6934238052,,,,,,,,,,,,ok,,,D30_FE60000_seed101_110_N50_ASE_CLPSO_N40_NRLPSO_shared_prefix
NRLPSO-PaperAligned,25,102,30,60000,40,1,2895.52100851342,2895.52100851342,0,4.4760717,60000,60000,60001,1,1,1,1,1,25167.3381575897,3113.18115003197,2974.38421907483,2963.50366969268,2928.74056986081,2895.52100851342,38022.0,19011.0,18434.0,0.1,0.999385,0.402157810901153,0.998403357288293,4982.0,5437.0,7032.0,4487.0,ok,,,D30_FE60000_seed101_110_N50_ASE_CLPSO_N40_NRLPSO_shared_prefix
ASE-CSO,26,102,30,60000,50,0,4644.41703532285,4644.41703532285,0,8.2620816,60000,60000,60001,1,1,1,1,1,18960.0718863766,6387.69876967729,5100.01472436691,4778.09120257819,4751.76944658218,4644.41703532285,,,,,,,,,,,,ok,,,D30_FE60000_seed101_110_N50_ASE_CLPSO_N40_NRLPSO_shared_prefix
CLPSO,26,102,30,60000,50,0,5410.07395638754,5410.07395638754,0,1.1544433,60000,60000,60001,1,1,1,1,1,18960.0718863766,10129.5172433605,7161.8973992946,6000.87165757891,5804.61175783029,5410.07395638754,,,,,,,,,,,,ok,,,D30_FE60000_seed101_110_N50_ASE_CLPSO_N40_NRLPSO_shared_prefix
NRLPSO-PaperAligned,26,102,30,60000,40,1,2845.1703624709,2845.1703624709,0,4.7026673,60000,60000,60001,1,1,1,1,1,18960.0718863766,4298.46154343233,3538.75616872039,3170.96318421014,2986.1073043399,2845.1703624709,37850.0,18925.0,5798.0,0.1,0.999385,0.402588219685232,0.998383424021004,4907.0,5558.0,6917.0,4728.0,ok,,,D30_FE60000_seed101_110_N50_ASE_CLPSO_N40_NRLPSO_shared_prefix
ASE-CSO,27,102,30,60000,50,0,3217.35289340732,3217.35289340732,0,8.6226678,60000,60000,60001,1,1,1,1,1,4990.06544542673,3245.5334270746,3227.23400987749,3218.57490969145,3217.42782414374,3217.35289340732,,,,,,,,,,,,ok,,,D30_FE60000_seed101_110_N50_ASE_CLPSO_N40_NRLPSO_shared_prefix
CLPSO,27,102,30,60000,50,0,3235.11809071207,3235.11809071207,0,1.2349219,60000,60000,60001,1,1,1,1,1,4990.06544542673,3640.56499474402,3321.78696882548,3294.49106636662,3253.05900596351,3235.11809071207,,,,,,,,,,,,ok,,,D30_FE60000_seed101_110_N50_ASE_CLPSO_N40_NRLPSO_shared_prefix
NRLPSO-PaperAligned,27,102,30,60000,40,1,3200.00725481596,3200.00725481596,0,4.6609671,60000,60000,60001,1,1,1,1,1,5667.65421792414,3200.00725717308,3200.00725488627,3200.00725488627,3200.00725481596,3200.00725481596,39809.0,19905.0,39805.0,0.1,0.999385,0.402804593125753,0.998104358278957,8399.0,2962.0,5047.0,3743.0,ok,,,D30_FE60000_seed101_110_N50_ASE_CLPSO_N40_NRLPSO_shared_prefix
ASE-CSO,28,102,30,60000,50,0,3207.59525529185,3207.59525529185,0,8.4468972,60000,60000,60001,1,1,1,1,1,16166.7965998003,3446.21801313737,3337.439164747,3265.40798041999,3218.86628028297,3207.59525529185,,,,,,,,,,,,ok,,,D30_FE60000_seed101_110_N50_ASE_CLPSO_N40_NRLPSO_shared_prefix
CLPSO,28,102,30,60000,50,0,3409.95170563717,3409.95170563717,0,1.1427792,60000,60000,60001,1,1,1,1,1,16166.7965998003,6438.62819330841,5187.56734827756,4046.10076290851,3537.95479064457,3409.95170563717,,,,,,,,,,,,ok,,,D30_FE60000_seed101_110_N50_ASE_CLPSO_N40_NRLPSO_shared_prefix
NRLPSO-PaperAligned,28,102,30,60000,40,1,3251.02539001805,3251.02539001805,0,4.6573462,60000,60000,60001,1,1,1,1,1,13807.2709957722,3425.03633549851,3381.56071810032,3337.27563982693,3281.31416341063,3251.02539001805,38027.0,19014.0,21460.0,0.1,0.999385,0.40213036552704,0.998383424021004,5122.0,5260.0,7103.0,4448.0,ok,,,D30_FE60000_seed101_110_N50_ASE_CLPSO_N40_NRLPSO_shared_prefix
ASE-CSO,29,102,30,60000,50,0,3747.85446245028,3747.85446245028,0,8.1582834,60000,60000,60001,1,1,1,1,1,10484.8508350795,4270.26646886256,4055.54073848833,3927.05048948962,3818.72569675055,3747.85446245028,,,,,,,,,,,,ok,,,D30_FE60000_seed101_110_N50_ASE_CLPSO_N40_NRLPSO_shared_prefix
CLPSO,29,102,30,60000,50,0,3777.43345946388,3777.43345946388,0,0.9737578,60000,60000,60001,1,1,1,1,1,10484.8508350795,5847.32590393711,5022.83753273058,4240.62872317428,3938.73275254473,3777.43345946388,,,,,,,,,,,,ok,,,D30_FE60000_seed101_110_N50_ASE_CLPSO_N40_NRLPSO_shared_prefix
NRLPSO-PaperAligned,29,102,30,60000,40,1,3478.81265884209,3478.81265884209,0,4.2550754,60000,60000,60001,1,1,1,1,1,16939.3746454929,3947.80531233552,3678.00708891625,3629.08351500972,3504.52823508497,3478.81265884209,39460.0,19730.0,38496.0,0.1,0.999385,0.402220300739264,0.998323624219136,5354.0,4521.0,6611.0,4014.0,ok,,,D30_FE60000_seed101_110_N50_ASE_CLPSO_N40_NRLPSO_shared_prefix
ASE-CSO,30,102,30,60000,50,0,9797.01929386171,9797.01929386171,0,9.0633565,60000,60000,60001,1,1,1,1,1,3282931377.7562,2065047.18039996,1030374.00592081,553867.059039465,45410.1680002762,9797.01929386171,,,,,,,,,,,,ok,,,D30_FE60000_seed101_110_N50_ASE_CLPSO_N40_NRLPSO_shared_prefix
CLPSO,30,102,30,60000,50,0,1381233.68293551,1381233.68293551,0,1.9111963,60000,60000,60001,1,1,1,1,1,3282931377.7562,210121112.25217,53973239.7151095,9360065.00485821,3915348.57490027,1381233.68293551,,,,,,,,,,,,ok,,,D30_FE60000_seed101_110_N50_ASE_CLPSO_N40_NRLPSO_shared_prefix
NRLPSO-PaperAligned,30,102,30,60000,40,1,2276134.15796151,2276134.15796151,0,5.2036567,60000,60000,60001,1,1,1,1,1,1308455962.77284,18099287.3036097,14540624.4656401,14540624.4656401,5634291.83868867,2276134.15796151,39559.0,19780.0,38942.0,0.1,0.999385,0.402006647293889,0.998343557486425,5442.0,4143.0,6668.0,4148.0,ok,,,D30_FE60000_seed101_110_N50_ASE_CLPSO_N40_NRLPSO_shared_prefix
ASE-CSO,1,103,30,60000,50,0,5085.42937661918,5085.42937661918,0,11.3903126,60000,60000,60001,1,1,1,1,1,139603569304.859,159348738.353865,23603843.4232697,7981482.8473592,360375.548618614,5085.42937661918,,,,,,,,,,,,ok,,,D30_FE60000_seed101_110_N50_ASE_CLPSO_N40_NRLPSO_shared_prefix
CLPSO,1,103,30,60000,50,0,24010812.0899659,24010812.0899659,0,0.7057976,60000,60000,60001,1,1,1,1,1,139603569304.859,58788170551.7386,8979902695.26801,1500620943.4627,159333217.317372,24010812.0899659,,,,,,,,,,,,ok,,,D30_FE60000_seed101_110_N50_ASE_CLPSO_N40_NRLPSO_shared_prefix
NRLPSO-PaperAligned,1,103,30,60000,40,1,2512286.97441354,2512286.97441354,0,5.9367591,60000,60000,60001,1,1,1,1,1,100644099866.419,2731286152.39412,446557410.425337,180789440.244049,69848916.0242821,2512286.97441354,38066.0,19033.0,12529.0,0.1,0.999385,0.402326801369791,0.992232028033025,4630.0,5440.0,6983.0,4841.0,ok,,,D30_FE60000_seed101_110_N50_ASE_CLPSO_N40_NRLPSO_shared_prefix
ASE-CSO,3,103,30,60000,50,0,11159.8298533247,11159.8298533247,0,11.2877013,60000,60000,60001,1,1,1,1,1,575238.974301002,96272.8592657312,63643.0030530495,45177.514133313,30128.4775462118,11159.8298533247,,,,,,,,,,,,ok,,,D30_FE60000_seed101_110_N50_ASE_CLPSO_N40_NRLPSO_shared_prefix
CLPSO,3,103,30,60000,50,0,94120.8876026174,94120.8876026174,0,0.7310187,60000,60000,60001,1,1,1,1,1,575238.974301002,158202.356030086,158202.356030086,140143.857967236,131928.218006946,94120.8876026174,,,,,,,,,,,,ok,,,D30_FE60000_seed101_110_N50_ASE_CLPSO_N40_NRLPSO_shared_prefix
NRLPSO-PaperAligned,3,103,30,60000,40,1,3726.25326402057,3726.25326402057,0,5.6305826,60000,60000,60001,1,1,1,1,1,575238.974301002,97554.490689241,36394.4803077987,19749.2627977295,7480.63729009352,3726.25326402057,39386.0,19693.0,13264.0,0.1,0.999385,0.402130729200894,0.992232028033025,5790.0,5048.0,5245.0,4491.0,ok,,,D30_FE60000_seed101_110_N50_ASE_CLPSO_N40_NRLPSO_shared_prefix
ASE-CSO,4,103,30,60000,50,0,458.713805073216,458.713805073216,0,8.4083235,60000,60000,60001,1,1,1,1,1,48056.9029098072,645.591833679747,534.940590139161,524.227659870213,484.198583732548,458.713805073216,,,,,,,,,,,,ok,,,D30_FE60000_seed101_110_N50_ASE_CLPSO_N40_NRLPSO_shared_prefix
CLPSO,4,103,30,60000,50,0,590.439517339192,590.439517339192,0,0.7134049,60000,60000,60001,1,1,1,1,1,48056.9029098072,6760.0111886943,1563.87033883314,964.687514281482,695.332596219028,590.439517339192,,,,,,,,,,,,ok,,,D30_FE60000_seed101_110_N50_ASE_CLPSO_N40_NRLPSO_shared_prefix
NRLPSO-PaperAligned,4,103,30,60000,40,1,518.609659643881,518.609659643881,0,5.5713002,60000,60000,60001,1,1,1,1,1,48056.9029098072,743.650542390411,629.261498320745,564.391383478049,531.174214443506,518.609659643881,37928.0,18964.0,18750.0,0.1,0.999385,0.402310634535616,0.992232028033025,4767.0,5472.0,7185.0,4608.0,ok,,,D30_FE60000_seed101_110_N50_ASE_CLPSO_N40_NRLPSO_shared_prefix
ASE-CSO,5,103,30,60000,50,0,577.607021095335,577.607021095335,0,8.20772,60000,60000,60001,1,1,1,1,1,1134.86684320642,644.144315165169,610.539251166264,599.619830415152,586.881255362962,577.607021095335,,,,,,,,,,,,ok,,,D30_FE60000_seed101_110_N50_ASE_CLPSO_N40_NRLPSO_shared_prefix
CLPSO,5,103,30,60000,50,0,630.946919991578,630.946919991578,0,0.6046343,60000,60000,60001,1,1,1,1,1,1134.86684320642,906.971518053224,786.302480052017,727.544486888493,647.340580533672,630.946919991578,,,,,,,,,,,,ok,,,D30_FE60000_seed101_110_N50_ASE_CLPSO_N40_NRLPSO_shared_prefix
NRLPSO-PaperAligned,5,103,30,60000,40,1,592.868175628831,592.868175628831,0,4.425074,60000,60000,60001,1,1,1,1,1,1224.82533355716,822.288947391178,749.57310295958,736.968561149274,681.108664436735,592.868175628831,38750.0,19375.0,5484.0,0.1,0.999385,0.402232507343412,0.992232028033025,5546.0,5215.0,5572.0,4877.0,ok,,,D30_FE60000_seed101_110_N50_ASE_CLPSO_N40_NRLPSO_shared_prefix
ASE-CSO,6,103,30,60000,50,0,600.439274154435,600.439274154435,0,8.0887204,60000,60000,60001,1,1,1,1,1,746.373410041192,637.486324554021,622.273510642044,607.199773179956,603.749352649011,600.439274154435,,,,,,,,,,,,ok,,,D30_FE60000_seed101_110_N50_ASE_CLPSO_N40_NRLPSO_shared_prefix
CLPSO,6,103,30,60000,50,0,603.823158591195,603.823158591195,0,0.7663575,60000,60000,60001,1,1,1,1,1,746.373410041192,689.582815828574,648.180865606941,623.725216011901,608.166879338401,603.823158591195,,,,,,,,,,,,ok,,,D30_FE60000_seed101_110_N50_ASE_CLPSO_N40_NRLPSO_shared_prefix
NRLPSO-PaperAligned,6,103,30,60000,40,1,617.913657213525,617.913657213525,0,4.2255065,60000,60000,60001,1,1,1,1,1,725.090732056143,658.555463801208,626.726532122242,625.726937646125,625.726937646125,617.913657213525,38900.0,19450.0,11228.0,0.1,0.999385,0.402347086410502,0.992232028033025,5738.0,4951.0,5421.0,4950.0,ok,,,D30_FE60000_seed101_110_N50_ASE_CLPSO_N40_NRLPSO_shared_prefix
ASE-CSO,7,103,30,60000,50,0,849.336365143777,849.336365143777,0,7.8272662,60000,60000,60001,1,1,1,1,1,3685.66239968266,1006.19372284221,891.445129777247,886.547404946014,868.732264219792,849.336365143777,,,,,,,,,,,,ok,,,D30_FE60000_seed101_110_N50_ASE_CLPSO_N40_NRLPSO_shared_prefix
CLPSO,7,103,30,60000,50,0,871.446776113796,871.446776113796,0,0.5370115,60000,60000,60001,1,1,1,1,1,3685.66239968266,1985.62602380317,1239.02215729753,999.338288994391,919.509346800063,871.446776113796,,,,,,,,,,,,ok,,,D30_FE60000_seed101_110_N50_ASE_CLPSO_N40_NRLPSO_shared_prefix
NRLPSO-PaperAligned,7,103,30,60000,40,1,916.727195977552,916.727195977552,0,4.0458037,60000,60000,60001,1,1,1,1,1,3502.18654978417,1080.39843608432,994.981921889404,974.188720368677,916.727195977552,916.727195977552,39047.0,19524.0,299.0,0.1,0.999385,0.402431775953765,0.992232028033025,5373.0,4880.0,5730.0,4930.0,ok,,,D30_FE60000_seed101_110_N50_ASE_CLPSO_N40_NRLPSO_shared_prefix
ASE-CSO,8,103,30,60000,50,0,873.627477757737,873.627477757737,0,7.9201411,60000,60000,60001,1,1,1,1,1,1412.97117639249,976.817564766887,909.849581612369,895.861659836265,882.537799133757,873.627477757737,,,,,,,,,,,,ok,,,D30_FE60000_seed101_110_N50_ASE_CLPSO_N40_NRLPSO_shared_prefix
CLPSO,8,103,30,60000,50,0,930.855690769958,930.855690769958,0,0.5372962,60000,60000,60001,1,1,1,1,1,1412.97117639249,1166.76101487377,1039.59039893516,1012.96129871216,990.957580215685,930.855690769958,,,,,,,,,,,,ok,,,D30_FE60000_seed101_110_N50_ASE_CLPSO_N40_NRLPSO_shared_prefix
NRLPSO-PaperAligned,8,103,30,60000,40,1,873.558923102086,873.558923102086,0,4.1103715,60000,60000,60001,1,1,1,1,1,1412.97117639249,1041.75404229925,1014.61925058809,1001.24796041425,978.004575673856,873.558923102086,38761.0,19381.0,5230.0,0.1,0.999385,0.402437235446285,0.992232028033025,5799.0,4936.0,5568.0,4896.0,ok,,,D30_FE60000_seed101_110_N50_ASE_CLPSO_N40_NRLPSO_shared_prefix
ASE-CSO,9,103,30,60000,50,0,905.515428820534,905.515428820534,0,7.9782702,60000,60000,60001,1,1,1,1,1,43695.9391819911,3923.85446801226,1487.55173568193,1034.03434403313,929.197326404085,905.515428820534,,,,,,,,,,,,ok,,,D30_FE60000_seed101_110_N50_ASE_CLPSO_N40_NRLPSO_shared_prefix
CLPSO,9,103,30,60000,50,0,2531.27860909706,2531.27860909706,0,0.5809822,60000,60000,60001,1,1,1,1,1,43695.9391819911,18147.2086534317,8635.60262134382,4853.09492171118,2685.76314156204,2531.27860909706,,,,,,,,,,,,ok,,,D30_FE60000_seed101_110_N50_ASE_CLPSO_N40_NRLPSO_shared_prefix
NRLPSO-PaperAligned,9,103,30,60000,40,1,995.160177837159,995.160177837159,0,4.2738141,60000,60000,60001,1,1,1,1,1,37173.6086819843,6333.892214354,2335.53584999585,2335.53584999585,1513.43018707907,995.160177837159,38672.0,19336.0,4746.0,0.1,0.999385,0.402166306341106,0.992232028033025,5844.0,5033.0,5078.0,5333.0,ok,,,D30_FE60000_seed101_110_N50_ASE_CLPSO_N40_NRLPSO_shared_prefix
ASE-CSO,10,103,30,60000,50,0,6089.56341419294,6089.56341419294,0,7.8591486,60000,60000,60001,1,1,1,1,1,10426.8030446036,7810.22803821477,7080.29934921505,6514.27837305574,6248.37324486195,6089.56341419294,,,,,,,,,,,,ok,,,D30_FE60000_seed101_110_N50_ASE_CLPSO_N40_NRLPSO_shared_prefix
CLPSO,10,103,30,60000,50,0,5896.87832597637,5896.87832597637,0,0.6303591,60000,60000,60001,1,1,1,1,1,10426.8030446036,8151.56777032428,7076.50650802007,6586.98719328249,6316.17543779681,5896.87832597637,,,,,,,,,,,,ok,,,D30_FE60000_seed101_110_N50_ASE_CLPSO_N40_NRLPSO_shared_prefix
NRLPSO-PaperAligned,10,103,30,60000,40,1,4608.3617820158,4608.3617820158,0,4.0846581,60000,60000,60001,1,1,1,1,1,10426.8030446036,9083.6428763292,8448.38268307704,8310.25004634856,7024.73791007612,4608.3617820158,38908.0,19454.0,22665.0,0.1,0.999385,0.402198335091715,0.992232028033025,5900.0,4966.0,5281.0,4905.0,ok,,,D30_FE60000_seed101_110_N50_ASE_CLPSO_N40_NRLPSO_shared_prefix
ASE-CSO,11,103,30,60000,50,0,1241.49855180875,1241.49855180875,0,8.199291,60000,60000,60001,1,1,1,1,1,35895.3275141891,1635.51463234877,1278.06815681734,1251.66299871302,1242.83803743109,1241.49855180875,,,,,,,,,,,,ok,,,D30_FE60000_seed101_110_N50_ASE_CLPSO_N40_NRLPSO_shared_prefix
CLPSO,11,103,30,60000,50,0,1601.12369921381,1601.12369921381,0,0.4992451,60000,60000,60001,1,1,1,1,1,35895.3275141891,14225.848692999,4408.1212577841,2519.24150450968,1721.82222227759,1601.12369921381,,,,,,,,,,,,ok,,,D30_FE60000_seed101_110_N50_ASE_CLPSO_N40_NRLPSO_shared_prefix
NRLPSO-PaperAligned,11,103,30,60000,40,1,1304.13728486265,1304.13728486265,0,3.9042435,60000,60000,60001,1,1,1,1,1,35895.3275141891,1725.48763764209,1465.97757316126,1465.97757316126,1374.56547526642,1304.13728486265,39206.0,19603.0,16269.0,0.1,0.999385,0.402681561455279,0.992232028033025,5737.0,5035.0,5237.0,4745.0,ok,,,D30_FE60000_seed101_110_N50_ASE_CLPSO_N40_NRLPSO_shared_prefix
ASE-CSO,12,103,30,60000,50,0,394906.182181089,394906.182181089,0,7.676951,60000,60000,60001,1,1,1,1,1,20833274331.6236,49646210.2606491,4493226.85257258,3041060.35661958,1476368.37909817,394906.182181089,,,,,,,,,,,,ok,,,D30_FE60000_seed101_110_N50_ASE_CLPSO_N40_NRLPSO_shared_prefix
CLPSO,12,103,30,60000,50,0,50961781.8980186,50961781.8980186,0,0.5192552,60000,60000,60001,1,1,1,1,1,20833274331.6236,5855045538.42941,905267001.357595,295351287.673739,116280973.300294,50961781.8980186,,,,,,,,,,,,ok,,,D30_FE60000_seed101_110_N50_ASE_CLPSO_N40_NRLPSO_shared_prefix
NRLPSO-PaperAligned,12,103,30,60000,40,1,108320668.403939,108320668.403939,0,3.7721262,60000,60000,60001,1,1,1,1,1,21135272755.4241,402408166.150195,226079579.534807,114560569.577553,114560569.577553,108320668.403939,39290.0,19645.0,38021.0,0.1,0.999385,0.402478414803986,0.992232028033025,5098.0,4733.0,6622.0,4217.0,ok,,,D30_FE60000_seed101_110_N50_ASE_CLPSO_N40_NRLPSO_shared_prefix
ASE-CSO,13,103,30,60000,50,0,10758.5980483589,10758.5980483589,0,7.5792641,60000,60000,60001,1,1,1,1,1,14436791617.6319,1889572.58668309,326619.457566108,137120.572177916,72261.0423956756,10758.5980483589,,,,,,,,,,,,ok,,,D30_FE60000_seed101_110_N50_ASE_CLPSO_N40_NRLPSO_shared_prefix
CLPSO,13,103,30,60000,50,0,5870051.8199732,5870051.8199732,0,0.4508692,60000,60000,60001,1,1,1,1,1,14436791617.6319,3581273449.27698,520251616.014526,155034414.383303,26519732.7550223,5870051.8199732,,,,,,,,,,,,ok,,,D30_FE60000_seed101_110_N50_ASE_CLPSO_N40_NRLPSO_shared_prefix
NRLPSO-PaperAligned,13,103,30,60000,40,1,429834.396547775,429834.396547775,0,3.9413694,60000,60000,60001,1,1,1,1,1,14436791617.6319,27680727.0543095,15744597.259748,4126233.30967205,1324587.33161547,429834.396547775,39076.0,19538.0,28003.0,0.1,0.999385,0.40204497666185,0.992232028033025,4815.0,5304.0,6530.0,4235.0,ok,,,D30_FE60000_seed101_110_N50_ASE_CLPSO_N40_NRLPSO_shared_prefix
ASE-CSO,14,103,30,60000,50,0,1810.8223724813,1810.8223724813,0,7.8781631,60000,60000,60001,1,1,1,1,1,144039912.69714,105994.823640432,51576.5854283894,24188.3054205615,3506.79025453466,1810.8223724813,,,,,,,,,,,,ok,,,D30_FE60000_seed101_110_N50_ASE_CLPSO_N40_NRLPSO_shared_prefix
CLPSO,14,103,30,60000,50,0,76272.120497305,76272.120497305,0,0.5603156,60000,60000,60001,1,1,1,1,1,144039912.69714,1728217.71401044,213721.276177332,194393.085993932,93576.0797918788,76272.120497305,,,,,,,,,,,,ok,,,D30_FE60000_seed101_110_N50_ASE_CLPSO_N40_NRLPSO_shared_prefix
NRLPSO-PaperAligned,14,103,30,60000,40,1,6100.84544338689,6100.84544338689,0,3.9030553,60000,60000,60001,1,1,1,1,1,57413130.0054185,126911.67968335,121243.18241838,107996.536274456,85820.2554664551,6100.84544338689,39470.0,19735.0,35595.0,0.1,0.999385,0.402206271198349,0.992232028033025,5702.0,4183.0,6626.0,3979.0,ok,,,D30_FE60000_seed101_110_N50_ASE_CLPSO_N40_NRLPSO_shared_prefix
ASE-CSO,15,103,30,60000,50,0,2894.44099866842,2894.44099866842,0,7.9103062,60000,60000,60001,1,1,1,1,1,7543678523.15573,246279.889350347,25465.367088617,6618.5951990928,5046.14094013212,2894.44099866842,,,,,,,,,,,,ok,,,D30_FE60000_seed101_110_N50_ASE_CLPSO_N40_NRLPSO_shared_prefix
CLPSO,15,103,30,60000,50,0,54122.9458949762,54122.9458949762,0,0.4783088,60000,60000,60001,1,1,1,1,1,7543678523.15573,282581947.989952,3399883.35640707,147734.180372632,62200.8014535577,54122.9458949762,,,,,,,,,,,,ok,,,D30_FE60000_seed101_110_N50_ASE_CLPSO_N40_NRLPSO_shared_prefix
NRLPSO-PaperAligned,15,103,30,60000,40,1,40842.4196883047,40842.4196883047,0,3.870317,60000,60000,60001,1,1,1,1,1,6419415250.39569,9124829.98048173,2561667.22180238,1415785.85440982,847991.258097164,40842.4196883047,39296.0,19648.0,32516.0,0.1,0.999385,0.402340206082834,0.992232028033025,5174.0,4574.0,7129.0,3787.0,ok,,,D30_FE60000_seed101_110_N50_ASE_CLPSO_N40_NRLPSO_shared_prefix
ASE-CSO,16,103,30,60000,50,0,2341.56654044177,2341.56654044177,0,7.9843305,60000,60000,60001,1,1,1,1,1,8118.42832649772,3006.07565976451,2826.91373246475,2646.39075635395,2392.09631875473,2341.56654044177,,,,,,,,,,,,ok,,,D30_FE60000_seed101_110_N50_ASE_CLPSO_N40_NRLPSO_shared_prefix
CLPSO,16,103,30,60000,50,0,2589.52034729888,2589.52034729888,0,0.5827418,60000,60000,60001,1,1,1,1,1,8118.42832649772,4897.74550550569,3698.21322665683,3248.47943011978,2835.24680007065,2589.52034729888,,,,,,,,,,,,ok,,,D30_FE60000_seed101_110_N50_ASE_CLPSO_N40_NRLPSO_shared_prefix
NRLPSO-PaperAligned,16,103,30,60000,40,1,3168.29885876697,3168.29885876697,0,3.7883557,60000,60000,60001,1,1,1,1,1,6469.69130276996,3319.15774500524,3273.10558623809,3192.02007537364,3168.29885876697,3168.29885876697,39576.0,19788.0,37506.0,0.1,0.999385,0.402242647204668,0.992232028033025,6230.0,4659.0,4585.0,4910.0,ok,,,D30_FE60000_seed101_110_N50_ASE_CLPSO_N40_NRLPSO_shared_prefix
ASE-CSO,17,103,30,60000,50,0,1847.75846221025,1847.75846221025,0,8.0992899,60000,60000,60001,1,1,1,1,1,9582.24303366554,1919.21349458244,1873.19863564059,1860.86573860791,1856.50330038141,1847.75846221025,,,,,,,,,,,,ok,,,D30_FE60000_seed101_110_N50_ASE_CLPSO_N40_NRLPSO_shared_prefix
CLPSO,17,103,30,60000,50,0,2051.67077761321,2051.67077761321,0,0.6901335,60000,60000,60001,1,1,1,1,1,9582.24303366554,3825.17219741667,2629.04358672927,2148.10645362676,2086.62805287374,2051.67077761321,,,,,,,,,,,,ok,,,D30_FE60000_seed101_110_N50_ASE_CLPSO_N40_NRLPSO_shared_prefix
NRLPSO-PaperAligned,17,103,30,60000,40,1,1975.14844929887,1975.14844929887,0,3.9695149,60000,60000,60001,1,1,1,1,1,9582.24303366554,2369.30419330464,2135.0605911495,2056.32669705793,2038.52744035724,1975.14844929887,38948.0,19474.0,33665.0,0.1,0.999385,0.402115559063124,0.992232028033025,5449.0,4974.0,5958.0,4631.0,ok,,,D30_FE60000_seed101_110_N50_ASE_CLPSO_N40_NRLPSO_shared_prefix
ASE-CSO,18,103,30,60000,50,0,155837.726011445,155837.726011445,0,9.1343321,60000,60000,60001,1,1,1,1,1,995230441.05879,1301895.27612792,630039.185487052,416943.500264952,357434.50668821,155837.726011445,,,,,,,,,,,,ok,,,D30_FE60000_seed101_110_N50_ASE_CLPSO_N40_NRLPSO_shared_prefix
CLPSO,18,103,30,60000,50,0,1029061.64954092,1029061.64954092,0,0.4869025,60000,60000,60001,1,1,1,1,1,995230441.05879,46216669.8448802,9348680.12212518,2793428.48220884,2386041.98845973,1029061.64954092,,,,,,,,,,,,ok,,,D30_FE60000_seed101_110_N50_ASE_CLPSO_N40_NRLPSO_shared_prefix
NRLPSO-PaperAligned,18,103,30,60000,40,1,485571.879267267,485571.879267267,0,3.8562218,60000,60000,60001,1,1,1,1,1,995230441.05879,11562928.2306891,6415152.82252605,2704111.57658828,1054412.9903589,485571.879267267,39378.0,19689.0,37520.0,0.1,0.999385,0.4022270559805,0.992232028033025,5905.0,4926.0,5423.0,4328.0,ok,,,D30_FE60000_seed101_110_N50_ASE_CLPSO_N40_NRLPSO_shared_prefix
ASE-CSO,19,103,30,60000,50,0,2714.63592284258,2714.63592284258,0,8.833742,60000,60000,60001,1,1,1,1,1,11366147442.649,345918.052824963,29655.4706372823,8551.17659234837,6175.71425645869,2714.63592284258,,,,,,,,,,,,ok,,,D30_FE60000_seed101_110_N50_ASE_CLPSO_N40_NRLPSO_shared_prefix
CLPSO,19,103,30,60000,50,0,29149.4921338026,29149.4921338026,0,1.5528864,60000,60000,60001,1,1,1,1,1,11366147442.649,489583995.211092,88984405.2700909,7882395.24888131,447136.246384067,29149.4921338026,,,,,,,,,,,,ok,,,D30_FE60000_seed101_110_N50_ASE_CLPSO_N40_NRLPSO_shared_prefix
NRLPSO-PaperAligned,19,103,30,60000,40,1,161447.9925825,161447.9925825,0,5.2972561,60000,60000,60001,1,1,1,1,1,5869537341.63138,17501052.4553888,4049000.96311143,2450670.54387898,595124.847135618,161447.9925825,39304.0,19652.0,32761.0,0.1,0.999385,0.402255154562126,0.992232028033025,5020.0,4653.0,6805.0,4178.0,ok,,,D30_FE60000_seed101_110_N50_ASE_CLPSO_N40_NRLPSO_shared_prefix
ASE-CSO,20,103,30,60000,50,0,2182.65053480588,2182.65053480588,0,8.0100038,60000,60000,60001,1,1,1,1,1,3956.38414762508,2373.32153460849,2208.64009642114,2194.66150031553,2186.48425529044,2182.65053480588,,,,,,,,,,,,ok,,,D30_FE60000_seed101_110_N50_ASE_CLPSO_N40_NRLPSO_shared_prefix
CLPSO,20,103,30,60000,50,0,2254.81063853548,2254.81063853548,0,0.721144,60000,60000,60001,1,1,1,1,1,3956.38414762508,3072.11564369609,2813.74257814554,2443.07190289085,2264.6303742649,2254.81063853548,,,,,,,,,,,,ok,,,D30_FE60000_seed101_110_N50_ASE_CLPSO_N40_NRLPSO_shared_prefix
NRLPSO-PaperAligned,20,103,30,60000,40,1,2331.83496035298,2331.83496035298,0,4.0281134,60000,60000,60001,1,1,1,1,1,4027.39212818327,3044.15592791238,2840.42188512185,2794.58366046807,2513.26528186954,2331.83496035298,39311.0,19656.0,25176.0,0.1,0.999385,0.402127577281063,0.992232028033025,5946.0,4953.0,5242.0,4508.0,ok,,,D30_FE60000_seed101_110_N50_ASE_CLPSO_N40_NRLPSO_shared_prefix
ASE-CSO,21,103,30,60000,50,0,2393.54901397206,2393.54901397206,0,8.0037992,60000,60000,60001,1,1,1,1,1,2862.4168446387,2491.43124150465,2425.27193199764,2410.71831805708,2399.93302945321,2393.54901397206,,,,,,,,,,,,ok,,,D30_FE60000_seed101_110_N50_ASE_CLPSO_N40_NRLPSO_shared_prefix
CLPSO,21,103,30,60000,50,0,2457.21603372158,2457.21603372158,0,0.8481235,60000,60000,60001,1,1,1,1,1,2862.4168446387,2649.2175776973,2532.03730947929,2521.57723156206,2488.57391066628,2457.21603372158,,,,,,,,,,,,ok,,,D30_FE60000_seed101_110_N50_ASE_CLPSO_N40_NRLPSO_shared_prefix
NRLPSO-PaperAligned,21,103,30,60000,40,1,2370.21202980162,2370.21202980162,0,4.2590776,60000,60000,60001,1,1,1,1,1,2862.4168446387,2588.45195818712,2504.4470049254,2487.64190150653,2433.18664648047,2370.21202980162,38691.0,19346.0,18183.0,0.1,0.999385,0.402563878018067,0.992232028033025,5590.0,5059.0,5752.0,4868.0,ok,,,D30_FE60000_seed101_110_N50_ASE_CLPSO_N40_NRLPSO_shared_prefix
ASE-CSO,22,103,30,60000,50,0,4614.14868119049,4614.14868119049,0,8.210692,60000,60000,60001,1,1,1,1,1,12684.2863924749,7721.02134005756,5972.89246384569,5345.48084623192,4975.45950328903,4614.14868119049,,,,,,,,,,,,ok,,,D30_FE60000_seed101_110_N50_ASE_CLPSO_N40_NRLPSO_shared_prefix
CLPSO,22,103,30,60000,50,0,7886.75736180062,7886.75736180062,0,0.9209445,60000,60000,60001,1,1,1,1,1,12684.2863924749,10184.4599515855,9373.5152678776,7897.65608819878,7897.65608819878,7886.75736180062,,,,,,,,,,,,ok,,,D30_FE60000_seed101_110_N50_ASE_CLPSO_N40_NRLPSO_shared_prefix
NRLPSO-PaperAligned,22,103,30,60000,40,1,2316.41845390119,2316.41845390119,0,4.5342582,60000,60000,60001,1,1,1,1,1,12684.2863924749,2719.47250233695,2453.4611650876,2378.57670694977,2343.19866223194,2316.41845390119,38113.0,19057.0,1787.0,0.1,0.999385,0.402097491566621,0.992232028033025,4747.0,5505.0,6782.0,4813.0,ok,,,D30_FE60000_seed101_110_N50_ASE_CLPSO_N40_NRLPSO_shared_prefix
ASE-CSO,23,103,30,60000,50,0,2740.0599639765,2740.0599639765,0,8.3290837,60000,60000,60001,1,1,1,1,1,3978.55226245412,2835.0223762691,2785.56552132207,2753.48177139061,2744.44063877102,2740.0599639765,,,,,,,,,,,,ok,,,D30_FE60000_seed101_110_N50_ASE_CLPSO_N40_NRLPSO_shared_prefix
CLPSO,23,103,30,60000,50,0,2822.51806263698,2822.51806263698,0,0.9982354,60000,60000,60001,1,1,1,1,1,3978.55226245412,3187.6114414168,2950.94375045891,2892.43219645637,2855.66471409212,2822.51806263698,,,,,,,,,,,,ok,,,D30_FE60000_seed101_110_N50_ASE_CLPSO_N40_NRLPSO_shared_prefix
NRLPSO-PaperAligned,23,103,30,60000,40,1,2783.31614737745,2783.31614737745,0,4.8745261,60000,60000,60001,1,1,1,1,1,3978.55226245412,3008.89977819048,2929.18449534795,2874.0016113264,2829.31893450124,2783.31614737745,38596.0,19298.0,34283.0,0.1,0.999385,0.402083609815,0.992232028033025,5666.0,5283.0,5670.0,4745.0,ok,,,D30_FE60000_seed101_110_N50_ASE_CLPSO_N40_NRLPSO_shared_prefix
ASE-CSO,24,103,30,60000,50,0,2878.66621208733,2878.66621208733,0,8.2954915,60000,60000,60001,1,1,1,1,1,4061.23487903407,2977.60554373775,2889.3650419979,2882.63439186102,2878.81230142302,2878.66621208733,,,,,,,,,,,,ok,,,D30_FE60000_seed101_110_N50_ASE_CLPSO_N40_NRLPSO_shared_prefix
CLPSO,24,103,30,60000,50,0,3045.18303560237,3045.18303560237,0,1.0155547,60000,60000,60001,1,1,1,1,1,4061.23487903407,3311.91748742442,3118.67391289699,3102.84941899219,3051.25778385316,3045.18303560237,,,,,,,,,,,,ok,,,D30_FE60000_seed101_110_N50_ASE_CLPSO_N40_NRLPSO_shared_prefix
NRLPSO-PaperAligned,24,103,30,60000,40,1,2976.92398105223,2976.92398105223,0,5.0762548,60000,60000,60001,1,1,1,1,1,4061.23487903407,3156.1925421127,3056.43159142252,3002.87743470609,2985.65136810674,2976.92398105223,38225.0,19113.0,30974.0,0.1,0.999385,0.402391245926967,0.992232028033025,5380.0,5440.0,6292.0,4623.0,ok,,,D30_FE60000_seed101_110_N50_ASE_CLPSO_N40_NRLPSO_shared_prefix
ASE-CSO,25,103,30,60000,50,0,2883.48547454306,2883.48547454306,0,8.6683562,60000,60000,60001,1,1,1,1,1,18122.2236806857,2986.93899928446,2943.70898337487,2937.65937173972,2902.95597226335,2883.48547454306,,,,,,,,,,,,ok,,,D30_FE60000_seed101_110_N50_ASE_CLPSO_N40_NRLPSO_shared_prefix
CLPSO,25,103,30,60000,50,0,2966.85480251054,2966.85480251054,0,0.9818176,60000,60000,60001,1,1,1,1,1,18122.2236806857,6971.04727183292,3529.03572796908,3145.66974114328,3003.84471960691,2966.85480251054,,,,,,,,,,,,ok,,,D30_FE60000_seed101_110_N50_ASE_CLPSO_N40_NRLPSO_shared_prefix
NRLPSO-PaperAligned,25,103,30,60000,40,1,2920.7202866803,2920.7202866803,0,5.0812966,60000,60000,60001,1,1,1,1,1,14168.4610019474,3059.20893593132,2990.13555119011,2971.83713790675,2943.29553949925,2920.7202866803,38150.0,19075.0,10132.0,0.1,0.999385,0.402244068769991,0.992232028033025,5035.0,5366.0,6969.0,4440.0,ok,,,D30_FE60000_seed101_110_N50_ASE_CLPSO_N40_NRLPSO_shared_prefix
ASE-CSO,26,103,30,60000,50,0,2900.0112369656,2900.0112369656,0,8.3041111,60000,60000,60001,1,1,1,1,1,14113.8125254149,3721.47076763358,2968.39644681802,2917.96245080668,2902.80688630383,2900.0112369656,,,,,,,,,,,,ok,,,D30_FE60000_seed101_110_N50_ASE_CLPSO_N40_NRLPSO_shared_prefix
CLPSO,26,103,30,60000,50,0,5305.19425376188,5305.19425376188,0,1.1273629,60000,60000,60001,1,1,1,1,1,14113.8125254149,9956.556543293,6913.48496100672,6200.90889637472,5495.24329215226,5305.19425376188,,,,,,,,,,,,ok,,,D30_FE60000_seed101_110_N50_ASE_CLPSO_N40_NRLPSO_shared_prefix
NRLPSO-PaperAligned,26,103,30,60000,40,1,3680.80164270727,3680.80164270727,0,5.2174318,60000,60000,60001,1,1,1,1,1,14113.8125254149,4106.41343332675,3802.47192558701,3738.80901170771,3708.22407045589,3680.80164270727,38026.0,19013.0,8580.0,0.1,0.999385,0.402216966575512,0.992232028033025,4960.0,5398.0,6901.0,4675.0,ok,,,D30_FE60000_seed101_110_N50_ASE_CLPSO_N40_NRLPSO_shared_prefix
ASE-CSO,27,103,30,60000,50,0,3217.26379808339,3217.26379808339,0,8.4083004,60000,60000,60001,1,1,1,1,1,5573.29226506967,3234.24410372325,3220.17035194458,3219.19321874481,3217.41034145282,3217.26379808339,,,,,,,,,,,,ok,,,D30_FE60000_seed101_110_N50_ASE_CLPSO_N40_NRLPSO_shared_prefix
CLPSO,27,103,30,60000,50,0,3241.82927023537,3241.82927023537,0,1.2498859,60000,60000,60001,1,1,1,1,1,5573.29226506967,3662.77932741408,3340.20186097593,3275.74620407881,3252.42258680988,3241.82927023537,,,,,,,,,,,,ok,,,D30_FE60000_seed101_110_N50_ASE_CLPSO_N40_NRLPSO_shared_prefix
NRLPSO-PaperAligned,27,103,30,60000,40,1,3200.00705787338,3200.00705787338,0,5.0016165,60000,60000,60001,1,1,1,1,1,5690.42368037802,3200.00725187146,3200.00713166319,3200.00710900141,3200.00705787338,3200.00705787338,39823.0,19912.0,39822.0,0.1,0.999385,0.402168098919016,0.992232028033025,8062.0,3093.0,5573.0,3409.0,ok,,,D30_FE60000_seed101_110_N50_ASE_CLPSO_N40_NRLPSO_shared_prefix
ASE-CSO,28,103,30,60000,50,0,3199.26701290079,3199.26701290079,0,8.4049613,60000,60000,60001,1,1,1,1,1,12319.1664713234,3408.16759867834,3280.83095108047,3268.30392725626,3211.97871733472,3199.26701290079,,,,,,,,,,,,ok,,,D30_FE60000_seed101_110_N50_ASE_CLPSO_N40_NRLPSO_shared_prefix
CLPSO,28,103,30,60000,50,0,3513.40868871107,3513.40868871107,0,1.1244534,60000,60000,60001,1,1,1,1,1,12319.1664713234,6089.10286016992,4867.39172603829,4117.68979141884,3702.24852818023,3513.40868871107,,,,,,,,,,,,ok,,,D30_FE60000_seed101_110_N50_ASE_CLPSO_N40_NRLPSO_shared_prefix
NRLPSO-PaperAligned,28,103,30,60000,40,1,3274.24658063799,3274.24658063799,0,4.7473437,60000,60000,60001,1,1,1,1,1,13119.552603036,3465.42869497296,3346.7760281111,3324.16958802556,3307.38680186913,3274.24658063799,37730.0,18865.0,5078.0,0.1,0.999385,0.402808090000965,0.992232028033025,4855.0,5570.0,7286.0,4519.0,ok,,,D30_FE60000_seed101_110_N50_ASE_CLPSO_N40_NRLPSO_shared_prefix
ASE-CSO,29,103,30,60000,50,0,3648.78985007003,3648.78985007003,0,8.3735386,60000,60000,60001,1,1,1,1,1,43518.2511489167,4169.7548342217,3839.96816662384,3789.11245072628,3682.73347058906,3648.78985007003,,,,,,,,,,,,ok,,,D30_FE60000_seed101_110_N50_ASE_CLPSO_N40_NRLPSO_shared_prefix
CLPSO,29,103,30,60000,50,0,3971.42133021529,3971.42133021529,0,0.9793318,60000,60000,60001,1,1,1,1,1,43518.2511489167,5589.76197707011,4224.68851511645,4176.2853793793,3990.0395224833,3971.42133021529,,,,,,,,,,,,ok,,,D30_FE60000_seed101_110_N50_ASE_CLPSO_N40_NRLPSO_shared_prefix
NRLPSO-PaperAligned,29,103,30,60000,40,1,3907.92622297404,3907.92622297404,0,4.2726339,60000,60000,60001,1,1,1,1,1,43518.2511489167,4676.47596700735,4149.40070316756,3931.1312143283,3907.92622297404,3907.92622297404,39481.0,19741.0,39155.0,0.1,0.999385,0.402506179882277,0.992232028033025,6005.0,4274.0,6081.0,4119.0,ok,,,D30_FE60000_seed101_110_N50_ASE_CLPSO_N40_NRLPSO_shared_prefix
ASE-CSO,30,103,30,60000,50,0,89575.9395648603,89575.9395648603,0,9.0773398,60000,60000,60001,1,1,1,1,1,5607638588.53856,4905369.65925789,1160245.48203837,605790.310087838,324983.702279735,89575.9395648603,,,,,,,,,,,,ok,,,D30_FE60000_seed101_110_N50_ASE_CLPSO_N40_NRLPSO_shared_prefix
CLPSO,30,103,30,60000,50,0,1047551.04695914,1047551.04695914,0,1.8659738,60000,60000,60001,1,1,1,1,1,5607638588.53856,586888117.53447,41673200.4523426,4364638.76473746,3884221.32854314,1047551.04695914,,,,,,,,,,,,ok,,,D30_FE60000_seed101_110_N50_ASE_CLPSO_N40_NRLPSO_shared_prefix
NRLPSO-PaperAligned,30,103,30,60000,40,1,740958.01148327,740958.01148327,0,5.6288621,60000,60000,60001,1,1,1,1,1,5607638588.53856,21634678.8165058,5404878.7167286,929746.661539643,929746.661539643,740958.01148327,39451.0,19726.0,38691.0,0.1,0.999385,0.4025913107686,0.992232028033025,5134.0,4028.0,7773.0,3574.0,ok,,,D30_FE60000_seed101_110_N50_ASE_CLPSO_N40_NRLPSO_shared_prefix
ASE-CSO,1,104,30,60000,50,0,4628.16729034411,4628.16729034411,0,7.580292,60000,60000,60001,1,1,1,1,1,100520132030.864,291475799.920006,23172414.356914,9722443.33403356,324316.06567023,4628.16729034411,,,,,,,,,,,,ok,,,D30_FE60000_seed101_110_N50_ASE_CLPSO_N40_NRLPSO_shared_prefix
CLPSO,1,104,30,60000,50,0,57118116.345411,57118116.345411,0,0.4668957,60000,60000,60001,1,1,1,1,1,100520132030.864,38618412176.4048,8006142124.45146,1535827952.5226,286627902.387302,57118116.345411,,,,,,,,,,,,ok,,,D30_FE60000_seed101_110_N50_ASE_CLPSO_N40_NRLPSO_shared_prefix
NRLPSO-PaperAligned,1,104,30,60000,40,1,3998513.51396316,3998513.51396316,0,3.9455834,60000,60000,60001,1,1,1,1,1,99553183893.1912,2576666912.07386,889968286.903779,472041679.201078,133301302.281871,3998513.51396316,38040.0,19020.0,12392.0,0.1,0.999385,0.402466453943482,0.999175008603159,5237.0,5115.0,7067.0,4501.0,ok,,,D30_FE60000_seed101_110_N50_ASE_CLPSO_N40_NRLPSO_shared_prefix
ASE-CSO,3,104,30,60000,50,0,17819.2514748875,17819.2514748875,0,7.7188004,60000,60000,60001,1,1,1,1,1,531976.86576577,113006.603064511,58267.8241334309,46631.3788511531,28371.0830467872,17819.2514748875,,,,,,,,,,,,ok,,,D30_FE60000_seed101_110_N50_ASE_CLPSO_N40_NRLPSO_shared_prefix
CLPSO,3,104,30,60000,50,0,80031.3963250339,80031.3963250339,0,0.4863922,60000,60000,60001,1,1,1,1,1,531976.86576577,168260.007322488,120528.142707072,117347.838507606,117347.838507606,80031.3963250339,,,,,,,,,,,,ok,,,D30_FE60000_seed101_110_N50_ASE_CLPSO_N40_NRLPSO_shared_prefix
NRLPSO-PaperAligned,3,104,30,60000,40,1,3726.84000731597,3726.84000731597,0,3.8033971,60000,60000,60001,1,1,1,1,1,531976.86576577,99588.5823115949,43570.615819858,14590.0270751395,8791.17443010938,3726.84000731597,39422.0,19711.0,13606.0,0.1,0.999385,0.40251312416441,0.999175008603159,5947.0,4763.0,5502.0,4326.0,ok,,,D30_FE60000_seed101_110_N50_ASE_CLPSO_N40_NRLPSO_shared_prefix
ASE-CSO,4,104,30,60000,50,0,516.713794887795,516.713794887795,0,7.6116333,60000,60000,60001,1,1,1,1,1,43474.2361083615,563.097583817552,523.644748877599,518.696674624955,517.498131282316,516.713794887795,,,,,,,,,,,,ok,,,D30_FE60000_seed101_110_N50_ASE_CLPSO_N40_NRLPSO_shared_prefix
CLPSO,4,104,30,60000,50,0,615.589697029889,615.589697029889,0,0.4789272,60000,60000,60001,1,1,1,1,1,43474.2361083615,11467.6880789496,1254.0802607231,898.783926519792,652.515516465672,615.589697029889,,,,,,,,,,,,ok,,,D30_FE60000_seed101_110_N50_ASE_CLPSO_N40_NRLPSO_shared_prefix
NRLPSO-PaperAligned,4,104,30,60000,40,1,508.43185130597,508.43185130597,0,3.9829993,60000,60000,60001,1,1,1,1,1,43474.2361083615,697.669940030212,596.221987865197,541.672200357413,522.205956292173,508.43185130597,38802.0,19401.0,33036.0,0.1,0.999385,0.403107275815053,0.999175008603159,4729.0,5229.0,6788.0,4412.0,ok,,,D30_FE60000_seed101_110_N50_ASE_CLPSO_N40_NRLPSO_shared_prefix
ASE-CSO,5,104,30,60000,50,0,600.22308938822,600.22308938822,0,7.7395066,60000,60000,60001,1,1,1,1,1,1187.01653191926,727.809348381779,656.588618858218,626.577963084432,610.821640103481,600.22308938822,,,,,,,,,,,,ok,,,D30_FE60000_seed101_110_N50_ASE_CLPSO_N40_NRLPSO_shared_prefix
CLPSO,5,104,30,60000,50,0,642.139210925215,642.139210925215,0,0.5489754,60000,60000,60001,1,1,1,1,1,1187.01653191926,886.331063274928,782.291771213514,716.858257842543,674.049545715847,642.139210925215,,,,,,,,,,,,ok,,,D30_FE60000_seed101_110_N50_ASE_CLPSO_N40_NRLPSO_shared_prefix
NRLPSO-PaperAligned,5,104,30,60000,40,1,617.528033635503,617.528033635503,0,3.8568913,60000,60000,60001,1,1,1,1,1,1187.01653191926,780.915121101486,754.034406894407,754.034406894407,732.764388124604,617.528033635503,38988.0,19494.0,10678.0,0.1,0.999385,0.402206342062487,0.999175008603159,5845.0,5088.0,4867.0,5172.0,ok,,,D30_FE60000_seed101_110_N50_ASE_CLPSO_N40_NRLPSO_shared_prefix
ASE-CSO,6,104,30,60000,50,0,601.803972385894,601.803972385894,0,7.9373269,60000,60000,60001,1,1,1,1,1,736.803039881274,645.326395567164,636.516885477847,621.877142785847,606.077331367695,601.803972385894,,,,,,,,,,,,ok,,,D30_FE60000_seed101_110_N50_ASE_CLPSO_N40_NRLPSO_shared_prefix
CLPSO,6,104,30,60000,50,0,602.112229430765,602.112229430765,0,0.7864273,60000,60000,60001,1,1,1,1,1,736.803039881274,674.795834886068,634.433957737182,621.556867035737,607.305252119203,602.112229430765,,,,,,,,,,,,ok,,,D30_FE60000_seed101_110_N50_ASE_CLPSO_N40_NRLPSO_shared_prefix
NRLPSO-PaperAligned,6,104,30,60000,40,1,624.174102181144,624.174102181144,0,4.1225163,60000,60000,60001,1,1,1,1,1,736.803039881274,649.987284636031,629.864411769486,629.864411769486,627.306814058993,624.174102181144,39086.0,19543.0,19036.0,0.1,0.999385,0.402332778977335,0.999175008603159,5680.0,4880.0,5437.0,4877.0,ok,,,D30_FE60000_seed101_110_N50_ASE_CLPSO_N40_NRLPSO_shared_prefix
ASE-CSO,7,104,30,60000,50,0,836.199048084178,836.199048084178,0,11.9397655,60000,60000,60001,1,1,1,1,1,3390.84658498686,1010.57255159927,950.42107457024,919.841266705097,866.818287776063,836.199048084178,,,,,,,,,,,,ok,,,D30_FE60000_seed101_110_N50_ASE_CLPSO_N40_NRLPSO_shared_prefix
CLPSO,7,104,30,60000,50,0,881.474190392974,881.474190392974,0,0.8411166,60000,60000,60001,1,1,1,1,1,3390.84658498686,1990.25423343127,1212.97280891584,1036.45410580398,941.265085993302,881.474190392974,,,,,,,,,,,,ok,,,D30_FE60000_seed101_110_N50_ASE_CLPSO_N40_NRLPSO_shared_prefix
NRLPSO-PaperAligned,7,104,30,60000,40,1,956.519430795133,956.519430795133,0,6.1412321,60000,60000,60001,1,1,1,1,1,3257.25797525959,1131.19317898582,1023.95178506163,1010.67224167363,997.536245967493,956.519430795133,39077.0,19539.0,704.0,0.1,0.999385,0.402031593342593,0.999175008603159,5452.0,4959.0,5532.0,4940.0,ok,,,D30_FE60000_seed101_110_N50_ASE_CLPSO_N40_NRLPSO_shared_prefix
ASE-CSO,8,104,30,60000,50,0,897.653105492181,897.653105492181,0,11.7812147,60000,60000,60001,1,1,1,1,1,1419.76573484821,999.223425377538,956.407155245969,925.614917488796,905.134084737839,897.653105492181,,,,,,,,,,,,ok,,,D30_FE60000_seed101_110_N50_ASE_CLPSO_N40_NRLPSO_shared_prefix
CLPSO,8,104,30,60000,50,0,921.001455005948,921.001455005948,0,0.7913505,60000,60000,60001,1,1,1,1,1,1419.76573484821,1223.85269603749,1068.12487606734,1022.54218358586,957.489446101208,921.001455005948,,,,,,,,,,,,ok,,,D30_FE60000_seed101_110_N50_ASE_CLPSO_N40_NRLPSO_shared_prefix
NRLPSO-PaperAligned,8,104,30,60000,40,1,916.82112356175,916.82112356175,0,5.631546,60000,60000,60001,1,1,1,1,1,1312.2512901763,1061.41075343905,1018.27136855804,1018.27136855804,980.833486347722,916.82112356175,38869.0,19435.0,5054.0,0.1,0.999385,0.402150421364434,0.999175008603159,6148.0,4585.0,5439.0,4919.0,ok,,,D30_FE60000_seed101_110_N50_ASE_CLPSO_N40_NRLPSO_shared_prefix
ASE-CSO,9,104,30,60000,50,0,958.421834349736,958.421834349736,0,8.037109,60000,60000,60001,1,1,1,1,1,24842.546648106,2683.82832021377,1458.19969821314,1193.07360257823,1043.19834448117,958.421834349736,,,,,,,,,,,,ok,,,D30_FE60000_seed101_110_N50_ASE_CLPSO_N40_NRLPSO_shared_prefix
CLPSO,9,104,30,60000,50,0,2040.29283414733,2040.29283414733,0,0.8136016,60000,60000,60001,1,1,1,1,1,24842.546648106,11207.25661604,7938.25925192196,5642.8132503425,3754.96022487986,2040.29283414733,,,,,,,,,,,,ok,,,D30_FE60000_seed101_110_N50_ASE_CLPSO_N40_NRLPSO_shared_prefix
NRLPSO-PaperAligned,9,104,30,60000,40,1,1175.05962580082,1175.05962580082,0,5.766467,60000,60000,60001,1,1,1,1,1,24842.546648106,4019.46904623131,2953.09648740127,2474.85674445678,1443.48470495656,1175.05962580082,38787.0,19394.0,5408.0,0.1,0.999385,0.402137454943436,0.999175008603159,5595.0,5047.0,5529.0,5002.0,ok,,,D30_FE60000_seed101_110_N50_ASE_CLPSO_N40_NRLPSO_shared_prefix
ASE-CSO,10,104,30,60000,50,0,3231.3121871696,3231.3121871696,0,7.8733441,60000,60000,60001,1,1,1,1,1,10244.5800905051,6422.00552022373,5612.15878662916,4653.50187636518,4043.10311424168,3231.3121871696,,,,,,,,,,,,ok,,,D30_FE60000_seed101_110_N50_ASE_CLPSO_N40_NRLPSO_shared_prefix
CLPSO,10,104,30,60000,50,0,5436.60526195973,5436.60526195973,0,0.6176721,60000,60000,60001,1,1,1,1,1,10244.5800905051,8775.68346340306,7312.06758678353,6953.53380936082,6215.86766949076,5436.60526195973,,,,,,,,,,,,ok,,,D30_FE60000_seed101_110_N50_ASE_CLPSO_N40_NRLPSO_shared_prefix
NRLPSO-PaperAligned,10,104,30,60000,40,1,4186.39637485791,4186.39637485791,0,4.3934783,60000,60000,60001,1,1,1,1,1,10244.5800905051,8388.63532095893,8023.06808496942,6720.74790322825,6089.35340170937,4186.39637485791,39062.0,19531.0,23374.0,0.1,0.999385,0.402181661719908,0.999175008603159,5912.0,4996.0,5279.0,4711.0,ok,,,D30_FE60000_seed101_110_N50_ASE_CLPSO_N40_NRLPSO_shared_prefix
ASE-CSO,11,104,30,60000,50,0,1303.80986847295,1303.80986847295,0,7.7013378,60000,60000,60001,1,1,1,1,1,35645.7653915534,1826.74059385424,1412.22938796761,1333.49041995889,1305.41886619296,1303.80986847295,,,,,,,,,,,,ok,,,D30_FE60000_seed101_110_N50_ASE_CLPSO_N40_NRLPSO_shared_prefix
CLPSO,11,104,30,60000,50,0,1565.60069918018,1565.60069918018,0,0.4564872,60000,60000,60001,1,1,1,1,1,35645.7653915534,16572.017240636,6527.7909905362,2409.2709689109,1668.00124975805,1565.60069918018,,,,,,,,,,,,ok,,,D30_FE60000_seed101_110_N50_ASE_CLPSO_N40_NRLPSO_shared_prefix
NRLPSO-PaperAligned,11,104,30,60000,40,1,1287.73921590474,1287.73921590474,0,3.9176579,60000,60000,60001,1,1,1,1,1,35645.7653915534,2434.17048314897,1557.04600108917,1479.53112850045,1365.5534488754,1287.73921590474,39135.0,19568.0,9089.0,0.1,0.999385,0.402233931246277,0.999175008603159,6165.0,4988.0,5227.0,4445.0,ok,,,D30_FE60000_seed101_110_N50_ASE_CLPSO_N40_NRLPSO_shared_prefix
ASE-CSO,12,104,30,60000,50,0,23987.9170772145,23987.9170772145,0,7.670341,60000,60000,60001,1,1,1,1,1,33126511290.0087,47509648.7739468,7758041.57318917,2026086.58281162,306393.384237878,23987.9170772145,,,,,,,,,,,,ok,,,D30_FE60000_seed101_110_N50_ASE_CLPSO_N40_NRLPSO_shared_prefix
CLPSO,12,104,30,60000,50,0,35576513.1755996,35576513.1755996,0,0.5087484,60000,60000,60001,1,1,1,1,1,33126511290.0087,6032161410.70688,832902181.005598,218305523.717997,44954650.0697911,35576513.1755996,,,,,,,,,,,,ok,,,D30_FE60000_seed101_110_N50_ASE_CLPSO_N40_NRLPSO_shared_prefix
NRLPSO-PaperAligned,12,104,30,60000,40,1,14255729.6140408,14255729.6140408,0,3.9798173,60000,60000,60001,1,1,1,1,1,33126511290.0087,279125762.617392,131955295.684651,98474377.4797077,66178458.9216163,14255729.6140408,38496.0,19248.0,25439.0,0.1,0.999385,0.402217939655122,0.999175008603159,5066.0,5184.0,6980.0,4234.0,ok,,,D30_FE60000_seed101_110_N50_ASE_CLPSO_N40_NRLPSO_shared_prefix
ASE-CSO,13,104,30,60000,50,0,6432.09859797399,6432.09859797399,0,7.8852436,60000,60000,60001,1,1,1,1,1,32226491271.46,2854710.14590352,139305.535132579,108779.234848524,105093.11367673,6432.09859797399,,,,,,,,,,,,ok,,,D30_FE60000_seed101_110_N50_ASE_CLPSO_N40_NRLPSO_shared_prefix
CLPSO,13,104,30,60000,50,0,5471728.9194283,5471728.9194283,0,0.4679564,60000,60000,60001,1,1,1,1,1,32226491271.46,2209739777.96874,730539712.795664,59892243.9248777,54073279.5299475,5471728.9194283,,,,,,,,,,,,ok,,,D30_FE60000_seed101_110_N50_ASE_CLPSO_N40_NRLPSO_shared_prefix
NRLPSO-PaperAligned,13,104,30,60000,40,1,236588.495232529,236588.495232529,0,4.1775184,60000,60000,60001,1,1,1,1,1,32226491271.46,44433912.8080993,14784531.3867627,14589281.8789228,3554639.51610294,236588.495232529,39080.0,19540.0,22426.0,0.1,0.999385,0.402374376349502,0.999175008603159,5258.0,5015.0,6672.0,3935.0,ok,,,D30_FE60000_seed101_110_N50_ASE_CLPSO_N40_NRLPSO_shared_prefix
ASE-CSO,14,104,30,60000,50,0,21127.8982352867,21127.8982352867,0,8.1337339,60000,60000,60001,1,1,1,1,1,122193991.435948,139453.333296748,115299.547635998,89718.7822352507,41278.5743501827,21127.8982352867,,,,,,,,,,,,ok,,,D30_FE60000_seed101_110_N50_ASE_CLPSO_N40_NRLPSO_shared_prefix
CLPSO,14,104,30,60000,50,0,104444.172128715,104444.172128715,0,0.5775479,60000,60000,60001,1,1,1,1,1,122193991.435948,3323399.99082988,289521.538654502,122620.728401241,112636.137624469,104444.172128715,,,,,,,,,,,,ok,,,D30_FE60000_seed101_110_N50_ASE_CLPSO_N40_NRLPSO_shared_prefix
NRLPSO-PaperAligned,14,104,30,60000,40,1,39423.4933781724,39423.4933781724,0,4.0921039,60000,60000,60001,1,1,1,1,1,152568948.549099,76829.9558304252,44887.2540282839,39423.4933781724,39423.4933781724,39423.4933781724,39486.0,19743.0,18904.0,0.1,0.999385,0.402931236563087,0.999175008603159,5530.0,4729.0,5701.0,4514.0,ok,,,D30_FE60000_seed101_110_N50_ASE_CLPSO_N40_NRLPSO_shared_prefix
ASE-CSO,15,104,30,60000,50,0,44108.3621970801,44108.3621970801,0,7.7701386,60000,60000,60001,1,1,1,1,1,3673343681.02375,304698.119204142,104286.316601756,66122.7988154551,51558.3010680339,44108.3621970801,,,,,,,,,,,,ok,,,D30_FE60000_seed101_110_N50_ASE_CLPSO_N40_NRLPSO_shared_prefix
CLPSO,15,104,30,60000,50,0,51429.1377231276,51429.1377231276,0,0.4675795,60000,60000,60001,1,1,1,1,1,3673343681.02375,282998727.352957,26612142.5957876,5200567.02690573,734519.701895929,51429.1377231276,,,,,,,,,,,,ok,,,D30_FE60000_seed101_110_N50_ASE_CLPSO_N40_NRLPSO_shared_prefix
NRLPSO-PaperAligned,15,104,30,60000,40,1,80187.3562200444,80187.3562200444,0,3.8670933,60000,60000,60001,1,1,1,1,1,7789553375.21141,6124077.95677054,2000824.7028427,1125975.32379925,472628.626456097,80187.3562200444,39429.0,19715.0,29320.0,0.1,0.999385,0.402296033171775,0.999175008603159,5234.0,4317.0,7656.0,3324.0,ok,,,D30_FE60000_seed101_110_N50_ASE_CLPSO_N40_NRLPSO_shared_prefix
ASE-CSO,16,104,30,60000,50,0,1759.14649292059,1759.14649292059,0,8.2036473,60000,60000,60001,1,1,1,1,1,10943.7829849761,2774.21652733576,2452.74342333378,2201.61740481187,2163.44869560894,1759.14649292059,,,,,,,,,,,,ok,,,D30_FE60000_seed101_110_N50_ASE_CLPSO_N40_NRLPSO_shared_prefix
CLPSO,16,104,30,60000,50,0,2563.97304208394,2563.97304208394,0,0.535524,60000,60000,60001,1,1,1,1,1,10943.7829849761,4409.96141038751,3338.19175323393,3165.91075669851,2737.60642446958,2563.97304208394,,,,,,,,,,,,ok,,,D30_FE60000_seed101_110_N50_ASE_CLPSO_N40_NRLPSO_shared_prefix
NRLPSO-PaperAligned,16,104,30,60000,40,1,2698.42846124712,2698.42846124712,0,3.9146823,60000,60000,60001,1,1,1,1,1,10943.7829849761,3825.99962131499,3531.99261959616,3061.42735854979,2729.86918353153,2698.42846124712,39164.0,19582.0,18954.0,0.1,0.999385,0.40305535523253,0.999175008603159,5647.0,4801.0,5506.0,4842.0,ok,,,D30_FE60000_seed101_110_N50_ASE_CLPSO_N40_NRLPSO_shared_prefix
ASE-CSO,17,104,30,60000,50,0,1912.52333227194,1912.52333227194,0,7.8730647,60000,60000,60001,1,1,1,1,1,16813.0739264579,2063.18086580716,1937.92811804927,1934.71407436594,1919.70628141763,1912.52333227194,,,,,,,,,,,,ok,,,D30_FE60000_seed101_110_N50_ASE_CLPSO_N40_NRLPSO_shared_prefix
CLPSO,17,104,30,60000,50,0,1947.46139734528,1947.46139734528,0,0.6701212,60000,60000,60001,1,1,1,1,1,16813.0739264579,3279.46416672662,2450.68886206892,2273.9787427335,2009.9513662121,1947.46139734528,,,,,,,,,,,,ok,,,D30_FE60000_seed101_110_N50_ASE_CLPSO_N40_NRLPSO_shared_prefix
NRLPSO-PaperAligned,17,104,30,60000,40,1,2200.47870987185,2200.47870987185,0,3.9659205,60000,60000,60001,1,1,1,1,1,16813.0739264579,2503.24410944428,2419.62895888488,2321.04941404361,2263.25712130662,2200.47870987185,38997.0,19499.0,14517.0,0.1,0.999385,0.402075033477268,0.999175008603159,5536.0,4925.0,6024.0,4478.0,ok,,,D30_FE60000_seed101_110_N50_ASE_CLPSO_N40_NRLPSO_shared_prefix
ASE-CSO,18,104,30,60000,50,0,101064.92087689,101064.92087689,0,7.5889893,60000,60000,60001,1,1,1,1,1,1767721332.20068,228773.820220621,193609.868712004,140814.565678715,138167.273233184,101064.92087689,,,,,,,,,,,,ok,,,D30_FE60000_seed101_110_N50_ASE_CLPSO_N40_NRLPSO_shared_prefix
CLPSO,18,104,30,60000,50,0,891537.054846117,891537.054846117,0,0.4861125,60000,60000,60001,1,1,1,1,1,1767721332.20068,43170393.5223832,3028257.26507087,1379913.78240876,1004124.38380992,891537.054846117,,,,,,,,,,,,ok,,,D30_FE60000_seed101_110_N50_ASE_CLPSO_N40_NRLPSO_shared_prefix
NRLPSO-PaperAligned,18,104,30,60000,40,1,1069864.53172764,1069864.53172764,0,3.8396782,60000,60000,60001,1,1,1,1,1,1413038296.95893,5839781.84689966,2544180.93988767,1842364.99683079,1421559.17987207,1069864.53172764,39341.0,19671.0,29378.0,0.1,0.999385,0.402266991889612,0.999175008603159,5313.0,5221.0,5900.0,4185.0,ok,,,D30_FE60000_seed101_110_N50_ASE_CLPSO_N40_NRLPSO_shared_prefix
ASE-CSO,19,104,30,60000,50,0,23882.7842261973,23882.7842261973,0,8.9003291,60000,60000,60001,1,1,1,1,1,9146862694.3095,1361625.14188056,98319.5823497844,40869.5850391441,30322.9571901584,23882.7842261973,,,,,,,,,,,,ok,,,D30_FE60000_seed101_110_N50_ASE_CLPSO_N40_NRLPSO_shared_prefix
CLPSO,19,104,30,60000,50,0,145834.727242245,145834.727242245,0,1.5289488,60000,60000,60001,1,1,1,1,1,9146862694.3095,627259013.35232,98965631.1132578,7556296.42612006,879094.371715276,145834.727242245,,,,,,,,,,,,ok,,,D30_FE60000_seed101_110_N50_ASE_CLPSO_N40_NRLPSO_shared_prefix
NRLPSO-PaperAligned,19,104,30,60000,40,1,343787.920763252,343787.920763252,0,5.0000096,60000,60000,60001,1,1,1,1,1,9146862694.3095,21357586.7044702,4791373.01855788,4791373.01855788,1616882.35966081,343787.920763252,39269.0,19635.0,12238.0,0.1,0.999385,0.402289172458352,0.999175008603159,4855.0,5154.0,6849.0,3833.0,ok,,,D30_FE60000_seed101_110_N50_ASE_CLPSO_N40_NRLPSO_shared_prefix
ASE-CSO,20,104,30,60000,50,0,2093.00051905575,2093.00051905575,0,7.9283669,60000,60000,60001,1,1,1,1,1,3525.45972495555,2507.26880446205,2149.7966527394,2107.94257002405,2097.33421402782,2093.00051905575,,,,,,,,,,,,ok,,,D30_FE60000_seed101_110_N50_ASE_CLPSO_N40_NRLPSO_shared_prefix
CLPSO,20,104,30,60000,50,0,2356.73128550551,2356.73128550551,0,0.749829,60000,60000,60001,1,1,1,1,1,3525.45972495555,2865.48696551048,2809.92474595265,2631.34469576746,2456.3590770441,2356.73128550551,,,,,,,,,,,,ok,,,D30_FE60000_seed101_110_N50_ASE_CLPSO_N40_NRLPSO_shared_prefix
NRLPSO-PaperAligned,20,104,30,60000,40,1,2437.78117917527,2437.78117917527,0,4.1565672,60000,60000,60001,1,1,1,1,1,3525.45972495555,2834.40492390108,2664.30055540562,2465.34523832137,2455.70923705558,2437.78117917527,39655.0,19828.0,35553.0,0.1,0.999385,0.402730367987502,0.999175008603159,5742.0,4475.0,5040.0,5048.0,ok,,,D30_FE60000_seed101_110_N50_ASE_CLPSO_N40_NRLPSO_shared_prefix
ASE-CSO,21,104,30,60000,50,0,2395.17721917701,2395.17721917701,0,8.0157041,60000,60000,60001,1,1,1,1,1,2843.9130965238,2511.21305843979,2437.29559512626,2427.76552168753,2415.94062372349,2395.17721917701,,,,,,,,,,,,ok,,,D30_FE60000_seed101_110_N50_ASE_CLPSO_N40_NRLPSO_shared_prefix
CLPSO,21,104,30,60000,50,0,2461.44448145757,2461.44448145757,0,0.8113779,60000,60000,60001,1,1,1,1,1,2843.9130965238,2650.56684518512,2547.8018260463,2523.87848063295,2474.46411244228,2461.44448145757,,,,,,,,,,,,ok,,,D30_FE60000_seed101_110_N50_ASE_CLPSO_N40_NRLPSO_shared_prefix
NRLPSO-PaperAligned,21,104,30,60000,40,1,2418.98007626238,2418.98007626238,0,4.3295872,60000,60000,60001,1,1,1,1,1,2843.9130965238,2645.73063988091,2581.23990082952,2543.51776994226,2462.32751815104,2418.98007626238,38563.0,19282.0,18319.0,0.1,0.999385,0.402539569478539,0.999175008603159,5536.0,5567.0,5794.0,4500.0,ok,,,D30_FE60000_seed101_110_N50_ASE_CLPSO_N40_NRLPSO_shared_prefix
ASE-CSO,22,104,30,60000,50,0,2300.01270145403,2300.01270145403,0,7.977646,60000,60000,60001,1,1,1,1,1,12161.6688670577,2443.77380196691,2324.97588587936,2320.87316488074,2307.61290535498,2300.01270145403,,,,,,,,,,,,ok,,,D30_FE60000_seed101_110_N50_ASE_CLPSO_N40_NRLPSO_shared_prefix
CLPSO,22,104,30,60000,50,0,2830.75033900027,2830.75033900027,0,0.9218482,60000,60000,60001,1,1,1,1,1,12161.6688670577,9505.8777795228,6485.02519140248,4911.09488835954,3732.0306440893,2830.75033900027,,,,,,,,,,,,ok,,,D30_FE60000_seed101_110_N50_ASE_CLPSO_N40_NRLPSO_shared_prefix
NRLPSO-PaperAligned,22,104,30,60000,40,1,2567.01911055106,2567.01911055106,0,4.3015376,60000,60000,60001,1,1,1,1,1,12161.6688670577,2910.14684065156,2668.74890296875,2616.12760619311,2582.19592069784,2567.01911055106,38129.0,19065.0,2201.0,0.1,0.999385,0.402829521171274,0.999175008603159,5182.0,4935.0,6937.0,4777.0,ok,,,D30_FE60000_seed101_110_N50_ASE_CLPSO_N40_NRLPSO_shared_prefix
ASE-CSO,23,104,30,60000,50,0,2749.63374219927,2749.63374219927,0,8.3814442,60000,60000,60001,1,1,1,1,1,4128.85282873909,2833.38816103306,2795.70125105809,2766.35899876013,2752.08428127453,2749.63374219927,,,,,,,,,,,,ok,,,D30_FE60000_seed101_110_N50_ASE_CLPSO_N40_NRLPSO_shared_prefix
CLPSO,23,104,30,60000,50,0,2813.81099283149,2813.81099283149,0,1.1262592,60000,60000,60001,1,1,1,1,1,4128.85282873909,3146.11049170656,2958.11125933395,2864.66335510088,2845.61761172009,2813.81099283149,,,,,,,,,,,,ok,,,D30_FE60000_seed101_110_N50_ASE_CLPSO_N40_NRLPSO_shared_prefix
NRLPSO-PaperAligned,23,104,30,60000,40,1,2720.78859519032,2720.78859519032,0,5.5022983,60000,60000,60001,1,1,1,1,1,4230.70300438239,2937.81358563086,2862.93016018309,2845.74311206013,2774.15786647755,2720.78859519032,38235.0,19118.0,23812.0,0.1,0.999385,0.40205302330462,0.999175008603159,5522.0,5216.0,6168.0,4819.0,ok,,,D30_FE60000_seed101_110_N50_ASE_CLPSO_N40_NRLPSO_shared_prefix
ASE-CSO,24,104,30,60000,50,0,2959.09688517589,2959.09688517589,0,8.2204092,60000,60000,60001,1,1,1,1,1,4305.2745229091,3024.43839669975,2973.4192820235,2963.57266238839,2959.1906078162,2959.09688517589,,,,,,,,,,,,ok,,,D30_FE60000_seed101_110_N50_ASE_CLPSO_N40_NRLPSO_shared_prefix
CLPSO,24,104,30,60000,50,0,3047.88714426205,3047.88714426205,0,1.0265993,60000,60000,60001,1,1,1,1,1,4305.2745229091,3416.52267464029,3105.11467700287,3080.98097584954,3051.80156857316,3047.88714426205,,,,,,,,,,,,ok,,,D30_FE60000_seed101_110_N50_ASE_CLPSO_N40_NRLPSO_shared_prefix
NRLPSO-PaperAligned,24,104,30,60000,40,1,3030.11887867035,3030.11887867035,0,4.46307,60000,60000,60001,1,1,1,1,1,4305.2745229091,3155.64905783743,3097.75087215977,3089.48866047453,3037.69454307997,3030.11887867035,38364.0,19182.0,30058.0,0.1,0.999385,0.402661703872711,0.999175008603159,5341.0,5326.0,6341.0,4588.0,ok,,,D30_FE60000_seed101_110_N50_ASE_CLPSO_N40_NRLPSO_shared_prefix
ASE-CSO,25,104,30,60000,50,0,2887.11746019927,2887.11746019927,0,8.2034713,60000,60000,60001,1,1,1,1,1,20261.4185751731,3097.06466986151,2927.49842020582,2889.78576680601,2887.78961674635,2887.11746019927,,,,,,,,,,,,ok,,,D30_FE60000_seed101_110_N50_ASE_CLPSO_N40_NRLPSO_shared_prefix
CLPSO,25,104,30,60000,50,0,2963.53017182554,2963.53017182554,0,0.9579673,60000,60000,60001,1,1,1,1,1,20261.4185751731,6359.44682267624,3587.61083085053,3168.88620469354,3017.22411224078,2963.53017182554,,,,,,,,,,,,ok,,,D30_FE60000_seed101_110_N50_ASE_CLPSO_N40_NRLPSO_shared_prefix
NRLPSO-PaperAligned,25,104,30,60000,40,1,2893.18517633202,2893.18517633202,0,4.5048803,60000,60000,60001,1,1,1,1,1,13113.8035064078,3094.49753161783,2972.80381176719,2940.61042901903,2923.17292438637,2893.18517633202,37934.0,18967.0,19042.0,0.1,0.999385,0.402319820680138,0.999175008603159,5050.0,5445.0,7032.0,4499.0,ok,,,D30_FE60000_seed101_110_N50_ASE_CLPSO_N40_NRLPSO_shared_prefix
ASE-CSO,26,104,30,60000,50,0,2800.04050192224,2800.04050192224,0,8.3674524,60000,60000,60001,1,1,1,1,1,15113.9101229409,3274.08243882774,2901.06889900824,2877.84861145568,2831.75761926218,2800.04050192224,,,,,,,,,,,,ok,,,D30_FE60000_seed101_110_N50_ASE_CLPSO_N40_NRLPSO_shared_prefix
CLPSO,26,104,30,60000,50,0,4758.12882735573,4758.12882735573,0,1.1233019,60000,60000,60001,1,1,1,1,1,15113.9101229409,10223.9972946065,7507.10876998596,6116.11362730197,5620.36852140837,4758.12882735573,,,,,,,,,,,,ok,,,D30_FE60000_seed101_110_N50_ASE_CLPSO_N40_NRLPSO_shared_prefix
NRLPSO-PaperAligned,26,104,30,60000,40,1,3284.49866965727,3284.49866965727,0,4.6397457,60000,60000,60001,1,1,1,1,1,15493.2202684779,4065.42622104825,3406.13495507169,3357.79702767808,3320.56713095823,3284.49866965727,37875.0,18938.0,13786.0,0.1,0.999385,0.402071607392127,0.999175008603159,4882.0,5430.0,6860.0,4913.0,ok,,,D30_FE60000_seed101_110_N50_ASE_CLPSO_N40_NRLPSO_shared_prefix
ASE-CSO,27,104,30,60000,50,0,3225.10995014096,3225.10995014096,0,8.4795827,60000,60000,60001,1,1,1,1,1,5378.10538417184,3267.6399634126,3257.20513727829,3226.74108019186,3225.11035118268,3225.10995014096,,,,,,,,,,,,ok,,,D30_FE60000_seed101_110_N50_ASE_CLPSO_N40_NRLPSO_shared_prefix
CLPSO,27,104,30,60000,50,0,3232.27205877197,3232.27205877197,0,1.2705457,60000,60000,60001,1,1,1,1,1,5378.10538417184,3728.42587486577,3348.96224669867,3311.2761977468,3257.73989380194,3232.27205877197,,,,,,,,,,,,ok,,,D30_FE60000_seed101_110_N50_ASE_CLPSO_N40_NRLPSO_shared_prefix
NRLPSO-PaperAligned,27,104,30,60000,40,1,3200.00705109024,3200.00705109024,0,4.6176335,60000,60000,60001,1,1,1,1,1,5378.10538417184,3200.00729128069,3200.00725566165,3200.00711014743,3200.00705992231,3200.00705109024,39854.0,19927.0,39852.0,0.1,0.999385,0.402575839569747,0.999175008603159,6801.0,3776.0,4847.0,4682.0,ok,,,D30_FE60000_seed101_110_N50_ASE_CLPSO_N40_NRLPSO_shared_prefix
ASE-CSO,28,104,30,60000,50,0,3366.2318033725,3366.2318033725,0,8.3947235,60000,60000,60001,1,1,1,1,1,10534.5973278913,3422.407434033,3381.36053582658,3367.98523403467,3366.41707856149,3366.2318033725,,,,,,,,,,,,ok,,,D30_FE60000_seed101_110_N50_ASE_CLPSO_N40_NRLPSO_shared_prefix
CLPSO,28,104,30,60000,50,0,3452.15223772981,3452.15223772981,0,1.1412206,60000,60000,60001,1,1,1,1,1,10534.5973278913,6771.00272649126,4991.77085838375,4157.76256031885,3642.57446417766,3452.15223772981,,,,,,,,,,,,ok,,,D30_FE60000_seed101_110_N50_ASE_CLPSO_N40_NRLPSO_shared_prefix
NRLPSO-PaperAligned,28,104,30,60000,40,1,3282.82709056748,3282.82709056748,0,4.8650349,60000,60000,60001,1,1,1,1,1,10534.5973278913,3622.81328944041,3370.85435045014,3324.4291535453,3297.96971405847,3282.82709056748,37766.0,18883.0,20390.0,0.1,0.999385,0.402371708095509,0.999175008603159,5138.0,5372.0,6960.0,4724.0,ok,,,D30_FE60000_seed101_110_N50_ASE_CLPSO_N40_NRLPSO_shared_prefix
ASE-CSO,29,104,30,60000,50,0,3638.82434038837,3638.82434038837,0,8.3399753,60000,60000,60001,1,1,1,1,1,9757.62251570202,4373.88223448855,4229.46161566578,4034.8149327222,3906.39688598743,3638.82434038837,,,,,,,,,,,,ok,,,D30_FE60000_seed101_110_N50_ASE_CLPSO_N40_NRLPSO_shared_prefix
CLPSO,29,104,30,60000,50,0,3807.54989522162,3807.54989522162,0,0.9271359,60000,60000,60001,1,1,1,1,1,9757.62251570202,5857.79616987292,4693.49407214997,4303.76457637579,4107.38073066889,3807.54989522162,,,,,,,,,,,,ok,,,D30_FE60000_seed101_110_N50_ASE_CLPSO_N40_NRLPSO_shared_prefix
NRLPSO-PaperAligned,29,104,30,60000,40,1,3733.27607575982,3733.27607575982,0,4.2547429,60000,60000,60001,1,1,1,1,1,9757.62251570202,3948.9921525431,3883.75527606197,3759.41636331401,3759.41636331401,3733.27607575982,39541.0,19771.0,38961.0,0.1,0.999385,0.40243760424092,0.999175008603159,5541.0,4498.0,5616.0,4764.0,ok,,,D30_FE60000_seed101_110_N50_ASE_CLPSO_N40_NRLPSO_shared_prefix
ASE-CSO,30,104,30,60000,50,0,34286.7628791669,34286.7628791669,0,9.1928102,60000,60000,60001,1,1,1,1,1,3036555007.52333,4027332.59844752,1923828.77989426,528055.272019724,86087.4636433227,34286.7628791669,,,,,,,,,,,,ok,,,D30_FE60000_seed101_110_N50_ASE_CLPSO_N40_NRLPSO_shared_prefix
CLPSO,30,104,30,60000,50,0,534445.03474626,534445.03474626,0,1.9978562,60000,60000,60001,1,1,1,1,1,3036555007.52333,366795453.889041,26719083.3230707,11495420.2779558,942471.711735441,534445.03474626,,,,,,,,,,,,ok,,,D30_FE60000_seed101_110_N50_ASE_CLPSO_N40_NRLPSO_shared_prefix
NRLPSO-PaperAligned,30,104,30,60000,40,1,248331.325894201,248331.325894201,0,5.3410392,60000,60000,60001,1,1,1,1,1,2065022656.4153,6171039.9012985,1728059.86209821,979113.476833766,248331.325894201,248331.325894201,39403.0,19702.0,37149.0,0.1,0.999385,0.40306571941839,0.999175008603159,5063.0,4454.0,7315.0,3725.0,ok,,,D30_FE60000_seed101_110_N50_ASE_CLPSO_N40_NRLPSO_shared_prefix
ASE-CSO,1,105,30,60000,50,0,7193.45576156594,7193.45576156594,0,7.7097411,60000,60000,60001,1,1,1,1,1,112277781175.095,216797863.385347,25953487.4751304,10136164.1811763,2659778.39559724,7193.45576156594,,,,,,,,,,,,ok,,,D30_FE60000_seed101_110_N50_ASE_CLPSO_N40_NRLPSO_shared_prefix
CLPSO,1,105,30,60000,50,0,45493436.8053377,45493436.8053377,0,0.4420633,60000,60000,60001,1,1,1,1,1,112277781175.095,55236541093.6545,8889642885.7415,1535241902.76726,175438983.09472,45493436.8053377,,,,,,,,,,,,ok,,,D30_FE60000_seed101_110_N50_ASE_CLPSO_N40_NRLPSO_shared_prefix
NRLPSO-PaperAligned,1,105,30,60000,40,1,5291005.48129905,5291005.48129905,0,3.9117351,60000,60000,60001,1,1,1,1,1,112277781175.095,2123120373.37988,655406430.237999,288373691.63958,91060700.434967,5291005.48129905,38175.0,19088.0,766.0,0.1,0.999385,0.402605816310473,0.99829385978931,4723.0,5583.0,6761.0,4718.0,ok,,,D30_FE60000_seed101_110_N50_ASE_CLPSO_N40_NRLPSO_shared_prefix
ASE-CSO,3,105,30,60000,50,0,7221.37888860506,7221.37888860506,0,7.5567534,60000,60000,60001,1,1,1,1,1,225712.252144663,102111.275976359,64441.6741902048,41103.4706615853,17146.0179354794,7221.37888860506,,,,,,,,,,,,ok,,,D30_FE60000_seed101_110_N50_ASE_CLPSO_N40_NRLPSO_shared_prefix
CLPSO,3,105,30,60000,50,0,90523.5338173151,90523.5338173151,0,0.4660849,60000,60000,60001,1,1,1,1,1,225712.252144663,203515.626589141,157563.140244335,154077.359166162,136632.650831518,90523.5338173151,,,,,,,,,,,,ok,,,D30_FE60000_seed101_110_N50_ASE_CLPSO_N40_NRLPSO_shared_prefix
NRLPSO-PaperAligned,3,105,30,60000,40,1,4852.45567455148,4852.45567455148,0,3.8590507,60000,60000,60001,1,1,1,1,1,225712.252144663,42424.8344328496,24264.7493792296,15468.6018873979,8492.96704076101,4852.45567455148,39439.0,19720.0,14918.0,0.1,0.999385,0.402006884653464,0.997955045135865,6031.0,4811.0,5102.0,4577.0,ok,,,D30_FE60000_seed101_110_N50_ASE_CLPSO_N40_NRLPSO_shared_prefix
ASE-CSO,4,105,30,60000,50,0,487.259451629325,487.259451629325,0,7.8700527,60000,60000,60001,1,1,1,1,1,45638.6564442631,512.800750549685,493.467618779291,489.635551967622,488.000669437734,487.259451629325,,,,,,,,,,,,ok,,,D30_FE60000_seed101_110_N50_ASE_CLPSO_N40_NRLPSO_shared_prefix
CLPSO,4,105,30,60000,50,0,605.282927156488,605.282927156488,0,0.4337204,60000,60000,60001,1,1,1,1,1,45638.6564442631,7210.03853616919,2001.27188006961,999.638534509439,687.496830560244,605.282927156488,,,,,,,,,,,,ok,,,D30_FE60000_seed101_110_N50_ASE_CLPSO_N40_NRLPSO_shared_prefix
NRLPSO-PaperAligned,4,105,30,60000,40,1,510.069723625741,510.069723625741,0,3.8464912,60000,60000,60001,1,1,1,1,1,61295.4502051554,686.79240194592,528.029280900477,514.50681760139,512.074848260133,510.069723625741,38066.0,19033.0,27367.0,0.1,0.999385,0.402263060301315,0.998273929515578,4707.0,5256.0,7162.0,4769.0,ok,,,D30_FE60000_seed101_110_N50_ASE_CLPSO_N40_NRLPSO_shared_prefix
ASE-CSO,5,105,30,60000,50,0,604.138063794677,604.138063794677,0,7.9064844,60000,60000,60001,1,1,1,1,1,1135.49145715271,714.774554017016,687.238380164068,649.141608761247,620.274360406324,604.138063794677,,,,,,,,,,,,ok,,,D30_FE60000_seed101_110_N50_ASE_CLPSO_N40_NRLPSO_shared_prefix
CLPSO,5,105,30,60000,50,0,641.032241305663,641.032241305663,0,0.5129278,60000,60000,60001,1,1,1,1,1,1135.49145715271,939.944503718432,783.837957402098,736.688175160959,656.432158250409,641.032241305663,,,,,,,,,,,,ok,,,D30_FE60000_seed101_110_N50_ASE_CLPSO_N40_NRLPSO_shared_prefix
NRLPSO-PaperAligned,5,105,30,60000,40,1,611.883885724738,611.883885724738,0,3.8887725,60000,60000,60001,1,1,1,1,1,1115.79567436622,820.006396671864,773.041159075745,758.851883498137,701.756236796904,611.883885724738,38958.0,19479.0,5567.0,0.1,0.999385,0.402021328268305,0.998313790063042,5630.0,4978.0,5211.0,5183.0,ok,,,D30_FE60000_seed101_110_N50_ASE_CLPSO_N40_NRLPSO_shared_prefix
ASE-CSO,6,105,30,60000,50,0,601.164723787217,601.164723787217,0,7.9284603,60000,60000,60001,1,1,1,1,1,738.793550486665,635.668405209189,611.16235212558,606.626260157797,604.180751103724,601.164723787217,,,,,,,,,,,,ok,,,D30_FE60000_seed101_110_N50_ASE_CLPSO_N40_NRLPSO_shared_prefix
CLPSO,6,105,30,60000,50,0,602.357183609942,602.357183609942,0,0.775306,60000,60000,60001,1,1,1,1,1,738.793550486665,671.350471200915,639.874420519208,622.127464225091,606.876571264874,602.357183609942,,,,,,,,,,,,ok,,,D30_FE60000_seed101_110_N50_ASE_CLPSO_N40_NRLPSO_shared_prefix
NRLPSO-PaperAligned,6,105,30,60000,40,1,611.797062070582,611.797062070582,0,4.1774326,60000,60000,60001,1,1,1,1,1,738.793550486665,645.1958525999,626.173496388865,619.13093947308,614.527568997043,611.797062070582,38686.0,19343.0,20600.0,0.1,0.999385,0.402376421888195,0.998174278146918,5534.0,4920.0,5619.0,5201.0,ok,,,D30_FE60000_seed101_110_N50_ASE_CLPSO_N40_NRLPSO_shared_prefix
ASE-CSO,7,105,30,60000,50,0,812.930899146657,812.930899146657,0,7.6820201,60000,60000,60001,1,1,1,1,1,3334.25566269494,995.046309987184,939.626278515944,893.557052998968,857.104951167309,812.930899146657,,,,,,,,,,,,ok,,,D30_FE60000_seed101_110_N50_ASE_CLPSO_N40_NRLPSO_shared_prefix
CLPSO,7,105,30,60000,50,0,894.899241390142,894.899241390142,0,0.5198063,60000,60000,60001,1,1,1,1,1,3334.25566269494,1699.75545257715,1171.74478592681,1034.16764924367,970.391309766519,894.899241390142,,,,,,,,,,,,ok,,,D30_FE60000_seed101_110_N50_ASE_CLPSO_N40_NRLPSO_shared_prefix
NRLPSO-PaperAligned,7,105,30,60000,40,1,918.200244909799,918.200244909799,0,3.7870382,60000,60000,60001,1,1,1,1,1,2890.48009230657,1116.44945739576,1027.76351828898,997.339408675989,997.339408675989,918.200244909799,39101.0,19551.0,550.0,0.1,0.999385,0.402194251970263,0.998313790063042,5454.0,4864.0,5360.0,5181.0,ok,,,D30_FE60000_seed101_110_N50_ASE_CLPSO_N40_NRLPSO_shared_prefix
ASE-CSO,8,105,30,60000,50,0,852.890033800813,852.890033800813,0,7.7667646,60000,60000,60001,1,1,1,1,1,1404.87313186192,998.16127612444,910.054797957797,870.432568574424,863.437484515044,852.890033800813,,,,,,,,,,,,ok,,,D30_FE60000_seed101_110_N50_ASE_CLPSO_N40_NRLPSO_shared_prefix
CLPSO,8,105,30,60000,50,0,957.256300595498,957.256300595498,0,0.5474664,60000,60000,60001,1,1,1,1,1,1404.87313186192,1191.43055886862,1094.75250739673,1007.51534723965,971.181678011451,957.256300595498,,,,,,,,,,,,ok,,,D30_FE60000_seed101_110_N50_ASE_CLPSO_N40_NRLPSO_shared_prefix
NRLPSO-PaperAligned,8,105,30,60000,40,1,909.401380455515,909.401380455515,0,3.8273049,60000,60000,60001,1,1,1,1,1,1388.52622531225,1079.11014794825,1015.0872298042,1012.38792391526,977.229236046093,909.401380455515,38992.0,19496.0,9401.0,0.1,0.999385,0.402207077237387,0.998313790063042,5786.0,5008.0,4963.0,5211.0,ok,,,D30_FE60000_seed101_110_N50_ASE_CLPSO_N40_NRLPSO_shared_prefix
ASE-CSO,9,105,30,60000,50,0,905.254325852585,905.254325852585,0,7.7656922,60000,60000,60001,1,1,1,1,1,33696.7041060352,2003.45990825819,1263.25199602349,1101.64543845999,935.230867612455,905.254325852585,,,,,,,,,,,,ok,,,D30_FE60000_seed101_110_N50_ASE_CLPSO_N40_NRLPSO_shared_prefix
CLPSO,9,105,30,60000,50,0,2342.00931819389,2342.00931819389,0,0.5687338,60000,60000,60001,1,1,1,1,1,33696.7041060352,16038.5017217285,7281.94011680732,4832.29290325239,3324.31975379158,2342.00931819389,,,,,,,,,,,,ok,,,D30_FE60000_seed101_110_N50_ASE_CLPSO_N40_NRLPSO_shared_prefix
NRLPSO-PaperAligned,9,105,30,60000,40,1,3863.23869389097,3863.23869389097,0,3.9254312,60000,60000,60001,1,1,1,1,1,34102.9863166246,13020.9868714094,6043.76985978462,5450.86191032093,5450.86191032093,3863.23869389097,39157.0,19579.0,19775.0,0.1,0.999385,0.402026739734482,0.998253999241846,5954.0,4825.0,4734.0,5290.0,ok,,,D30_FE60000_seed101_110_N50_ASE_CLPSO_N40_NRLPSO_shared_prefix
ASE-CSO,10,105,30,60000,50,0,3967.70480503236,3967.70480503236,0,7.7222237,60000,60000,60001,1,1,1,1,1,11243.3330837045,6694.30321765406,6021.50820997803,4763.48973092955,4126.08589789867,3967.70480503236,,,,,,,,,,,,ok,,,D30_FE60000_seed101_110_N50_ASE_CLPSO_N40_NRLPSO_shared_prefix
CLPSO,10,105,30,60000,50,0,5857.85164996587,5857.85164996587,0,0.6180557,60000,60000,60001,1,1,1,1,1,11243.3330837045,8554.40580429267,7868.9052047035,7119.67846755515,6470.05616696136,5857.85164996587,,,,,,,,,,,,ok,,,D30_FE60000_seed101_110_N50_ASE_CLPSO_N40_NRLPSO_shared_prefix
NRLPSO-PaperAligned,10,105,30,60000,40,1,5161.4015902506,5161.4015902506,0,3.7647658,60000,60000,60001,1,1,1,1,1,11243.3330837045,8000.03844504852,7786.25666312289,7745.00728785748,6700.20071919192,5161.4015902506,39346.0,19673.0,26868.0,0.1,0.999385,0.402213694384693,0.997775672672276,6040.0,4742.0,4948.0,4884.0,ok,,,D30_FE60000_seed101_110_N50_ASE_CLPSO_N40_NRLPSO_shared_prefix
ASE-CSO,11,105,30,60000,50,0,1235.64214134293,1235.64214134293,0,7.8851107,60000,60000,60001,1,1,1,1,1,32191.529662741,1839.45060424655,1332.69222998252,1301.63714339872,1266.85526251086,1235.64214134293,,,,,,,,,,,,ok,,,D30_FE60000_seed101_110_N50_ASE_CLPSO_N40_NRLPSO_shared_prefix
CLPSO,11,105,30,60000,50,0,1409.79456565266,1409.79456565266,0,0.5152054,60000,60000,60001,1,1,1,1,1,32191.529662741,9234.14985615963,2711.88402037027,2263.74564669719,1499.94307838491,1409.79456565266,,,,,,,,,,,,ok,,,D30_FE60000_seed101_110_N50_ASE_CLPSO_N40_NRLPSO_shared_prefix
NRLPSO-PaperAligned,11,105,30,60000,40,1,1371.21964681392,1371.21964681392,0,3.886075,60000,60000,60001,1,1,1,1,1,32191.529662741,1908.32957214319,1530.6256960425,1512.12824756696,1446.225763962,1371.21964681392,39110.0,19555.0,23594.0,0.1,0.999385,0.402097125985131,0.997955045135865,5835.0,4905.0,5732.0,4378.0,ok,,,D30_FE60000_seed101_110_N50_ASE_CLPSO_N40_NRLPSO_shared_prefix
ASE-CSO,12,105,30,60000,50,0,1610119.18202022,1610119.18202022,0,11.7199099,60000,60000,60001,1,1,1,1,1,29816886041.7448,106752434.865436,18350273.0361789,3536224.83755261,2315947.61427522,1610119.18202022,,,,,,,,,,,,ok,,,D30_FE60000_seed101_110_N50_ASE_CLPSO_N40_NRLPSO_shared_prefix
CLPSO,12,105,30,60000,50,0,38103997.5677316,38103997.5677316,0,0.797648,60000,60000,60001,1,1,1,1,1,29816886041.7448,4715563530.97901,1331927824.17462,359983099.59473,89508432.9717505,38103997.5677316,,,,,,,,,,,,ok,,,D30_FE60000_seed101_110_N50_ASE_CLPSO_N40_NRLPSO_shared_prefix
NRLPSO-PaperAligned,12,105,30,60000,40,1,18731555.2344315,18731555.2344315,0,6.2239238,60000,60000,60001,1,1,1,1,1,29816886041.7448,368513513.395665,128921694.47353,125221507.503911,44388037.2894778,18731555.2344315,38722.0,19361.0,27050.0,0.1,0.999385,0.402375996344203,0.99829385978931,4741.0,5161.0,7007.0,4329.0,ok,,,D30_FE60000_seed101_110_N50_ASE_CLPSO_N40_NRLPSO_shared_prefix
ASE-CSO,13,105,30,60000,50,0,28927.0803199111,28927.0803199111,0,11.4624374,60000,60000,60001,1,1,1,1,1,24899589165.3612,1884898.80909782,382461.060914601,110733.158582582,68458.1445674564,28927.0803199111,,,,,,,,,,,,ok,,,D30_FE60000_seed101_110_N50_ASE_CLPSO_N40_NRLPSO_shared_prefix
CLPSO,13,105,30,60000,50,0,4092180.35775918,4092180.35775918,0,0.6948142,60000,60000,60001,1,1,1,1,1,24899589165.3612,2739305760.58158,208850913.327299,92838491.3029796,7645035.28120884,4092180.35775918,,,,,,,,,,,,ok,,,D30_FE60000_seed101_110_N50_ASE_CLPSO_N40_NRLPSO_shared_prefix
NRLPSO-PaperAligned,13,105,30,60000,40,1,100472.870131591,100472.870131591,0,5.5134279,60000,60000,60001,1,1,1,1,1,25169301345.1008,50415638.7731623,23811366.982047,12530800.9228172,3482047.12054783,100472.870131591,39018.0,19509.0,31661.0,0.1,0.999385,0.402328997729065,0.998214138694382,4912.0,4889.0,7128.0,4013.0,ok,,,D30_FE60000_seed101_110_N50_ASE_CLPSO_N40_NRLPSO_shared_prefix
ASE-CSO,14,105,30,60000,50,0,31861.2371404599,31861.2371404599,0,8.0141597,60000,60000,60001,1,1,1,1,1,32625577.3767142,433141.168159063,188156.150252886,160868.816727017,98486.9171440867,31861.2371404599,,,,,,,,,,,,ok,,,D30_FE60000_seed101_110_N50_ASE_CLPSO_N40_NRLPSO_shared_prefix
CLPSO,14,105,30,60000,50,0,159628.880312357,159628.880312357,0,0.672826,60000,60000,60001,1,1,1,1,1,32625577.3767142,1336231.42667715,174666.00655653,168390.549166787,160224.802171814,159628.880312357,,,,,,,,,,,,ok,,,D30_FE60000_seed101_110_N50_ASE_CLPSO_N40_NRLPSO_shared_prefix
NRLPSO-PaperAligned,14,105,30,60000,40,1,6580.92665745077,6580.92665745077,0,5.592832,60000,60000,60001,1,1,1,1,1,32625577.3767142,58156.3677390721,22059.629484112,10787.5061359153,9719.01997137876,6580.92665745077,39506.0,19753.0,38391.0,0.1,0.999385,0.402119122395894,0.998054696504525,5537.0,4480.0,5779.0,4658.0,ok,,,D30_FE60000_seed101_110_N50_ASE_CLPSO_N40_NRLPSO_shared_prefix
ASE-CSO,15,105,30,60000,50,0,6966.97898913442,6966.97898913442,0,7.8601209,60000,60000,60001,1,1,1,1,1,6432879382.45321,652337.012535438,83768.8016961366,15489.5774924656,11396.1706164808,6966.97898913442,,,,,,,,,,,,ok,,,D30_FE60000_seed101_110_N50_ASE_CLPSO_N40_NRLPSO_shared_prefix
CLPSO,15,105,30,60000,50,0,89057.1413440883,89057.1413440883,0,0.4927436,60000,60000,60001,1,1,1,1,1,6432879382.45321,1008045250.07364,4622690.4187352,3110648.43751235,429734.798809049,89057.1413440883,,,,,,,,,,,,ok,,,D30_FE60000_seed101_110_N50_ASE_CLPSO_N40_NRLPSO_shared_prefix
NRLPSO-PaperAligned,15,105,30,60000,40,1,127588.419910548,127588.419910548,0,4.3062526,60000,60000,60001,1,1,1,1,1,6432879382.45321,5166568.35233102,2597228.63345179,2597228.63345179,391383.618053351,127588.419910548,39344.0,19672.0,34766.0,0.1,0.999385,0.402245748542397,0.998234068968114,4956.0,4503.0,7762.0,3395.0,ok,,,D30_FE60000_seed101_110_N50_ASE_CLPSO_N40_NRLPSO_shared_prefix
ASE-CSO,16,105,30,60000,50,0,1926.89610194067,1926.89610194067,0,7.8408874,60000,60000,60001,1,1,1,1,1,8653.86883899574,3017.11307932393,2733.57823050366,2409.42255027018,2162.27911762442,1926.89610194067,,,,,,,,,,,,ok,,,D30_FE60000_seed101_110_N50_ASE_CLPSO_N40_NRLPSO_shared_prefix
CLPSO,16,105,30,60000,50,0,2531.272316586,2531.272316586,0,0.4844841,60000,60000,60001,1,1,1,1,1,8653.86883899574,4475.03525441065,3246.62832483067,2898.51312297201,2563.74085629894,2531.272316586,,,,,,,,,,,,ok,,,D30_FE60000_seed101_110_N50_ASE_CLPSO_N40_NRLPSO_shared_prefix
NRLPSO-PaperAligned,16,105,30,60000,40,1,2555.063680355,2555.063680355,0,3.929697,60000,60000,60001,1,1,1,1,1,8653.86883899574,3793.77596469,2888.90737364783,2852.49153585873,2618.91361242859,2555.063680355,39192.0,19596.0,18692.0,0.1,0.999385,0.402079455207931,0.998253999241846,5692.0,4871.0,5799.0,4406.0,ok,,,D30_FE60000_seed101_110_N50_ASE_CLPSO_N40_NRLPSO_shared_prefix
ASE-CSO,17,105,30,60000,50,0,1950.35010617745,1950.35010617745,0,7.9683459,60000,60000,60001,1,1,1,1,1,46095.737539462,2212.28912991918,2007.35506979864,1974.62544608239,1958.88827657328,1950.35010617745,,,,,,,,,,,,ok,,,D30_FE60000_seed101_110_N50_ASE_CLPSO_N40_NRLPSO_shared_prefix
CLPSO,17,105,30,60000,50,0,1931.04697523989,1931.04697523989,0,0.6562103,60000,60000,60001,1,1,1,1,1,46095.737539462,3276.12380347928,2261.62138646687,2121.49093463135,1981.8132722329,1931.04697523989,,,,,,,,,,,,ok,,,D30_FE60000_seed101_110_N50_ASE_CLPSO_N40_NRLPSO_shared_prefix
NRLPSO-PaperAligned,17,105,30,60000,40,1,1918.62861155228,1918.62861155228,0,3.9993632,60000,60000,60001,1,1,1,1,1,46095.737539462,2375.31695900357,2191.07159259903,2030.91396501958,1983.28609132923,1918.62861155228,39058.0,19529.0,17616.0,0.1,0.999385,0.402237482860212,0.998273929515578,5190.0,5168.0,6011.0,4533.0,ok,,,D30_FE60000_seed101_110_N50_ASE_CLPSO_N40_NRLPSO_shared_prefix
ASE-CSO,18,105,30,60000,50,0,92736.8494793425,92736.8494793425,0,8.0218489,60000,60000,60001,1,1,1,1,1,1160184176.61241,262332.410971121,119014.418395986,113011.105568539,106061.181424231,92736.8494793425,,,,,,,,,,,,ok,,,D30_FE60000_seed101_110_N50_ASE_CLPSO_N40_NRLPSO_shared_prefix
CLPSO,18,105,30,60000,50,0,1311532.6496146,1311532.6496146,0,0.5190262,60000,60000,60001,1,1,1,1,1,1160184176.61241,14443953.1204781,2987164.964116,2510888.57802349,1568491.94536611,1311532.6496146,,,,,,,,,,,,ok,,,D30_FE60000_seed101_110_N50_ASE_CLPSO_N40_NRLPSO_shared_prefix
NRLPSO-PaperAligned,18,105,30,60000,40,1,171274.438939879,171274.438939879,0,4.0829179,60000,60000,60001,1,1,1,1,1,1160184176.61241,1798032.16484426,552553.779529369,241244.126036109,171274.438939879,171274.438939879,39390.0,19695.0,20489.0,0.1,0.999385,0.402115714583665,0.99819420842065,5309.0,5059.0,6025.0,4177.0,ok,,,D30_FE60000_seed101_110_N50_ASE_CLPSO_N40_NRLPSO_shared_prefix
ASE-CSO,19,105,30,60000,50,0,3384.90719989431,3384.90719989431,0,9.083718,60000,60000,60001,1,1,1,1,1,9181499897.49486,758496.744811839,49879.1240514737,7927.0346549235,4500.19343018858,3384.90719989431,,,,,,,,,,,,ok,,,D30_FE60000_seed101_110_N50_ASE_CLPSO_N40_NRLPSO_shared_prefix
CLPSO,19,105,30,60000,50,0,38525.9767283893,38525.9767283893,0,1.6997677,60000,60000,60001,1,1,1,1,1,9181499897.49486,615477243.784825,18146626.5396691,1824129.6390219,102933.749292646,38525.9767283893,,,,,,,,,,,,ok,,,D30_FE60000_seed101_110_N50_ASE_CLPSO_N40_NRLPSO_shared_prefix
NRLPSO-PaperAligned,19,105,30,60000,40,1,173183.624592727,173183.624592727,0,5.2420023,60000,60000,60001,1,1,1,1,1,9181499897.49486,20528698.8708552,5678726.32565161,5650055.44839274,647372.147967937,173183.624592727,39325.0,19663.0,29604.0,0.1,0.999385,0.402523551242497,0.998313790063042,4939.0,4649.0,6953.0,4094.0,ok,,,D30_FE60000_seed101_110_N50_ASE_CLPSO_N40_NRLPSO_shared_prefix
ASE-CSO,20,105,30,60000,50,0,2085.62912888971,2085.62912888971,0,7.9849296,60000,60000,60001,1,1,1,1,1,3896.09816365168,2289.71261994549,2208.10951142374,2175.45435091992,2094.48571683329,2085.62912888971,,,,,,,,,,,,ok,,,D30_FE60000_seed101_110_N50_ASE_CLPSO_N40_NRLPSO_shared_prefix
CLPSO,20,105,30,60000,50,0,2371.26479504412,2371.26479504412,0,0.6970776,60000,60000,60001,1,1,1,1,1,3896.09816365168,3089.20429089683,2844.88264490778,2748.32098629495,2452.7752018244,2371.26479504412,,,,,,,,,,,,ok,,,D30_FE60000_seed101_110_N50_ASE_CLPSO_N40_NRLPSO_shared_prefix
NRLPSO-PaperAligned,20,105,30,60000,40,1,2453.10733448164,2453.10733448164,0,3.908445,60000,60000,60001,1,1,1,1,1,3896.09816365168,2734.78484844724,2510.99606963401,2510.99606963401,2510.99606963401,2453.10733448164,39432.0,19716.0,13375.0,0.1,0.999385,0.402075731188104,0.997815533219741,5750.0,4544.0,5461.0,4773.0,ok,,,D30_FE60000_seed101_110_N50_ASE_CLPSO_N40_NRLPSO_shared_prefix
ASE-CSO,21,105,30,60000,50,0,2387.84925142027,2387.84925142027,0,8.180934,60000,60000,60001,1,1,1,1,1,2951.11611075764,2479.3186055192,2418.72185133087,2410.08228560631,2401.91190312831,2387.84925142027,,,,,,,,,,,,ok,,,D30_FE60000_seed101_110_N50_ASE_CLPSO_N40_NRLPSO_shared_prefix
CLPSO,21,105,30,60000,50,0,2465.76718548764,2465.76718548764,0,0.8484111,60000,60000,60001,1,1,1,1,1,2951.11611075764,2726.12811276252,2558.6153329828,2500.04808260785,2499.03833383261,2465.76718548764,,,,,,,,,,,,ok,,,D30_FE60000_seed101_110_N50_ASE_CLPSO_N40_NRLPSO_shared_prefix
NRLPSO-PaperAligned,21,105,30,60000,40,1,2429.66016597668,2429.66016597668,0,4.2963307,60000,60000,60001,1,1,1,1,1,2894.74097359342,2615.70145023428,2575.83416755909,2575.83416755909,2571.04335913767,2429.66016597668,39018.0,19509.0,25266.0,0.1,0.999385,0.402317652979787,0.998253999241846,6476.0,4662.0,4734.0,5070.0,ok,,,D30_FE60000_seed101_110_N50_ASE_CLPSO_N40_NRLPSO_shared_prefix
ASE-CSO,22,105,30,60000,50,0,2304.89589231818,2304.89589231818,0,8.1357526,60000,60000,60001,1,1,1,1,1,12281.0791198353,2411.76336524508,2322.10253333349,2318.19734718383,2312.12072303856,2304.89589231818,,,,,,,,,,,,ok,,,D30_FE60000_seed101_110_N50_ASE_CLPSO_N40_NRLPSO_shared_prefix
CLPSO,22,105,30,60000,50,0,3533.01301907899,3533.01301907899,0,0.9183257,60000,60000,60001,1,1,1,1,1,12281.0791198353,10244.5359175991,6295.72799166107,4285.6056937729,3661.063437389,3533.01301907899,,,,,,,,,,,,ok,,,D30_FE60000_seed101_110_N50_ASE_CLPSO_N40_NRLPSO_shared_prefix
NRLPSO-PaperAligned,22,105,30,60000,40,1,2455.12781205777,2455.12781205777,0,4.2254403,60000,60000,60001,1,1,1,1,1,12281.0791198353,2934.70858906906,2800.90804207442,2547.23295020783,2488.22992815773,2455.12781205777,37955.0,18978.0,6831.0,0.1,0.999385,0.402095561674619,0.997875324040937,4660.0,5561.0,7069.0,4715.0,ok,,,D30_FE60000_seed101_110_N50_ASE_CLPSO_N40_NRLPSO_shared_prefix
ASE-CSO,23,105,30,60000,50,0,2798.57058792595,2798.57058792595,0,8.0260162,60000,60000,60001,1,1,1,1,1,3937.16563312349,2885.38873902642,2821.80871554999,2807.98699457831,2799.41205915501,2798.57058792595,,,,,,,,,,,,ok,,,D30_FE60000_seed101_110_N50_ASE_CLPSO_N40_NRLPSO_shared_prefix
CLPSO,23,105,30,60000,50,0,2820.12828993551,2820.12828993551,0,0.9889264,60000,60000,60001,1,1,1,1,1,3937.16563312349,3209.16144455187,2964.19696341131,2908.83802366542,2859.49009530046,2820.12828993551,,,,,,,,,,,,ok,,,D30_FE60000_seed101_110_N50_ASE_CLPSO_N40_NRLPSO_shared_prefix
NRLPSO-PaperAligned,23,105,30,60000,40,1,2868.29504477151,2868.29504477151,0,4.3501136,60000,60000,60001,1,1,1,1,1,3937.16563312349,3000.58169778042,2946.09995218225,2932.01115153992,2901.62012946689,2868.29504477151,38319.0,19160.0,31203.0,0.1,0.999385,0.402006835869643,0.997835463493473,5717.0,5083.0,6070.0,4771.0,ok,,,D30_FE60000_seed101_110_N50_ASE_CLPSO_N40_NRLPSO_shared_prefix
ASE-CSO,24,105,30,60000,50,0,2926.21775552586,2926.21775552586,0,8.4004677,60000,60000,60001,1,1,1,1,1,4458.66851087965,2990.76513929983,2961.5950304268,2936.03211533345,2930.73998216318,2926.21775552586,,,,,,,,,,,,ok,,,D30_FE60000_seed101_110_N50_ASE_CLPSO_N40_NRLPSO_shared_prefix
CLPSO,24,105,30,60000,50,0,3037.31589901735,3037.31589901735,0,0.9915783,60000,60000,60001,1,1,1,1,1,4458.66851087965,3356.34726099657,3123.25014324746,3068.70519586742,3064.83568829647,3037.31589901735,,,,,,,,,,,,ok,,,D30_FE60000_seed101_110_N50_ASE_CLPSO_N40_NRLPSO_shared_prefix
NRLPSO-PaperAligned,24,105,30,60000,40,1,3022.74051558239,3022.74051558239,0,4.3983449,60000,60000,60001,1,1,1,1,1,4458.66851087965,3162.81554701606,3062.70850465632,3040.3986124794,3030.0384897751,3022.74051558239,38306.0,19153.0,33972.0,0.1,0.999385,0.40209570217501,0.998054696504525,5266.0,5246.0,6439.0,4703.0,ok,,,D30_FE60000_seed101_110_N50_ASE_CLPSO_N40_NRLPSO_shared_prefix
ASE-CSO,25,105,30,60000,50,0,2886.84993973302,2886.84993973302,0,8.2599592,60000,60000,60001,1,1,1,1,1,18891.2155527787,2960.04647410016,2908.50187143206,2888.30959535152,2887.32583286418,2886.84993973302,,,,,,,,,,,,ok,,,D30_FE60000_seed101_110_N50_ASE_CLPSO_N40_NRLPSO_shared_prefix
CLPSO,25,105,30,60000,50,0,2974.92383201427,2974.92383201427,0,0.9589355,60000,60000,60001,1,1,1,1,1,18891.2155527787,7096.02641412246,3693.16186091875,3217.64555820897,3031.31508570627,2974.92383201427,,,,,,,,,,,,ok,,,D30_FE60000_seed101_110_N50_ASE_CLPSO_N40_NRLPSO_shared_prefix
NRLPSO-PaperAligned,25,105,30,60000,40,1,2890.49412577823,2890.49412577823,0,4.4164017,60000,60000,60001,1,1,1,1,1,12703.7126334412,3084.95118102911,2965.13402961649,2926.53280154379,2906.19392468919,2890.49412577823,37903.0,18952.0,18066.0,0.1,0.999385,0.402457443908131,0.998214138694382,4843.0,5592.0,7013.0,4609.0,ok,,,D30_FE60000_seed101_110_N50_ASE_CLPSO_N40_NRLPSO_shared_prefix
ASE-CSO,26,105,30,60000,50,0,5127.51876839414,5127.51876839414,0,8.4300862,60000,60000,60001,1,1,1,1,1,14789.4182088793,6048.0757595264,5437.69482325666,5240.36419986246,5159.31977610323,5127.51876839414,,,,,,,,,,,,ok,,,D30_FE60000_seed101_110_N50_ASE_CLPSO_N40_NRLPSO_shared_prefix
CLPSO,26,105,30,60000,50,0,5324.69830255494,5324.69830255494,0,1.1468803,60000,60000,60001,1,1,1,1,1,14789.4182088793,10292.0681193753,6994.31090242937,6210.52629406272,5504.86105867905,5324.69830255494,,,,,,,,,,,,ok,,,D30_FE60000_seed101_110_N50_ASE_CLPSO_N40_NRLPSO_shared_prefix
NRLPSO-PaperAligned,26,105,30,60000,40,1,5838.7445095463,5838.7445095463,0,4.4969287,60000,60000,60001,1,1,1,1,1,14003.0041626132,7551.86923293741,6795.00296236393,6518.17377100502,6393.48893100867,5838.7445095463,38710.0,19355.0,24318.0,0.1,0.999385,0.402082812815403,0.99829385978931,5501.0,5070.0,6113.0,4566.0,ok,,,D30_FE60000_seed101_110_N50_ASE_CLPSO_N40_NRLPSO_shared_prefix
ASE-CSO,27,105,30,60000,50,0,3230.82317275667,3230.82317275667,0,9.7264664,60000,60000,60001,1,1,1,1,1,4881.07163368714,3269.07031033378,3245.63354566882,3232.06574519701,3231.02694782764,3230.82317275667,,,,,,,,,,,,ok,,,D30_FE60000_seed101_110_N50_ASE_CLPSO_N40_NRLPSO_shared_prefix
CLPSO,27,105,30,60000,50,0,3234.05587074396,3234.05587074396,0,1.238662,60000,60000,60001,1,1,1,1,1,4881.07163368714,3798.74329973672,3359.19161785994,3290.31291129517,3240.66503964356,3234.05587074396,,,,,,,,,,,,ok,,,D30_FE60000_seed101_110_N50_ASE_CLPSO_N40_NRLPSO_shared_prefix
NRLPSO-PaperAligned,27,105,30,60000,40,1,3200.00702932059,3200.00702932059,0,4.5390532,60000,60000,60001,1,1,1,1,1,5212.58450797112,3200.00725585228,3200.0072543254,3200.00725342019,3200.00725157805,3200.00702932059,39780.0,19890.0,39776.0,0.1,0.999385,0.402569709621126,0.998114487325721,7733.0,3247.0,4717.0,4483.0,ok,,,D30_FE60000_seed101_110_N50_ASE_CLPSO_N40_NRLPSO_shared_prefix
ASE-CSO,28,105,30,60000,50,0,3214.36469735541,3214.36469735541,0,8.3493399,60000,60000,60001,1,1,1,1,1,11112.9303436116,3334.6417950863,3276.23041058538,3237.49122163496,3225.27244243268,3214.36469735541,,,,,,,,,,,,ok,,,D30_FE60000_seed101_110_N50_ASE_CLPSO_N40_NRLPSO_shared_prefix
CLPSO,28,105,30,60000,50,0,3366.74307570612,3366.74307570612,0,1.0978098,60000,60000,60001,1,1,1,1,1,11112.9303436116,5903.39863712464,4628.80744027048,3968.79580372315,3485.48792434311,3366.74307570612,,,,,,,,,,,,ok,,,D30_FE60000_seed101_110_N50_ASE_CLPSO_N40_NRLPSO_shared_prefix
NRLPSO-PaperAligned,28,105,30,60000,40,1,3228.96807405619,3228.96807405619,0,4.7016303,60000,60000,60001,1,1,1,1,1,11112.9303436116,3516.11045478821,3275.25044822939,3249.03050851054,3233.30225319699,3228.96807405619,38067.0,19034.0,19170.0,0.1,0.999385,0.402248445840131,0.998253999241846,4849.0,5391.0,7053.0,4600.0,ok,,,D30_FE60000_seed101_110_N50_ASE_CLPSO_N40_NRLPSO_shared_prefix
ASE-CSO,29,105,30,60000,50,0,3670.8429485949,3670.8429485949,0,8.1985579,60000,60000,60001,1,1,1,1,1,27321.0548313852,3987.73983687323,3786.99404075181,3738.97597580382,3732.16893702588,3670.8429485949,,,,,,,,,,,,ok,,,D30_FE60000_seed101_110_N50_ASE_CLPSO_N40_NRLPSO_shared_prefix
CLPSO,29,105,30,60000,50,0,3710.85225416405,3710.85225416405,0,0.9577938,60000,60000,60001,1,1,1,1,1,27321.0548313852,5262.787192523,4979.3455980317,4026.46483424528,3821.85663994612,3710.85225416405,,,,,,,,,,,,ok,,,D30_FE60000_seed101_110_N50_ASE_CLPSO_N40_NRLPSO_shared_prefix
NRLPSO-PaperAligned,29,105,30,60000,40,1,3772.43367669787,3772.43367669787,0,4.3185301,60000,60000,60001,1,1,1,1,1,27321.0548313852,4571.98629861007,4428.34846616898,4184.25909249749,3957.46342841079,3772.43367669787,39006.0,19503.0,35148.0,0.1,0.999385,0.402578582213184,0.998234068968114,5287.0,4945.0,6146.0,4576.0,ok,,,D30_FE60000_seed101_110_N50_ASE_CLPSO_N40_NRLPSO_shared_prefix
ASE-CSO,30,105,30,60000,50,0,39209.6636010829,39209.6636010829,0,9.1610398,60000,60000,60001,1,1,1,1,1,1946027514.2742,3745829.32274801,419578.444807754,116938.399748358,69099.8383154356,39209.6636010829,,,,,,,,,,,,ok,,,D30_FE60000_seed101_110_N50_ASE_CLPSO_N40_NRLPSO_shared_prefix
CLPSO,30,105,30,60000,50,0,309401.799208468,309401.799208468,0,1.8794456,60000,60000,60001,1,1,1,1,1,1946027514.2742,312043205.170521,42620546.6020035,6391132.72228893,1144822.86478242,309401.799208468,,,,,,,,,,,,ok,,,D30_FE60000_seed101_110_N50_ASE_CLPSO_N40_NRLPSO_shared_prefix
NRLPSO-PaperAligned,30,105,30,60000,40,1,798470.003263764,798470.003263764,0,5.258806,60000,60000,60001,1,1,1,1,1,1946027514.2742,29638860.2666096,7539738.72714996,4803358.79307502,1129288.44673585,798470.003263764,39348.0,19674.0,37789.0,0.1,0.999385,0.402181640226989,0.998214138694382,4784.0,4197.0,7807.0,3824.0,ok,,,D30_FE60000_seed101_110_N50_ASE_CLPSO_N40_NRLPSO_shared_prefix
ASE-CSO,1,106,30,60000,50,0,2262.22939821638,2262.22939821638,0,7.5860567,60000,60000,60001,1,1,1,1,1,119900546590.713,185548433.969073,26951750.8488772,12202633.6993624,1572203.83048302,2262.22939821638,,,,,,,,,,,,ok,,,D30_FE60000_seed101_110_N50_ASE_CLPSO_N40_NRLPSO_shared_prefix
CLPSO,1,106,30,60000,50,0,51027099.4179367,51027099.4179367,0,0.4723673,60000,60000,60001,1,1,1,1,1,119900546590.713,45353547854.0269,10554966989.525,1742074966.31825,278677116.118154,51027099.4179367,,,,,,,,,,,,ok,,,D30_FE60000_seed101_110_N50_ASE_CLPSO_N40_NRLPSO_shared_prefix
NRLPSO-PaperAligned,1,106,30,60000,40,1,1029646180.97317,1029646180.97317,0,3.8711368,60000,60000,60001,1,1,1,1,1,119900546590.713,4387659841.90518,1703663254.08721,1287156790.12367,1152538667.46502,1029646180.97317,38020.0,19010.0,1461.0,0.1,0.999385,0.402452976207615,0.995328473948997,5102.0,5508.0,6756.0,4574.0,ok,,,D30_FE60000_seed101_110_N50_ASE_CLPSO_N40_NRLPSO_shared_prefix
ASE-CSO,3,106,30,60000,50,0,8132.45874576431,8132.45874576431,0,7.7740375,60000,60000,60001,1,1,1,1,1,2818878.45292206,106466.323037559,62268.6857706111,44206.0821562083,24706.3989654723,8132.45874576431,,,,,,,,,,,,ok,,,D30_FE60000_seed101_110_N50_ASE_CLPSO_N40_NRLPSO_shared_prefix
CLPSO,3,106,30,60000,50,0,113510.009491785,113510.009491785,0,0.5187365,60000,60000,60001,1,1,1,1,1,2818878.45292206,207169.366009666,149369.025584767,149369.025584767,129632.706727748,113510.009491785,,,,,,,,,,,,ok,,,D30_FE60000_seed101_110_N50_ASE_CLPSO_N40_NRLPSO_shared_prefix
NRLPSO-PaperAligned,3,106,30,60000,40,1,4523.92268671671,4523.92268671671,0,3.7717789,60000,60000,60001,1,1,1,1,1,2818878.45292206,97241.9355957148,34230.1848753921,18941.8236505337,8599.42391601992,4523.92268671671,39423.0,19712.0,22329.0,0.1,0.999385,0.402189842399291,0.99479305052665,5890.0,4926.0,5274.0,4447.0,ok,,,D30_FE60000_seed101_110_N50_ASE_CLPSO_N40_NRLPSO_shared_prefix
ASE-CSO,4,106,30,60000,50,0,489.391079814948,489.391079814948,0,7.8459168,60000,60000,60001,1,1,1,1,1,46141.995948416,551.712298547667,512.706593522881,495.196293910667,490.568214650095,489.391079814948,,,,,,,,,,,,ok,,,D30_FE60000_seed101_110_N50_ASE_CLPSO_N40_NRLPSO_shared_prefix
CLPSO,4,106,30,60000,50,0,639.672573755003,639.672573755003,0,0.4641948,60000,60000,60001,1,1,1,1,1,46141.995948416,6923.61703481773,1682.63952342457,860.051607016175,701.975144400212,639.672573755003,,,,,,,,,,,,ok,,,D30_FE60000_seed101_110_N50_ASE_CLPSO_N40_NRLPSO_shared_prefix
NRLPSO-PaperAligned,4,106,30,60000,40,1,514.344708412597,514.344708412597,0,3.878325,60000,60000,60001,1,1,1,1,1,25404.131451175,673.070527516341,573.92862115015,554.369096948031,537.950235412749,514.344708412597,38268.0,19134.0,22316.0,0.1,0.999385,0.402119001900047,0.995328473948997,4961.0,5389.0,6782.0,4560.0,ok,,,D30_FE60000_seed101_110_N50_ASE_CLPSO_N40_NRLPSO_shared_prefix
ASE-CSO,5,106,30,60000,50,0,569.657762087956,569.657762087956,0,7.8332442,60000,60000,60001,1,1,1,1,1,1122.97689574334,658.16957382589,636.750202398331,612.139334995023,586.514013313155,569.657762087956,,,,,,,,,,,,ok,,,D30_FE60000_seed101_110_N50_ASE_CLPSO_N40_NRLPSO_shared_prefix
CLPSO,5,106,30,60000,50,0,665.108545721476,665.108545721476,0,0.5817422,60000,60000,60001,1,1,1,1,1,1122.97689574334,937.883669028443,787.423337052543,721.500099661115,675.50534772777,665.108545721476,,,,,,,,,,,,ok,,,D30_FE60000_seed101_110_N50_ASE_CLPSO_N40_NRLPSO_shared_prefix
NRLPSO-PaperAligned,5,106,30,60000,40,1,576.331598410957,576.331598410957,0,3.7970649,60000,60000,60001,1,1,1,1,1,1205.50527743866,819.568291215827,750.3319960809,722.724817208046,684.659871581211,576.331598410957,38857.0,19429.0,6180.0,0.1,0.999385,0.402189211054908,0.995328473948997,5832.0,5075.0,5109.0,5087.0,ok,,,D30_FE60000_seed101_110_N50_ASE_CLPSO_N40_NRLPSO_shared_prefix
ASE-CSO,6,106,30,60000,50,0,600.295700845014,600.295700845014,0,7.9332238,60000,60000,60001,1,1,1,1,1,736.580112333459,638.061119763549,629.300972577724,613.345078592705,603.083943034231,600.295700845014,,,,,,,,,,,,ok,,,D30_FE60000_seed101_110_N50_ASE_CLPSO_N40_NRLPSO_shared_prefix
CLPSO,6,106,30,60000,50,0,603.411645579666,603.411645579666,0,0.7858931,60000,60000,60001,1,1,1,1,1,736.580112333459,692.674224473653,641.145496369117,619.565996908919,608.954801654718,603.411645579666,,,,,,,,,,,,ok,,,D30_FE60000_seed101_110_N50_ASE_CLPSO_N40_NRLPSO_shared_prefix
NRLPSO-PaperAligned,6,106,30,60000,40,1,618.766932935864,618.766932935864,0,4.4259147,60000,60000,60001,1,1,1,1,1,738.861944646003,642.177899654222,634.267452546727,627.834369671146,625.941713918901,618.766932935864,38927.0,19464.0,29084.0,0.1,0.999385,0.402876631828456,0.995149999474881,5633.0,4778.0,5631.0,4991.0,ok,,,D30_FE60000_seed101_110_N50_ASE_CLPSO_N40_NRLPSO_shared_prefix
ASE-CSO,7,106,30,60000,50,0,830.760008287367,830.760008287367,0,7.7174586,60000,60000,60001,1,1,1,1,1,3673.31276704213,1050.84423181998,947.991180151804,886.238925386282,844.490438528214,830.760008287367,,,,,,,,,,,,ok,,,D30_FE60000_seed101_110_N50_ASE_CLPSO_N40_NRLPSO_shared_prefix
CLPSO,7,106,30,60000,50,0,900.273447726605,900.273447726605,0,0.5224679,60000,60000,60001,1,1,1,1,1,3673.31276704213,2319.37944623676,1250.82066665758,1053.36264059806,960.222534968987,900.273447726605,,,,,,,,,,,,ok,,,D30_FE60000_seed101_110_N50_ASE_CLPSO_N40_NRLPSO_shared_prefix
NRLPSO-PaperAligned,7,106,30,60000,40,1,960.384351602898,960.384351602898,0,3.8143672,60000,60000,60001,1,1,1,1,1,3598.53477845787,1076.86573847372,1029.16140012539,984.004407005783,964.515476841995,960.384351602898,39086.0,19543.0,252.0,0.1,0.999385,0.40299003853391,0.995328473948997,5194.0,4969.0,5544.0,5167.0,ok,,,D30_FE60000_seed101_110_N50_ASE_CLPSO_N40_NRLPSO_shared_prefix
ASE-CSO,8,106,30,60000,50,0,885.569752912837,885.569752912837,0,7.5355071,60000,60000,60001,1,1,1,1,1,1445.46147524985,1019.20147648767,950.12655418619,928.187705343902,898.905218661006,885.569752912837,,,,,,,,,,,,ok,,,D30_FE60000_seed101_110_N50_ASE_CLPSO_N40_NRLPSO_shared_prefix
CLPSO,8,106,30,60000,50,0,951.065163462574,951.065163462574,0,0.5804119,60000,60000,60001,1,1,1,1,1,1445.46147524985,1146.14283236157,1097.93500846191,1032.42688214657,965.933243551941,951.065163462574,,,,,,,,,,,,ok,,,D30_FE60000_seed101_110_N50_ASE_CLPSO_N40_NRLPSO_shared_prefix
NRLPSO-PaperAligned,8,106,30,60000,40,1,941.018741702698,941.018741702698,0,3.8215183,60000,60000,60001,1,1,1,1,1,1350.2514536054,1052.7836024435,1052.7836024435,1033.39157104516,1008.77999220061,941.018741702698,39162.0,19581.0,7572.0,0.1,0.999385,0.402886976082074,0.995328473948997,5852.0,4745.0,5122.0,5079.0,ok,,,D30_FE60000_seed101_110_N50_ASE_CLPSO_N40_NRLPSO_shared_prefix
ASE-CSO,9,106,30,60000,50,0,1049.62276383821,1049.62276383821,0,7.8340198,60000,60000,60001,1,1,1,1,1,44204.4154842797,3392.95983933696,2364.06491613438,1943.78470357411,1823.29037079114,1049.62276383821,,,,,,,,,,,,ok,,,D30_FE60000_seed101_110_N50_ASE_CLPSO_N40_NRLPSO_shared_prefix
CLPSO,9,106,30,60000,50,0,3934.75364629018,3934.75364629018,0,0.5790895,60000,60000,60001,1,1,1,1,1,44204.4154842797,18567.5363600992,11079.5896803371,6721.63733576769,4864.42790054397,3934.75364629018,,,,,,,,,,,,ok,,,D30_FE60000_seed101_110_N50_ASE_CLPSO_N40_NRLPSO_shared_prefix
NRLPSO-PaperAligned,9,106,30,60000,40,1,1980.98228960066,1980.98228960066,0,3.7945465,60000,60000,60001,1,1,1,1,1,44204.4154842797,5002.40474303924,4048.11574133785,2313.78924504947,1980.98228960066,1980.98228960066,39116.0,19558.0,4514.0,0.1,0.999385,0.402118804624069,0.995229321463377,5485.0,5048.0,5069.0,5242.0,ok,,,D30_FE60000_seed101_110_N50_ASE_CLPSO_N40_NRLPSO_shared_prefix
ASE-CSO,10,106,30,60000,50,0,4894.82614400203,4894.82614400203,0,7.8116009,60000,60000,60001,1,1,1,1,1,11144.2942897084,6901.72918293757,5772.18183864515,5274.46890091817,5088.05998466051,4894.82614400203,,,,,,,,,,,,ok,,,D30_FE60000_seed101_110_N50_ASE_CLPSO_N40_NRLPSO_shared_prefix
CLPSO,10,106,30,60000,50,0,6211.86688779892,6211.86688779892,0,0.6211479,60000,60000,60001,1,1,1,1,1,11144.2942897084,8758.64046409462,7621.79595630287,7024.80881236546,6289.4523083377,6211.86688779892,,,,,,,,,,,,ok,,,D30_FE60000_seed101_110_N50_ASE_CLPSO_N40_NRLPSO_shared_prefix
NRLPSO-PaperAligned,10,106,30,60000,40,1,7634.58533983537,7634.58533983537,0,3.7908729,60000,60000,60001,1,1,1,1,1,11195.6490940508,8864.21146333573,7917.62041923609,7731.84808756141,7634.58533983537,7634.58533983537,39717.0,19859.0,38563.0,0.1,0.999385,0.402075302990394,0.99469389804103,6126.0,4675.0,4605.0,4837.0,ok,,,D30_FE60000_seed101_110_N50_ASE_CLPSO_N40_NRLPSO_shared_prefix
ASE-CSO,11,106,30,60000,50,0,1196.33544651032,1196.33544651032,0,8.2137992,60000,60000,60001,1,1,1,1,1,143398.770497067,1762.88361989785,1374.1401539324,1286.11695563936,1226.32350632224,1196.33544651032,,,,,,,,,,,,ok,,,D30_FE60000_seed101_110_N50_ASE_CLPSO_N40_NRLPSO_shared_prefix
CLPSO,11,106,30,60000,50,0,1476.93643468707,1476.93643468707,0,0.5033476,60000,60000,60001,1,1,1,1,1,143398.770497067,23020.2643328089,5322.20562266268,2410.79245510686,1658.50922489855,1476.93643468707,,,,,,,,,,,,ok,,,D30_FE60000_seed101_110_N50_ASE_CLPSO_N40_NRLPSO_shared_prefix
NRLPSO-PaperAligned,11,106,30,60000,40,1,1349.11286157237,1349.11286157237,0,3.9609372,60000,60000,60001,1,1,1,1,1,116447.142161581,2406.37097204256,1594.9999349786,1474.68881386496,1399.39164181307,1349.11286157237,39146.0,19573.0,23717.0,0.1,0.999385,0.402250765269221,0.994951694503642,5980.0,4797.0,5380.0,4657.0,ok,,,D30_FE60000_seed101_110_N50_ASE_CLPSO_N40_NRLPSO_shared_prefix
ASE-CSO,12,106,30,60000,50,0,256348.272544843,256348.272544843,0,7.9934782,60000,60000,60001,1,1,1,1,1,29128944291.8557,19364649.5964851,1201939.84775444,780384.011162326,635388.762264892,256348.272544843,,,,,,,,,,,,ok,,,D30_FE60000_seed101_110_N50_ASE_CLPSO_N40_NRLPSO_shared_prefix
CLPSO,12,106,30,60000,50,0,61042025.3063151,61042025.3063151,0,0.5362738,60000,60000,60001,1,1,1,1,1,29128944291.8557,5082386613.88237,1413747437.90904,204196782.366985,83582085.0526218,61042025.3063151,,,,,,,,,,,,ok,,,D30_FE60000_seed101_110_N50_ASE_CLPSO_N40_NRLPSO_shared_prefix
NRLPSO-PaperAligned,12,106,30,60000,40,1,2074839.30430412,2074839.30430412,0,4.3117468,60000,60000,60001,1,1,1,1,1,29128944291.8557,248827139.918499,52029724.9894194,31625261.9592997,15974015.5486901,2074839.30430412,38545.0,19273.0,24184.0,0.1,0.999385,0.402162459220205,0.995328473948997,5059.0,5388.0,6789.0,4179.0,ok,,,D30_FE60000_seed101_110_N50_ASE_CLPSO_N40_NRLPSO_shared_prefix
ASE-CSO,13,106,30,60000,50,0,52872.8279571855,52872.8279571855,0,7.8417589,60000,60000,60001,1,1,1,1,1,24586700514.0851,2117622.2026998,257764.783722342,171407.317364613,114478.216839398,52872.8279571855,,,,,,,,,,,,ok,,,D30_FE60000_seed101_110_N50_ASE_CLPSO_N40_NRLPSO_shared_prefix
CLPSO,13,106,30,60000,50,0,2621401.66140398,2621401.66140398,0,0.4431301,60000,60000,60001,1,1,1,1,1,24586700514.0851,4779602501.94216,445892282.418419,37601796.8988174,3180518.80475981,2621401.66140398,,,,,,,,,,,,ok,,,D30_FE60000_seed101_110_N50_ASE_CLPSO_N40_NRLPSO_shared_prefix
NRLPSO-PaperAligned,13,106,30,60000,40,1,154775.415107338,154775.415107338,0,3.7325096,60000,60000,60001,1,1,1,1,1,32594630651.5049,45717526.836962,15146504.2291313,9019635.26652849,2167122.23273987,154775.415107338,39137.0,19569.0,27890.0,0.1,0.999385,0.402459736326906,0.995308643451873,4558.0,5029.0,6985.0,4251.0,ok,,,D30_FE60000_seed101_110_N50_ASE_CLPSO_N40_NRLPSO_shared_prefix
ASE-CSO,14,106,30,60000,50,0,4314.16841416683,4314.16841416683,0,7.9809677,60000,60000,60001,1,1,1,1,1,146914967.357484,30345.5294976492,8201.92636564552,5795.85760003874,5283.72626782638,4314.16841416683,,,,,,,,,,,,ok,,,D30_FE60000_seed101_110_N50_ASE_CLPSO_N40_NRLPSO_shared_prefix
CLPSO,14,106,30,60000,50,0,295186.453155943,295186.453155943,0,0.5910873,60000,60000,60001,1,1,1,1,1,146914967.357484,3450853.96287152,1273202.33047698,442876.626938461,342730.837007407,295186.453155943,,,,,,,,,,,,ok,,,D30_FE60000_seed101_110_N50_ASE_CLPSO_N40_NRLPSO_shared_prefix
NRLPSO-PaperAligned,14,106,30,60000,40,1,104310.243550144,104310.243550144,0,3.870415,60000,60000,60001,1,1,1,1,1,115934419.177189,261416.296600757,111083.753418076,111083.753418076,106072.468109633,104310.243550144,39438.0,19719.0,33624.0,0.1,0.999385,0.402022781087915,0.995249151960501,5392.0,4657.0,6488.0,3985.0,ok,,,D30_FE60000_seed101_110_N50_ASE_CLPSO_N40_NRLPSO_shared_prefix
ASE-CSO,15,106,30,60000,50,0,10371.70020995,10371.70020995,0,7.8742132,60000,60000,60001,1,1,1,1,1,5570407722.66739,109982.980070567,20821.1510461075,14248.4826997543,11277.9259183,10371.70020995,,,,,,,,,,,,ok,,,D30_FE60000_seed101_110_N50_ASE_CLPSO_N40_NRLPSO_shared_prefix
CLPSO,15,106,30,60000,50,0,43221.7615767473,43221.7615767473,0,0.4800599,60000,60000,60001,1,1,1,1,1,5570407722.66739,373756623.857962,28762342.305049,2232247.38084595,371849.330135823,43221.7615767473,,,,,,,,,,,,ok,,,D30_FE60000_seed101_110_N50_ASE_CLPSO_N40_NRLPSO_shared_prefix
NRLPSO-PaperAligned,15,106,30,60000,40,1,81302.8979640912,81302.8979640912,0,3.8155003,60000,60000,60001,1,1,1,1,1,5570407722.66739,4506284.48875425,1990960.86327965,1990960.86327965,147511.113033868,81302.8979640912,39317.0,19659.0,34150.0,0.1,0.999385,0.402060648148455,0.995308643451873,5186.0,4396.0,7572.0,3489.0,ok,,,D30_FE60000_seed101_110_N50_ASE_CLPSO_N40_NRLPSO_shared_prefix
ASE-CSO,16,106,30,60000,50,0,1742.73809389243,1742.73809389243,0,7.6760201,60000,60000,60001,1,1,1,1,1,7953.5905136714,2568.28309195157,2269.12668124626,1925.75726775925,1766.67111194119,1742.73809389243,,,,,,,,,,,,ok,,,D30_FE60000_seed101_110_N50_ASE_CLPSO_N40_NRLPSO_shared_prefix
CLPSO,16,106,30,60000,50,0,2486.77487687268,2486.77487687268,0,0.5469812,60000,60000,60001,1,1,1,1,1,7953.5905136714,4119.44740769707,3647.33315794849,3018.23960317514,2614.34657989402,2486.77487687268,,,,,,,,,,,,ok,,,D30_FE60000_seed101_110_N50_ASE_CLPSO_N40_NRLPSO_shared_prefix
NRLPSO-PaperAligned,16,106,30,60000,40,1,2282.4053350285,2282.4053350285,0,3.836457,60000,60000,60001,1,1,1,1,1,7953.5905136714,3460.63433405827,3347.92421119776,3295.09692307405,2471.61693335338,2282.4053350285,38705.0,19353.0,33850.0,0.1,0.999385,0.402351784142547,0.995209490966253,5643.0,5210.0,5870.0,4532.0,ok,,,D30_FE60000_seed101_110_N50_ASE_CLPSO_N40_NRLPSO_shared_prefix
ASE-CSO,17,106,30,60000,50,0,2050.03800718024,2050.03800718024,0,8.1467995,60000,60000,60001,1,1,1,1,1,35157.7244818313,2165.95035659102,2094.34240414688,2072.68644274414,2060.91959922622,2050.03800718024,,,,,,,,,,,,ok,,,D30_FE60000_seed101_110_N50_ASE_CLPSO_N40_NRLPSO_shared_prefix
CLPSO,17,106,30,60000,50,0,1978.59612326569,1978.59612326569,0,0.6473813,60000,60000,60001,1,1,1,1,1,35157.7244818313,3092.70657664271,2629.78815505963,2418.65982480637,2236.11174436266,1978.59612326569,,,,,,,,,,,,ok,,,D30_FE60000_seed101_110_N50_ASE_CLPSO_N40_NRLPSO_shared_prefix
NRLPSO-PaperAligned,17,106,30,60000,40,1,2029.17407344087,2029.17407344087,0,3.8685632,60000,60000,60001,1,1,1,1,1,35157.7244818313,2420.5402111079,2280.88936130984,2280.88936130984,2133.89303633039,2029.17407344087,39095.0,19548.0,18288.0,0.1,0.999385,0.402712827744415,0.995288812954749,5119.0,5283.0,6080.0,4383.0,ok,,,D30_FE60000_seed101_110_N50_ASE_CLPSO_N40_NRLPSO_shared_prefix
ASE-CSO,18,106,30,60000,50,0,153775.293625077,153775.293625077,0,8.2406172,60000,60000,60001,1,1,1,1,1,1012030696.97787,438301.550320763,227437.606115357,212693.495856424,163931.820200103,153775.293625077,,,,,,,,,,,,ok,,,D30_FE60000_seed101_110_N50_ASE_CLPSO_N40_NRLPSO_shared_prefix
CLPSO,18,106,30,60000,50,0,1312936.57349934,1312936.57349934,0,0.5492539,60000,60000,60001,1,1,1,1,1,1012030696.97787,6807007.50610826,3536393.70095369,2424023.67132702,2401051.33253356,1312936.57349934,,,,,,,,,,,,ok,,,D30_FE60000_seed101_110_N50_ASE_CLPSO_N40_NRLPSO_shared_prefix
NRLPSO-PaperAligned,18,106,30,60000,40,1,275449.495048972,275449.495048972,0,3.6857552,60000,60000,60001,1,1,1,1,1,703654376.9708,3214974.80705632,1769506.49540738,980784.90154066,624414.54467373,275449.495048972,39415.0,19708.0,28799.0,0.1,0.999385,0.402265779359008,0.995229321463377,5200.0,4990.0,6416.0,3939.0,ok,,,D30_FE60000_seed101_110_N50_ASE_CLPSO_N40_NRLPSO_shared_prefix
ASE-CSO,19,106,30,60000,50,0,11356.734610117,11356.734610117,0,8.9950047,60000,60000,60001,1,1,1,1,1,11668780456.1859,3301073.83320941,119275.676651604,19189.7216062368,14197.2067910677,11356.734610117,,,,,,,,,,,,ok,,,D30_FE60000_seed101_110_N50_ASE_CLPSO_N40_NRLPSO_shared_prefix
CLPSO,19,106,30,60000,50,0,47261.4100673832,47261.4100673832,0,1.5863314,60000,60000,60001,1,1,1,1,1,11668780456.1859,240222925.435622,92937743.920785,9918552.22225511,948900.76599676,47261.4100673832,,,,,,,,,,,,ok,,,D30_FE60000_seed101_110_N50_ASE_CLPSO_N40_NRLPSO_shared_prefix
NRLPSO-PaperAligned,19,106,30,60000,40,1,257577.927712104,257577.927712104,0,5.0855861,60000,60000,60001,1,1,1,1,1,11668780456.1859,26502270.7947779,14438035.759893,6988028.59042559,1880849.72269146,257577.927712104,39295.0,19648.0,23440.0,0.1,0.999385,0.402530671298984,0.995308643451873,5309.0,4550.0,6984.0,3822.0,ok,,,D30_FE60000_seed101_110_N50_ASE_CLPSO_N40_NRLPSO_shared_prefix
ASE-CSO,20,106,30,60000,50,0,2087.49150861577,2087.49150861577,0,8.0513297,60000,60000,60001,1,1,1,1,1,3701.34595159131,2561.13170185917,2534.04020262741,2329.94693434414,2164.06885868983,2087.49150861577,,,,,,,,,,,,ok,,,D30_FE60000_seed101_110_N50_ASE_CLPSO_N40_NRLPSO_shared_prefix
CLPSO,20,106,30,60000,50,0,2248.78349832932,2248.78349832932,0,0.7492084,60000,60000,60001,1,1,1,1,1,3701.34595159131,2854.81071197112,2567.04348280743,2524.44015855105,2371.490652847,2248.78349832932,,,,,,,,,,,,ok,,,D30_FE60000_seed101_110_N50_ASE_CLPSO_N40_NRLPSO_shared_prefix
NRLPSO-PaperAligned,20,106,30,60000,40,1,2331.3548196825,2331.3548196825,0,3.9724349,60000,60000,60001,1,1,1,1,1,3874.75938599732,3215.06504607811,2821.40029455938,2698.71619488799,2520.24040560884,2331.3548196825,39130.0,19565.0,13528.0,0.1,0.999385,0.402515461942288,0.99479305052665,5807.0,4770.0,5581.0,4672.0,ok,,,D30_FE60000_seed101_110_N50_ASE_CLPSO_N40_NRLPSO_shared_prefix
ASE-CSO,21,106,30,60000,50,0,2360.47844581819,2360.47844581819,0,7.9710173,60000,60000,60001,1,1,1,1,1,2924.77343405982,2485.31806949755,2403.74482192149,2387.59550722563,2376.54825273663,2360.47844581819,,,,,,,,,,,,ok,,,D30_FE60000_seed101_110_N50_ASE_CLPSO_N40_NRLPSO_shared_prefix
CLPSO,21,106,30,60000,50,0,2457.98713085984,2457.98713085984,0,0.8200813,60000,60000,60001,1,1,1,1,1,2924.77343405982,2689.94405379221,2533.22067879942,2516.40163615025,2469.40672092252,2457.98713085984,,,,,,,,,,,,ok,,,D30_FE60000_seed101_110_N50_ASE_CLPSO_N40_NRLPSO_shared_prefix
NRLPSO-PaperAligned,21,106,30,60000,40,1,2392.65997118748,2392.65997118748,0,4.1536212,60000,60000,60001,1,1,1,1,1,3085.86340057857,2608.28549284226,2560.90204006244,2522.13786840825,2496.78323601164,2392.65997118748,38798.0,19399.0,9763.0,0.1,0.999385,0.402017948985015,0.995169829972006,6096.0,4619.0,5654.0,4793.0,ok,,,D30_FE60000_seed101_110_N50_ASE_CLPSO_N40_NRLPSO_shared_prefix
ASE-CSO,22,106,30,60000,50,0,2300.00904916314,2300.00904916314,0,8.1686374,60000,60000,60001,1,1,1,1,1,11537.8205170703,2739.13822712442,2329.06015687972,2319.97555645063,2304.70223667607,2300.00904916314,,,,,,,,,,,,ok,,,D30_FE60000_seed101_110_N50_ASE_CLPSO_N40_NRLPSO_shared_prefix
CLPSO,22,106,30,60000,50,0,3128.66296005678,3128.66296005678,0,0.9326818,60000,60000,60001,1,1,1,1,1,11537.8205170703,8987.2771454782,6339.4613158284,4493.75237358329,3464.43194340745,3128.66296005678,,,,,,,,,,,,ok,,,D30_FE60000_seed101_110_N50_ASE_CLPSO_N40_NRLPSO_shared_prefix
NRLPSO-PaperAligned,22,106,30,60000,40,1,2453.07907164219,2453.07907164219,0,4.1787002,60000,60000,60001,1,1,1,1,1,12636.6693118864,2700.15286015682,2540.94664139515,2492.43342258983,2469.33008380621,2453.07907164219,37968.0,18984.0,15896.0,0.1,0.999385,0.402441027220024,0.99479305052665,5150.0,5277.0,6795.0,4770.0,ok,,,D30_FE60000_seed101_110_N50_ASE_CLPSO_N40_NRLPSO_shared_prefix
ASE-CSO,23,106,30,60000,50,0,2717.41959324926,2717.41959324926,0,8.2012465,60000,60000,60001,1,1,1,1,1,3680.67822792308,2810.61994026265,2760.19911289078,2737.00666850485,2718.39081742595,2717.41959324926,,,,,,,,,,,,ok,,,D30_FE60000_seed101_110_N50_ASE_CLPSO_N40_NRLPSO_shared_prefix
CLPSO,23,106,30,60000,50,0,2812.16393298417,2812.16393298417,0,0.9661132,60000,60000,60001,1,1,1,1,1,3680.67822792308,3176.68607743339,2930.21841879655,2892.13706138273,2842.40483483074,2812.16393298417,,,,,,,,,,,,ok,,,D30_FE60000_seed101_110_N50_ASE_CLPSO_N40_NRLPSO_shared_prefix
NRLPSO-PaperAligned,23,106,30,60000,40,1,2833.70849056353,2833.70849056353,0,4.3637273,60000,60000,60001,1,1,1,1,1,3680.67822792308,2924.32365366183,2924.32365366183,2924.32365366183,2883.3227519613,2833.70849056353,38675.0,19338.0,34407.0,0.1,0.999385,0.402056794522899,0.994753389532402,6324.0,5159.0,5275.0,4527.0,ok,,,D30_FE60000_seed101_110_N50_ASE_CLPSO_N40_NRLPSO_shared_prefix
ASE-CSO,24,106,30,60000,50,0,2921.02496124809,2921.02496124809,0,8.2268648,60000,60000,60001,1,1,1,1,1,4822.18622588257,3020.68033403888,2943.06791286327,2934.40448453831,2925.10428133139,2921.02496124809,,,,,,,,,,,,ok,,,D30_FE60000_seed101_110_N50_ASE_CLPSO_N40_NRLPSO_shared_prefix
CLPSO,24,106,30,60000,50,0,3002.23983865428,3002.23983865428,0,1.036147,60000,60000,60001,1,1,1,1,1,4822.18622588257,3565.67904382651,3191.82515493683,3076.50632550773,3057.32673131452,3002.23983865428,,,,,,,,,,,,ok,,,D30_FE60000_seed101_110_N50_ASE_CLPSO_N40_NRLPSO_shared_prefix
NRLPSO-PaperAligned,24,106,30,60000,40,1,3061.8085449309,3061.8085449309,0,4.4047494,60000,60000,60001,1,1,1,1,1,4822.18622588257,3278.00530350375,3092.19995810771,3075.71940386571,3068.75180775547,3061.8085449309,38500.0,19250.0,34403.0,0.1,0.999385,0.402384558074385,0.995189660469129,5503.0,5194.0,6254.0,4509.0,ok,,,D30_FE60000_seed101_110_N50_ASE_CLPSO_N40_NRLPSO_shared_prefix
ASE-CSO,25,106,30,60000,50,0,2887.08007336116,2887.08007336116,0,8.1496487,60000,60000,60001,1,1,1,1,1,16392.0161957867,3036.29852942262,2935.7428265304,2890.88849447777,2887.51688763539,2887.08007336116,,,,,,,,,,,,ok,,,D30_FE60000_seed101_110_N50_ASE_CLPSO_N40_NRLPSO_shared_prefix
CLPSO,25,106,30,60000,50,0,2968.17532127861,2968.17532127861,0,0.95307,60000,60000,60001,1,1,1,1,1,16392.0161957867,6479.13527305571,3531.95907680582,3141.98031079974,3000.15198305577,2968.17532127861,,,,,,,,,,,,ok,,,D30_FE60000_seed101_110_N50_ASE_CLPSO_N40_NRLPSO_shared_prefix
NRLPSO-PaperAligned,25,106,30,60000,40,1,2905.97434906482,2905.97434906482,0,4.2279519,60000,60000,60001,1,1,1,1,1,16392.0161957867,3048.52638387189,2989.86396548304,2965.74125541411,2929.67934437256,2905.97434906482,38737.0,19369.0,11239.0,0.1,0.999385,0.402489821191411,0.995328473948997,5064.0,5322.0,6556.0,4281.0,ok,,,D30_FE60000_seed101_110_N50_ASE_CLPSO_N40_NRLPSO_shared_prefix
ASE-CSO,26,106,30,60000,50,0,4502.78036531166,4502.78036531166,0,8.4371595,60000,60000,60001,1,1,1,1,1,14212.2499037675,5401.95198196513,5014.38763305057,4721.78509644322,4551.64913085241,4502.78036531166,,,,,,,,,,,,ok,,,D30_FE60000_seed101_110_N50_ASE_CLPSO_N40_NRLPSO_shared_prefix
CLPSO,26,106,30,60000,50,0,5202.14545668841,5202.14545668841,0,1.1790368,60000,60000,60001,1,1,1,1,1,14212.2499037675,9448.01267785596,7119.14163277224,6015.62466195293,5528.86962721256,5202.14545668841,,,,,,,,,,,,ok,,,D30_FE60000_seed101_110_N50_ASE_CLPSO_N40_NRLPSO_shared_prefix
NRLPSO-PaperAligned,26,106,30,60000,40,1,3449.51042415116,3449.51042415116,0,4.7462623,60000,60000,60001,1,1,1,1,1,14212.2499037675,4151.27989886035,3657.60311520352,3555.08833858088,3470.62317435583,3449.51042415116,37993.0,18997.0,1368.0,0.1,0.999385,0.402084005184766,0.995249151960501,5095.0,5548.0,6923.0,4401.0,ok,,,D30_FE60000_seed101_110_N50_ASE_CLPSO_N40_NRLPSO_shared_prefix
ASE-CSO,27,106,30,60000,50,0,3230.87385493621,3230.87385493621,0,8.5969788,60000,60000,60001,1,1,1,1,1,5482.1097477833,3282.55305148186,3261.97093095603,3232.43930824,3231.31107030076,3230.87385493621,,,,,,,,,,,,ok,,,D30_FE60000_seed101_110_N50_ASE_CLPSO_N40_NRLPSO_shared_prefix
CLPSO,27,106,30,60000,50,0,3235.04757868327,3235.04757868327,0,1.2296755,60000,60000,60001,1,1,1,1,1,5482.1097477833,3680.78274958837,3336.36984016334,3287.71676524986,3254.75296198466,3235.04757868327,,,,,,,,,,,,ok,,,D30_FE60000_seed101_110_N50_ASE_CLPSO_N40_NRLPSO_shared_prefix
NRLPSO-PaperAligned,27,106,30,60000,40,1,3200.00703731545,3200.00703731545,0,4.6343358,60000,60000,60001,1,1,1,1,1,5482.1097477833,3200.00731727239,3200.00722246914,3200.00705215378,3200.00705084122,3200.00703731545,39750.0,19875.0,39747.0,0.1,0.999385,0.402227821681093,0.995050846989262,6673.0,4088.0,4691.0,4758.0,ok,,,D30_FE60000_seed101_110_N50_ASE_CLPSO_N40_NRLPSO_shared_prefix
ASE-CSO,28,106,30,60000,50,0,3193.82617128101,3193.82617128101,0,9.0846687,60000,60000,60001,1,1,1,1,1,10954.5222320576,3658.59064215147,3339.64511704967,3269.87280884084,3209.52669447013,3193.82617128101,,,,,,,,,,,,ok,,,D30_FE60000_seed101_110_N50_ASE_CLPSO_N40_NRLPSO_shared_prefix
CLPSO,28,106,30,60000,50,0,3412.57110520526,3412.57110520526,0,1.1471393,60000,60000,60001,1,1,1,1,1,10954.5222320576,6843.90186984066,4517.49269004882,3800.61171600009,3474.37594514541,3412.57110520526,,,,,,,,,,,,ok,,,D30_FE60000_seed101_110_N50_ASE_CLPSO_N40_NRLPSO_shared_prefix
NRLPSO-PaperAligned,28,106,30,60000,40,1,3295.42950296142,3295.42950296142,0,4.6019852,60000,60000,60001,1,1,1,1,1,10954.5222320576,3473.68163578589,3360.00185313793,3333.09335393874,3323.16195395768,3295.42950296142,38402.0,19201.0,28536.0,0.1,0.999385,0.40234980232285,0.995328473948997,5172.0,5133.0,6565.0,4688.0,ok,,,D30_FE60000_seed101_110_N50_ASE_CLPSO_N40_NRLPSO_shared_prefix
ASE-CSO,29,106,30,60000,50,0,3557.88073207765,3557.88073207765,0,8.5919858,60000,60000,60001,1,1,1,1,1,8543.9697168985,4043.56631272338,3805.19658072024,3758.03474226138,3624.90536868102,3557.88073207765,,,,,,,,,,,,ok,,,D30_FE60000_seed101_110_N50_ASE_CLPSO_N40_NRLPSO_shared_prefix
CLPSO,29,106,30,60000,50,0,3899.11287038852,3899.11287038852,0,1.0188065,60000,60000,60001,1,1,1,1,1,8543.9697168985,5967.70991908766,4589.2466883247,4201.78370803715,4032.21080576881,3899.11287038852,,,,,,,,,,,,ok,,,D30_FE60000_seed101_110_N50_ASE_CLPSO_N40_NRLPSO_shared_prefix
NRLPSO-PaperAligned,29,106,30,60000,40,1,3513.81265172777,3513.81265172777,0,4.8003928,60000,60000,60001,1,1,1,1,1,319909.237431615,4113.2243932994,4044.01899016017,3990.29732503431,3707.17872736592,3513.81265172777,39236.0,19618.0,24525.0,0.1,0.999385,0.402052812325938,0.995229321463377,5459.0,4634.0,6133.0,4498.0,ok,,,D30_FE60000_seed101_110_N50_ASE_CLPSO_N40_NRLPSO_shared_prefix
ASE-CSO,30,106,30,60000,50,0,34545.5920084611,34545.5920084611,0,9.3310794,60000,60000,60001,1,1,1,1,1,4089056254.67219,2545106.47338563,1061245.2643232,620907.810915825,401785.304561929,34545.5920084611,,,,,,,,,,,,ok,,,D30_FE60000_seed101_110_N50_ASE_CLPSO_N40_NRLPSO_shared_prefix
CLPSO,30,106,30,60000,50,0,1152024.76998773,1152024.76998773,0,1.8586512,60000,60000,60001,1,1,1,1,1,4089056254.67219,787906154.683521,16304026.9435401,6246254.25133932,3733434.40679948,1152024.76998773,,,,,,,,,,,,ok,,,D30_FE60000_seed101_110_N50_ASE_CLPSO_N40_NRLPSO_shared_prefix
NRLPSO-PaperAligned,30,106,30,60000,40,1,1074427.74272046,1074427.74272046,0,5.2172804,60000,60000,60001,1,1,1,1,1,4089056254.67219,16234429.5582291,4197569.0722404,1468536.2030489,1468536.2030489,1074427.74272046,39478.0,19739.0,31918.0,0.1,0.999385,0.402020559700604,0.995288812954749,5216.0,4220.0,7208.0,3838.0,ok,,,D30_FE60000_seed101_110_N50_ASE_CLPSO_N40_NRLPSO_shared_prefix
ASE-CSO,1,107,30,60000,50,0,7087.22688404942,7087.22688404942,0,7.629897,60000,60000,60001,1,1,1,1,1,118690052877.095,165633978.537398,17538839.3860394,9259311.90412073,264127.584476923,7087.22688404942,,,,,,,,,,,,ok,,,D30_FE60000_seed101_110_N50_ASE_CLPSO_N40_NRLPSO_shared_prefix
CLPSO,1,107,30,60000,50,0,44030037.2689427,44030037.2689427,0,0.4588551,60000,60000,60001,1,1,1,1,1,118690052877.095,50691015365.8347,7672931516.30934,1725512831.17535,338396004.990189,44030037.2689427,,,,,,,,,,,,ok,,,D30_FE60000_seed101_110_N50_ASE_CLPSO_N40_NRLPSO_shared_prefix
NRLPSO-PaperAligned,1,107,30,60000,40,1,10408599.8015235,10408599.8015235,0,4.0404023,60000,60000,60001,1,1,1,1,1,94840182940.8368,2448385539.2815,924728320.32638,531999095.087653,162782389.217882,10408599.8015235,38166.0,19083.0,817.0,0.1,0.999385,0.402909822825405,0.995977300617704,5006.0,5267.0,6768.0,4753.0,ok,,,D30_FE60000_seed101_110_N50_ASE_CLPSO_N40_NRLPSO_shared_prefix
ASE-CSO,3,107,30,60000,50,0,6906.3558415248,6906.3558415248,0,7.5960384,60000,60000,60001,1,1,1,1,1,89239774.8016562,92961.8348440905,44029.4369237459,28798.3765989123,19979.553930813,6906.3558415248,,,,,,,,,,,,ok,,,D30_FE60000_seed101_110_N50_ASE_CLPSO_N40_NRLPSO_shared_prefix
CLPSO,3,107,30,60000,50,0,96218.950081127,96218.950081127,0,0.5248901,60000,60000,60001,1,1,1,1,1,89239774.8016562,167373.400664112,140503.528781425,136597.651426395,124721.272735072,96218.950081127,,,,,,,,,,,,ok,,,D30_FE60000_seed101_110_N50_ASE_CLPSO_N40_NRLPSO_shared_prefix
NRLPSO-PaperAligned,3,107,30,60000,40,1,4668.72238623203,4668.72238623203,0,4.1554902,60000,60000,60001,1,1,1,1,1,89239774.8016562,66805.2306575534,35314.961933834,20615.745259038,9223.51533891873,4668.72238623203,39430.0,19715.0,17675.0,0.1,0.999385,0.402118117622491,0.995977300617704,5826.0,4788.0,5696.0,4220.0,ok,,,D30_FE60000_seed101_110_N50_ASE_CLPSO_N40_NRLPSO_shared_prefix
ASE-CSO,4,107,30,60000,50,0,487.041726682513,487.041726682513,0,7.7337206,60000,60000,60001,1,1,1,1,1,50810.1177570677,663.180136448143,501.251556345773,496.747178171148,489.406568925052,487.041726682513,,,,,,,,,,,,ok,,,D30_FE60000_seed101_110_N50_ASE_CLPSO_N40_NRLPSO_shared_prefix
CLPSO,4,107,30,60000,50,0,584.88743511059,584.88743511059,0,0.4562386,60000,60000,60001,1,1,1,1,1,50810.1177570677,9422.01340308074,1874.87028401201,940.175696286351,684.221728546049,584.88743511059,,,,,,,,,,,,ok,,,D30_FE60000_seed101_110_N50_ASE_CLPSO_N40_NRLPSO_shared_prefix
NRLPSO-PaperAligned,4,107,30,60000,40,1,525.364829966403,525.364829966403,0,4.0479297,60000,60000,60001,1,1,1,1,1,47980.9077882853,701.427785055114,568.333297844373,558.397600377417,541.571669407423,525.364829966403,38118.0,19059.0,5115.0,0.1,0.999385,0.402008932501075,0.995977300617704,4894.0,5271.0,7101.0,4576.0,ok,,,D30_FE60000_seed101_110_N50_ASE_CLPSO_N40_NRLPSO_shared_prefix
ASE-CSO,5,107,30,60000,50,0,593.944768502121,593.944768502121,0,7.722895,60000,60000,60001,1,1,1,1,1,1239.34839041732,694.706218642975,655.362737299861,613.652626220125,603.487827085791,593.944768502121,,,,,,,,,,,,ok,,,D30_FE60000_seed101_110_N50_ASE_CLPSO_N40_NRLPSO_shared_prefix
CLPSO,5,107,30,60000,50,0,622.4463844369,622.4463844369,0,0.5119862,60000,60000,60001,1,1,1,1,1,1239.34839041732,938.786340787764,765.650086282053,711.721538798753,640.392618049202,622.4463844369,,,,,,,,,,,,ok,,,D30_FE60000_seed101_110_N50_ASE_CLPSO_N40_NRLPSO_shared_prefix
NRLPSO-PaperAligned,5,107,30,60000,40,1,592.804912715996,592.804912715996,0,3.8861961,60000,60000,60001,1,1,1,1,1,1134.9032473028,826.155078091952,746.250650104962,713.950565080888,671.040738150307,592.804912715996,38810.0,19405.0,12278.0,0.1,0.999385,0.402211872588266,0.995977300617704,5831.0,4875.0,5398.0,5046.0,ok,,,D30_FE60000_seed101_110_N50_ASE_CLPSO_N40_NRLPSO_shared_prefix
ASE-CSO,6,107,30,60000,50,0,603.241777855016,603.241777855016,0,8.3100953,60000,60000,60001,1,1,1,1,1,737.391305865289,631.100428946853,616.425747721828,611.230953778134,608.765348968529,603.241777855016,,,,,,,,,,,,ok,,,D30_FE60000_seed101_110_N50_ASE_CLPSO_N40_NRLPSO_shared_prefix
CLPSO,6,107,30,60000,50,0,603.21312094973,603.21312094973,0,0.758512,60000,60000,60001,1,1,1,1,1,737.391305865289,668.196576849351,637.894397183899,619.676752533357,607.475749698836,603.21312094973,,,,,,,,,,,,ok,,,D30_FE60000_seed101_110_N50_ASE_CLPSO_N40_NRLPSO_shared_prefix
NRLPSO-PaperAligned,6,107,30,60000,40,1,622.774209100932,622.774209100932,0,4.2121626,60000,60000,60001,1,1,1,1,1,735.891104700964,641.164619805663,637.782876913674,637.782876913674,635.388674790536,622.774209100932,38948.0,19474.0,20641.0,0.1,0.999385,0.402144602868427,0.995977300617704,5599.0,5147.0,5221.0,5045.0,ok,,,D30_FE60000_seed101_110_N50_ASE_CLPSO_N40_NRLPSO_shared_prefix
ASE-CSO,7,107,30,60000,50,0,855.968552570103,855.968552570103,0,7.6495559,60000,60000,60001,1,1,1,1,1,3739.45645449573,1064.35887348126,993.197798515043,950.564584502728,893.153323431967,855.968552570103,,,,,,,,,,,,ok,,,D30_FE60000_seed101_110_N50_ASE_CLPSO_N40_NRLPSO_shared_prefix
CLPSO,7,107,30,60000,50,0,888.079991890943,888.079991890943,0,0.5706868,60000,60000,60001,1,1,1,1,1,3739.45645449573,1956.55382422536,1155.56672627959,1029.57273617216,933.803148627159,888.079991890943,,,,,,,,,,,,ok,,,D30_FE60000_seed101_110_N50_ASE_CLPSO_N40_NRLPSO_shared_prefix
NRLPSO-PaperAligned,7,107,30,60000,40,1,960.193562195358,960.193562195358,0,3.7895073,60000,60000,60001,1,1,1,1,1,2780.93659074641,1099.88920877716,1036.23372766289,991.185694159786,972.762684628488,960.193562195358,39156.0,19578.0,1138.0,0.1,0.999385,0.402065192620186,0.995977300617704,5029.0,5164.0,5284.0,5327.0,ok,,,D30_FE60000_seed101_110_N50_ASE_CLPSO_N40_NRLPSO_shared_prefix
ASE-CSO,8,107,30,60000,50,0,882.622937813778,882.622937813778,0,7.8300724,60000,60000,60001,1,1,1,1,1,1486.60080545015,979.804543166726,925.057922886078,906.469460033652,896.574153267589,882.622937813778,,,,,,,,,,,,ok,,,D30_FE60000_seed101_110_N50_ASE_CLPSO_N40_NRLPSO_shared_prefix
CLPSO,8,107,30,60000,50,0,939.180634668188,939.180634668188,0,0.5971009,60000,60000,60001,1,1,1,1,1,1486.60080545015,1177.25841113362,1043.79172076802,1003.95935645858,967.701191538016,939.180634668188,,,,,,,,,,,,ok,,,D30_FE60000_seed101_110_N50_ASE_CLPSO_N40_NRLPSO_shared_prefix
NRLPSO-PaperAligned,8,107,30,60000,40,1,898.162213486906,898.162213486906,0,4.0142545,60000,60000,60001,1,1,1,1,1,1390.2138694131,1064.82569525062,1018.51085623252,1017.33624470925,987.036374452768,898.162213486906,38852.0,19426.0,8784.0,0.1,0.999385,0.402717410759942,0.995977300617704,5810.0,4791.0,5481.0,5026.0,ok,,,D30_FE60000_seed101_110_N50_ASE_CLPSO_N40_NRLPSO_shared_prefix
ASE-CSO,9,107,30,60000,50,0,908.450046522022,908.450046522022,0,7.6978958,60000,60000,60001,1,1,1,1,1,35298.6943157612,4403.23383356347,1469.62068784488,1018.71491932272,914.650791127155,908.450046522022,,,,,,,,,,,,ok,,,D30_FE60000_seed101_110_N50_ASE_CLPSO_N40_NRLPSO_shared_prefix
CLPSO,9,107,30,60000,50,0,3730.63913792845,3730.63913792845,0,0.5642637,60000,60000,60001,1,1,1,1,1,35298.6943157612,21680.6143980445,10243.9878632068,7473.42073528445,5120.0934233013,3730.63913792845,,,,,,,,,,,,ok,,,D30_FE60000_seed101_110_N50_ASE_CLPSO_N40_NRLPSO_shared_prefix
NRLPSO-PaperAligned,9,107,30,60000,40,1,1247.2743866111,1247.2743866111,0,3.9845199,60000,60000,60001,1,1,1,1,1,41405.6225446382,6080.04179547549,2423.77711566879,2246.9843695063,1665.69351969614,1247.2743866111,38688.0,19344.0,16803.0,0.1,0.999385,0.402355554179193,0.995977300617704,5174.0,5096.0,5905.0,5097.0,ok,,,D30_FE60000_seed101_110_N50_ASE_CLPSO_N40_NRLPSO_shared_prefix
ASE-CSO,10,107,30,60000,50,0,2971.78974474006,2971.78974474006,0,7.8232664,60000,60000,60001,1,1,1,1,1,11239.9939609468,7097.17816021636,6064.47589991127,4427.26588656661,3691.86105816994,2971.78974474006,,,,,,,,,,,,ok,,,D30_FE60000_seed101_110_N50_ASE_CLPSO_N40_NRLPSO_shared_prefix
CLPSO,10,107,30,60000,50,0,6100.76233753387,6100.76233753387,0,0.640553,60000,60000,60001,1,1,1,1,1,11239.9939609468,8754.74839406047,7960.1676054927,7024.03854689588,6453.86472056613,6100.76233753387,,,,,,,,,,,,ok,,,D30_FE60000_seed101_110_N50_ASE_CLPSO_N40_NRLPSO_shared_prefix
NRLPSO-PaperAligned,10,107,30,60000,40,1,5282.23866617273,5282.23866617273,0,3.9956106,60000,60000,60001,1,1,1,1,1,11165.4056363973,9413.6044592773,8894.01152943121,7256.94179233433,6589.40088344724,5282.23866617273,39413.0,19707.0,29908.0,0.1,0.999385,0.402354352867473,0.995977300617704,5776.0,4814.0,5539.0,4418.0,ok,,,D30_FE60000_seed101_110_N50_ASE_CLPSO_N40_NRLPSO_shared_prefix
ASE-CSO,11,107,30,60000,50,0,1186.21131491129,1186.21131491129,0,7.7969358,60000,60000,60001,1,1,1,1,1,44020.7253849839,2296.60702310462,1274.69889988497,1197.89176229843,1187.74488427371,1186.21131491129,,,,,,,,,,,,ok,,,D30_FE60000_seed101_110_N50_ASE_CLPSO_N40_NRLPSO_shared_prefix
CLPSO,11,107,30,60000,50,0,1454.86173294989,1454.86173294989,0,0.5071374,60000,60000,60001,1,1,1,1,1,44020.7253849839,9155.04639155708,5699.36561496771,2122.43440528641,1637.79083290658,1454.86173294989,,,,,,,,,,,,ok,,,D30_FE60000_seed101_110_N50_ASE_CLPSO_N40_NRLPSO_shared_prefix
NRLPSO-PaperAligned,11,107,30,60000,40,1,1353.34398381523,1353.34398381523,0,3.9021403,60000,60000,60001,1,1,1,1,1,40807.2467805179,2480.88336745741,1471.03305141622,1456.77218010827,1399.59412359224,1353.34398381523,39153.0,19577.0,25578.0,0.1,0.999385,0.402086923493581,0.995977300617704,5759.0,4675.0,5396.0,4977.0,ok,,,D30_FE60000_seed101_110_N50_ASE_CLPSO_N40_NRLPSO_shared_prefix
ASE-CSO,12,107,30,60000,50,0,1593314.010188,1593314.010188,0,7.9228662,60000,60000,60001,1,1,1,1,1,25668903742.7597,24164877.8082897,16770049.1318189,13614243.9588739,8476732.70069833,1593314.010188,,,,,,,,,,,,ok,,,D30_FE60000_seed101_110_N50_ASE_CLPSO_N40_NRLPSO_shared_prefix
CLPSO,12,107,30,60000,50,0,29714318.2455407,29714318.2455407,0,0.5147715,60000,60000,60001,1,1,1,1,1,25668903742.7597,3906051776.22389,959333371.011178,182545054.4484,67783534.2129191,29714318.2455407,,,,,,,,,,,,ok,,,D30_FE60000_seed101_110_N50_ASE_CLPSO_N40_NRLPSO_shared_prefix
NRLPSO-PaperAligned,12,107,30,60000,40,1,5834494.57965091,5834494.57965091,0,3.919905,60000,60000,60001,1,1,1,1,1,25668903742.7597,168915853.624996,67322932.2126229,44851306.2607125,13634569.8155323,5834494.57965091,38704.0,19352.0,27151.0,0.1,0.999385,0.402142221671677,0.995977300617704,4944.0,5328.0,6768.0,4216.0,ok,,,D30_FE60000_seed101_110_N50_ASE_CLPSO_N40_NRLPSO_shared_prefix
ASE-CSO,13,107,30,60000,50,0,29822.853639471,29822.853639471,0,7.6218765,60000,60000,60001,1,1,1,1,1,24249421352.5183,1797402.61255713,209103.499719087,195196.304532409,43795.6016874387,29822.853639471,,,,,,,,,,,,ok,,,D30_FE60000_seed101_110_N50_ASE_CLPSO_N40_NRLPSO_shared_prefix
CLPSO,13,107,30,60000,50,0,41588068.2029595,41588068.2029595,0,0.4923774,60000,60000,60001,1,1,1,1,1,24249421352.5183,3953522078.23813,685220831.871976,214914370.498479,47985699.8325679,41588068.2029595,,,,,,,,,,,,ok,,,D30_FE60000_seed101_110_N50_ASE_CLPSO_N40_NRLPSO_shared_prefix
NRLPSO-PaperAligned,13,107,30,60000,40,1,459842.462994516,459842.462994516,0,3.8815288,60000,60000,60001,1,1,1,1,1,54910163078.9883,38835397.6233042,23533376.6477696,20413685.7614811,5753139.30695901,459842.462994516,39222.0,19611.0,28874.0,0.1,0.999385,0.402451591834315,0.995977300617704,5052.0,4809.0,7083.0,3794.0,ok,,,D30_FE60000_seed101_110_N50_ASE_CLPSO_N40_NRLPSO_shared_prefix
ASE-CSO,14,107,30,60000,50,0,3364.66054938662,3364.66054938662,0,7.8425416,60000,60000,60001,1,1,1,1,1,70927418.7234756,84686.7712402098,19383.9270911132,14897.3676429912,7770.26530853372,3364.66054938662,,,,,,,,,,,,ok,,,D30_FE60000_seed101_110_N50_ASE_CLPSO_N40_NRLPSO_shared_prefix
CLPSO,14,107,30,60000,50,0,17123.0604890425,17123.0604890425,0,0.5523888,60000,60000,60001,1,1,1,1,1,70927418.7234756,4636823.56387161,747385.436914714,292514.442156809,137707.233770648,17123.0604890425,,,,,,,,,,,,ok,,,D30_FE60000_seed101_110_N50_ASE_CLPSO_N40_NRLPSO_shared_prefix
NRLPSO-PaperAligned,14,107,30,60000,40,1,21891.8316793245,21891.8316793245,0,3.8312708,60000,60000,60001,1,1,1,1,1,70927418.7234756,208522.4028635,61823.6866342394,26747.3210654168,26747.3210654168,21891.8316793245,39410.0,19705.0,35870.0,0.1,0.999385,0.402399782722277,0.995977300617704,5307.0,4939.0,5955.0,4349.0,ok,,,D30_FE60000_seed101_110_N50_ASE_CLPSO_N40_NRLPSO_shared_prefix
ASE-CSO,15,107,30,60000,50,0,2477.42416779442,2477.42416779442,0,7.757075,60000,60000,60001,1,1,1,1,1,8230994041.72842,565812.301405759,7334.35208846981,6709.67346538011,3733.74489302383,2477.42416779442,,,,,,,,,,,,ok,,,D30_FE60000_seed101_110_N50_ASE_CLPSO_N40_NRLPSO_shared_prefix
CLPSO,15,107,30,60000,50,0,58448.0370374548,58448.0370374548,0,0.4451644,60000,60000,60001,1,1,1,1,1,8230994041.72842,558470490.023299,19459115.347317,5547445.57667948,2447036.10272545,58448.0370374548,,,,,,,,,,,,ok,,,D30_FE60000_seed101_110_N50_ASE_CLPSO_N40_NRLPSO_shared_prefix
NRLPSO-PaperAligned,15,107,30,60000,40,1,103849.740284248,103849.740284248,0,3.6807379,60000,60000,60001,1,1,1,1,1,2721390319.79695,3495845.48735966,2761769.06863507,808921.782967662,563498.664499879,103849.740284248,39238.0,19619.0,31666.0,0.1,0.999385,0.402058903282737,0.995977300617704,4978.0,4657.0,6852.0,4235.0,ok,,,D30_FE60000_seed101_110_N50_ASE_CLPSO_N40_NRLPSO_shared_prefix
ASE-CSO,16,107,30,60000,50,0,2451.77254940689,2451.77254940689,0,7.7615317,60000,60000,60001,1,1,1,1,1,8493.61414960879,3269.84499008502,3035.94122189171,3002.96858404384,2560.01255801014,2451.77254940689,,,,,,,,,,,,ok,,,D30_FE60000_seed101_110_N50_ASE_CLPSO_N40_NRLPSO_shared_prefix
CLPSO,16,107,30,60000,50,0,2692.03402200017,2692.03402200017,0,0.5364808,60000,60000,60001,1,1,1,1,1,8493.61414960879,4912.47411109304,4276.05406693386,3585.47365591467,3008.72665442343,2692.03402200017,,,,,,,,,,,,ok,,,D30_FE60000_seed101_110_N50_ASE_CLPSO_N40_NRLPSO_shared_prefix
NRLPSO-PaperAligned,16,107,30,60000,40,1,2910.29554678642,2910.29554678642,0,3.7469277,60000,60000,60001,1,1,1,1,1,12353.0398681507,3770.24177499695,3322.79574684575,2998.85215453231,2910.29554678642,2910.29554678642,39458.0,19729.0,38621.0,0.1,0.999385,0.40223211279502,0.995977300617704,6636.0,4386.0,4696.0,4784.0,ok,,,D30_FE60000_seed101_110_N50_ASE_CLPSO_N40_NRLPSO_shared_prefix
ASE-CSO,17,107,30,60000,50,0,1898.33428788176,1898.33428788176,0,8.6146384,60000,60000,60001,1,1,1,1,1,107284.953153336,2252.76362368901,1947.45140679645,1917.94152915244,1904.1623231634,1898.33428788176,,,,,,,,,,,,ok,,,D30_FE60000_seed101_110_N50_ASE_CLPSO_N40_NRLPSO_shared_prefix
CLPSO,17,107,30,60000,50,0,2006.12324556277,2006.12324556277,0,0.7105077,60000,60000,60001,1,1,1,1,1,107284.953153336,3718.6211127973,2402.92977445666,2319.21362393768,2086.27806782261,2006.12324556277,,,,,,,,,,,,ok,,,D30_FE60000_seed101_110_N50_ASE_CLPSO_N40_NRLPSO_shared_prefix
NRLPSO-PaperAligned,17,107,30,60000,40,1,1907.58306727102,1907.58306727102,0,4.2372877,60000,60000,60001,1,1,1,1,1,107284.953153336,2152.42760377255,2073.18350079982,2024.61530192004,1974.38927588721,1907.58306727102,39217.0,19609.0,25525.0,0.1,0.999385,0.402647936110104,0.995977300617704,5387.0,5011.0,5901.0,4444.0,ok,,,D30_FE60000_seed101_110_N50_ASE_CLPSO_N40_NRLPSO_shared_prefix
ASE-CSO,18,107,30,60000,50,0,118550.678790278,118550.678790278,0,7.8710805,60000,60000,60001,1,1,1,1,1,1745554406.45142,1348277.62555629,352270.777413559,283992.299175806,174415.296502295,118550.678790278,,,,,,,,,,,,ok,,,D30_FE60000_seed101_110_N50_ASE_CLPSO_N40_NRLPSO_shared_prefix
CLPSO,18,107,30,60000,50,0,312419.02646675,312419.02646675,0,0.5215336,60000,60000,60001,1,1,1,1,1,1745554406.45142,26457216.0465451,1516282.83436151,966892.326964398,349039.975088796,312419.02646675,,,,,,,,,,,,ok,,,D30_FE60000_seed101_110_N50_ASE_CLPSO_N40_NRLPSO_shared_prefix
NRLPSO-PaperAligned,18,107,30,60000,40,1,213997.278737158,213997.278737158,0,4.157481,60000,60000,60001,1,1,1,1,1,1745554406.45142,5690038.74635371,1193985.34181245,435536.513767149,228187.185904242,213997.278737158,39365.0,19683.0,17317.0,0.1,0.999385,0.402763873154611,0.995977300617704,5577.0,4822.0,5893.0,4303.0,ok,,,D30_FE60000_seed101_110_N50_ASE_CLPSO_N40_NRLPSO_shared_prefix
ASE-CSO,19,107,30,60000,50,0,11746.2604686986,11746.2604686986,0,9.1083506,60000,60000,60001,1,1,1,1,1,1657129867.75987,222511.907153352,33113.8871571296,23186.6542061665,14163.1886154769,11746.2604686986,,,,,,,,,,,,ok,,,D30_FE60000_seed101_110_N50_ASE_CLPSO_N40_NRLPSO_shared_prefix
CLPSO,19,107,30,60000,50,0,59150.8757254023,59150.8757254023,0,1.6323999,60000,60000,60001,1,1,1,1,1,1657129867.75987,1383393104.18547,92562734.7724767,2593515.78086487,387978.665237507,59150.8757254023,,,,,,,,,,,,ok,,,D30_FE60000_seed101_110_N50_ASE_CLPSO_N40_NRLPSO_shared_prefix
NRLPSO-PaperAligned,19,107,30,60000,40,1,129502.052375266,129502.052375266,0,4.8783777,60000,60000,60001,1,1,1,1,1,2757066399.21792,3820431.28451398,1447798.34675765,1447798.34675765,523034.949105881,129502.052375266,39396.0,19698.0,16844.0,0.1,0.999385,0.40207344934179,0.995977300617704,4964.0,4882.0,6380.0,4338.0,ok,,,D30_FE60000_seed101_110_N50_ASE_CLPSO_N40_NRLPSO_shared_prefix
ASE-CSO,20,107,30,60000,50,0,2297.50913110559,2297.50913110559,0,8.4140382,60000,60000,60001,1,1,1,1,1,3916.29351281756,2483.00943656514,2377.5430277322,2354.87113284268,2320.53407248016,2297.50913110559,,,,,,,,,,,,ok,,,D30_FE60000_seed101_110_N50_ASE_CLPSO_N40_NRLPSO_shared_prefix
CLPSO,20,107,30,60000,50,0,2566.42706066303,2566.42706066303,0,0.6919694,60000,60000,60001,1,1,1,1,1,3916.29351281756,3029.78949855024,2851.36967745433,2706.29635629677,2619.54200748937,2566.42706066303,,,,,,,,,,,,ok,,,D30_FE60000_seed101_110_N50_ASE_CLPSO_N40_NRLPSO_shared_prefix
NRLPSO-PaperAligned,20,107,30,60000,40,1,2573.80534947822,2573.80534947822,0,4.0567273,60000,60000,60001,1,1,1,1,1,3916.29351281756,2912.90746054577,2869.22568795288,2869.22568795288,2755.97224115065,2573.80534947822,39390.0,19695.0,17388.0,0.1,0.999385,0.402205658157011,0.995977300617704,5222.0,5120.0,5513.0,4715.0,ok,,,D30_FE60000_seed101_110_N50_ASE_CLPSO_N40_NRLPSO_shared_prefix
ASE-CSO,21,107,30,60000,50,0,2414.784657809,2414.784657809,0,8.1935736,60000,60000,60001,1,1,1,1,1,2975.04555561032,2498.51560619934,2457.52193544992,2428.87650022589,2421.97966330349,2414.784657809,,,,,,,,,,,,ok,,,D30_FE60000_seed101_110_N50_ASE_CLPSO_N40_NRLPSO_shared_prefix
CLPSO,21,107,30,60000,50,0,2450.34836180462,2450.34836180462,0,0.8183578,60000,60000,60001,1,1,1,1,1,2975.04555561032,2700.53770677659,2556.20362543145,2494.68262399362,2469.92369161605,2450.34836180462,,,,,,,,,,,,ok,,,D30_FE60000_seed101_110_N50_ASE_CLPSO_N40_NRLPSO_shared_prefix
NRLPSO-PaperAligned,21,107,30,60000,40,1,2379.60921153168,2379.60921153168,0,4.3103039,60000,60000,60001,1,1,1,1,1,2970.13367897537,2525.27110975845,2525.27110975845,2507.4227914473,2473.96267973626,2379.60921153168,38826.0,19413.0,7462.0,0.1,0.999385,0.402132420367666,0.995977300617704,5629.0,5089.0,5586.0,4830.0,ok,,,D30_FE60000_seed101_110_N50_ASE_CLPSO_N40_NRLPSO_shared_prefix
ASE-CSO,22,107,30,60000,50,0,2300.03092956583,2300.03092956583,0,8.0400073,60000,60000,60001,1,1,1,1,1,12983.9601772608,2375.0426342499,2326.1497343047,2319.64313886176,2312.34508198054,2300.03092956583,,,,,,,,,,,,ok,,,D30_FE60000_seed101_110_N50_ASE_CLPSO_N40_NRLPSO_shared_prefix
CLPSO,22,107,30,60000,50,0,3067.11539741249,3067.11539741249,0,0.940344,60000,60000,60001,1,1,1,1,1,12983.9601772608,9129.79106611652,6868.32143570199,5367.15816649664,3657.2501709603,3067.11539741249,,,,,,,,,,,,ok,,,D30_FE60000_seed101_110_N50_ASE_CLPSO_N40_NRLPSO_shared_prefix
NRLPSO-PaperAligned,22,107,30,60000,40,1,2315.26300210357,2315.26300210357,0,4.3104329,60000,60000,60001,1,1,1,1,1,12101.1975846319,2731.6072853611,2455.77872993889,2387.92245380995,2334.64491475053,2315.26300210357,38165.0,19083.0,2331.0,0.1,0.999385,0.402870265311257,0.995977300617704,4872.0,5418.0,6708.0,4797.0,ok,,,D30_FE60000_seed101_110_N50_ASE_CLPSO_N40_NRLPSO_shared_prefix
ASE-CSO,23,107,30,60000,50,0,2764.945597122,2764.945597122,0,8.2290832,60000,60000,60001,1,1,1,1,1,4007.90163466737,2859.36139346621,2822.05080677318,2800.34573153178,2770.33084083753,2764.945597122,,,,,,,,,,,,ok,,,D30_FE60000_seed101_110_N50_ASE_CLPSO_N40_NRLPSO_shared_prefix
CLPSO,23,107,30,60000,50,0,2803.57045310494,2803.57045310494,0,0.9791504,60000,60000,60001,1,1,1,1,1,4007.90163466737,3211.64775265778,2964.67994847764,2882.74556937504,2845.30424557919,2803.57045310494,,,,,,,,,,,,ok,,,D30_FE60000_seed101_110_N50_ASE_CLPSO_N40_NRLPSO_shared_prefix
NRLPSO-PaperAligned,23,107,30,60000,40,1,2792.31041252435,2792.31041252435,0,4.5527128,60000,60000,60001,1,1,1,1,1,4007.90163466737,2950.66859955138,2915.06467510067,2885.52706905645,2832.47374224884,2792.31041252435,38240.0,19120.0,32276.0,0.1,0.999385,0.402440182128546,0.995977300617704,5489.0,5323.0,6199.0,4709.0,ok,,,D30_FE60000_seed101_110_N50_ASE_CLPSO_N40_NRLPSO_shared_prefix
ASE-CSO,24,107,30,60000,50,0,2926.74049387867,2926.74049387867,0,8.1777332,60000,60000,60001,1,1,1,1,1,3974.17347056689,2987.29028007137,2939.62280972168,2931.11393519556,2926.87043487199,2926.74049387867,,,,,,,,,,,,ok,,,D30_FE60000_seed101_110_N50_ASE_CLPSO_N40_NRLPSO_shared_prefix
CLPSO,24,107,30,60000,50,0,3008.00502837138,3008.00502837138,0,1.032011,60000,60000,60001,1,1,1,1,1,3974.17347056689,3319.09387013645,3106.14875044885,3069.746646308,3009.78396471778,3008.00502837138,,,,,,,,,,,,ok,,,D30_FE60000_seed101_110_N50_ASE_CLPSO_N40_NRLPSO_shared_prefix
NRLPSO-PaperAligned,24,107,30,60000,40,1,3018.51244894778,3018.51244894778,0,4.7399267,60000,60000,60001,1,1,1,1,1,3974.17347056689,3166.855162704,3097.46614957664,3075.1709152961,3023.92220894561,3018.51244894778,38455.0,19228.0,30945.0,0.1,0.999385,0.402555331105015,0.995977300617704,5730.0,5350.0,6029.0,4396.0,ok,,,D30_FE60000_seed101_110_N50_ASE_CLPSO_N40_NRLPSO_shared_prefix
ASE-CSO,25,107,30,60000,50,0,2886.92499787098,2886.92499787098,0,8.4635634,60000,60000,60001,1,1,1,1,1,23848.6654057199,3053.70255912719,2937.58861700971,2925.83033630602,2887.41972600694,2886.92499787098,,,,,,,,,,,,ok,,,D30_FE60000_seed101_110_N50_ASE_CLPSO_N40_NRLPSO_shared_prefix
CLPSO,25,107,30,60000,50,0,2956.02391828722,2956.02391828722,0,0.9795793,60000,60000,60001,1,1,1,1,1,23848.6654057199,7064.21961352538,3657.7498989266,3192.27280633952,3012.91055704705,2956.02391828722,,,,,,,,,,,,ok,,,D30_FE60000_seed101_110_N50_ASE_CLPSO_N40_NRLPSO_shared_prefix
NRLPSO-PaperAligned,25,107,30,60000,40,1,2915.42636065776,2915.42636065776,0,4.3844788,60000,60000,60001,1,1,1,1,1,20035.4024552398,3092.73724473698,2976.33005074878,2938.58536467217,2921.65696611036,2915.42636065776,38055.0,19028.0,22903.0,0.1,0.999385,0.402514722093143,0.995977300617704,5085.0,5399.0,6956.0,4465.0,ok,,,D30_FE60000_seed101_110_N50_ASE_CLPSO_N40_NRLPSO_shared_prefix
ASE-CSO,26,107,30,60000,50,0,4949.98890327381,4949.98890327381,0,8.3499377,60000,60000,60001,1,1,1,1,1,16919.6149756743,6116.24980494436,5415.87411642932,5126.07380926534,5018.62561015714,4949.98890327381,,,,,,,,,,,,ok,,,D30_FE60000_seed101_110_N50_ASE_CLPSO_N40_NRLPSO_shared_prefix
CLPSO,26,107,30,60000,50,0,5258.33250928517,5258.33250928517,0,1.1588833,60000,60000,60001,1,1,1,1,1,16919.6149756743,10079.8726097587,6358.12846842958,6137.06341024801,5791.72863209789,5258.33250928517,,,,,,,,,,,,ok,,,D30_FE60000_seed101_110_N50_ASE_CLPSO_N40_NRLPSO_shared_prefix
NRLPSO-PaperAligned,26,107,30,60000,40,1,4883.34765722582,4883.34765722582,0,4.7516747,60000,60000,60001,1,1,1,1,1,15055.3487313325,7466.71260038532,5809.91395226061,5689.46902962761,5336.51999194914,4883.34765722582,38608.0,19304.0,30861.0,0.1,0.999385,0.40282584969324,0.995977300617704,5705.0,5335.0,5542.0,4770.0,ok,,,D30_FE60000_seed101_110_N50_ASE_CLPSO_N40_NRLPSO_shared_prefix
ASE-CSO,27,107,30,60000,50,0,3220.20526401198,3220.20526401198,0,8.535137,60000,60000,60001,1,1,1,1,1,5165.26809671158,3226.88072380212,3221.77191524347,3220.79611573583,3220.30772046678,3220.20526401198,,,,,,,,,,,,ok,,,D30_FE60000_seed101_110_N50_ASE_CLPSO_N40_NRLPSO_shared_prefix
CLPSO,27,107,30,60000,50,0,3254.44763406626,3254.44763406626,0,1.2769314,60000,60000,60001,1,1,1,1,1,5165.26809671158,3674.89101880961,3328.99970837489,3277.51577037901,3257.21552074815,3254.44763406626,,,,,,,,,,,,ok,,,D30_FE60000_seed101_110_N50_ASE_CLPSO_N40_NRLPSO_shared_prefix
NRLPSO-PaperAligned,27,107,30,60000,40,1,3200.0070525663,3200.0070525663,0,4.6188796,60000,60000,60001,1,1,1,1,1,5165.26809671158,3200.00742015535,3200.00714474792,3200.00706726723,3200.0070525663,3200.0070525663,39288.0,19644.0,39232.0,0.1,0.999385,0.402419232093376,0.995977300617704,9039.0,2791.0,4030.0,4812.0,ok,,,D30_FE60000_seed101_110_N50_ASE_CLPSO_N40_NRLPSO_shared_prefix
ASE-CSO,28,107,30,60000,50,0,3100.07313375409,3100.07313375409,0,8.4053451,60000,60000,60001,1,1,1,1,1,12183.6389771099,3391.56954521141,3277.16108941977,3209.47741477541,3194.21083991811,3100.07313375409,,,,,,,,,,,,ok,,,D30_FE60000_seed101_110_N50_ASE_CLPSO_N40_NRLPSO_shared_prefix
CLPSO,28,107,30,60000,50,0,3461.3166472937,3461.3166472937,0,1.1339278,60000,60000,60001,1,1,1,1,1,12183.6389771099,6922.32694097841,4141.03422149992,3801.11891104954,3592.9276388972,3461.3166472937,,,,,,,,,,,,ok,,,D30_FE60000_seed101_110_N50_ASE_CLPSO_N40_NRLPSO_shared_prefix
NRLPSO-PaperAligned,28,107,30,60000,40,1,3322.77796118149,3322.77796118149,0,4.6720347,60000,60000,60001,1,1,1,1,1,9630.3501824353,3567.27814921516,3371.77420810029,3347.18911846162,3333.65105876444,3322.77796118149,38276.0,19138.0,20052.0,0.1,0.999385,0.40202491596954,0.995977300617704,5211.0,5372.0,6550.0,4551.0,ok,,,D30_FE60000_seed101_110_N50_ASE_CLPSO_N40_NRLPSO_shared_prefix
ASE-CSO,29,107,30,60000,50,0,3698.29179546588,3698.29179546588,0,8.202167,60000,60000,60001,1,1,1,1,1,99479.6541163727,4240.01490784007,3828.07152803695,3752.57546001069,3719.07653280537,3698.29179546588,,,,,,,,,,,,ok,,,D30_FE60000_seed101_110_N50_ASE_CLPSO_N40_NRLPSO_shared_prefix
CLPSO,29,107,30,60000,50,0,3714.47164655405,3714.47164655405,0,0.9638628,60000,60000,60001,1,1,1,1,1,99479.6541163727,5495.26703041232,4518.87478426245,4070.58979023079,3864.96727956239,3714.47164655405,,,,,,,,,,,,ok,,,D30_FE60000_seed101_110_N50_ASE_CLPSO_N40_NRLPSO_shared_prefix
NRLPSO-PaperAligned,29,107,30,60000,40,1,3747.72979050171,3747.72979050171,0,4.3825786,60000,60000,60001,1,1,1,1,1,42676.4804927048,4646.56027880407,4425.65722702644,4094.18102798964,3998.41695071691,3747.72979050171,38844.0,19422.0,30072.0,0.1,0.999385,0.402916691526593,0.995977300617704,5382.0,4863.0,6076.0,4795.0,ok,,,D30_FE60000_seed101_110_N50_ASE_CLPSO_N40_NRLPSO_shared_prefix
ASE-CSO,30,107,30,60000,50,0,129947.323317137,129947.323317137,0,9.2455729,60000,60000,60001,1,1,1,1,1,5377572843.23492,2266153.76565742,712867.878413108,439960.490764776,346361.925085964,129947.323317137,,,,,,,,,,,,ok,,,D30_FE60000_seed101_110_N50_ASE_CLPSO_N40_NRLPSO_shared_prefix
CLPSO,30,107,30,60000,50,0,1278930.91727931,1278930.91727931,0,1.8926204,60000,60000,60001,1,1,1,1,1,5377572843.23492,320627122.227782,43649304.3224834,13662493.6739121,3494038.34322675,1278930.91727931,,,,,,,,,,,,ok,,,D30_FE60000_seed101_110_N50_ASE_CLPSO_N40_NRLPSO_shared_prefix
NRLPSO-PaperAligned,30,107,30,60000,40,1,808708.549497347,808708.549497347,0,5.0998936,60000,60000,60001,1,1,1,1,1,5377572843.23492,28400195.1128978,12337280.3217355,3305832.19070943,1252419.59415547,808708.549497347,39417.0,19709.0,38884.0,0.1,0.999385,0.402308923012668,0.995977300617704,4976.0,4183.0,7921.0,3463.0,ok,,,D30_FE60000_seed101_110_N50_ASE_CLPSO_N40_NRLPSO_shared_prefix
ASE-CSO,1,108,30,60000,50,0,330.962487657961,330.962487657961,0,7.6257602,60000,60000,60001,1,1,1,1,1,122953117217.503,122924905.129576,23864088.4171508,8841629.30837607,728425.993997811,330.962487657961,,,,,,,,,,,,ok,,,D30_FE60000_seed101_110_N50_ASE_CLPSO_N40_NRLPSO_shared_prefix
CLPSO,1,108,30,60000,50,0,28273675.2307803,28273675.2307803,0,0.4515801,60000,60000,60001,1,1,1,1,1,122953117217.503,30159928855.321,8422368174.98695,1879674607.95211,172963844.363429,28273675.2307803,,,,,,,,,,,,ok,,,D30_FE60000_seed101_110_N50_ASE_CLPSO_N40_NRLPSO_shared_prefix
NRLPSO-PaperAligned,1,108,30,60000,40,1,15633957.8837591,15633957.8837591,0,3.8587278,60000,60000,60001,1,1,1,1,1,122953117217.503,1412009553.41408,674297601.498535,264829600.220037,80232465.996171,15633957.8837591,38268.0,19134.0,831.0,0.1,0.999385,0.402213810555788,0.985996412934936,4693.0,5370.0,6843.0,4786.0,ok,,,D30_FE60000_seed101_110_N50_ASE_CLPSO_N40_NRLPSO_shared_prefix
ASE-CSO,3,108,30,60000,50,0,1511.3165225645,1511.3165225645,0,7.7737245,60000,60000,60001,1,1,1,1,1,22273540.1215761,81293.2353912087,53691.4176900691,28533.3558609787,10320.1179362025,1511.3165225645,,,,,,,,,,,,ok,,,D30_FE60000_seed101_110_N50_ASE_CLPSO_N40_NRLPSO_shared_prefix
CLPSO,3,108,30,60000,50,0,100876.036666732,100876.036666732,0,0.4568221,60000,60000,60001,1,1,1,1,1,22273540.1215761,193177.282377181,158241.579018784,153558.343480907,109300.801310698,100876.036666732,,,,,,,,,,,,ok,,,D30_FE60000_seed101_110_N50_ASE_CLPSO_N40_NRLPSO_shared_prefix
NRLPSO-PaperAligned,3,108,30,60000,40,1,2347.85595930014,2347.85595930014,0,3.809688,60000,60000,60001,1,1,1,1,1,22273540.1215761,89290.5345778438,47370.5239701069,22457.9819505633,6767.70239287305,2347.85595930014,39356.0,19678.0,17303.0,0.1,0.999385,0.402067570664051,0.984451138396422,5720.0,5109.0,5357.0,4418.0,ok,,,D30_FE60000_seed101_110_N50_ASE_CLPSO_N40_NRLPSO_shared_prefix
ASE-CSO,4,108,30,60000,50,0,400.343004456457,400.343004456457,0,7.9038644,60000,60000,60001,1,1,1,1,1,30889.799206062,657.957696143532,472.592396910377,419.506380211984,400.922401191285,400.343004456457,,,,,,,,,,,,ok,,,D30_FE60000_seed101_110_N50_ASE_CLPSO_N40_NRLPSO_shared_prefix
CLPSO,4,108,30,60000,50,0,620.815735813853,620.815735813853,0,0.4586473,60000,60000,60001,1,1,1,1,1,30889.799206062,14865.0770963332,1557.30058038884,962.852548964052,687.831629756852,620.815735813853,,,,,,,,,,,,ok,,,D30_FE60000_seed101_110_N50_ASE_CLPSO_N40_NRLPSO_shared_prefix
NRLPSO-PaperAligned,4,108,30,60000,40,1,475.833581603225,475.833581603225,0,3.9947164,60000,60000,60001,1,1,1,1,1,30889.799206062,681.494097334354,581.355836707556,525.670430761077,496.272277297963,475.833581603225,38398.0,19199.0,27982.0,0.1,0.999385,0.402039605742623,0.986061706400442,5004.0,5374.0,6547.0,4637.0,ok,,,D30_FE60000_seed101_110_N50_ASE_CLPSO_N40_NRLPSO_shared_prefix
ASE-CSO,5,108,30,60000,50,0,594.953640646081,594.953640646081,0,8.479467,60000,60000,60001,1,1,1,1,1,1201.2939218206,755.12099431619,677.602359663053,656.916733707309,619.232829212438,594.953640646081,,,,,,,,,,,,ok,,,D30_FE60000_seed101_110_N50_ASE_CLPSO_N40_NRLPSO_shared_prefix
CLPSO,5,108,30,60000,50,0,656.932422783928,656.932422783928,0,0.5551386,60000,60000,60001,1,1,1,1,1,1201.2939218206,889.865140143018,727.337134017051,699.141924079805,671.321439576928,656.932422783928,,,,,,,,,,,,ok,,,D30_FE60000_seed101_110_N50_ASE_CLPSO_N40_NRLPSO_shared_prefix
NRLPSO-PaperAligned,5,108,30,60000,40,1,613.066922595004,613.066922595004,0,4.2694655,60000,60000,60001,1,1,1,1,1,1171.27433118772,818.176259323366,816.463943244185,747.836420549326,701.970571338454,613.066922595004,38866.0,19433.0,12425.0,0.1,0.999385,0.402136392288055,0.985820369000169,6020.0,4849.0,5331.0,4894.0,ok,,,D30_FE60000_seed101_110_N50_ASE_CLPSO_N40_NRLPSO_shared_prefix
ASE-CSO,6,108,30,60000,50,0,602.761178574532,602.761178574532,0,7.9640123,60000,60000,60001,1,1,1,1,1,753.186278197743,641.857541957235,631.791082831495,609.281123841681,605.140628550961,602.761178574532,,,,,,,,,,,,ok,,,D30_FE60000_seed101_110_N50_ASE_CLPSO_N40_NRLPSO_shared_prefix
CLPSO,6,108,30,60000,50,0,603.166584642918,603.166584642918,0,0.7422906,60000,60000,60001,1,1,1,1,1,753.186278197743,691.813937007422,642.084290355438,620.131549456444,608.624679821879,603.166584642918,,,,,,,,,,,,ok,,,D30_FE60000_seed101_110_N50_ASE_CLPSO_N40_NRLPSO_shared_prefix
NRLPSO-PaperAligned,6,108,30,60000,40,1,614.195839760814,614.195839760814,0,4.3325404,60000,60000,60001,1,1,1,1,1,753.186278197743,655.998906293157,643.53046667685,636.619460698196,618.703136769872,614.195839760814,38788.0,19394.0,8012.0,0.1,0.999385,0.402179903996462,0.985448720693437,5735.0,4986.0,5446.0,5005.0,ok,,,D30_FE60000_seed101_110_N50_ASE_CLPSO_N40_NRLPSO_shared_prefix
ASE-CSO,7,108,30,60000,50,0,826.443813095348,826.443813095348,0,7.8687355,60000,60000,60001,1,1,1,1,1,3099.31894654592,1020.13640544655,929.723811868464,903.295436448983,867.380832613763,826.443813095348,,,,,,,,,,,,ok,,,D30_FE60000_seed101_110_N50_ASE_CLPSO_N40_NRLPSO_shared_prefix
CLPSO,7,108,30,60000,50,0,874.706946551429,874.706946551429,0,0.5609817,60000,60000,60001,1,1,1,1,1,3099.31894654592,1849.83540346364,1148.156401137,999.535035925696,920.275924151027,874.706946551429,,,,,,,,,,,,ok,,,D30_FE60000_seed101_110_N50_ASE_CLPSO_N40_NRLPSO_shared_prefix
NRLPSO-PaperAligned,7,108,30,60000,40,1,945.621840915011,945.621840915011,0,3.9670767,60000,60000,60001,1,1,1,1,1,2887.22641468366,1153.29654683291,1028.2691911929,991.961779410035,955.47420857673,945.621840915011,39036.0,19518.0,479.0,0.1,0.999385,0.402099559775437,0.986035533809329,5284.0,4913.0,5418.0,5309.0,ok,,,D30_FE60000_seed101_110_N50_ASE_CLPSO_N40_NRLPSO_shared_prefix
ASE-CSO,8,108,30,60000,50,0,937.308761307189,937.308761307189,0,8.0702334,60000,60000,60001,1,1,1,1,1,1410.54864010578,1004.5968234623,967.834433777533,957.36189929544,946.742262657195,937.308761307189,,,,,,,,,,,,ok,,,D30_FE60000_seed101_110_N50_ASE_CLPSO_N40_NRLPSO_shared_prefix
CLPSO,8,108,30,60000,50,0,954.495250416683,954.495250416683,0,0.5445716,60000,60000,60001,1,1,1,1,1,1410.54864010578,1219.26082512989,1052.57564097695,993.682543593246,967.865597363261,954.495250416683,,,,,,,,,,,,ok,,,D30_FE60000_seed101_110_N50_ASE_CLPSO_N40_NRLPSO_shared_prefix
NRLPSO-PaperAligned,8,108,30,60000,40,1,890.79937272416,890.79937272416,0,4.0435461,60000,60000,60001,1,1,1,1,1,1410.54864010578,1125.92073247651,1041.82825317419,1037.87120130341,958.508844120969,890.79937272416,38783.0,19392.0,3361.0,0.1,0.999385,0.402201069172516,0.985722566814187,6128.0,4759.0,5208.0,5082.0,ok,,,D30_FE60000_seed101_110_N50_ASE_CLPSO_N40_NRLPSO_shared_prefix
ASE-CSO,9,108,30,60000,50,0,1350.29367906012,1350.29367906012,0,7.8502382,60000,60000,60001,1,1,1,1,1,44774.2801754883,5796.86091006793,3638.14406910955,2888.71048240365,1558.95050250401,1350.29367906012,,,,,,,,,,,,ok,,,D30_FE60000_seed101_110_N50_ASE_CLPSO_N40_NRLPSO_shared_prefix
CLPSO,9,108,30,60000,50,0,2782.13809484034,2782.13809484034,0,0.5505511,60000,60000,60001,1,1,1,1,1,44774.2801754883,16377.7015405903,5020.84553620708,5020.84553620708,4050.00211150446,2782.13809484034,,,,,,,,,,,,ok,,,D30_FE60000_seed101_110_N50_ASE_CLPSO_N40_NRLPSO_shared_prefix
NRLPSO-PaperAligned,9,108,30,60000,40,1,1535.60079708843,1535.60079708843,0,3.8804093,60000,60000,60001,1,1,1,1,1,36559.7483301205,5215.31209381109,3103.33692462035,1978.73373221781,1649.13435508655,1535.60079708843,38947.0,19474.0,5419.0,0.1,0.999385,0.402131847018947,0.985546522879419,5663.0,5138.0,5027.0,5185.0,ok,,,D30_FE60000_seed101_110_N50_ASE_CLPSO_N40_NRLPSO_shared_prefix
ASE-CSO,10,108,30,60000,50,0,5565.69318398287,5565.69318398287,0,7.7764628,60000,60000,60001,1,1,1,1,1,10509.4521527635,7521.78505167341,6944.94867013159,6643.28034188803,5966.03713874529,5565.69318398287,,,,,,,,,,,,ok,,,D30_FE60000_seed101_110_N50_ASE_CLPSO_N40_NRLPSO_shared_prefix
CLPSO,10,108,30,60000,50,0,6053.14121033889,6053.14121033889,0,0.6396349,60000,60000,60001,1,1,1,1,1,10509.4521527635,8713.92108281576,7123.17110119778,6760.53032121928,6375.08024555404,6053.14121033889,,,,,,,,,,,,ok,,,D30_FE60000_seed101_110_N50_ASE_CLPSO_N40_NRLPSO_shared_prefix
NRLPSO-PaperAligned,10,108,30,60000,40,1,5306.40838395676,5306.40838395676,0,3.9756073,60000,60000,60001,1,1,1,1,1,10955.1421817279,8977.61574440297,8721.06109782717,8201.4072398828,7359.65202229451,5306.40838395676,39340.0,19670.0,15784.0,0.1,0.999385,0.402351367453066,0.983962127466513,6099.0,4566.0,5214.0,4741.0,ok,,,D30_FE60000_seed101_110_N50_ASE_CLPSO_N40_NRLPSO_shared_prefix
ASE-CSO,11,108,30,60000,50,0,1174.45909189393,1174.45909189393,0,7.7161672,60000,60000,60001,1,1,1,1,1,44708.871789938,1401.49275047016,1190.14045988355,1179.68871737792,1175.09321108298,1174.45909189393,,,,,,,,,,,,ok,,,D30_FE60000_seed101_110_N50_ASE_CLPSO_N40_NRLPSO_shared_prefix
CLPSO,11,108,30,60000,50,0,1391.27298698904,1391.27298698904,0,0.4907983,60000,60000,60001,1,1,1,1,1,44708.871789938,9996.5150303413,3672.25627278428,1723.82679386453,1517.02461417637,1391.27298698904,,,,,,,,,,,,ok,,,D30_FE60000_seed101_110_N50_ASE_CLPSO_N40_NRLPSO_shared_prefix
NRLPSO-PaperAligned,11,108,30,60000,40,1,1227.03130422914,1227.03130422914,0,3.9171949,60000,60000,60001,1,1,1,1,1,44708.871789938,2015.88634661597,1480.84491153816,1385.38795391406,1291.48535515642,1227.03130422914,39179.0,19590.0,14562.0,0.1,0.999385,0.402240006611604,0.984803226265957,5649.0,5048.0,5328.0,4756.0,ok,,,D30_FE60000_seed101_110_N50_ASE_CLPSO_N40_NRLPSO_shared_prefix
ASE-CSO,12,108,30,60000,50,0,246689.291529955,246689.291529955,0,8.0999821,60000,60000,60001,1,1,1,1,1,26820406856.5726,66593389.9459007,16384766.5906885,5822500.6362063,859286.819012157,246689.291529955,,,,,,,,,,,,ok,,,D30_FE60000_seed101_110_N50_ASE_CLPSO_N40_NRLPSO_shared_prefix
CLPSO,12,108,30,60000,50,0,30056575.3659997,30056575.3659997,0,0.5386624,60000,60000,60001,1,1,1,1,1,26820406856.5726,7086340778.27326,998181658.77569,135439684.298824,82549568.0804818,30056575.3659997,,,,,,,,,,,,ok,,,D30_FE60000_seed101_110_N50_ASE_CLPSO_N40_NRLPSO_shared_prefix
NRLPSO-PaperAligned,12,108,30,60000,40,1,13844115.917269,13844115.917269,0,4.011129,60000,60000,60001,1,1,1,1,1,31986891993.9535,249689629.211626,128559951.552418,124579549.374781,114220596.19851,13844115.917269,38453.0,19227.0,26872.0,0.1,0.999385,0.402274723940957,0.985937731623347,4930.0,5179.0,6855.0,4543.0,ok,,,D30_FE60000_seed101_110_N50_ASE_CLPSO_N40_NRLPSO_shared_prefix
ASE-CSO,13,108,30,60000,50,0,36413.6087662767,36413.6087662767,0,7.8320778,60000,60000,60001,1,1,1,1,1,31267329453.5769,1228197.93826592,451294.487352157,253474.942435986,242333.208840034,36413.6087662767,,,,,,,,,,,,ok,,,D30_FE60000_seed101_110_N50_ASE_CLPSO_N40_NRLPSO_shared_prefix
CLPSO,13,108,30,60000,50,0,2999057.97345091,2999057.97345091,0,0.4691578,60000,60000,60001,1,1,1,1,1,31267329453.5769,4323931937.52176,384110830.526063,116964949.295822,16297041.3507052,2999057.97345091,,,,,,,,,,,,ok,,,D30_FE60000_seed101_110_N50_ASE_CLPSO_N40_NRLPSO_shared_prefix
NRLPSO-PaperAligned,13,108,30,60000,40,1,239561.992490679,239561.992490679,0,3.7554842,60000,60000,60001,1,1,1,1,1,23374856510.1779,50802055.2842101,27930298.202869,7089068.79218979,1905231.13809545,239561.992490679,39033.0,19517.0,20795.0,0.1,0.999385,0.402199119550875,0.985644325065401,4968.0,4821.0,7006.0,4132.0,ok,,,D30_FE60000_seed101_110_N50_ASE_CLPSO_N40_NRLPSO_shared_prefix
ASE-CSO,14,108,30,60000,50,0,32221.3885877462,32221.3885877462,0,8.2088135,60000,60000,60001,1,1,1,1,1,107924551.681383,214465.326866584,144765.40569091,144748.599123484,107752.261394865,32221.3885877462,,,,,,,,,,,,ok,,,D30_FE60000_seed101_110_N50_ASE_CLPSO_N40_NRLPSO_shared_prefix
CLPSO,14,108,30,60000,50,0,64003.1976031405,64003.1976031405,0,0.5290741,60000,60000,60001,1,1,1,1,1,107924551.681383,831978.966438144,88507.8462645031,87405.6887571766,75683.2830919288,64003.1976031405,,,,,,,,,,,,ok,,,D30_FE60000_seed101_110_N50_ASE_CLPSO_N40_NRLPSO_shared_prefix
NRLPSO-PaperAligned,14,108,30,60000,40,1,9936.65370866938,9936.65370866938,0,3.9345824,60000,60000,60001,1,1,1,1,1,107924551.681383,37115.8759902743,10621.0224858126,10621.0224858126,10621.0224858126,9936.65370866938,39462.0,19731.0,37625.0,0.1,0.999385,0.402457506965912,0.985233555884277,5572.0,4692.0,5868.0,4366.0,ok,,,D30_FE60000_seed101_110_N50_ASE_CLPSO_N40_NRLPSO_shared_prefix
ASE-CSO,15,108,30,60000,50,0,16513.8410011773,16513.8410011773,0,7.6662798,60000,60000,60001,1,1,1,1,1,214535083.740844,672758.964851921,102774.591708793,32815.3370022949,17877.213024442,16513.8410011773,,,,,,,,,,,,ok,,,D30_FE60000_seed101_110_N50_ASE_CLPSO_N40_NRLPSO_shared_prefix
CLPSO,15,108,30,60000,50,0,285702.973250567,285702.973250567,0,0.4636989,60000,60000,60001,1,1,1,1,1,214535083.740844,69410761.0417367,26677602.4276097,7056206.94740973,914652.277806177,285702.973250567,,,,,,,,,,,,ok,,,D30_FE60000_seed101_110_N50_ASE_CLPSO_N40_NRLPSO_shared_prefix
NRLPSO-PaperAligned,15,108,30,60000,40,1,114125.743953215,114125.743953215,0,3.7537356,60000,60000,60001,1,1,1,1,1,214535083.740844,6383778.0467361,2098477.77807872,2098477.77807872,758807.398130533,114125.743953215,39239.0,19620.0,34331.0,0.1,0.999385,0.402006891928875,0.985468281130634,5132.0,4619.0,6843.0,4127.0,ok,,,D30_FE60000_seed101_110_N50_ASE_CLPSO_N40_NRLPSO_shared_prefix
ASE-CSO,16,108,30,60000,50,0,2351.68364398367,2351.68364398367,0,7.8835801,60000,60000,60001,1,1,1,1,1,12752.3034603477,2584.72869711287,2472.14822880642,2387.3528123009,2358.2964895498,2351.68364398367,,,,,,,,,,,,ok,,,D30_FE60000_seed101_110_N50_ASE_CLPSO_N40_NRLPSO_shared_prefix
CLPSO,16,108,30,60000,50,0,2767.88165628026,2767.88165628026,0,0.5178701,60000,60000,60001,1,1,1,1,1,12752.3034603477,4207.25734967504,3924.90869893647,3207.767994114,2809.40970792867,2767.88165628026,,,,,,,,,,,,ok,,,D30_FE60000_seed101_110_N50_ASE_CLPSO_N40_NRLPSO_shared_prefix
NRLPSO-PaperAligned,16,108,30,60000,40,1,2918.43568961672,2918.43568961672,0,3.9329296,60000,60000,60001,1,1,1,1,1,10059.2577187241,3837.43447580654,3802.62875606026,3381.64695266961,3219.64237426387,2918.43568961672,39158.0,19579.0,31123.0,0.1,0.999385,0.402021554487815,0.985624764628205,5557.0,4848.0,5509.0,4888.0,ok,,,D30_FE60000_seed101_110_N50_ASE_CLPSO_N40_NRLPSO_shared_prefix
ASE-CSO,17,108,30,60000,50,0,1831.29945578569,1831.29945578569,0,7.9451218,60000,60000,60001,1,1,1,1,1,47689.142867171,1923.29861900202,1854.26648056311,1854.25620418293,1840.20358803697,1831.29945578569,,,,,,,,,,,,ok,,,D30_FE60000_seed101_110_N50_ASE_CLPSO_N40_NRLPSO_shared_prefix
CLPSO,17,108,30,60000,50,0,2001.60202223753,2001.60202223753,0,0.6669955,60000,60000,60001,1,1,1,1,1,47689.142867171,3318.39791900117,2384.81433081485,2324.0442172012,2015.70424774767,2001.60202223753,,,,,,,,,,,,ok,,,D30_FE60000_seed101_110_N50_ASE_CLPSO_N40_NRLPSO_shared_prefix
NRLPSO-PaperAligned,17,108,30,60000,40,1,2043.90397161814,2043.90397161814,0,3.9913787,60000,60000,60001,1,1,1,1,1,14367.362421552,2610.16726701985,2357.51122344786,2276.96910822218,2078.25275392725,2043.90397161814,39106.0,19553.0,25473.0,0.1,0.999385,0.40236148331263,0.985800808562972,5735.0,5062.0,5549.0,4508.0,ok,,,D30_FE60000_seed101_110_N50_ASE_CLPSO_N40_NRLPSO_shared_prefix
ASE-CSO,18,108,30,60000,50,0,90396.8748491011,90396.8748491011,0,7.611711,60000,60000,60001,1,1,1,1,1,988666124.75371,198903.228578555,115207.607615769,113762.052309125,94220.9804194067,90396.8748491011,,,,,,,,,,,,ok,,,D30_FE60000_seed101_110_N50_ASE_CLPSO_N40_NRLPSO_shared_prefix
CLPSO,18,108,30,60000,50,0,1298299.31625973,1298299.31625973,0,0.5111249,60000,60000,60001,1,1,1,1,1,988666124.75371,29081181.976896,4707504.67436683,1938571.93867772,1381551.57576288,1298299.31625973,,,,,,,,,,,,ok,,,D30_FE60000_seed101_110_N50_ASE_CLPSO_N40_NRLPSO_shared_prefix
NRLPSO-PaperAligned,18,108,30,60000,40,1,110690.416241275,110690.416241275,0,3.7860308,60000,60000,60001,1,1,1,1,1,988666124.75371,4069680.17636694,447371.646600629,373338.793428949,373338.793428949,110690.416241275,39377.0,19689.0,33866.0,0.1,0.999385,0.4026083413288,0.985390039381848,5521.0,4746.0,6000.0,4316.0,ok,,,D30_FE60000_seed101_110_N50_ASE_CLPSO_N40_NRLPSO_shared_prefix
ASE-CSO,19,108,30,60000,50,0,11204.799556283,11204.799556283,0,8.8212619,60000,60000,60001,1,1,1,1,1,16502700935.3475,312220.05763591,31744.8032679818,23451.8673872958,12674.3662065561,11204.799556283,,,,,,,,,,,,ok,,,D30_FE60000_seed101_110_N50_ASE_CLPSO_N40_NRLPSO_shared_prefix
CLPSO,19,108,30,60000,50,0,158876.310532298,158876.310532298,0,1.5944149,60000,60000,60001,1,1,1,1,1,16502700935.3475,1132727577.96241,23146002.2602207,4133691.37736978,239727.461396741,158876.310532298,,,,,,,,,,,,ok,,,D30_FE60000_seed101_110_N50_ASE_CLPSO_N40_NRLPSO_shared_prefix
NRLPSO-PaperAligned,19,108,30,60000,40,1,749794.522010507,749794.522010507,0,4.8464439,60000,60000,60001,1,1,1,1,1,9944391987.39784,9159812.40853467,3931689.61263642,3931689.61263642,1803410.43469889,749794.522010507,39259.0,19630.0,28815.0,0.1,0.999385,0.40218685481173,0.985742127251383,5163.0,4629.0,6796.0,4113.0,ok,,,D30_FE60000_seed101_110_N50_ASE_CLPSO_N40_NRLPSO_shared_prefix
ASE-CSO,20,108,30,60000,50,0,2320.44215235995,2320.44215235995,0,8.0159965,60000,60000,60001,1,1,1,1,1,3891.63942513112,2547.15310554267,2387.85427833581,2353.13946115702,2325.25352215215,2320.44215235995,,,,,,,,,,,,ok,,,D30_FE60000_seed101_110_N50_ASE_CLPSO_N40_NRLPSO_shared_prefix
CLPSO,20,108,30,60000,50,0,2465.75231354151,2465.75231354151,0,0.6910992,60000,60000,60001,1,1,1,1,1,3891.63942513112,3158.70733427085,2692.26809103319,2593.9791613871,2524.98766797418,2465.75231354151,,,,,,,,,,,,ok,,,D30_FE60000_seed101_110_N50_ASE_CLPSO_N40_NRLPSO_shared_prefix
NRLPSO-PaperAligned,20,108,30,60000,40,1,2452.34260601168,2452.34260601168,0,3.9872892,60000,60000,60001,1,1,1,1,1,3891.63942513112,2818.19401063494,2627.90263817643,2551.34793050331,2539.32910022748,2452.34260601168,39380.0,19690.0,17336.0,0.1,0.999385,0.402536771760706,0.984040369215299,5261.0,4892.0,6114.0,4313.0,ok,,,D30_FE60000_seed101_110_N50_ASE_CLPSO_N40_NRLPSO_shared_prefix
ASE-CSO,21,108,30,60000,50,0,2444.08667416778,2444.08667416778,0,7.9840583,60000,60000,60001,1,1,1,1,1,3003.40129321915,2534.21599861573,2475.34119313493,2459.07011102763,2447.82325812678,2444.08667416778,,,,,,,,,,,,ok,,,D30_FE60000_seed101_110_N50_ASE_CLPSO_N40_NRLPSO_shared_prefix
CLPSO,21,108,30,60000,50,0,2467.18819868898,2467.18819868898,0,0.8146838,60000,60000,60001,1,1,1,1,1,3003.40129321915,2689.09112177927,2556.30513242701,2537.5342811856,2485.08529345955,2467.18819868898,,,,,,,,,,,,ok,,,D30_FE60000_seed101_110_N50_ASE_CLPSO_N40_NRLPSO_shared_prefix
NRLPSO-PaperAligned,21,108,30,60000,40,1,2500.38569660059,2500.38569660059,0,4.2250516,60000,60000,60001,1,1,1,1,1,2860.7395762943,2618.42525269718,2596.87934228972,2595.0180376739,2583.41872626954,2500.38569660059,39319.0,19660.0,22324.0,0.1,0.999385,0.402019914961486,0.985742127251383,5922.0,4621.0,5151.0,4947.0,ok,,,D30_FE60000_seed101_110_N50_ASE_CLPSO_N40_NRLPSO_shared_prefix
ASE-CSO,22,108,30,60000,50,0,2300.01232486649,2300.01232486649,0,7.9414461,60000,60000,60001,1,1,1,1,1,11529.5547540601,2424.02922886022,2325.95115692235,2318.85540396618,2305.95537439831,2300.01232486649,,,,,,,,,,,,ok,,,D30_FE60000_seed101_110_N50_ASE_CLPSO_N40_NRLPSO_shared_prefix
CLPSO,22,108,30,60000,50,0,3291.35887128784,3291.35887128784,0,0.9533865,60000,60000,60001,1,1,1,1,1,11529.5547540601,9337.242276985,8748.76579594912,4822.4711275027,3671.55365605085,3291.35887128784,,,,,,,,,,,,ok,,,D30_FE60000_seed101_110_N50_ASE_CLPSO_N40_NRLPSO_shared_prefix
NRLPSO-PaperAligned,22,108,30,60000,40,1,2317.50026393168,2317.50026393168,0,4.457159,60000,60000,60001,1,1,1,1,1,11529.5547540601,2808.56964774218,2396.60518910337,2363.98528295254,2344.26322388175,2317.50026393168,37878.0,18939.0,2461.0,0.1,0.999385,0.402034965732658,0.984099050526888,5499.0,5715.0,7230.0,3638.0,ok,,,D30_FE60000_seed101_110_N50_ASE_CLPSO_N40_NRLPSO_shared_prefix
ASE-CSO,23,108,30,60000,50,0,2818.03159487673,2818.03159487673,0,8.2298191,60000,60000,60001,1,1,1,1,1,4139.97885097928,2945.05012620221,2847.09753175162,2832.1550038576,2818.35355106328,2818.03159487673,,,,,,,,,,,,ok,,,D30_FE60000_seed101_110_N50_ASE_CLPSO_N40_NRLPSO_shared_prefix
CLPSO,23,108,30,60000,50,0,2813.41111176606,2813.41111176606,0,0.9838117,60000,60000,60001,1,1,1,1,1,4139.97885097928,3174.90162457601,2988.8205607708,2866.46456452763,2849.63127870163,2813.41111176606,,,,,,,,,,,,ok,,,D30_FE60000_seed101_110_N50_ASE_CLPSO_N40_NRLPSO_shared_prefix
NRLPSO-PaperAligned,23,108,30,60000,40,1,2813.29800276655,2813.29800276655,0,4.3265491,60000,60000,60001,1,1,1,1,1,4383.11951787553,2975.48339949125,2892.37761463676,2846.49468407388,2834.40608227754,2813.29800276655,38720.0,19360.0,35181.0,0.1,0.999385,0.403013006843755,0.985390039381848,5600.0,4806.0,6105.0,4729.0,ok,,,D30_FE60000_seed101_110_N50_ASE_CLPSO_N40_NRLPSO_shared_prefix
ASE-CSO,24,108,30,60000,50,0,2980.04384279114,2980.04384279114,0,8.2127735,60000,60000,60001,1,1,1,1,1,4718.21272899165,3054.46611430072,3024.61341306192,2996.55377801668,2983.31256595344,2980.04384279114,,,,,,,,,,,,ok,,,D30_FE60000_seed101_110_N50_ASE_CLPSO_N40_NRLPSO_shared_prefix
CLPSO,24,108,30,60000,50,0,3062.26521961965,3062.26521961965,0,1.0682809,60000,60000,60001,1,1,1,1,1,4718.21272899165,3220.64113295392,3149.63189584671,3071.33274385459,3062.26521961965,3062.26521961965,,,,,,,,,,,,ok,,,D30_FE60000_seed101_110_N50_ASE_CLPSO_N40_NRLPSO_shared_prefix
NRLPSO-PaperAligned,24,108,30,60000,40,1,2949.7323190978,2949.7323190978,0,4.5044,60000,60000,60001,1,1,1,1,1,4718.21272899165,3167.13411368189,3050.87154861132,3012.236477113,2961.97538089758,2949.7323190978,38208.0,19104.0,29598.0,0.1,0.999385,0.402617846741846,0.985468281130634,5606.0,5258.0,6379.0,4509.0,ok,,,D30_FE60000_seed101_110_N50_ASE_CLPSO_N40_NRLPSO_shared_prefix
ASE-CSO,25,108,30,60000,50,0,2941.45785604595,2941.45785604595,0,8.2372395,60000,60000,60001,1,1,1,1,1,21398.4115217614,3019.27266667671,2956.43783011155,2952.89156898258,2943.65967475577,2941.45785604595,,,,,,,,,,,,ok,,,D30_FE60000_seed101_110_N50_ASE_CLPSO_N40_NRLPSO_shared_prefix
CLPSO,25,108,30,60000,50,0,2947.375966713,2947.375966713,0,0.9757028,60000,60000,60001,1,1,1,1,1,21398.4115217614,7506.33899591133,3562.41627287151,3172.66783987716,3009.6669734309,2947.375966713,,,,,,,,,,,,ok,,,D30_FE60000_seed101_110_N50_ASE_CLPSO_N40_NRLPSO_shared_prefix
NRLPSO-PaperAligned,25,108,30,60000,40,1,2936.24950697904,2936.24950697904,0,4.3487475,60000,60000,60001,1,1,1,1,1,18338.8872072175,3117.57366442875,2997.78019235282,2970.48194692492,2946.61981812936,2936.24950697904,38204.0,19102.0,2762.0,0.1,0.999385,0.402837082682501,0.985879050311758,5075.0,5382.0,6760.0,4539.0,ok,,,D30_FE60000_seed101_110_N50_ASE_CLPSO_N40_NRLPSO_shared_prefix
ASE-CSO,26,108,30,60000,50,0,4741.9381600001,4741.9381600001,0,8.5605788,60000,60000,60001,1,1,1,1,1,15769.3778291431,5832.68990379823,5400.69712480401,5050.35787080078,4930.70212966146,4741.9381600001,,,,,,,,,,,,ok,,,D30_FE60000_seed101_110_N50_ASE_CLPSO_N40_NRLPSO_shared_prefix
CLPSO,26,108,30,60000,50,0,5320.0162523582,5320.0162523582,0,1.1339616,60000,60000,60001,1,1,1,1,1,15769.3778291431,9707.94254454425,7003.78497193813,5869.72922861372,5497.08556628069,5320.0162523582,,,,,,,,,,,,ok,,,D30_FE60000_seed101_110_N50_ASE_CLPSO_N40_NRLPSO_shared_prefix
NRLPSO-PaperAligned,26,108,30,60000,40,1,4993.72165244315,4993.72165244315,0,4.4630616,60000,60000,60001,1,1,1,1,1,15769.3778291431,6864.27834970488,6245.56363557966,6205.57493870741,5487.48200705522,4993.72165244315,38694.0,19347.0,23892.0,0.1,0.999385,0.402526064017547,0.985820369000169,5686.0,4964.0,5740.0,4876.0,ok,,,D30_FE60000_seed101_110_N50_ASE_CLPSO_N40_NRLPSO_shared_prefix
ASE-CSO,27,108,30,60000,50,0,3241.3495858212,3241.3495858212,0,8.3447902,60000,60000,60001,1,1,1,1,1,4948.99910763475,3261.19223757385,3244.8334070355,3242.31663018384,3241.53026994584,3241.3495858212,,,,,,,,,,,,ok,,,D30_FE60000_seed101_110_N50_ASE_CLPSO_N40_NRLPSO_shared_prefix
CLPSO,27,108,30,60000,50,0,3242.66225178796,3242.66225178796,0,1.2774749,60000,60000,60001,1,1,1,1,1,4948.99910763475,3658.68213292116,3359.16275286911,3295.48617615354,3253.59986767796,3242.66225178796,,,,,,,,,,,,ok,,,D30_FE60000_seed101_110_N50_ASE_CLPSO_N40_NRLPSO_shared_prefix
NRLPSO-PaperAligned,27,108,30,60000,40,1,3200.00701222497,3200.00701222497,0,4.5235655,60000,60000,60001,1,1,1,1,1,6312.54990460735,3200.00733104759,3200.00706767982,3200.00701222497,3200.00701222497,3200.00701222497,39838.0,19919.0,39820.0,0.1,0.999385,0.402023080883153,0.984685863642779,6971.0,3834.0,4729.0,4588.0,ok,,,D30_FE60000_seed101_110_N50_ASE_CLPSO_N40_NRLPSO_shared_prefix
ASE-CSO,28,108,30,60000,50,0,3227.4248166798,3227.4248166798,0,8.277311,60000,60000,60001,1,1,1,1,1,14007.9492139593,3407.75740419634,3371.90609143229,3351.4107230058,3327.14860430182,3227.4248166798,,,,,,,,,,,,ok,,,D30_FE60000_seed101_110_N50_ASE_CLPSO_N40_NRLPSO_shared_prefix
CLPSO,28,108,30,60000,50,0,3440.85585888835,3440.85585888835,0,1.1493844,60000,60000,60001,1,1,1,1,1,14007.9492139593,7292.39872572975,5195.10067537234,4075.91908563857,3605.8959945657,3440.85585888835,,,,,,,,,,,,ok,,,D30_FE60000_seed101_110_N50_ASE_CLPSO_N40_NRLPSO_shared_prefix
NRLPSO-PaperAligned,28,108,30,60000,40,1,3274.01660394719,3274.01660394719,0,4.5799711,60000,60000,60001,1,1,1,1,1,13230.2691580332,3486.19084662029,3337.04835079822,3308.87091363863,3300.43766691332,3274.01660394719,37974.0,18987.0,14044.0,0.1,0.999385,0.402423400146931,0.985898610748954,4934.0,5423.0,7141.0,4488.0,ok,,,D30_FE60000_seed101_110_N50_ASE_CLPSO_N40_NRLPSO_shared_prefix
ASE-CSO,29,108,30,60000,50,0,3988.54108601033,3988.54108601033,0,8.2673621,60000,60000,60001,1,1,1,1,1,28085.9368686383,4616.72867801786,4437.86090655539,4245.01592387708,4122.46674633639,3988.54108601033,,,,,,,,,,,,ok,,,D30_FE60000_seed101_110_N50_ASE_CLPSO_N40_NRLPSO_shared_prefix
CLPSO,29,108,30,60000,50,0,3985.37415980128,3985.37415980128,0,0.9200045,60000,60000,60001,1,1,1,1,1,28085.9368686383,5509.60269007689,4636.40671967468,4364.29050695482,4152.69041525359,3985.37415980128,,,,,,,,,,,,ok,,,D30_FE60000_seed101_110_N50_ASE_CLPSO_N40_NRLPSO_shared_prefix
NRLPSO-PaperAligned,29,108,30,60000,40,1,3907.1408188053,3907.1408188053,0,4.18985,60000,60000,60001,1,1,1,1,1,28085.9368686383,4306.02828806554,4300.74407500932,4300.74407500932,3907.1408188053,3907.1408188053,39538.0,19769.0,39201.0,0.1,0.999385,0.402533996204086,0.985800808562972,5803.0,4244.0,6374.0,4001.0,ok,,,D30_FE60000_seed101_110_N50_ASE_CLPSO_N40_NRLPSO_shared_prefix
ASE-CSO,30,108,30,60000,50,0,13821.6309717266,13821.6309717266,0,9.1800397,60000,60000,60001,1,1,1,1,1,4420054715.83001,15344071.2090091,3327606.40721765,707150.054602413,341140.601997349,13821.6309717266,,,,,,,,,,,,ok,,,D30_FE60000_seed101_110_N50_ASE_CLPSO_N40_NRLPSO_shared_prefix
CLPSO,30,108,30,60000,50,0,1314626.90573488,1314626.90573488,0,1.8802688,60000,60000,60001,1,1,1,1,1,4420054715.83001,474522748.889466,17295786.1772357,6653129.77950013,2895030.23846294,1314626.90573488,,,,,,,,,,,,ok,,,D30_FE60000_seed101_110_N50_ASE_CLPSO_N40_NRLPSO_shared_prefix
NRLPSO-PaperAligned,30,108,30,60000,40,1,488931.295028481,488931.295028481,0,5.2747523,60000,60000,60001,1,1,1,1,1,4420054715.83001,6635581.77502985,2973740.74850875,1673675.85255716,510026.737261135,488931.295028481,39474.0,19737.0,38892.0,0.1,0.999385,0.402135557619529,0.985898610748954,4858.0,4044.0,7912.0,3672.0,ok,,,D30_FE60000_seed101_110_N50_ASE_CLPSO_N40_NRLPSO_shared_prefix
ASE-CSO,1,109,30,60000,50,0,1675.77666116921,1675.77666116921,0,7.4747204,60000,60000,60001,1,1,1,1,1,134193103363.669,93158141.2307064,27372683.5173032,10558137.8796158,210147.884668817,1675.77666116921,,,,,,,,,,,,ok,,,D30_FE60000_seed101_110_N50_ASE_CLPSO_N40_NRLPSO_shared_prefix
CLPSO,1,109,30,60000,50,0,29526437.5524582,29526437.5524582,0,0.4261305,60000,60000,60001,1,1,1,1,1,134193103363.669,59666583100.5653,10341880880.2953,2408965643.88841,231389500.673498,29526437.5524582,,,,,,,,,,,,ok,,,D30_FE60000_seed101_110_N50_ASE_CLPSO_N40_NRLPSO_shared_prefix
NRLPSO-PaperAligned,1,109,30,60000,40,1,3420007.12667203,3420007.12667203,0,3.9080779,60000,60000,60001,1,1,1,1,1,93489795027.9951,2482609161.56468,661528969.052833,317361489.353212,105012118.538903,3420007.12667203,37956.0,18978.0,1236.0,0.1,0.999385,0.402102780998874,0.983411507199297,4998.0,5604.0,6795.0,4607.0,ok,,,D30_FE60000_seed101_110_N50_ASE_CLPSO_N40_NRLPSO_shared_prefix
ASE-CSO,3,109,30,60000,50,0,12127.9872611923,12127.9872611923,0,7.5814709,60000,60000,60001,1,1,1,1,1,347309.785656338,101791.587744098,51101.344864069,40704.1695174286,27650.4433519406,12127.9872611923,,,,,,,,,,,,ok,,,D30_FE60000_seed101_110_N50_ASE_CLPSO_N40_NRLPSO_shared_prefix
CLPSO,3,109,30,60000,50,0,93918.2190362272,93918.2190362272,0,0.4699639,60000,60000,60001,1,1,1,1,1,347309.785656338,181458.922312243,154703.495124449,154703.495124449,134039.292116417,93918.2190362272,,,,,,,,,,,,ok,,,D30_FE60000_seed101_110_N50_ASE_CLPSO_N40_NRLPSO_shared_prefix
NRLPSO-PaperAligned,3,109,30,60000,40,1,7228.34767672461,7228.34767672461,0,3.7696778,60000,60000,60001,1,1,1,1,1,347309.785656338,105577.571650017,51803.5292002736,26903.115631278,16684.6520705031,7228.34767672461,39438.0,19719.0,17716.0,0.1,0.999385,0.402030496102085,0.979737071957053,6008.0,4886.0,5334.0,4294.0,ok,,,D30_FE60000_seed101_110_N50_ASE_CLPSO_N40_NRLPSO_shared_prefix
ASE-CSO,4,109,30,60000,50,0,508.97726402721,508.97726402721,0,7.8441684,60000,60000,60001,1,1,1,1,1,57329.1826279584,585.547091028095,530.671940365814,516.178075461568,511.766377967941,508.97726402721,,,,,,,,,,,,ok,,,D30_FE60000_seed101_110_N50_ASE_CLPSO_N40_NRLPSO_shared_prefix
CLPSO,4,109,30,60000,50,0,637.874048323802,637.874048323802,0,0.4580931,60000,60000,60001,1,1,1,1,1,57329.1826279584,12081.7606647114,1971.97365466964,942.231730400306,726.261987629593,637.874048323802,,,,,,,,,,,,ok,,,D30_FE60000_seed101_110_N50_ASE_CLPSO_N40_NRLPSO_shared_prefix
NRLPSO-PaperAligned,4,109,30,60000,40,1,552.888171588262,552.888171588262,0,3.8043515,60000,60000,60001,1,1,1,1,1,34357.9069407149,677.827126926498,602.213529653049,581.430834808927,555.728932127527,552.888171588262,38656.0,19328.0,31792.0,0.1,0.999385,0.402545251638808,0.983838612817641,4859.0,5269.0,6799.0,4377.0,ok,,,D30_FE60000_seed101_110_N50_ASE_CLPSO_N40_NRLPSO_shared_prefix
ASE-CSO,5,109,30,60000,50,0,648.603158897109,648.603158897109,0,8.1305625,60000,60000,60001,1,1,1,1,1,1192.83548845326,739.77533578762,682.675842970359,661.224768957616,655.174394024526,648.603158897109,,,,,,,,,,,,ok,,,D30_FE60000_seed101_110_N50_ASE_CLPSO_N40_NRLPSO_shared_prefix
CLPSO,5,109,30,60000,50,0,643.029178859164,643.029178859164,0,0.5639723,60000,60000,60001,1,1,1,1,1,1192.83548845326,902.763360463857,717.806059843901,682.584865034234,670.671447917424,643.029178859164,,,,,,,,,,,,ok,,,D30_FE60000_seed101_110_N50_ASE_CLPSO_N40_NRLPSO_shared_prefix
NRLPSO-PaperAligned,5,109,30,60000,40,1,574.426137082519,574.426137082519,0,3.7627392,60000,60000,60001,1,1,1,1,1,1187.4726429028,752.305807521267,696.728314868511,693.240610260235,658.811123341784,574.426137082519,38782.0,19391.0,12885.0,0.1,0.999385,0.402210203629764,0.98229638031379,5991.0,4940.0,5422.0,4825.0,ok,,,D30_FE60000_seed101_110_N50_ASE_CLPSO_N40_NRLPSO_shared_prefix
ASE-CSO,6,109,30,60000,50,0,609.333053784896,609.333053784896,0,8.1783155,60000,60000,60001,1,1,1,1,1,704.218363779283,630.174016767958,622.456387098482,619.681806835472,614.81020452794,609.333053784896,,,,,,,,,,,,ok,,,D30_FE60000_seed101_110_N50_ASE_CLPSO_N40_NRLPSO_shared_prefix
CLPSO,6,109,30,60000,50,0,604.151216014037,604.151216014037,0,0.7744014,60000,60000,60001,1,1,1,1,1,704.218363779283,683.575510708257,631.167421474994,621.706717352482,608.091664436468,604.151216014037,,,,,,,,,,,,ok,,,D30_FE60000_seed101_110_N50_ASE_CLPSO_N40_NRLPSO_shared_prefix
NRLPSO-PaperAligned,6,109,30,60000,40,1,605.046736007419,605.046736007419,0,4.0620469,60000,60000,60001,1,1,1,1,1,704.218363779283,645.613117668687,623.470081266419,620.541782293289,610.858231261536,605.046736007419,38408.0,19204.0,10556.0,0.1,0.999385,0.402849795121393,0.981122562539573,5415.0,5501.0,5662.0,4974.0,ok,,,D30_FE60000_seed101_110_N50_ASE_CLPSO_N40_NRLPSO_shared_prefix
ASE-CSO,7,109,30,60000,50,0,826.93936889016,826.93936889016,0,7.6975687,60000,60000,60001,1,1,1,1,1,3362.57863081942,1029.96604984581,978.251183417693,931.996884295221,873.451918101187,826.93936889016,,,,,,,,,,,,ok,,,D30_FE60000_seed101_110_N50_ASE_CLPSO_N40_NRLPSO_shared_prefix
CLPSO,7,109,30,60000,50,0,869.214762486575,869.214762486575,0,0.5285966,60000,60000,60001,1,1,1,1,1,3362.57863081942,1888.96851309127,1252.38554777659,1045.85638607955,903.095948678239,869.214762486575,,,,,,,,,,,,ok,,,D30_FE60000_seed101_110_N50_ASE_CLPSO_N40_NRLPSO_shared_prefix
NRLPSO-PaperAligned,7,109,30,60000,40,1,979.761644896525,979.761644896525,0,3.8573897,60000,60000,60001,1,1,1,1,1,2591.02753911171,1131.80509743875,1016.88691730253,1005.04709315911,1004.99338864184,979.761644896525,39073.0,19537.0,985.0,0.1,0.999385,0.402192633160084,0.982531143868634,5543.0,5052.0,5166.0,5126.0,ok,,,D30_FE60000_seed101_110_N50_ASE_CLPSO_N40_NRLPSO_shared_prefix
ASE-CSO,8,109,30,60000,50,0,920.584509515143,920.584509515143,0,7.6773259,60000,60000,60001,1,1,1,1,1,1445.89591496218,1008.80697882851,963.457659733673,938.980349832277,929.128911258107,920.584509515143,,,,,,,,,,,,ok,,,D30_FE60000_seed101_110_N50_ASE_CLPSO_N40_NRLPSO_shared_prefix
CLPSO,8,109,30,60000,50,0,943.62738874728,943.62738874728,0,0.5474496,60000,60000,60001,1,1,1,1,1,1445.89591496218,1189.4364568551,1071.41336986921,987.068331681817,971.038720590595,943.62738874728,,,,,,,,,,,,ok,,,D30_FE60000_seed101_110_N50_ASE_CLPSO_N40_NRLPSO_shared_prefix
NRLPSO-PaperAligned,8,109,30,60000,40,1,913.935011021173,913.935011021173,0,3.9024168,60000,60000,60001,1,1,1,1,1,1450.67839745766,1151.60713803954,1074.93508148599,1044.15277041509,1020.58442651898,913.935011021173,38868.0,19434.0,15498.0,0.1,0.999385,0.402231644920585,0.98159208964926,6074.0,4905.0,5270.0,4843.0,ok,,,D30_FE60000_seed101_110_N50_ASE_CLPSO_N40_NRLPSO_shared_prefix
ASE-CSO,9,109,30,60000,50,0,923.547543477912,923.547543477912,0,7.8173687,60000,60000,60001,1,1,1,1,1,35116.098511085,8543.16442932227,2282.55089061336,1968.46699740712,940.8161826652,923.547543477912,,,,,,,,,,,,ok,,,D30_FE60000_seed101_110_N50_ASE_CLPSO_N40_NRLPSO_shared_prefix
CLPSO,9,109,30,60000,50,0,2334.63439648703,2334.63439648703,0,0.5745544,60000,60000,60001,1,1,1,1,1,35116.098511085,20606.8809306871,8684.30358048695,6617.54863964985,3752.34078007754,2334.63439648703,,,,,,,,,,,,ok,,,D30_FE60000_seed101_110_N50_ASE_CLPSO_N40_NRLPSO_shared_prefix
NRLPSO-PaperAligned,9,109,30,60000,40,1,1002.01622471349,1002.01622471349,0,4.0225343,60000,60000,60001,1,1,1,1,1,38424.2029280122,3491.09987983573,1553.09717431726,1240.13944724876,1096.04780312689,1002.01622471349,38537.0,19269.0,2514.0,0.1,0.999385,0.40258856427469,0.981729035056252,4932.0,5362.0,5877.0,5252.0,ok,,,D30_FE60000_seed101_110_N50_ASE_CLPSO_N40_NRLPSO_shared_prefix
ASE-CSO,10,109,30,60000,50,0,5619.05151516993,5619.05151516993,0,7.7977129,60000,60000,60001,1,1,1,1,1,11167.4221604713,7105.98393797335,6384.46255250366,5998.99270242991,5773.11968661972,5619.05151516993,,,,,,,,,,,,ok,,,D30_FE60000_seed101_110_N50_ASE_CLPSO_N40_NRLPSO_shared_prefix
CLPSO,10,109,30,60000,50,0,5993.37562000834,5993.37562000834,0,0.5957568,60000,60000,60001,1,1,1,1,1,11167.4221604713,8407.93385912003,7698.57846768535,7109.25546433653,6621.52305814602,5993.37562000834,,,,,,,,,,,,ok,,,D30_FE60000_seed101_110_N50_ASE_CLPSO_N40_NRLPSO_shared_prefix
NRLPSO-PaperAligned,10,109,30,60000,40,1,7471.09082976964,7471.09082976964,0,3.9011944,60000,60000,60001,1,1,1,1,1,11167.4221604713,8734.97782919274,8734.97782919274,8477.83111517219,7723.34342891357,7471.09082976964,39697.0,19849.0,39155.0,0.1,0.999385,0.402575390992054,0.979737071957053,5827.0,4809.0,5477.0,4150.0,ok,,,D30_FE60000_seed101_110_N50_ASE_CLPSO_N40_NRLPSO_shared_prefix
ASE-CSO,11,109,30,60000,50,0,1223.8208594746,1223.8208594746,0,7.7171103,60000,60000,60001,1,1,1,1,1,26168.0652184163,1923.79014116277,1335.91745746644,1278.14625395439,1237.86571048792,1223.8208594746,,,,,,,,,,,,ok,,,D30_FE60000_seed101_110_N50_ASE_CLPSO_N40_NRLPSO_shared_prefix
CLPSO,11,109,30,60000,50,0,1511.8540222505,1511.8540222505,0,0.4761963,60000,60000,60001,1,1,1,1,1,26168.0652184163,6508.29032176129,4445.95749012803,1967.50590393155,1572.29482165427,1511.8540222505,,,,,,,,,,,,ok,,,D30_FE60000_seed101_110_N50_ASE_CLPSO_N40_NRLPSO_shared_prefix
NRLPSO-PaperAligned,11,109,30,60000,40,1,1350.90746657941,1350.90746657941,0,3.72627,60000,60000,60001,1,1,1,1,1,31312.1339730896,2249.10529047805,1656.19357124539,1527.26222508823,1418.42123938016,1350.90746657941,39162.0,19581.0,11476.0,0.1,0.999385,0.402377594361049,0.980613908170746,6280.0,4721.0,5370.0,4427.0,ok,,,D30_FE60000_seed101_110_N50_ASE_CLPSO_N40_NRLPSO_shared_prefix
ASE-CSO,12,109,30,60000,50,0,1324946.25195765,1324946.25195765,0,7.8160754,60000,60000,60001,1,1,1,1,1,31066764617.8556,41968733.9983971,12793030.8007427,8105171.72284676,2879294.68672744,1324946.25195765,,,,,,,,,,,,ok,,,D30_FE60000_seed101_110_N50_ASE_CLPSO_N40_NRLPSO_shared_prefix
CLPSO,12,109,30,60000,50,0,30763609.3106941,30763609.3106941,0,0.5137123,60000,60000,60001,1,1,1,1,1,31066764617.8556,7260862463.12361,1180343921.50336,199939433.781421,68853265.0010228,30763609.3106941,,,,,,,,,,,,ok,,,D30_FE60000_seed101_110_N50_ASE_CLPSO_N40_NRLPSO_shared_prefix
NRLPSO-PaperAligned,12,109,30,60000,40,1,2406272.62938607,2406272.62938607,0,3.8638027,60000,60000,60001,1,1,1,1,1,31066764617.8556,295718596.230757,267873690.161645,51837883.3459602,10245900.6844006,2406272.62938607,38637.0,19319.0,22281.0,0.1,0.999385,0.402073319189176,0.983391943569726,4829.0,5114.0,6867.0,4513.0,ok,,,D30_FE60000_seed101_110_N50_ASE_CLPSO_N40_NRLPSO_shared_prefix
ASE-CSO,13,109,30,60000,50,0,6618.6756890207,6618.6756890207,0,7.6576972,60000,60000,60001,1,1,1,1,1,19463816467.1045,3054344.37252598,119536.485555581,117132.873230291,59282.4200890451,6618.6756890207,,,,,,,,,,,,ok,,,D30_FE60000_seed101_110_N50_ASE_CLPSO_N40_NRLPSO_shared_prefix
CLPSO,13,109,30,60000,50,0,9968131.48452836,9968131.48452836,0,0.4660826,60000,60000,60001,1,1,1,1,1,19463816467.1045,2699681357.46852,784394332.264538,294339724.915953,34416713.0350534,9968131.48452836,,,,,,,,,,,,ok,,,D30_FE60000_seed101_110_N50_ASE_CLPSO_N40_NRLPSO_shared_prefix
NRLPSO-PaperAligned,13,109,30,60000,40,1,6535026.94863308,6535026.94863308,0,3.7792219,60000,60000,60001,1,1,1,1,1,19463816467.1045,41107360.748515,23500040.5107743,14828897.334211,6535026.94863308,6535026.94863308,39472.0,19736.0,39369.0,0.1,0.999385,0.402075605395587,0.983020234607891,5677.0,4047.0,6105.0,4659.0,ok,,,D30_FE60000_seed101_110_N50_ASE_CLPSO_N40_NRLPSO_shared_prefix
ASE-CSO,14,109,30,60000,50,0,3978.71045293051,3978.71045293051,0,7.7562573,60000,60000,60001,1,1,1,1,1,62001384.5259324,174330.438733936,7363.91332200471,7012.68396782147,4499.81730514586,3978.71045293051,,,,,,,,,,,,ok,,,D30_FE60000_seed101_110_N50_ASE_CLPSO_N40_NRLPSO_shared_prefix
CLPSO,14,109,30,60000,50,0,71675.0978353786,71675.0978353786,0,0.5923615,60000,60000,60001,1,1,1,1,1,62001384.5259324,1961464.95680337,268129.644488818,125619.204341285,77377.2372671522,71675.0978353786,,,,,,,,,,,,ok,,,D30_FE60000_seed101_110_N50_ASE_CLPSO_N40_NRLPSO_shared_prefix
NRLPSO-PaperAligned,14,109,30,60000,40,1,35279.9023223014,35279.9023223014,0,3.9189035,60000,60000,60001,1,1,1,1,1,62001384.5259324,264836.894268681,148395.181307201,104934.186907028,72489.168206567,35279.9023223014,39448.0,19724.0,36661.0,0.1,0.999385,0.402355345359258,0.981279071576135,5359.0,4818.0,5906.0,4429.0,ok,,,D30_FE60000_seed101_110_N50_ASE_CLPSO_N40_NRLPSO_shared_prefix
ASE-CSO,15,109,30,60000,50,0,28567.0398247191,28567.0398247191,0,7.6918295,60000,60000,60001,1,1,1,1,1,7557689088.62016,651786.31014579,65292.1266949337,47644.0218563567,34627.5093577124,28567.0398247191,,,,,,,,,,,,ok,,,D30_FE60000_seed101_110_N50_ASE_CLPSO_N40_NRLPSO_shared_prefix
CLPSO,15,109,30,60000,50,0,37272.9327009578,37272.9327009578,0,0.4656988,60000,60000,60001,1,1,1,1,1,7557689088.62016,171936826.262479,27229512.3913938,12667533.2610095,250990.120346405,37272.9327009578,,,,,,,,,,,,ok,,,D30_FE60000_seed101_110_N50_ASE_CLPSO_N40_NRLPSO_shared_prefix
NRLPSO-PaperAligned,15,109,30,60000,40,1,81221.4161976839,81221.4161976839,0,3.8743338,60000,60000,60001,1,1,1,1,1,6161370500.64634,8758319.30140983,1096247.75555309,1096247.75555309,1095224.87131397,81221.4161976839,39306.0,19653.0,33000.0,0.1,0.999385,0.402328281282049,0.982139871277228,5151.0,4508.0,7236.0,3759.0,ok,,,D30_FE60000_seed101_110_N50_ASE_CLPSO_N40_NRLPSO_shared_prefix
ASE-CSO,16,109,30,60000,50,0,2236.31821694044,2236.31821694044,0,7.691898,60000,60000,60001,1,1,1,1,1,10526.7501169845,2633.95313280282,2524.94577365992,2491.21130869137,2253.9059453807,2236.31821694044,,,,,,,,,,,,ok,,,D30_FE60000_seed101_110_N50_ASE_CLPSO_N40_NRLPSO_shared_prefix
CLPSO,16,109,30,60000,50,0,2671.86813502257,2671.86813502257,0,0.5403582,60000,60000,60001,1,1,1,1,1,10526.7501169845,4080.81390251219,3825.00611263926,3104.20649564004,2875.22165229949,2671.86813502257,,,,,,,,,,,,ok,,,D30_FE60000_seed101_110_N50_ASE_CLPSO_N40_NRLPSO_shared_prefix
NRLPSO-PaperAligned,16,109,30,60000,40,1,2619.11249391918,2619.11249391918,0,3.7864779,60000,60000,60001,1,1,1,1,1,9875.49033041963,3815.62021797221,3548.56847684153,3170.81025458829,2822.14104355476,2619.11249391918,39120.0,19560.0,25921.0,0.1,0.999385,0.40247395260532,0.982374634832071,5882.0,4970.0,5253.0,4735.0,ok,,,D30_FE60000_seed101_110_N50_ASE_CLPSO_N40_NRLPSO_shared_prefix
ASE-CSO,17,109,30,60000,50,0,2180.40813279998,2180.40813279998,0,7.9466993,60000,60000,60001,1,1,1,1,1,10155.3207265856,2428.8374473149,2216.652838932,2193.3275965651,2187.62361612383,2180.40813279998,,,,,,,,,,,,ok,,,D30_FE60000_seed101_110_N50_ASE_CLPSO_N40_NRLPSO_shared_prefix
CLPSO,17,109,30,60000,50,0,1973.97572903636,1973.97572903636,0,0.6587719,60000,60000,60001,1,1,1,1,1,10155.3207265856,3655.27914757828,2885.60701651186,2311.39566158561,2003.43435598909,1973.97572903636,,,,,,,,,,,,ok,,,D30_FE60000_seed101_110_N50_ASE_CLPSO_N40_NRLPSO_shared_prefix
NRLPSO-PaperAligned,17,109,30,60000,40,1,1948.72283022811,1948.72283022811,0,4.107082,60000,60000,60001,1,1,1,1,1,10155.3207265856,2220.24424661796,2057.19413735788,2034.5407559332,2005.19422084481,1948.72283022811,38962.0,19481.0,23049.0,0.1,0.999385,0.402771568860291,0.982335507572931,5214.0,4845.0,6432.0,4507.0,ok,,,D30_FE60000_seed101_110_N50_ASE_CLPSO_N40_NRLPSO_shared_prefix
ASE-CSO,18,109,30,60000,50,0,78730.5027053045,78730.5027053045,0,7.9635975,60000,60000,60001,1,1,1,1,1,1092706898.12509,302777.258702644,153043.107472314,102073.040499636,95211.8854772737,78730.5027053045,,,,,,,,,,,,ok,,,D30_FE60000_seed101_110_N50_ASE_CLPSO_N40_NRLPSO_shared_prefix
CLPSO,18,109,30,60000,50,0,819164.994326724,819164.994326724,0,0.4941965,60000,60000,60001,1,1,1,1,1,1092706898.12509,46221578.8750694,7338600.82339407,3908210.81042343,1416495.31717014,819164.994326724,,,,,,,,,,,,ok,,,D30_FE60000_seed101_110_N50_ASE_CLPSO_N40_NRLPSO_shared_prefix
NRLPSO-PaperAligned,18,109,30,60000,40,1,386900.240174533,386900.240174533,0,3.8258257,60000,60000,60001,1,1,1,1,1,1092706898.12509,3318680.6550141,2293274.59033925,1655092.49450468,505108.634749443,386900.240174533,39408.0,19704.0,35398.0,0.1,0.999385,0.402487937633355,0.981826853204103,5291.0,4723.0,6376.0,4162.0,ok,,,D30_FE60000_seed101_110_N50_ASE_CLPSO_N40_NRLPSO_shared_prefix
ASE-CSO,19,109,30,60000,50,0,4319.15885156106,4319.15885156106,0,9.2522257,60000,60000,60001,1,1,1,1,1,8035610115.03088,6374869.23120666,271978.363682244,36948.8005013913,10811.6482836446,4319.15885156106,,,,,,,,,,,,ok,,,D30_FE60000_seed101_110_N50_ASE_CLPSO_N40_NRLPSO_shared_prefix
CLPSO,19,109,30,60000,50,0,140815.082758514,140815.082758514,0,1.5661499,60000,60000,60001,1,1,1,1,1,8035610115.03088,980806140.579538,41854501.9489527,11215529.9995818,700461.938684735,140815.082758514,,,,,,,,,,,,ok,,,D30_FE60000_seed101_110_N50_ASE_CLPSO_N40_NRLPSO_shared_prefix
NRLPSO-PaperAligned,19,109,30,60000,40,1,17575.9638178657,17575.9638178657,0,5.0454845,60000,60000,60001,1,1,1,1,1,4655708423.28152,12964183.6503247,5161779.63940225,5141992.07096116,2151285.58958672,17575.9638178657,39068.0,19534.0,13187.0,0.1,0.999385,0.402327476372144,0.981905107722385,5268.0,4750.0,6546.0,4328.0,ok,,,D30_FE60000_seed101_110_N50_ASE_CLPSO_N40_NRLPSO_shared_prefix
ASE-CSO,20,109,30,60000,50,0,2342.06494770255,2342.06494770255,0,7.9593225,60000,60000,60001,1,1,1,1,1,3882.22054841517,2688.45073643763,2558.65396473135,2405.163842032,2349.35811440672,2342.06494770255,,,,,,,,,,,,ok,,,D30_FE60000_seed101_110_N50_ASE_CLPSO_N40_NRLPSO_shared_prefix
CLPSO,20,109,30,60000,50,0,2188.03300967259,2188.03300967259,0,0.6832931,60000,60000,60001,1,1,1,1,1,3882.22054841517,3009.58555797059,2696.03001614187,2368.0857916282,2281.58270103677,2188.03300967259,,,,,,,,,,,,ok,,,D30_FE60000_seed101_110_N50_ASE_CLPSO_N40_NRLPSO_shared_prefix
NRLPSO-PaperAligned,20,109,30,60000,40,1,2296.20220206674,2296.20220206674,0,4.1320748,60000,60000,60001,1,1,1,1,1,3768.33184379014,2692.43045303682,2568.73467062034,2553.93297013679,2455.62224694,2296.20220206674,39286.0,19643.0,20171.0,0.1,0.999385,0.402875416752131,0.979737071957053,5354.0,5000.0,5715.0,4605.0,ok,,,D30_FE60000_seed101_110_N50_ASE_CLPSO_N40_NRLPSO_shared_prefix
ASE-CSO,21,109,30,60000,50,0,2383.79559033734,2383.79559033734,0,8.0893323,60000,60000,60001,1,1,1,1,1,2940.5143395383,2486.34989491985,2424.63960913127,2414.65871405171,2393.05606073566,2383.79559033734,,,,,,,,,,,,ok,,,D30_FE60000_seed101_110_N50_ASE_CLPSO_N40_NRLPSO_shared_prefix
CLPSO,21,109,30,60000,50,0,2472.8343314131,2472.8343314131,0,0.8342732,60000,60000,60001,1,1,1,1,1,2940.5143395383,2637.79144307993,2575.57106954045,2535.99776692814,2493.57160809276,2472.8343314131,,,,,,,,,,,,ok,,,D30_FE60000_seed101_110_N50_ASE_CLPSO_N40_NRLPSO_shared_prefix
NRLPSO-PaperAligned,21,109,30,60000,40,1,2414.97404056047,2414.97404056047,0,4.2246836,60000,60000,60001,1,1,1,1,1,2968.0286513826,2605.69156254782,2552.42727219112,2475.90006832408,2435.55583512635,2414.97404056047,38736.0,19368.0,22437.0,0.1,0.999385,0.402517756190234,0.982863725571329,5958.0,5094.0,5475.0,4697.0,ok,,,D30_FE60000_seed101_110_N50_ASE_CLPSO_N40_NRLPSO_shared_prefix
ASE-CSO,22,109,30,60000,50,0,3964.62740626639,3964.62740626639,0,8.1546907,60000,60000,60001,1,1,1,1,1,12586.5576494588,8400.37925921279,7613.54641612611,6151.4459859527,4066.96295367779,3964.62740626639,,,,,,,,,,,,ok,,,D30_FE60000_seed101_110_N50_ASE_CLPSO_N40_NRLPSO_shared_prefix
CLPSO,22,109,30,60000,50,0,3348.37412907866,3348.37412907866,0,0.9219318,60000,60000,60001,1,1,1,1,1,12586.5576494588,9700.51608267826,7396.68521773297,5609.0474767775,3959.74220760457,3348.37412907866,,,,,,,,,,,,ok,,,D30_FE60000_seed101_110_N50_ASE_CLPSO_N40_NRLPSO_shared_prefix
NRLPSO-PaperAligned,22,109,30,60000,40,1,3379.14699171622,3379.14699171622,0,4.3953479,60000,60000,60001,1,1,1,1,1,12586.5576494588,3523.79934949822,3460.56193258054,3417.69615104799,3392.62860957288,3379.14699171622,38522.0,19261.0,1256.0,0.1,0.999385,0.403079034503598,0.983561197683648,4471.0,5441.0,6701.0,4825.0,ok,,,D30_FE60000_seed101_110_N50_ASE_CLPSO_N40_NRLPSO_shared_prefix
ASE-CSO,23,109,30,60000,50,0,2718.61958314691,2718.61958314691,0,8.1278813,60000,60000,60001,1,1,1,1,1,3991.29247731367,2821.39442732561,2742.13490322692,2738.87231084921,2720.75319653568,2718.61958314691,,,,,,,,,,,,ok,,,D30_FE60000_seed101_110_N50_ASE_CLPSO_N40_NRLPSO_shared_prefix
CLPSO,23,109,30,60000,50,0,2808.12400384433,2808.12400384433,0,1.0022476,60000,60000,60001,1,1,1,1,1,3991.29247731367,3160.78684422133,2985.1136048658,2901.47697769454,2851.61564085836,2808.12400384433,,,,,,,,,,,,ok,,,D30_FE60000_seed101_110_N50_ASE_CLPSO_N40_NRLPSO_shared_prefix
NRLPSO-PaperAligned,23,109,30,60000,40,1,2756.88100125952,2756.88100125952,0,4.4839894,60000,60000,60001,1,1,1,1,1,3991.29247731367,3024.30985057182,2916.14474437395,2846.73334687581,2790.27318401416,2756.88100125952,38488.0,19244.0,31991.0,0.1,0.999385,0.402344450439108,0.982293014213964,5869.0,5088.0,5734.0,4781.0,ok,,,D30_FE60000_seed101_110_N50_ASE_CLPSO_N40_NRLPSO_shared_prefix
ASE-CSO,24,109,30,60000,50,0,2900.27949708123,2900.27949708123,0,8.1890805,60000,60000,60001,1,1,1,1,1,4611.91042543909,2991.21707993414,2942.28734707274,2913.3251411389,2900.43496064937,2900.27949708123,,,,,,,,,,,,ok,,,D30_FE60000_seed101_110_N50_ASE_CLPSO_N40_NRLPSO_shared_prefix
CLPSO,24,109,30,60000,50,0,3009.00980394838,3009.00980394838,0,1.0863098,60000,60000,60001,1,1,1,1,1,4611.91042543909,3306.86869859653,3105.96192248301,3078.62513370762,3044.67600054388,3009.00980394838,,,,,,,,,,,,ok,,,D30_FE60000_seed101_110_N50_ASE_CLPSO_N40_NRLPSO_shared_prefix
NRLPSO-PaperAligned,24,109,30,60000,40,1,3022.40260981731,3022.40260981731,0,4.5711656,60000,60000,60001,1,1,1,1,1,4611.91042543909,3086.850985692,3079.880593589,3067.28896749905,3037.73068297628,3022.40260981731,38810.0,19405.0,34258.0,0.1,0.999385,0.402814546137385,0.981513835130979,5948.0,4790.0,5735.0,4677.0,ok,,,D30_FE60000_seed101_110_N50_ASE_CLPSO_N40_NRLPSO_shared_prefix
ASE-CSO,25,109,30,60000,50,0,2886.76467866447,2886.76467866447,0,8.202166,60000,60000,60001,1,1,1,1,1,16456.2466155109,3082.16080956,2904.46128184984,2888.71478431976,2887.21903874555,2886.76467866447,,,,,,,,,,,,ok,,,D30_FE60000_seed101_110_N50_ASE_CLPSO_N40_NRLPSO_shared_prefix
CLPSO,25,109,30,60000,50,0,2968.22279092307,2968.22279092307,0,0.9731132,60000,60000,60001,1,1,1,1,1,16456.2466155109,8408.57941233629,3461.40019725968,3116.27066847726,3009.98465456356,2968.22279092307,,,,,,,,,,,,ok,,,D30_FE60000_seed101_110_N50_ASE_CLPSO_N40_NRLPSO_shared_prefix
NRLPSO-PaperAligned,25,109,30,60000,40,1,2889.00812530067,2889.00812530067,0,4.3896327,60000,60000,60001,1,1,1,1,1,14216.3611154151,3105.58140252043,2963.10389603825,2905.71656867691,2898.03233983117,2889.00812530067,38265.0,19133.0,13235.0,0.1,0.999385,0.402263216321563,0.982589834757345,5265.0,5388.0,6521.0,4521.0,ok,,,D30_FE60000_seed101_110_N50_ASE_CLPSO_N40_NRLPSO_shared_prefix
ASE-CSO,26,109,30,60000,50,0,2900.0081498572,2900.0081498572,0,8.5647514,60000,60000,60001,1,1,1,1,1,16092.1462283578,3801.4273093478,2954.48048824103,2918.37862154871,2902.26411613257,2900.0081498572,,,,,,,,,,,,ok,,,D30_FE60000_seed101_110_N50_ASE_CLPSO_N40_NRLPSO_shared_prefix
CLPSO,26,109,30,60000,50,0,5195.7630096048,5195.7630096048,0,1.1600492,60000,60000,60001,1,1,1,1,1,16092.1462283578,10133.869251565,7003.51784229525,6280.4337334692,5651.55722733061,5195.7630096048,,,,,,,,,,,,ok,,,D30_FE60000_seed101_110_N50_ASE_CLPSO_N40_NRLPSO_shared_prefix
NRLPSO-PaperAligned,26,109,30,60000,40,1,3554.26765396407,3554.26765396407,0,4.5375808,60000,60000,60001,1,1,1,1,1,15861.3379424794,3855.7697968574,3722.89176715931,3663.93060046419,3590.77372259321,3554.26765396407,38060.0,19030.0,3152.0,0.1,0.999385,0.402143808052696,0.983343228649796,5020.0,5404.0,6833.0,4643.0,ok,,,D30_FE60000_seed101_110_N50_ASE_CLPSO_N40_NRLPSO_shared_prefix
ASE-CSO,27,109,30,60000,50,0,3199.61851846574,3199.61851846574,0,8.7011822,60000,60000,60001,1,1,1,1,1,5231.95113163755,3225.44718420946,3205.44318174082,3200.42857612132,3199.64846787115,3199.61851846574,,,,,,,,,,,,ok,,,D30_FE60000_seed101_110_N50_ASE_CLPSO_N40_NRLPSO_shared_prefix
CLPSO,27,109,30,60000,50,0,3245.59004864817,3245.59004864817,0,1.301234,60000,60000,60001,1,1,1,1,1,5231.95113163755,3740.77277520771,3334.04517497967,3285.43196198433,3262.67304929366,3245.59004864817,,,,,,,,,,,,ok,,,D30_FE60000_seed101_110_N50_ASE_CLPSO_N40_NRLPSO_shared_prefix
NRLPSO-PaperAligned,27,109,30,60000,40,1,3200.0071552409,3200.0071552409,0,4.5427994,60000,60000,60001,1,1,1,1,1,5231.95113163755,3200.0072874515,3200.00725562188,3200.00724180925,3200.00719580552,3200.0071552409,39772.0,19886.0,39762.0,0.1,0.999385,0.402797669062932,0.981239944316995,5938.0,4700.0,4829.0,4721.0,ok,,,D30_FE60000_seed101_110_N50_ASE_CLPSO_N40_NRLPSO_shared_prefix
ASE-CSO,28,109,30,60000,50,0,3191.45186155836,3191.45186155836,0,8.3924539,60000,60000,60001,1,1,1,1,1,13605.5951547197,3539.01134583968,3307.50104678373,3241.88467559055,3207.1616921501,3191.45186155836,,,,,,,,,,,,ok,,,D30_FE60000_seed101_110_N50_ASE_CLPSO_N40_NRLPSO_shared_prefix
CLPSO,28,109,30,60000,50,0,3360.15142087308,3360.15142087308,0,1.1554758,60000,60000,60001,1,1,1,1,1,13605.5951547197,6186.73505823587,4529.90099956212,3684.77863407952,3506.12396341391,3360.15142087308,,,,,,,,,,,,ok,,,D30_FE60000_seed101_110_N50_ASE_CLPSO_N40_NRLPSO_shared_prefix
NRLPSO-PaperAligned,28,109,30,60000,40,1,3267.80809031965,3267.80809031965,0,4.5357741,60000,60000,60001,1,1,1,1,1,13802.3441306368,3442.77468873189,3301.72284902781,3287.58054221415,3279.24489127218,3267.80809031965,38362.0,19181.0,15199.0,0.1,0.999385,0.4026017510522,0.983372379940156,4962.0,5443.0,6810.0,4383.0,ok,,,D30_FE60000_seed101_110_N50_ASE_CLPSO_N40_NRLPSO_shared_prefix
ASE-CSO,29,109,30,60000,50,0,3547.71472882861,3547.71472882861,0,8.2638612,60000,60000,60001,1,1,1,1,1,148476.552136114,4129.24849182835,3964.12659460227,3783.94286433763,3709.01448861036,3547.71472882861,,,,,,,,,,,,ok,,,D30_FE60000_seed101_110_N50_ASE_CLPSO_N40_NRLPSO_shared_prefix
CLPSO,29,109,30,60000,50,0,3820.43751635405,3820.43751635405,0,0.9152213,60000,60000,60001,1,1,1,1,1,148476.552136114,5635.35157695717,4613.32720667941,4102.8074483084,4023.96159370954,3820.43751635405,,,,,,,,,,,,ok,,,D30_FE60000_seed101_110_N50_ASE_CLPSO_N40_NRLPSO_shared_prefix
NRLPSO-PaperAligned,29,109,30,60000,40,1,3494.06608305167,3494.06608305167,0,4.2990083,60000,60000,60001,1,1,1,1,1,15135.1840277562,4173.74819721677,4145.28972889381,3940.59142330134,3728.94796566231,3494.06608305167,39154.0,19577.0,33029.0,0.1,0.999385,0.402082030258613,0.982628962016485,5266.0,5178.0,6029.0,4333.0,ok,,,D30_FE60000_seed101_110_N50_ASE_CLPSO_N40_NRLPSO_shared_prefix
ASE-CSO,30,109,30,60000,50,0,16870.0241958413,16870.0241958413,0,9.137216,60000,60000,60001,1,1,1,1,1,5270659727.81286,3597469.18917483,947434.452868628,581734.154921557,374539.33573308,16870.0241958413,,,,,,,,,,,,ok,,,D30_FE60000_seed101_110_N50_ASE_CLPSO_N40_NRLPSO_shared_prefix
CLPSO,30,109,30,60000,50,0,1730428.00540119,1730428.00540119,0,1.8749154,60000,60000,60001,1,1,1,1,1,5270659727.81286,395400733.956997,17965017.8511172,10191174.9921596,3968650.45999828,1730428.00540119,,,,,,,,,,,,ok,,,D30_FE60000_seed101_110_N50_ASE_CLPSO_N40_NRLPSO_shared_prefix
NRLPSO-PaperAligned,30,109,30,60000,40,1,710346.152973854,710346.152973854,0,5.4497016,60000,60000,60001,1,1,1,1,1,5270659727.81286,35079617.4733437,35079617.4733437,3074816.93502144,2404161.56802351,710346.152973854,39377.0,19689.0,38847.0,0.1,0.999385,0.402579629148059,0.982492016609493,5052.0,4450.0,7365.0,3716.0,ok,,,D30_FE60000_seed101_110_N50_ASE_CLPSO_N40_NRLPSO_shared_prefix
ASE-CSO,1,110,30,60000,50,0,163.726859490527,163.726859490527,0,7.6808125,60000,60000,60001,1,1,1,1,1,104900811172.091,654824581.71469,20013539.2291676,8178697.30684611,798074.795371866,163.726859490527,,,,,,,,,,,,ok,,,D30_FE60000_seed101_110_N50_ASE_CLPSO_N40_NRLPSO_shared_prefix
CLPSO,1,110,30,60000,50,0,62905169.9031754,62905169.9031754,0,0.4506729,60000,60000,60001,1,1,1,1,1,104900811172.091,33771898896.9975,6727425708.6154,1393577480.55707,330443668.350215,62905169.9031754,,,,,,,,,,,,ok,,,D30_FE60000_seed101_110_N50_ASE_CLPSO_N40_NRLPSO_shared_prefix
NRLPSO-PaperAligned,1,110,30,60000,40,1,3971005.13442552,3971005.13442552,0,3.9048558,60000,60000,60001,1,1,1,1,1,104900811172.091,2016099153.34353,961815341.630583,397144768.27101,143192655.225388,3971005.13442552,38130.0,19065.0,528.0,0.1,0.999385,0.402274665315953,0.993146299522856,4805.0,5563.0,6756.0,4706.0,ok,,,D30_FE60000_seed101_110_N50_ASE_CLPSO_N40_NRLPSO_shared_prefix
ASE-CSO,3,110,30,60000,50,0,9137.59905245244,9137.59905245244,0,7.7083575,60000,60000,60001,1,1,1,1,1,166159572.274511,91868.5669181226,48768.9452901751,39256.4204603269,24987.1625193396,9137.59905245244,,,,,,,,,,,,ok,,,D30_FE60000_seed101_110_N50_ASE_CLPSO_N40_NRLPSO_shared_prefix
CLPSO,3,110,30,60000,50,0,95340.6639900427,95340.6639900427,0,0.4777163,60000,60000,60001,1,1,1,1,1,166159572.274511,180193.689442534,178526.27823294,156479.667329427,140626.319410972,95340.6639900427,,,,,,,,,,,,ok,,,D30_FE60000_seed101_110_N50_ASE_CLPSO_N40_NRLPSO_shared_prefix
NRLPSO-PaperAligned,3,110,30,60000,40,1,4807.05164807602,4807.05164807602,0,3.9484041,60000,60000,60001,1,1,1,1,1,2490255313.21187,32562.7707871234,23581.0932963513,15750.4211482251,8163.40426226288,4807.05164807602,39446.0,19723.0,25058.0,0.1,0.999385,0.402541828157427,0.990926275844583,5911.0,4885.0,5012.0,4706.0,ok,,,D30_FE60000_seed101_110_N50_ASE_CLPSO_N40_NRLPSO_shared_prefix
ASE-CSO,4,110,30,60000,50,0,488.069408957095,488.069408957095,0,7.6393057,60000,60000,60001,1,1,1,1,1,46384.4238109827,545.769180224447,513.287549221267,496.65660771671,488.920234510503,488.069408957095,,,,,,,,,,,,ok,,,D30_FE60000_seed101_110_N50_ASE_CLPSO_N40_NRLPSO_shared_prefix
CLPSO,4,110,30,60000,50,0,571.34640063175,571.34640063175,0,0.4525053,60000,60000,60001,1,1,1,1,1,46384.4238109827,4711.94028415548,1807.26532274722,829.406667651616,632.521784418222,571.34640063175,,,,,,,,,,,,ok,,,D30_FE60000_seed101_110_N50_ASE_CLPSO_N40_NRLPSO_shared_prefix
NRLPSO-PaperAligned,4,110,30,60000,40,1,552.693881004262,552.693881004262,0,4.019808,60000,60000,60001,1,1,1,1,1,46384.4238109827,681.279909378906,593.835136490424,585.598812509268,556.396129309805,552.693881004262,38006.0,19003.0,26068.0,0.1,0.999385,0.402760846214286,0.993126384878619,4807.0,5476.0,7079.0,4592.0,ok,,,D30_FE60000_seed101_110_N50_ASE_CLPSO_N40_NRLPSO_shared_prefix
ASE-CSO,5,110,30,60000,50,0,613.597936128471,613.597936128471,0,7.7305846,60000,60000,60001,1,1,1,1,1,1222.64282967302,693.963740587953,641.987727758562,635.722296668435,626.12104266441,613.597936128471,,,,,,,,,,,,ok,,,D30_FE60000_seed101_110_N50_ASE_CLPSO_N40_NRLPSO_shared_prefix
CLPSO,5,110,30,60000,50,0,644.395144449407,644.395144449407,0,0.524017,60000,60000,60001,1,1,1,1,1,1222.64282967302,898.491384188742,751.837104363536,712.396059618099,675.341796866956,644.395144449407,,,,,,,,,,,,ok,,,D30_FE60000_seed101_110_N50_ASE_CLPSO_N40_NRLPSO_shared_prefix
NRLPSO-PaperAligned,5,110,30,60000,40,1,591.354610569463,591.354610569463,0,3.9069429,60000,60000,60001,1,1,1,1,1,1054.75433126215,753.606570950673,718.120841709339,697.473357850649,697.473357850649,591.354610569463,38884.0,19442.0,8547.0,0.1,0.999385,0.402328772844313,0.992011164801363,6009.0,4913.0,5250.0,4904.0,ok,,,D30_FE60000_seed101_110_N50_ASE_CLPSO_N40_NRLPSO_shared_prefix
ASE-CSO,6,110,30,60000,50,0,612.190948596683,612.190948596683,0,8.1696357,60000,60000,60001,1,1,1,1,1,726.50568890773,634.753750146224,622.418271683505,620.006429270369,615.999058663632,612.190948596683,,,,,,,,,,,,ok,,,D30_FE60000_seed101_110_N50_ASE_CLPSO_N40_NRLPSO_shared_prefix
CLPSO,6,110,30,60000,50,0,603.024862523239,603.024862523239,0,0.7415942,60000,60000,60001,1,1,1,1,1,726.50568890773,685.801697814474,638.262202068424,618.682288493681,608.56571313255,603.024862523239,,,,,,,,,,,,ok,,,D30_FE60000_seed101_110_N50_ASE_CLPSO_N40_NRLPSO_shared_prefix
NRLPSO-PaperAligned,6,110,30,60000,40,1,612.005548618625,612.005548618625,0,4.2177398,60000,60000,60001,1,1,1,1,1,759.769481657741,656.220667813569,638.634277920415,628.342299498184,617.516373294146,612.005548618625,38626.0,19313.0,12251.0,0.1,0.999385,0.402414348377092,0.991261408290501,5686.0,4820.0,5750.0,5078.0,ok,,,D30_FE60000_seed101_110_N50_ASE_CLPSO_N40_NRLPSO_shared_prefix
ASE-CSO,7,110,30,60000,50,0,824.125632472995,824.125632472995,0,7.717324,60000,60000,60001,1,1,1,1,1,3773.71290946227,971.507231069724,948.128384565704,916.772392877254,854.388055832555,824.125632472995,,,,,,,,,,,,ok,,,D30_FE60000_seed101_110_N50_ASE_CLPSO_N40_NRLPSO_shared_prefix
CLPSO,7,110,30,60000,50,0,884.124223938947,884.124223938947,0,0.5336655,60000,60000,60001,1,1,1,1,1,3773.71290946227,1690.77391940223,1227.24094557097,1022.66342827854,930.072958095789,884.124223938947,,,,,,,,,,,,ok,,,D30_FE60000_seed101_110_N50_ASE_CLPSO_N40_NRLPSO_shared_prefix
NRLPSO-PaperAligned,7,110,30,60000,40,1,949.548822906876,949.548822906876,0,3.9054156,60000,60000,60001,1,1,1,1,1,3333.60805170689,1124.53548352211,1043.34164495,1022.02335044905,949.548822906876,949.548822906876,39078.0,19539.0,308.0,0.1,0.999385,0.402021790527771,0.99209082337831,5057.0,5117.0,5469.0,5239.0,ok,,,D30_FE60000_seed101_110_N50_ASE_CLPSO_N40_NRLPSO_shared_prefix
ASE-CSO,8,110,30,60000,50,0,893.533914383872,893.533914383872,0,7.6208826,60000,60000,60001,1,1,1,1,1,1442.74965085188,986.155391723861,932.492677294024,919.779466137916,907.91552002907,893.533914383872,,,,,,,,,,,,ok,,,D30_FE60000_seed101_110_N50_ASE_CLPSO_N40_NRLPSO_shared_prefix
CLPSO,8,110,30,60000,50,0,930.936702051285,930.936702051285,0,0.5405408,60000,60000,60001,1,1,1,1,1,1442.74965085188,1145.17677629966,1067.35523517244,997.332683716244,957.964497599186,930.936702051285,,,,,,,,,,,,ok,,,D30_FE60000_seed101_110_N50_ASE_CLPSO_N40_NRLPSO_shared_prefix
NRLPSO-PaperAligned,8,110,30,60000,40,1,876.528875281179,876.528875281179,0,4.0668956,60000,60000,60001,1,1,1,1,1,1431.27895826505,1106.56583578311,994.530381412406,985.064805810074,973.502421463349,876.528875281179,38832.0,19416.0,4181.0,0.1,0.999385,0.402136373243409,0.991399404003526,5913.0,4819.0,5358.0,5038.0,ok,,,D30_FE60000_seed101_110_N50_ASE_CLPSO_N40_NRLPSO_shared_prefix
ASE-CSO,9,110,30,60000,50,0,1167.1187679381,1167.1187679381,0,7.86092,60000,60000,60001,1,1,1,1,1,49206.3310743784,6285.55958969963,2843.23878538073,2347.30156617135,1426.41657216014,1167.1187679381,,,,,,,,,,,,ok,,,D30_FE60000_seed101_110_N50_ASE_CLPSO_N40_NRLPSO_shared_prefix
CLPSO,9,110,30,60000,50,0,3813.08623971258,3813.08623971258,0,0.5959792,60000,60000,60001,1,1,1,1,1,49206.3310743784,18472.3004655136,10430.2570103987,6855.33428658367,6673.44656329904,3813.08623971258,,,,,,,,,,,,ok,,,D30_FE60000_seed101_110_N50_ASE_CLPSO_N40_NRLPSO_shared_prefix
NRLPSO-PaperAligned,9,110,30,60000,40,1,2435.75063669532,2435.75063669532,0,3.8131694,60000,60000,60001,1,1,1,1,1,50839.5363186182,4493.75000240265,3560.46544546904,3304.53284987706,2941.55828546786,2435.75063669532,39170.0,19585.0,23131.0,0.1,0.999385,0.402819973296628,0.991241694617212,6135.0,4856.0,4419.0,5380.0,ok,,,D30_FE60000_seed101_110_N50_ASE_CLPSO_N40_NRLPSO_shared_prefix
ASE-CSO,10,110,30,60000,50,0,4429.29055636272,4429.29055636272,0,7.8536368,60000,60000,60001,1,1,1,1,1,10555.8032711524,6523.69803895209,5696.04575176912,5290.94838946136,5044.60421345968,4429.29055636272,,,,,,,,,,,,ok,,,D30_FE60000_seed101_110_N50_ASE_CLPSO_N40_NRLPSO_shared_prefix
CLPSO,10,110,30,60000,50,0,5454.97832065859,5454.97832065859,0,0.5963557,60000,60000,60001,1,1,1,1,1,10555.8032711524,8671.21509901495,8143.12723922829,6933.01713118183,6322.56907024645,5454.97832065859,,,,,,,,,,,,ok,,,D30_FE60000_seed101_110_N50_ASE_CLPSO_N40_NRLPSO_shared_prefix
NRLPSO-PaperAligned,10,110,30,60000,40,1,6845.53514891945,6845.53514891945,0,3.8096091,60000,60000,60001,1,1,1,1,1,10555.8032711524,9303.67440498836,8895.00375554418,8178.00489514589,7944.83774222616,6845.53514891945,39559.0,19780.0,37107.0,0.1,0.999385,0.402015233113202,0.990236297279458,5880.0,4709.0,5325.0,4487.0,ok,,,D30_FE60000_seed101_110_N50_ASE_CLPSO_N40_NRLPSO_shared_prefix
ASE-CSO,11,110,30,60000,50,0,1226.78189135202,1226.78189135202,0,7.8502951,60000,60000,60001,1,1,1,1,1,299888.160609579,1446.98859839669,1256.0400886988,1237.74763337957,1227.93310579345,1226.78189135202,,,,,,,,,,,,ok,,,D30_FE60000_seed101_110_N50_ASE_CLPSO_N40_NRLPSO_shared_prefix
CLPSO,11,110,30,60000,50,0,1638.44056035536,1638.44056035536,0,0.467746,60000,60000,60001,1,1,1,1,1,299888.160609579,14565.8835766112,6084.40960603401,2400.32468336009,1949.48086575431,1638.44056035536,,,,,,,,,,,,ok,,,D30_FE60000_seed101_110_N50_ASE_CLPSO_N40_NRLPSO_shared_prefix
NRLPSO-PaperAligned,11,110,30,60000,40,1,1416.33949177967,1416.33949177967,0,3.8226254,60000,60000,60001,1,1,1,1,1,1243211.59282695,2577.56490090843,1657.37858869693,1540.07549511533,1472.34292476223,1416.33949177967,39127.0,19564.0,22551.0,0.1,0.999385,0.402496548574003,0.990906562171294,5662.0,4849.0,5700.0,4622.0,ok,,,D30_FE60000_seed101_110_N50_ASE_CLPSO_N40_NRLPSO_shared_prefix
ASE-CSO,12,110,30,60000,50,0,73913.3677374259,73913.3677374259,0,7.8110626,60000,60000,60001,1,1,1,1,1,28761524921.0502,17854824.574995,2539114.60965093,1788972.00190273,1384618.62078397,73913.3677374259,,,,,,,,,,,,ok,,,D30_FE60000_seed101_110_N50_ASE_CLPSO_N40_NRLPSO_shared_prefix
CLPSO,12,110,30,60000,50,0,29786554.654586,29786554.654586,0,0.5197992,60000,60000,60001,1,1,1,1,1,28761524921.0502,6086675825.1097,1620579790.16568,247364890.367757,63072905.4982252,29786554.654586,,,,,,,,,,,,ok,,,D30_FE60000_seed101_110_N50_ASE_CLPSO_N40_NRLPSO_shared_prefix
NRLPSO-PaperAligned,12,110,30,60000,40,1,3941152.82823436,3941152.82823436,0,3.9187515,60000,60000,60001,1,1,1,1,1,25001566204.3285,144919399.303597,89192058.5472752,36799796.7738684,14911247.4071947,3941152.82823436,38507.0,19254.0,27150.0,0.1,0.999385,0.402254376250847,0.99348484847488,4884.0,5226.0,6935.0,4408.0,ok,,,D30_FE60000_seed101_110_N50_ASE_CLPSO_N40_NRLPSO_shared_prefix
ASE-CSO,13,110,30,60000,50,0,29754.7635247031,29754.7635247031,0,7.5643152,60000,60000,60001,1,1,1,1,1,29763453359.0955,3236664.08549533,469670.544595879,100854.700277164,73116.8109671003,29754.7635247031,,,,,,,,,,,,ok,,,D30_FE60000_seed101_110_N50_ASE_CLPSO_N40_NRLPSO_shared_prefix
CLPSO,13,110,30,60000,50,0,3622853.05498011,3622853.05498011,0,0.4511794,60000,60000,60001,1,1,1,1,1,29763453359.0955,2976352996.41951,356257904.882484,169661367.609919,58843541.6587516,3622853.05498011,,,,,,,,,,,,ok,,,D30_FE60000_seed101_110_N50_ASE_CLPSO_N40_NRLPSO_shared_prefix
NRLPSO-PaperAligned,13,110,30,60000,40,1,280194.164478069,280194.164478069,0,3.8012454,60000,60000,60001,1,1,1,1,1,39719220726.524,66426840.831601,35666292.395723,9422999.44802745,5825701.21402327,280194.164478069,39002.0,19501.0,30587.0,0.1,0.999385,0.402857574595442,0.992927238436252,4957.0,4592.0,7184.0,4225.0,ok,,,D30_FE60000_seed101_110_N50_ASE_CLPSO_N40_NRLPSO_shared_prefix
ASE-CSO,14,110,30,60000,50,0,4789.47222433874,4789.47222433874,0,8.0735665,60000,60000,60001,1,1,1,1,1,24804522.7542436,22688.2077105403,16372.8976868486,9951.48086517647,7689.82191031459,4789.47222433874,,,,,,,,,,,,ok,,,D30_FE60000_seed101_110_N50_ASE_CLPSO_N40_NRLPSO_shared_prefix
CLPSO,14,110,30,60000,50,0,83708.9122795636,83708.9122795636,0,0.5576282,60000,60000,60001,1,1,1,1,1,24804522.7542436,3574497.58795621,608509.222395405,338027.308477766,290135.376820734,83708.9122795636,,,,,,,,,,,,ok,,,D30_FE60000_seed101_110_N50_ASE_CLPSO_N40_NRLPSO_shared_prefix
NRLPSO-PaperAligned,14,110,30,60000,40,1,22226.604422703,22226.604422703,0,3.8875273,60000,60000,60001,1,1,1,1,1,24804522.7542436,329940.974668644,297126.376448563,213126.028306022,23721.9415385028,22226.604422703,39512.0,19756.0,39012.0,0.1,0.999385,0.402225279116888,0.990867134824715,5507.0,4561.0,5508.0,4872.0,ok,,,D30_FE60000_seed101_110_N50_ASE_CLPSO_N40_NRLPSO_shared_prefix
ASE-CSO,15,110,30,60000,50,0,13578.9435943144,13578.9435943144,0,7.7435572,60000,60000,60001,1,1,1,1,1,1646079253.27143,528218.894681985,75178.9824633079,55380.520030156,17997.5920223946,13578.9435943144,,,,,,,,,,,,ok,,,D30_FE60000_seed101_110_N50_ASE_CLPSO_N40_NRLPSO_shared_prefix
CLPSO,15,110,30,60000,50,0,59198.9523368753,59198.9523368753,0,0.4918261,60000,60000,60001,1,1,1,1,1,1646079253.27143,188777008.440328,32475405.3366021,1702004.30851168,460351.808118977,59198.9523368753,,,,,,,,,,,,ok,,,D30_FE60000_seed101_110_N50_ASE_CLPSO_N40_NRLPSO_shared_prefix
NRLPSO-PaperAligned,15,110,30,60000,40,1,46332.8452651221,46332.8452651221,0,3.7342047,60000,60000,60001,1,1,1,1,1,1646079253.27143,11360526.1616396,2572414.49391377,1408959.52146916,391586.160082023,46332.8452651221,39332.0,19666.0,25546.0,0.1,0.999385,0.402774214683048,0.991340262983658,4667.0,4802.0,7398.0,3761.0,ok,,,D30_FE60000_seed101_110_N50_ASE_CLPSO_N40_NRLPSO_shared_prefix
ASE-CSO,16,110,30,60000,50,0,2016.3772003199,2016.3772003199,0,7.9329694,60000,60000,60001,1,1,1,1,1,9082.53896449262,3425.76974690304,2641.24042885577,2547.09370126486,2238.07488077485,2016.3772003199,,,,,,,,,,,,ok,,,D30_FE60000_seed101_110_N50_ASE_CLPSO_N40_NRLPSO_shared_prefix
CLPSO,16,110,30,60000,50,0,2693.62396533842,2693.62396533842,0,0.5007511,60000,60000,60001,1,1,1,1,1,9082.53896449262,4515.77008749305,3743.36007992272,3305.0362089929,2900.03192284047,2693.62396533842,,,,,,,,,,,,ok,,,D30_FE60000_seed101_110_N50_ASE_CLPSO_N40_NRLPSO_shared_prefix
NRLPSO-PaperAligned,16,110,30,60000,40,1,2759.5363739757,2759.5363739757,0,3.8680331,60000,60000,60001,1,1,1,1,1,7071.10130244852,4278.70971330939,3804.38050655584,3465.72074508061,3073.04990330994,2759.5363739757,38860.0,19430.0,34397.0,0.1,0.999385,0.402194768600295,0.991931506224416,5868.0,4963.0,6024.0,4245.0,ok,,,D30_FE60000_seed101_110_N50_ASE_CLPSO_N40_NRLPSO_shared_prefix
ASE-CSO,17,110,30,60000,50,0,1791.08775580777,1791.08775580777,0,7.8435604,60000,60000,60001,1,1,1,1,1,17196.4331621817,1923.27128320025,1816.53483765759,1804.0015936004,1795.56832761532,1791.08775580777,,,,,,,,,,,,ok,,,D30_FE60000_seed101_110_N50_ASE_CLPSO_N40_NRLPSO_shared_prefix
CLPSO,17,110,30,60000,50,0,2066.80906032679,2066.80906032679,0,0.6592459,60000,60000,60001,1,1,1,1,1,17196.4331621817,3052.20256156569,2919.27630751821,2308.0228718942,2131.15712354048,2066.80906032679,,,,,,,,,,,,ok,,,D30_FE60000_seed101_110_N50_ASE_CLPSO_N40_NRLPSO_shared_prefix
NRLPSO-PaperAligned,17,110,30,60000,40,1,1962.05268187643,1962.05268187643,0,4.0376385,60000,60000,60001,1,1,1,1,1,17196.4331621817,2359.69826220207,2224.67115354568,2102.69424696804,2039.82774340822,1962.05268187643,39104.0,19552.0,34742.0,0.1,0.999385,0.402393864747813,0.991831933003233,5042.0,5098.0,6063.0,4653.0,ok,,,D30_FE60000_seed101_110_N50_ASE_CLPSO_N40_NRLPSO_shared_prefix
ASE-CSO,18,110,30,60000,50,0,61728.0984221396,61728.0984221396,0,8.0304022,60000,60000,60001,1,1,1,1,1,1049234456.00755,1673573.16035045,164225.249085876,82906.4234957636,75151.4769115605,61728.0984221396,,,,,,,,,,,,ok,,,D30_FE60000_seed101_110_N50_ASE_CLPSO_N40_NRLPSO_shared_prefix
CLPSO,18,110,30,60000,50,0,549127.866296111,549127.866296111,0,0.5516283,60000,60000,60001,1,1,1,1,1,1049234456.00755,39504546.2901519,6351175.81191861,4621703.53186373,2336409.03133502,549127.866296111,,,,,,,,,,,,ok,,,D30_FE60000_seed101_110_N50_ASE_CLPSO_N40_NRLPSO_shared_prefix
NRLPSO-PaperAligned,18,110,30,60000,40,1,1900379.37235114,1900379.37235114,0,3.9037969,60000,60000,60001,1,1,1,1,1,1049234456.00755,6488530.95068867,2801532.27328695,1947415.66866629,1911737.89456827,1900379.37235114,39422.0,19711.0,38438.0,0.1,0.999385,0.402472204522418,0.991154835099184,5472.0,4913.0,5880.0,4273.0,ok,,,D30_FE60000_seed101_110_N50_ASE_CLPSO_N40_NRLPSO_shared_prefix
ASE-CSO,19,110,30,60000,50,0,4217.7212915705,4217.7212915705,0,8.8741286,60000,60000,60001,1,1,1,1,1,11581073808.9391,2235378.31721372,75659.3660368521,18030.3543408227,8056.60541331504,4217.7212915705,,,,,,,,,,,,ok,,,D30_FE60000_seed101_110_N50_ASE_CLPSO_N40_NRLPSO_shared_prefix
CLPSO,19,110,30,60000,50,0,20315.9613541107,20315.9613541107,0,1.530216,60000,60000,60001,1,1,1,1,1,11581073808.9391,311963535.168109,25467126.7824547,2797450.17311203,49188.1928595681,20315.9613541107,,,,,,,,,,,,ok,,,D30_FE60000_seed101_110_N50_ASE_CLPSO_N40_NRLPSO_shared_prefix
NRLPSO-PaperAligned,19,110,30,60000,40,1,695913.616528857,695913.616528857,0,4.844984,60000,60000,60001,1,1,1,1,1,11581073808.9391,15552873.9289993,6525627.79452212,6525627.79452212,2629783.48407483,695913.616528857,39368.0,19684.0,34374.0,0.1,0.999385,0.402535285443499,0.99130083563708,5100.0,4353.0,7373.0,3766.0,ok,,,D30_FE60000_seed101_110_N50_ASE_CLPSO_N40_NRLPSO_shared_prefix
ASE-CSO,20,110,30,60000,50,0,2357.69332780198,2357.69332780198,0,7.9313204,60000,60000,60001,1,1,1,1,1,3709.71529134761,2692.30794855325,2438.57886008967,2420.31734960031,2367.96615724368,2357.69332780198,,,,,,,,,,,,ok,,,D30_FE60000_seed101_110_N50_ASE_CLPSO_N40_NRLPSO_shared_prefix
CLPSO,20,110,30,60000,50,0,2323.10454547209,2323.10454547209,0,0.7108227,60000,60000,60001,1,1,1,1,1,3709.71529134761,3165.5416608055,2792.05759395566,2637.11657550914,2515.15405670937,2323.10454547209,,,,,,,,,,,,ok,,,D30_FE60000_seed101_110_N50_ASE_CLPSO_N40_NRLPSO_shared_prefix
NRLPSO-PaperAligned,20,110,30,60000,40,1,2424.40320839501,2424.40320839501,0,4.169238,60000,60000,60001,1,1,1,1,1,3709.71529134761,2843.50507076047,2657.41472900845,2519.35697411907,2498.45196636766,2424.40320839501,39309.0,19655.0,24170.0,0.1,0.999385,0.402103870469145,0.990315151972615,5719.0,4598.0,5546.0,4788.0,ok,,,D30_FE60000_seed101_110_N50_ASE_CLPSO_N40_NRLPSO_shared_prefix
ASE-CSO,21,110,30,60000,50,0,2444.30982257067,2444.30982257067,0,7.9807592,60000,60000,60001,1,1,1,1,1,2831.8594667867,2518.5115247783,2478.51891157978,2458.05429937561,2449.01084411367,2444.30982257067,,,,,,,,,,,,ok,,,D30_FE60000_seed101_110_N50_ASE_CLPSO_N40_NRLPSO_shared_prefix
CLPSO,21,110,30,60000,50,0,2447.9108256911,2447.9108256911,0,0.816982,60000,60000,60001,1,1,1,1,1,2831.8594667867,2691.76252690569,2574.91889147143,2505.54837187448,2469.57861114895,2447.9108256911,,,,,,,,,,,,ok,,,D30_FE60000_seed101_110_N50_ASE_CLPSO_N40_NRLPSO_shared_prefix
NRLPSO-PaperAligned,21,110,30,60000,40,1,2427.37534927493,2427.37534927493,0,4.2392288,60000,60000,60001,1,1,1,1,1,2831.8594667867,2558.54727790431,2505.05223923449,2505.05223923449,2474.29160550436,2427.37534927493,38756.0,19378.0,29759.0,0.1,0.999385,0.40205263232821,0.991194664387657,5522.0,5139.0,5526.0,5017.0,ok,,,D30_FE60000_seed101_110_N50_ASE_CLPSO_N40_NRLPSO_shared_prefix
ASE-CSO,22,110,30,60000,50,0,2300.02810733309,2300.02810733309,0,8.1190295,60000,60000,60001,1,1,1,1,1,13065.4565477594,2701.88633790826,2329.47201589384,2319.20896346137,2309.60827670262,2300.02810733309,,,,,,,,,,,,ok,,,D30_FE60000_seed101_110_N50_ASE_CLPSO_N40_NRLPSO_shared_prefix
CLPSO,22,110,30,60000,50,0,3207.00589447844,3207.00589447844,0,0.9223651,60000,60000,60001,1,1,1,1,1,13065.4565477594,10254.6987248397,8094.83410424021,6197.99456237184,3581.89720665336,3207.00589447844,,,,,,,,,,,,ok,,,D30_FE60000_seed101_110_N50_ASE_CLPSO_N40_NRLPSO_shared_prefix
NRLPSO-PaperAligned,22,110,30,60000,40,1,2321.26798491718,2321.26798491718,0,4.4615333,60000,60000,60001,1,1,1,1,1,12232.6840936567,2859.96370402653,2572.74604943764,2484.75754818742,2364.62486936098,2321.26798491718,37820.0,18910.0,3770.0,0.1,0.999385,0.402264144281469,0.992588689484228,4773.0,5850.0,6974.0,4543.0,ok,,,D30_FE60000_seed101_110_N50_ASE_CLPSO_N40_NRLPSO_shared_prefix
ASE-CSO,23,110,30,60000,50,0,2726.24812685815,2726.24812685815,0,8.5536534,60000,60000,60001,1,1,1,1,1,3740.13746803236,2864.18909897221,2784.55220414384,2762.96748037074,2733.9549260869,2726.24812685815,,,,,,,,,,,,ok,,,D30_FE60000_seed101_110_N50_ASE_CLPSO_N40_NRLPSO_shared_prefix
CLPSO,23,110,30,60000,50,0,2780.51207264072,2780.51207264072,0,0.975271,60000,60000,60001,1,1,1,1,1,3740.13746803236,3194.98264118964,2935.53609699601,2869.74012196941,2806.09480209804,2780.51207264072,,,,,,,,,,,,ok,,,D30_FE60000_seed101_110_N50_ASE_CLPSO_N40_NRLPSO_shared_prefix
NRLPSO-PaperAligned,23,110,30,60000,40,1,2817.53396086818,2817.53396086818,0,4.4865364,60000,60000,60001,1,1,1,1,1,4042.6628080588,2902.44431267009,2880.93660801258,2880.93660801258,2844.55299196361,2817.53396086818,38700.0,19350.0,32441.0,0.1,0.999385,0.402477379516594,0.992807750570832,5127.0,4816.0,6525.0,4792.0,ok,,,D30_FE60000_seed101_110_N50_ASE_CLPSO_N40_NRLPSO_shared_prefix
ASE-CSO,24,110,30,60000,50,0,2936.63015561044,2936.63015561044,0,8.224399,60000,60000,60001,1,1,1,1,1,4674.39734670611,3015.42185480878,2959.38313052768,2940.45396863351,2936.70830383007,2936.63015561044,,,,,,,,,,,,ok,,,D30_FE60000_seed101_110_N50_ASE_CLPSO_N40_NRLPSO_shared_prefix
CLPSO,24,110,30,60000,50,0,3036.24046595832,3036.24046595832,0,1.0643106,60000,60000,60001,1,1,1,1,1,4674.39734670611,3345.05240780624,3134.1554181732,3064.27634412823,3045.09269825566,3036.24046595832,,,,,,,,,,,,ok,,,D30_FE60000_seed101_110_N50_ASE_CLPSO_N40_NRLPSO_shared_prefix
NRLPSO-PaperAligned,24,110,30,60000,40,1,3049.15914523645,3049.15914523645,0,4.5419826,60000,60000,60001,1,1,1,1,1,4674.39734670611,3143.07920043852,3113.6513722067,3068.34876043803,3055.02370619681,3049.15914523645,38346.0,19173.0,32048.0,0.1,0.999385,0.402114690368548,0.991812018358996,5427.0,5173.0,6505.0,4509.0,ok,,,D30_FE60000_seed101_110_N50_ASE_CLPSO_N40_NRLPSO_shared_prefix
ASE-CSO,25,110,30,60000,50,0,2886.79536047317,2886.79536047317,0,8.3236438,60000,60000,60001,1,1,1,1,1,23076.8938567525,3025.12853506847,2898.56604940144,2887.94013315951,2887.29904452124,2886.79536047317,,,,,,,,,,,,ok,,,D30_FE60000_seed101_110_N50_ASE_CLPSO_N40_NRLPSO_shared_prefix
CLPSO,25,110,30,60000,50,0,2967.49056152965,2967.49056152965,0,0.932386,60000,60000,60001,1,1,1,1,1,23076.8938567525,7134.04998534481,3499.09002834856,3083.68421355028,3015.92082484684,2967.49056152965,,,,,,,,,,,,ok,,,D30_FE60000_seed101_110_N50_ASE_CLPSO_N40_NRLPSO_shared_prefix
NRLPSO-PaperAligned,25,110,30,60000,40,1,2920.8415401194,2920.8415401194,0,3.9593676,60000,60000,60001,1,1,1,1,1,16445.1388956297,3070.09053819836,2995.93990341626,2952.79317063808,2940.11533961599,2920.8415401194,38106.0,19053.0,3877.0,0.1,0.999385,0.402161888584902,0.992429372330334,4840.0,5558.0,6926.0,4530.0,ok,,,D30_FE60000_seed101_110_N50_ASE_CLPSO_N40_NRLPSO_shared_prefix
ASE-CSO,26,110,30,60000,50,0,2800.04363139093,2800.04363139093,0,8.4010801,60000,60000,60001,1,1,1,1,1,20578.9222575905,3766.18673877177,2915.66964269127,2877.6263311905,2819.90205571518,2800.04363139093,,,,,,,,,,,,ok,,,D30_FE60000_seed101_110_N50_ASE_CLPSO_N40_NRLPSO_shared_prefix
CLPSO,26,110,30,60000,50,0,5277.01473312963,5277.01473312963,0,1.1337972,60000,60000,60001,1,1,1,1,1,20578.9222575905,10469.7212493584,6838.69929200386,6170.97434908463,5404.75786619642,5277.01473312963,,,,,,,,,,,,ok,,,D30_FE60000_seed101_110_N50_ASE_CLPSO_N40_NRLPSO_shared_prefix
NRLPSO-PaperAligned,26,110,30,60000,40,1,5450.68609640528,5450.68609640528,0,4.5541935,60000,60000,60001,1,1,1,1,1,19678.0017383989,7165.44708342613,6915.32430419062,6803.40238423462,6172.7813249861,5450.68609640528,38586.0,19293.0,36322.0,0.1,0.999385,0.402125758114277,0.992748006638122,5887.0,5204.0,5514.0,4769.0,ok,,,D30_FE60000_seed101_110_N50_ASE_CLPSO_N40_NRLPSO_shared_prefix
ASE-CSO,27,110,30,60000,50,0,3230.33330973895,3230.33330973895,0,8.9359347,60000,60000,60001,1,1,1,1,1,5350.16843664455,3242.26792506547,3236.25270983797,3232.63048505049,3230.94865558146,3230.33330973895,,,,,,,,,,,,ok,,,D30_FE60000_seed101_110_N50_ASE_CLPSO_N40_NRLPSO_shared_prefix
CLPSO,27,110,30,60000,50,0,3243.955782699,3243.955782699,0,1.3106841,60000,60000,60001,1,1,1,1,1,5350.16843664455,3664.36032506783,3310.58718702318,3265.42725633384,3254.11660975846,3243.955782699,,,,,,,,,,,,ok,,,D30_FE60000_seed101_110_N50_ASE_CLPSO_N40_NRLPSO_shared_prefix
NRLPSO-PaperAligned,27,110,30,60000,40,1,3200.00700631741,3200.00700631741,0,4.6221403,60000,60000,60001,1,1,1,1,1,6161.01165201599,3200.00712882463,3200.00710273948,3200.00703985158,3200.00700791447,3200.00700631741,39708.0,19854.0,39707.0,0.1,0.999385,0.402164421950815,0.99227005517644,5713.0,4426.0,4954.0,5159.0,ok,,,D30_FE60000_seed101_110_N50_ASE_CLPSO_N40_NRLPSO_shared_prefix
ASE-CSO,28,110,30,60000,50,0,3100.04434472646,3100.04434472646,0,8.3978194,60000,60000,60001,1,1,1,1,1,13383.5487625871,3384.03890688332,3248.63850072271,3221.35275325222,3190.69094036431,3100.04434472646,,,,,,,,,,,,ok,,,D30_FE60000_seed101_110_N50_ASE_CLPSO_N40_NRLPSO_shared_prefix
CLPSO,28,110,30,60000,50,0,3480.23814488244,3480.23814488244,0,1.118223,60000,60000,60001,1,1,1,1,1,13383.5487625871,7281.94625448056,4660.41745881532,3981.9448039227,3686.66627111254,3480.23814488244,,,,,,,,,,,,ok,,,D30_FE60000_seed101_110_N50_ASE_CLPSO_N40_NRLPSO_shared_prefix
NRLPSO-PaperAligned,28,110,30,60000,40,1,3257.20694525733,3257.20694525733,0,4.5707615,60000,60000,60001,1,1,1,1,1,13383.5487625871,3434.07169268223,3345.44320716476,3303.99401106641,3283.67931590949,3257.20694525733,38054.0,19027.0,20234.0,0.1,0.999385,0.402419228141298,0.992628518772701,4998.0,5498.0,7091.0,4319.0,ok,,,D30_FE60000_seed101_110_N50_ASE_CLPSO_N40_NRLPSO_shared_prefix
ASE-CSO,29,110,30,60000,50,0,3824.77060023043,3824.77060023043,0,8.1859748,60000,60000,60001,1,1,1,1,1,76424.8231053207,4157.00305003361,3991.23809725757,3921.23187880871,3854.28347131376,3824.77060023043,,,,,,,,,,,,ok,,,D30_FE60000_seed101_110_N50_ASE_CLPSO_N40_NRLPSO_shared_prefix
CLPSO,29,110,30,60000,50,0,3784.44888548637,3784.44888548637,0,0.9182765,60000,60000,60001,1,1,1,1,1,76424.8231053207,5837.79016454953,4949.31134781204,4220.83941857076,3918.63133641025,3784.44888548637,,,,,,,,,,,,ok,,,D30_FE60000_seed101_110_N50_ASE_CLPSO_N40_NRLPSO_shared_prefix
NRLPSO-PaperAligned,29,110,30,60000,40,1,3808.18695416417,3808.18695416417,0,4.2822865,60000,60000,60001,1,1,1,1,1,76424.8231053207,4596.1875552841,4196.05966223937,4148.03743984626,3911.08412892994,3808.18695416417,38985.0,19493.0,25054.0,0.1,0.999385,0.402274876899817,0.99197133551289,5092.0,5169.0,6244.0,4470.0,ok,,,D30_FE60000_seed101_110_N50_ASE_CLPSO_N40_NRLPSO_shared_prefix
ASE-CSO,30,110,30,60000,50,0,34934.4718001734,34934.4718001734,0,9.1567997,60000,60000,60001,1,1,1,1,1,5922396096.65631,11667543.6782332,3953100.86939998,1546117.10431696,778792.791066655,34934.4718001734,,,,,,,,,,,,ok,,,D30_FE60000_seed101_110_N50_ASE_CLPSO_N40_NRLPSO_shared_prefix
CLPSO,30,110,30,60000,50,0,983101.723732753,983101.723732753,0,1.8554056,60000,60000,60001,1,1,1,1,1,5922396096.65631,448909814.739514,21691672.3191599,4844682.07273715,2490823.44323227,983101.723732753,,,,,,,,,,,,ok,,,D30_FE60000_seed101_110_N50_ASE_CLPSO_N40_NRLPSO_shared_prefix
NRLPSO-PaperAligned,30,110,30,60000,40,1,1125086.60248282,1125086.60248282,0,4.8817373,60000,60000,60001,1,1,1,1,1,6507908853.14006,10870820.2478904,3343803.19664373,3343803.19664373,1552860.30041667,1125086.60248282,39532.0,19766.0,39289.0,0.1,0.999385,0.402639790754476,0.992389543041861,5233.0,4353.0,7185.0,3657.0,ok,,,D30_FE60000_seed101_110_N50_ASE_CLPSO_N40_NRLPSO_shared_prefix
