FunctionID,Algorithm,Run,FE,BestError
1,D3-Both,101,3000,147334130709.717
1,D3-Both,101,6000,64279943348.5252
1,D3-Both,101,9000,41210375024.7143
1,D3-Both,101,12000,21576659982.4722
1,D3-Both,101,15000,8675646009.10512
1,D3-Both,101,18000,3904265149.15085
1,D3-Both,101,21000,1899104750.8404
1,D3-Both,101,24000,727703227.442915
1,D3-Both,101,27000,436808101.801269
1,D3-Both,101,30000,257988051.690989
1,D3-Both,101,33000,179276921.222671
1,D3-Both,101,36000,159132067.644994
1,D3-Both,101,39000,105515726.012412
1,D3-Both,101,42000,71132661.997041
1,D3-Both,101,45000,71132661.997041
1,D3-Both,101,48000,42986441.6866361
1,D3-Both,101,51000,25925168.5839153
1,D3-Both,101,54000,15554802.8754081
1,D3-Both,101,57000,8686626.13769527
1,D3-Both,101,60000,2745983.60773352
1,CLPSO,101,3000,492623758860.716
1,CLPSO,101,6000,353673970399.938
1,CLPSO,101,9000,309480279264.998
1,CLPSO,101,12000,254677000487.556
1,CLPSO,101,15000,202753578683.519
1,CLPSO,101,18000,163476065437.321
1,CLPSO,101,21000,125017437376.487
1,CLPSO,101,24000,74253835745.0544
1,CLPSO,101,27000,68084275848.9006
1,CLPSO,101,30000,65103885323.0463
1,CLPSO,101,33000,45457894416.0312
1,CLPSO,101,36000,38776349832.2216
1,CLPSO,101,39000,24718445403.5432
1,CLPSO,101,42000,23943120339.4657
1,CLPSO,101,45000,21981213813.3307
1,CLPSO,101,48000,19011365193.7661
1,CLPSO,101,51000,16325964069.5136
1,CLPSO,101,54000,14761301602.3444
1,CLPSO,101,57000,12538809042.4346
1,CLPSO,101,60000,10499364627.6132
1,D3-Both,102,3000,100091779010.316
1,D3-Both,102,6000,49048469689.7883
1,D3-Both,102,9000,25632814711.9436
1,D3-Both,102,12000,10823728263.5383
1,D3-Both,102,15000,4934674009.95728
1,D3-Both,102,18000,1892766910.01088
1,D3-Both,102,21000,871409549.279427
1,D3-Both,102,24000,445204017.893264
1,D3-Both,102,27000,320094038.411394
1,D3-Both,102,30000,220667883.592298
1,D3-Both,102,33000,174129773.152095
1,D3-Both,102,36000,98412247.7650785
1,D3-Both,102,39000,81080919.3696522
1,D3-Both,102,42000,69840418.0527306
1,D3-Both,102,45000,46272222.2110743
1,D3-Both,102,48000,37784275.8485138
1,D3-Both,102,51000,24602811.7602654
1,D3-Both,102,54000,14451657.0364513
1,D3-Both,102,57000,8577952.30815861
1,D3-Both,102,60000,2766456.4608217
1,CLPSO,102,3000,422771668029.563
1,CLPSO,102,6000,377723497756.033
1,CLPSO,102,9000,276095151635.948
1,CLPSO,102,12000,241890816156.02
1,CLPSO,102,15000,195040561255.123
1,CLPSO,102,18000,146572215017.09
1,CLPSO,102,21000,114795327764.418
1,CLPSO,102,24000,109086574459.571
1,CLPSO,102,27000,81439449247.0871
1,CLPSO,102,30000,64830813163.5764
1,CLPSO,102,33000,59961025848.7828
1,CLPSO,102,36000,42074894853.6178
1,CLPSO,102,39000,39551660004.5961
1,CLPSO,102,42000,29053177576.9387
1,CLPSO,102,45000,25751286077.1334
1,CLPSO,102,48000,21966129990.3302
1,CLPSO,102,51000,16763441873.918
1,CLPSO,102,54000,15143875549.2413
1,CLPSO,102,57000,10204374815.1828
1,CLPSO,102,60000,9913368194.90033
1,D3-Both,103,3000,138803698604.497
1,D3-Both,103,6000,87297735176.3937
1,D3-Both,103,9000,50123229339.5412
1,D3-Both,103,12000,30365240008.7746
1,D3-Both,103,15000,15002950303.4419
1,D3-Both,103,18000,6665660347.50497
1,D3-Both,103,21000,2019049138.1339
1,D3-Both,103,24000,968744111.125422
1,D3-Both,103,27000,371442287.622441
1,D3-Both,103,30000,297096903.841218
1,D3-Both,103,33000,175318982.112147
1,D3-Both,103,36000,147418584.867928
1,D3-Both,103,39000,114641323.846599
1,D3-Both,103,42000,82262661.8602247
1,D3-Both,103,45000,51356676.2514994
1,D3-Both,103,48000,33594214.3046125
1,D3-Both,103,51000,27635880.3142541
1,D3-Both,103,54000,20104963.6010983
1,D3-Both,103,57000,10860056.2458156
1,D3-Both,103,60000,3036306.43228584
1,CLPSO,103,3000,468455197852.639
1,CLPSO,103,6000,341914495125.221
1,CLPSO,103,9000,299789064344.626
1,CLPSO,103,12000,237323043304.26
1,CLPSO,103,15000,195913636789.268
1,CLPSO,103,18000,141401023217.832
1,CLPSO,103,21000,121325151509.57
1,CLPSO,103,24000,92790032905.2949
1,CLPSO,103,27000,87730209971.6273
1,CLPSO,103,30000,69907817244.1089
1,CLPSO,103,33000,57796253676.3728
1,CLPSO,103,36000,51740681405.2971
1,CLPSO,103,39000,35620807223.2608
1,CLPSO,103,42000,29918348165.569
1,CLPSO,103,45000,26739957472.9558
1,CLPSO,103,48000,20168130778.1235
1,CLPSO,103,51000,16395464046.1988
1,CLPSO,103,54000,14938043540.176
1,CLPSO,103,57000,13070831440.217
1,CLPSO,103,60000,9115572153.87665
3,D3-Both,101,3000,673529.379496308
3,D3-Both,101,6000,609198.485080442
3,D3-Both,101,9000,609198.485080442
3,D3-Both,101,12000,588199.65673584
3,D3-Both,101,15000,542454.795346652
3,D3-Both,101,18000,516236.688239345
3,D3-Both,101,21000,467215.134905272
3,D3-Both,101,24000,446169.656971478
3,D3-Both,101,27000,443786.528610533
3,D3-Both,101,30000,408690.682180415
3,D3-Both,101,33000,399400.55408637
3,D3-Both,101,36000,365426.468291441
3,D3-Both,101,39000,365426.468291441
3,D3-Both,101,42000,355401.91603507
3,D3-Both,101,45000,342077.53484424
3,D3-Both,101,48000,334276.541354674
3,D3-Both,101,51000,334244.168145596
3,D3-Both,101,54000,334244.168145596
3,D3-Both,101,57000,332753.477795869
3,D3-Both,101,60000,328626.572221467
3,CLPSO,101,3000,776746.668506383
3,CLPSO,101,6000,776746.668506383
3,CLPSO,101,9000,776746.668506383
3,CLPSO,101,12000,772681.484567699
3,CLPSO,101,15000,764811.797980723
3,CLPSO,101,18000,764811.797980723
3,CLPSO,101,21000,764811.797980723
3,CLPSO,101,24000,763346.690736642
3,CLPSO,101,27000,763346.690736642
3,CLPSO,101,30000,743902.367815401
3,CLPSO,101,33000,549154.865096512
3,CLPSO,101,36000,549154.865096512
3,CLPSO,101,39000,549154.865096512
3,CLPSO,101,42000,549154.865096512
3,CLPSO,101,45000,549154.865096512
3,CLPSO,101,48000,549154.865096512
3,CLPSO,101,51000,549154.865096512
3,CLPSO,101,54000,549154.865096512
3,CLPSO,101,57000,549154.865096512
3,CLPSO,101,60000,549154.865096512
3,D3-Both,102,3000,536858.522692685
3,D3-Both,102,6000,520999.95152411
3,D3-Both,102,9000,516500.455149813
3,D3-Both,102,12000,516500.455149813
3,D3-Both,102,15000,516500.455149813
3,D3-Both,102,18000,510004.019363785
3,D3-Both,102,21000,503899.152566507
3,D3-Both,102,24000,455454.48040839
3,D3-Both,102,27000,445510.034752646
3,D3-Both,102,30000,445510.034752646
3,D3-Both,102,33000,445510.034752646
3,D3-Both,102,36000,435309.058740523
3,D3-Both,102,39000,412795.277124413
3,D3-Both,102,42000,409627.236999657
3,D3-Both,102,45000,405754.499448366
3,D3-Both,102,48000,405754.499448366
3,D3-Both,102,51000,403465.514870299
3,D3-Both,102,54000,403465.514870299
3,D3-Both,102,57000,400585.280080084
3,D3-Both,102,60000,394623.929724738
3,CLPSO,102,3000,692961.739024888
3,CLPSO,102,6000,692961.739024888
3,CLPSO,102,9000,692961.739024888
3,CLPSO,102,12000,692961.739024888
3,CLPSO,102,15000,692961.739024888
3,CLPSO,102,18000,692961.739024888
3,CLPSO,102,21000,656729.525803988
3,CLPSO,102,24000,653937.856121457
3,CLPSO,102,27000,653937.856121457
3,CLPSO,102,30000,653937.856121457
3,CLPSO,102,33000,653937.856121457
3,CLPSO,102,36000,653937.856121457
3,CLPSO,102,39000,653937.856121457
3,CLPSO,102,42000,653937.856121457
3,CLPSO,102,45000,653937.856121457
3,CLPSO,102,48000,653937.856121457
3,CLPSO,102,51000,653937.856121457
3,CLPSO,102,54000,653937.856121457
3,CLPSO,102,57000,653937.856121457
3,CLPSO,102,60000,653937.856121457
3,D3-Both,103,3000,732192.012646935
3,D3-Both,103,6000,732192.012646935
3,D3-Both,103,9000,710112.549420923
3,D3-Both,103,12000,588752.533238623
3,D3-Both,103,15000,560457.537998206
3,D3-Both,103,18000,550535.266171792
3,D3-Both,103,21000,538404.762707474
3,D3-Both,103,24000,533656.33988451
3,D3-Both,103,27000,529202.162028839
3,D3-Both,103,30000,529202.162028839
3,D3-Both,103,33000,506740.658127398
3,D3-Both,103,36000,506740.658127398
3,D3-Both,103,39000,506740.658127398
3,D3-Both,103,42000,487908.378230626
3,D3-Both,103,45000,487908.378230626
3,D3-Both,103,48000,482853.526265225
3,D3-Both,103,51000,463956.446769017
3,D3-Both,103,54000,463956.446769017
3,D3-Both,103,57000,451337.400904412
3,D3-Both,103,60000,418142.751418105
3,CLPSO,103,3000,881539.941048141
3,CLPSO,103,6000,796498.271591163
3,CLPSO,103,9000,763262.49916486
3,CLPSO,103,12000,763262.49916486
3,CLPSO,103,15000,763262.49916486
3,CLPSO,103,18000,763262.49916486
3,CLPSO,103,21000,763262.49916486
3,CLPSO,103,24000,763262.49916486
3,CLPSO,103,27000,763262.49916486
3,CLPSO,103,30000,763262.49916486
3,CLPSO,103,33000,763262.49916486
3,CLPSO,103,36000,763262.49916486
3,CLPSO,103,39000,763262.49916486
3,CLPSO,103,42000,763262.49916486
3,CLPSO,103,45000,729917.023360204
3,CLPSO,103,48000,729917.023360204
3,CLPSO,103,51000,729917.023360204
3,CLPSO,103,54000,729917.023360204
3,CLPSO,103,57000,729917.023360204
3,CLPSO,103,60000,729917.023360204
4,D3-Both,101,3000,13374.8269028433
4,D3-Both,101,6000,6551.99207513379
4,D3-Both,101,9000,3892.13416269771
4,D3-Both,101,12000,2441.76603250368
4,D3-Both,101,15000,1532.09737980294
4,D3-Both,101,18000,1153.83583974805
4,D3-Both,101,21000,917.832175546021
4,D3-Both,101,24000,821.30426938231
4,D3-Both,101,27000,726.949777086803
4,D3-Both,101,30000,668.088660236452
4,D3-Both,101,33000,629.048376463041
4,D3-Both,101,36000,593.373162023483
4,D3-Both,101,39000,554.287807826602
4,D3-Both,101,42000,513.802115501272
4,D3-Both,101,45000,479.251748342106
4,D3-Both,101,48000,455.340059367631
4,D3-Both,101,51000,430.642310486323
4,D3-Both,101,54000,412.750935253965
4,D3-Both,101,57000,390.851576985341
4,D3-Both,101,60000,366.693813687031
4,CLPSO,101,3000,180692.202732642
4,CLPSO,101,6000,120427.574636229
4,CLPSO,101,9000,96486.5052655173
4,CLPSO,101,12000,58537.606899221
4,CLPSO,101,15000,42772.3056092972
4,CLPSO,101,18000,31447.4217628059
4,CLPSO,101,21000,26713.312582595
4,CLPSO,101,24000,17747.7324984147
4,CLPSO,101,27000,12774.3179933257
4,CLPSO,101,30000,9983.90272795589
4,CLPSO,101,33000,7922.28421600311
4,CLPSO,101,36000,6587.02078437529
4,CLPSO,101,39000,5181.87364466674
4,CLPSO,101,42000,4551.05667523346
4,CLPSO,101,45000,3842.66457454555
4,CLPSO,101,48000,3706.34670752843
4,CLPSO,101,51000,2963.77863143586
4,CLPSO,101,54000,2260.3890497667
4,CLPSO,101,57000,2165.45695129934
4,CLPSO,101,60000,1979.92648675003
4,D3-Both,102,3000,16334.4921481475
4,D3-Both,102,6000,8296.33951166042
4,D3-Both,102,9000,4632.39011047828
4,D3-Both,102,12000,2839.72766918935
4,D3-Both,102,15000,2069.06136465687
4,D3-Both,102,18000,1510.43675878362
4,D3-Both,102,21000,1205.89794963133
4,D3-Both,102,24000,1078.3412096736
4,D3-Both,102,27000,974.407209041295
4,D3-Both,102,30000,923.071969244857
4,D3-Both,102,33000,832.195853330641
4,D3-Both,102,36000,766.846879866107
4,D3-Both,102,39000,709.475397478738
4,D3-Both,102,42000,683.979748693618
4,D3-Both,102,45000,653.803139806597
4,D3-Both,102,48000,627.716591693806
4,D3-Both,102,51000,601.423641158701
4,D3-Both,102,54000,568.01663850568
4,D3-Both,102,57000,532.266125759766
4,D3-Both,102,60000,494.245896125545
4,CLPSO,102,3000,153448.594584449
4,CLPSO,102,6000,119893.766727752
4,CLPSO,102,9000,71161.0758728215
4,CLPSO,102,12000,67113.1580960638
4,CLPSO,102,15000,37240.8694085969
4,CLPSO,102,18000,35113.0032938667
4,CLPSO,102,21000,18156.9012126633
4,CLPSO,102,24000,18156.9012126633
4,CLPSO,102,27000,13547.6512247557
4,CLPSO,102,30000,10213.504164108
4,CLPSO,102,33000,9038.32293932815
4,CLPSO,102,36000,7377.20330063437
4,CLPSO,102,39000,5290.15735263848
4,CLPSO,102,42000,4767.96476414009
4,CLPSO,102,45000,4008.75724197262
4,CLPSO,102,48000,3490.07646117501
4,CLPSO,102,51000,3080.06621801289
4,CLPSO,102,54000,2720.0331061826
4,CLPSO,102,57000,2565.03988021212
4,CLPSO,102,60000,2111.48022520218
4,D3-Both,103,3000,27386.0389667954
4,D3-Both,103,6000,14497.5120486656
4,D3-Both,103,9000,7977.51724007541
4,D3-Both,103,12000,5026.48024008118
4,D3-Both,103,15000,2692.62102402397
4,D3-Both,103,18000,1529.5172979867
4,D3-Both,103,21000,1065.16974711722
4,D3-Both,103,24000,855.015839494232
4,D3-Both,103,27000,756.644924278467
4,D3-Both,103,30000,658.198280385805
4,D3-Both,103,33000,603.945917995073
4,D3-Both,103,36000,555.734336230244
4,D3-Both,103,39000,509.382564908279
4,D3-Both,103,42000,475.673139122313
4,D3-Both,103,45000,444.876573766772
4,D3-Both,103,48000,409.053999344877
4,D3-Both,103,51000,387.13368163485
4,D3-Both,103,54000,368.468923421357
4,D3-Both,103,57000,356.589223475361
4,D3-Both,103,60000,346.545835613712
4,CLPSO,103,3000,157924.498615218
4,CLPSO,103,6000,109862.884787849
4,CLPSO,103,9000,82723.7129047052
4,CLPSO,103,12000,56719.0613438926
4,CLPSO,103,15000,42922.5021338756
4,CLPSO,103,18000,29749.3246735748
4,CLPSO,103,21000,22807.2444379416
4,CLPSO,103,24000,16568.8930450973
4,CLPSO,103,27000,12177.7914411415
4,CLPSO,103,30000,7919.70438642504
4,CLPSO,103,33000,6749.49415947042
4,CLPSO,103,36000,5681.06610509097
4,CLPSO,103,39000,4753.96823828932
4,CLPSO,103,42000,4319.40166010765
4,CLPSO,103,45000,3265.57851830022
4,CLPSO,103,48000,2945.11420914991
4,CLPSO,103,51000,2255.43608135179
4,CLPSO,103,54000,2121.48785592799
4,CLPSO,103,57000,1680.78194294385
4,CLPSO,103,60000,1607.5094657347
5,D3-Both,101,3000,1370.31697083304
5,D3-Both,101,6000,1246.77249117256
5,D3-Both,101,9000,1193.25759378312
5,D3-Both,101,12000,1189.44098517387
5,D3-Both,101,15000,1135.97379354637
5,D3-Both,101,18000,1112.18756839649
5,D3-Both,101,21000,1066.47069111751
5,D3-Both,101,24000,1061.18472219892
5,D3-Both,101,27000,1020.9878807153
5,D3-Both,101,30000,1012.39062823611
5,D3-Both,101,33000,961.160187565506
5,D3-Both,101,36000,953.934726305453
5,D3-Both,101,39000,945.112119059507
5,D3-Both,101,42000,896.418942455191
5,D3-Both,101,45000,886.357983576894
5,D3-Both,101,48000,851.808653725168
5,D3-Both,101,51000,735.928819632816
5,D3-Both,101,54000,643.367975788494
5,D3-Both,101,57000,611.465838952678
5,D3-Both,101,60000,597.673280174608
5,CLPSO,101,3000,2162.57382130511
5,CLPSO,101,6000,1863.22151864722
5,CLPSO,101,9000,1610.40906472244
5,CLPSO,101,12000,1610.40906472244
5,CLPSO,101,15000,1594.03093769758
5,CLPSO,101,18000,1428.20098116051
5,CLPSO,101,21000,1389.6585991386
5,CLPSO,101,24000,1319.24990420339
5,CLPSO,101,27000,1319.24990420339
5,CLPSO,101,30000,1275.41112590133
5,CLPSO,101,33000,1252.93393295172
5,CLPSO,101,36000,1236.45523167961
5,CLPSO,101,39000,1194.59135843117
5,CLPSO,101,42000,1189.88728788196
5,CLPSO,101,45000,1154.60779137781
5,CLPSO,101,48000,1154.60779137781
5,CLPSO,101,51000,1132.5532576966
5,CLPSO,101,54000,1127.88687022889
5,CLPSO,101,57000,1118.36618721065
5,CLPSO,101,60000,1068.98427828902
5,D3-Both,102,3000,1347.57543811553
5,D3-Both,102,6000,1261.60300881331
5,D3-Both,102,9000,1248.32817414113
5,D3-Both,102,12000,1192.06064446438
5,D3-Both,102,15000,1162.95674475761
5,D3-Both,102,18000,1101.25369033448
5,D3-Both,102,21000,1101.25369033448
5,D3-Both,102,24000,1053.73468879403
5,D3-Both,102,27000,1053.73468879403
5,D3-Both,102,30000,1043.63599365409
5,D3-Both,102,33000,1021.41562977739
5,D3-Both,102,36000,986.506405313184
5,D3-Both,102,39000,943.652951672988
5,D3-Both,102,42000,902.46036440525
5,D3-Both,102,45000,871.587507488748
5,D3-Both,102,48000,836.139210219128
5,D3-Both,102,51000,836.139210219128
5,D3-Both,102,54000,819.873110309862
5,D3-Both,102,57000,816.7041133848
5,D3-Both,102,60000,808.223386987414
5,CLPSO,102,3000,2228.2915907273
5,CLPSO,102,6000,2048.77975575229
5,CLPSO,102,9000,1841.4007252073
5,CLPSO,102,12000,1691.66659050782
5,CLPSO,102,15000,1473.21962476092
5,CLPSO,102,18000,1426.05759277156
5,CLPSO,102,21000,1296.25288948258
5,CLPSO,102,24000,1296.25288948258
5,CLPSO,102,27000,1253.74146348111
5,CLPSO,102,30000,1253.74146348111
5,CLPSO,102,33000,1188.27344627662
5,CLPSO,102,36000,1161.34057940089
5,CLPSO,102,39000,1161.34057940089
5,CLPSO,102,42000,1129.4895395512
5,CLPSO,102,45000,1128.29493590135
5,CLPSO,102,48000,1119.30164815488
5,CLPSO,102,51000,1081.39267968407
5,CLPSO,102,54000,990.408778939389
5,CLPSO,102,57000,990.408778939389
5,CLPSO,102,60000,990.408778939389
5,D3-Both,103,3000,1345.51735173435
5,D3-Both,103,6000,1263.56310286628
5,D3-Both,103,9000,1177.11323651001
5,D3-Both,103,12000,1146.5667156372
5,D3-Both,103,15000,1100.43027003859
5,D3-Both,103,18000,1076.31914194932
5,D3-Both,103,21000,1050.09340118898
5,D3-Both,103,24000,996.436325086401
5,D3-Both,103,27000,978.568885223068
5,D3-Both,103,30000,970.476685297424
5,D3-Both,103,33000,967.216394573162
5,D3-Both,103,36000,920.447481302905
5,D3-Both,103,39000,902.748700291801
5,D3-Both,103,42000,886.075410345338
5,D3-Both,103,45000,871.415822424291
5,D3-Both,103,48000,870.450713628793
5,D3-Both,103,51000,861.808857176069
5,D3-Both,103,54000,704.713518443901
5,D3-Both,103,57000,609.38195117352
5,D3-Both,103,60000,571.516198101316
5,CLPSO,103,3000,2238.98360521868
5,CLPSO,103,6000,1877.8480233467
5,CLPSO,103,9000,1772.55828492815
5,CLPSO,103,12000,1742.42005211734
5,CLPSO,103,15000,1514.67903285615
5,CLPSO,103,18000,1380.12321964031
5,CLPSO,103,21000,1380.12321964031
5,CLPSO,103,24000,1315.47192566104
5,CLPSO,103,27000,1315.47192566104
5,CLPSO,103,30000,1281.05782852737
5,CLPSO,103,33000,1213.36193949935
5,CLPSO,103,36000,1195.70903485157
5,CLPSO,103,39000,1144.96149480479
5,CLPSO,103,42000,1106.05532972188
5,CLPSO,103,45000,1106.05532972188
5,CLPSO,103,48000,1071.53244288365
5,CLPSO,103,51000,1019.32342952444
5,CLPSO,103,54000,985.56687622936
5,CLPSO,103,57000,906.71800932556
5,CLPSO,103,60000,906.71800932556
6,D3-Both,101,3000,83.6857757000063
6,D3-Both,101,6000,78.3300705693506
6,D3-Both,101,9000,70.8144574269302
6,D3-Both,101,12000,69.4304231647621
6,D3-Both,101,15000,67.3458878245008
6,D3-Both,101,18000,65.2048161688189
6,D3-Both,101,21000,63.7070636678578
6,D3-Both,101,24000,62.0755445448418
6,D3-Both,101,27000,61.7884395952012
6,D3-Both,101,30000,60.0957590980877
6,D3-Both,101,33000,60.0957590980877
6,D3-Both,101,36000,58.7425550500592
6,D3-Both,101,39000,58.7425550500592
6,D3-Both,101,42000,58.1445341008298
6,D3-Both,101,45000,57.3021509868838
6,D3-Both,101,48000,56.387872144667
6,D3-Both,101,51000,56.387872144667
6,D3-Both,101,54000,55.8934717370103
6,D3-Both,101,57000,54.9349919834912
6,D3-Both,101,60000,54.6571214142598
6,CLPSO,101,3000,135.374850393714
6,CLPSO,101,6000,127.059376349914
6,CLPSO,101,9000,106.56134148405
6,CLPSO,101,12000,105.743493519194
6,CLPSO,101,15000,101.22749720945
6,CLPSO,101,18000,87.316931831118
6,CLPSO,101,21000,83.4414437789336
6,CLPSO,101,24000,75.7614555882253
6,CLPSO,101,27000,66.2326506312954
6,CLPSO,101,30000,65.4325946480882
6,CLPSO,101,33000,64.8368100803189
6,CLPSO,101,36000,53.8111945949561
6,CLPSO,101,39000,46.7242302253658
6,CLPSO,101,42000,46.7242302253658
6,CLPSO,101,45000,44.7563901938672
6,CLPSO,101,48000,41.3240103410851
6,CLPSO,101,51000,36.0279439972875
6,CLPSO,101,54000,34.018856703615
6,CLPSO,101,57000,32.5170364588962
6,CLPSO,101,60000,30.0698244528578
6,D3-Both,102,3000,88.3062714169355
6,D3-Both,102,6000,87.5046387671907
6,D3-Both,102,9000,86.1502356663045
6,D3-Both,102,12000,82.6587953516399
6,D3-Both,102,15000,81.0939870448155
6,D3-Both,102,18000,79.9369223046434
6,D3-Both,102,21000,77.8357674324142
6,D3-Both,102,24000,75.7344986626373
6,D3-Both,102,27000,73.3638938505064
6,D3-Both,102,30000,72.6749593257853
6,D3-Both,102,33000,72.2119047805213
6,D3-Both,102,36000,72.2119047805213
6,D3-Both,102,39000,72.2119047805213
6,D3-Both,102,42000,71.8482282520351
6,D3-Both,102,45000,71.4428860403669
6,D3-Both,102,48000,69.5161337907391
6,D3-Both,102,51000,69.4416408250781
6,D3-Both,102,54000,68.8021812721373
6,D3-Both,102,57000,68.6424172190043
6,D3-Both,102,60000,68.5061332648979
6,CLPSO,102,3000,150.791708914932
6,CLPSO,102,6000,132.506181054365
6,CLPSO,102,9000,120.910085602433
6,CLPSO,102,12000,105.593162037337
6,CLPSO,102,15000,105.280588739712
6,CLPSO,102,18000,96.1669650646891
6,CLPSO,102,21000,87.7829355713512
6,CLPSO,102,24000,80.529544229874
6,CLPSO,102,27000,67.49525802869
6,CLPSO,102,30000,67.49525802869
6,CLPSO,102,33000,62.158067688311
6,CLPSO,102,36000,49.636097345509
6,CLPSO,102,39000,49.636097345509
6,CLPSO,102,42000,46.6319510711515
6,CLPSO,102,45000,41.9625370812252
6,CLPSO,102,48000,39.9410691919154
6,CLPSO,102,51000,38.3945347065597
6,CLPSO,102,54000,34.24829241873
6,CLPSO,102,57000,30.5451861432755
6,CLPSO,102,60000,28.2587935313602
6,D3-Both,103,3000,92.72764019318
6,D3-Both,103,6000,87.3715019628009
6,D3-Both,103,9000,81.3634922399472
6,D3-Both,103,12000,65.2083261868133
6,D3-Both,103,15000,63.5351291942184
6,D3-Both,103,18000,60.7326265527337
6,D3-Both,103,21000,59.6961376533604
6,D3-Both,103,24000,56.6751940874942
6,D3-Both,103,27000,54.4294780807818
6,D3-Both,103,30000,53.9671785327273
6,D3-Both,103,33000,53.7194234477392
6,D3-Both,103,36000,52.3403805083109
6,D3-Both,103,39000,51.9074363065191
6,D3-Both,103,42000,50.2980790194042
6,D3-Both,103,45000,48.8693953012699
6,D3-Both,103,48000,47.8279436168525
6,D3-Both,103,51000,47.6407384718115
6,D3-Both,103,54000,47.0417057039771
6,D3-Both,103,57000,46.8779717850542
6,D3-Both,103,60000,46.7881377847266
6,CLPSO,103,3000,139.101531162478
6,CLPSO,103,6000,115.407255935625
6,CLPSO,103,9000,115.407255935625
6,CLPSO,103,12000,110.291612936214
6,CLPSO,103,15000,98.3282728254168
6,CLPSO,103,18000,85.0333674145196
6,CLPSO,103,21000,81.6915622232009
6,CLPSO,103,24000,74.9783647385613
6,CLPSO,103,27000,71.4173656883235
6,CLPSO,103,30000,63.363056700179
6,CLPSO,103,33000,61.4907696165885
6,CLPSO,103,36000,56.1884316857364
6,CLPSO,103,39000,49.3672787569483
6,CLPSO,103,42000,43.3398854916318
6,CLPSO,103,45000,41.3010846879681
6,CLPSO,103,48000,36.9285881474107
6,CLPSO,103,51000,34.3008412647386
6,CLPSO,103,54000,28.4778451349681
6,CLPSO,103,57000,26.3138022697693
6,CLPSO,103,60000,24.5773734029982
7,D3-Both,101,3000,3403.60632214377
7,D3-Both,101,6000,3059.04661547385
7,D3-Both,101,9000,2831.54458997952
7,D3-Both,101,12000,2708.2251354399
7,D3-Both,101,15000,2423.65218439924
7,D3-Both,101,18000,2222.0338313021
7,D3-Both,101,21000,1943.27469116168
7,D3-Both,101,24000,1940.3476453821
7,D3-Both,101,27000,1875.95592567391
7,D3-Both,101,30000,1668.12948218493
7,D3-Both,101,33000,1515.09637284974
7,D3-Both,101,36000,1515.09637284974
7,D3-Both,101,39000,1512.64915663457
7,D3-Both,101,42000,1472.02125182236
7,D3-Both,101,45000,1433.81626890789
7,D3-Both,101,48000,1374.41008595219
7,D3-Both,101,51000,1357.76556775164
7,D3-Both,101,54000,1259.27352651637
7,D3-Both,101,57000,1252.7915022757
7,D3-Both,101,60000,1240.11637945975
7,CLPSO,101,3000,9431.48158684194
7,CLPSO,101,6000,7253.11370404898
7,CLPSO,101,9000,5922.93418533018
7,CLPSO,101,12000,4876.06449378224
7,CLPSO,101,15000,4615.2686069964
7,CLPSO,101,18000,3601.09117278756
7,CLPSO,101,21000,3301.5575653879
7,CLPSO,101,24000,3222.58922854529
7,CLPSO,101,27000,2651.1545040366
7,CLPSO,101,30000,2373.562006878
7,CLPSO,101,33000,2257.6665976586
7,CLPSO,101,36000,1957.82753665366
7,CLPSO,101,39000,1768.66151154476
7,CLPSO,101,42000,1620.13806261133
7,CLPSO,101,45000,1576.41680304232
7,CLPSO,101,48000,1481.01535045146
7,CLPSO,101,51000,1480.05891016721
7,CLPSO,101,54000,1455.25271368924
7,CLPSO,101,57000,1395.42457619482
7,CLPSO,101,60000,1340.76418978272
7,D3-Both,102,3000,3151.54867167888
7,D3-Both,102,6000,2724.94023247588
7,D3-Both,102,9000,2645.02220842697
7,D3-Both,102,12000,2558.20404324458
7,D3-Both,102,15000,2482.20073372295
7,D3-Both,102,18000,2351.47515605116
7,D3-Both,102,21000,2306.97861971255
7,D3-Both,102,24000,2287.5342854736
7,D3-Both,102,27000,2012.83216230758
7,D3-Both,102,30000,1810.69651250593
7,D3-Both,102,33000,1702.53219163139
7,D3-Both,102,36000,1687.61338410717
7,D3-Both,102,39000,1638.21980509895
7,D3-Both,102,42000,1624.0818161026
7,D3-Both,102,45000,1484.79700296551
7,D3-Both,102,48000,1453.35687240243
7,D3-Both,102,51000,1387.13420662289
7,D3-Both,102,54000,1309.36149029507
7,D3-Both,102,57000,1280.84075864416
7,D3-Both,102,60000,1244.00608002599
7,CLPSO,102,3000,8676.92795246143
7,CLPSO,102,6000,6900.92436540124
7,CLPSO,102,9000,6082.83045268247
7,CLPSO,102,12000,5001.77410503092
7,CLPSO,102,15000,4226.84764839296
7,CLPSO,102,18000,3661.85345774552
7,CLPSO,102,21000,3191.21773743659
7,CLPSO,102,24000,2137.09858993159
7,CLPSO,102,27000,2137.09858993159
7,CLPSO,102,30000,2137.09858993159
7,CLPSO,102,33000,1967.31128298789
7,CLPSO,102,36000,1826.97233890358
7,CLPSO,102,39000,1622.62784763727
7,CLPSO,102,42000,1454.20774658479
7,CLPSO,102,45000,1454.20774658479
7,CLPSO,102,48000,1454.20774658479
7,CLPSO,102,51000,1454.20774658479
7,CLPSO,102,54000,1454.20774658479
7,CLPSO,102,57000,1401.69702797937
7,CLPSO,102,60000,1401.69702797937
7,D3-Both,103,3000,3181.67485276595
7,D3-Both,103,6000,2971.03198377684
7,D3-Both,103,9000,2808.62794319191
7,D3-Both,103,12000,2710.56091078464
7,D3-Both,103,15000,2494.19029445904
7,D3-Both,103,18000,2054.9489890533
7,D3-Both,103,21000,1863.66540691407
7,D3-Both,103,24000,1857.70216746087
7,D3-Both,103,27000,1682.28555076264
7,D3-Both,103,30000,1573.69906868656
7,D3-Both,103,33000,1573.31683896437
7,D3-Both,103,36000,1550.51854572426
7,D3-Both,103,39000,1525.07067012229
7,D3-Both,103,42000,1507.40097254134
7,D3-Both,103,45000,1492.97267283296
7,D3-Both,103,48000,1483.20681008621
7,D3-Both,103,51000,1436.78547663293
7,D3-Both,103,54000,1364.59387281353
7,D3-Both,103,57000,1316.82901260502
7,D3-Both,103,60000,1288.41564328077
7,CLPSO,103,3000,8990.1413141732
7,CLPSO,103,6000,6848.14022149959
7,CLPSO,103,9000,5817.34499458275
7,CLPSO,103,12000,5123.33444875249
7,CLPSO,103,15000,4448.84702678624
7,CLPSO,103,18000,4262.50929793652
7,CLPSO,103,21000,3730.75500230767
7,CLPSO,103,24000,3308.86723208714
7,CLPSO,103,27000,2797.2392244091
7,CLPSO,103,30000,2571.67955123619
7,CLPSO,103,33000,2216.48388198785
7,CLPSO,103,36000,1823.19763706868
7,CLPSO,103,39000,1776.42816902398
7,CLPSO,103,42000,1740.32799765189
7,CLPSO,103,45000,1740.32799765189
7,CLPSO,103,48000,1583.0192605828
7,CLPSO,103,51000,1493.87106106494
7,CLPSO,103,54000,1413.81574234942
7,CLPSO,103,57000,1413.81574234942
7,CLPSO,103,60000,1373.59510459281
8,D3-Both,101,3000,1386.18755480861
8,D3-Both,101,6000,1311.37880206265
8,D3-Both,101,9000,1275.39695238872
8,D3-Both,101,12000,1199.58379550654
8,D3-Both,101,15000,1182.64287893388
8,D3-Both,101,18000,1147.10102692871
8,D3-Both,101,21000,1132.94309244955
8,D3-Both,101,24000,1104.44306852036
8,D3-Both,101,27000,1077.0462220335
8,D3-Both,101,30000,1034.71078678379
8,D3-Both,101,33000,1009.9354664843
8,D3-Both,101,36000,963.947433953784
8,D3-Both,101,39000,928.439133351208
8,D3-Both,101,42000,872.416899559719
8,D3-Both,101,45000,840.535002539848
8,D3-Both,101,48000,803.596188000452
8,D3-Both,101,51000,793.246106836607
8,D3-Both,101,54000,790.061000934347
8,D3-Both,101,57000,772.444689741027
8,D3-Both,101,60000,763.11245249104
8,CLPSO,101,3000,2370.4460961415
8,CLPSO,101,6000,1874.21807278791
8,CLPSO,101,9000,1727.46404432287
8,CLPSO,101,12000,1727.46404432287
8,CLPSO,101,15000,1483.25811189357
8,CLPSO,101,18000,1418.95460551338
8,CLPSO,101,21000,1400.88420444297
8,CLPSO,101,24000,1339.87175344379
8,CLPSO,101,27000,1317.27679574558
8,CLPSO,101,30000,1274.82884658057
8,CLPSO,101,33000,1258.61496177639
8,CLPSO,101,36000,1258.61496177639
8,CLPSO,101,39000,1178.32136697562
8,CLPSO,101,42000,1167.35973185517
8,CLPSO,101,45000,1167.35973185517
8,CLPSO,101,48000,1155.69499263236
8,CLPSO,101,51000,1118.85304340298
8,CLPSO,101,54000,1056.82746061917
8,CLPSO,101,57000,1056.82746061917
8,CLPSO,101,60000,1056.82746061917
8,D3-Both,102,3000,1403.71606836203
8,D3-Both,102,6000,1317.82844960268
8,D3-Both,102,9000,1312.3776615034
8,D3-Both,102,12000,1290.03075812438
8,D3-Both,102,15000,1250.28000939849
8,D3-Both,102,18000,1237.75389124952
8,D3-Both,102,21000,1164.37923975869
8,D3-Both,102,24000,1153.77631340299
8,D3-Both,102,27000,1153.70406918828
8,D3-Both,102,30000,1130.93832651295
8,D3-Both,102,33000,1109.75074091747
8,D3-Both,102,36000,1053.20240303595
8,D3-Both,102,39000,1023.77397412739
8,D3-Both,102,42000,1020.59323917167
8,D3-Both,102,45000,999.159682261863
8,D3-Both,102,48000,990.277082905133
8,D3-Both,102,51000,981.123977965377
8,D3-Both,102,54000,962.935445010465
8,D3-Both,102,57000,943.871380802541
8,D3-Both,102,60000,938.081239200274
8,CLPSO,102,3000,2200.80004223489
8,CLPSO,102,6000,1930.9797502214
8,CLPSO,102,9000,1776.38201091562
8,CLPSO,102,12000,1711.59320925598
8,CLPSO,102,15000,1614.55710669386
8,CLPSO,102,18000,1456.97080608954
8,CLPSO,102,21000,1412.88460253003
8,CLPSO,102,24000,1386.37311407581
8,CLPSO,102,27000,1184.71148452672
8,CLPSO,102,30000,1184.71148452672
8,CLPSO,102,33000,1184.71148452672
8,CLPSO,102,36000,1184.71148452672
8,CLPSO,102,39000,1184.71148452672
8,CLPSO,102,42000,1150.99016726162
8,CLPSO,102,45000,1068.54152740999
8,CLPSO,102,48000,1068.54152740999
8,CLPSO,102,51000,1024.00199849164
8,CLPSO,102,54000,1024.00199849164
8,CLPSO,102,57000,1024.00199849164
8,CLPSO,102,60000,1024.00199849164
8,D3-Both,103,3000,1367.48307382833
8,D3-Both,103,6000,1244.70266295762
8,D3-Both,103,9000,1214.09148380824
8,D3-Both,103,12000,1193.97122665064
8,D3-Both,103,15000,1153.31959046125
8,D3-Both,103,18000,1115.52323433338
8,D3-Both,103,21000,1089.82462189953
8,D3-Both,103,24000,1075.81838234125
8,D3-Both,103,27000,1038.59447563536
8,D3-Both,103,30000,1019.64788388304
8,D3-Both,103,33000,1007.11562711492
8,D3-Both,103,36000,1002.31954444533
8,D3-Both,103,39000,977.405551965996
8,D3-Both,103,42000,967.009250368588
8,D3-Both,103,45000,947.822768272669
8,D3-Both,103,48000,936.276643092172
8,D3-Both,103,51000,924.082587008667
8,D3-Both,103,54000,915.648791121967
8,D3-Both,103,57000,910.211501596954
8,D3-Both,103,60000,880.9055806164
8,CLPSO,103,3000,2249.45703969025
8,CLPSO,103,6000,2082.09367810626
8,CLPSO,103,9000,1908.21037606098
8,CLPSO,103,12000,1797.05258306107
8,CLPSO,103,15000,1613.02220492919
8,CLPSO,103,18000,1551.17761315573
8,CLPSO,103,21000,1358.94919190107
8,CLPSO,103,24000,1358.94919190107
8,CLPSO,103,27000,1249.69953768732
8,CLPSO,103,30000,1205.36392229531
8,CLPSO,103,33000,1171.50131800788
8,CLPSO,103,36000,1117.13504182866
8,CLPSO,103,39000,1113.77703185113
8,CLPSO,103,42000,1113.69950234312
8,CLPSO,103,45000,1113.5604239193
8,CLPSO,103,48000,1106.15252480099
8,CLPSO,103,51000,1099.71550668825
8,CLPSO,103,54000,1095.66461472771
8,CLPSO,103,57000,1051.98678165871
8,CLPSO,103,60000,1015.19988641514
9,D3-Both,101,3000,75265.8168272142
9,D3-Both,101,6000,66612.7467611265
9,D3-Both,101,9000,47608.6643490746
9,D3-Both,101,12000,46364.4991668331
9,D3-Both,101,15000,46364.4991668331
9,D3-Both,101,18000,37431.8155633832
9,D3-Both,101,21000,37431.8155633832
9,D3-Both,101,24000,37255.853077591
9,D3-Both,101,27000,37255.853077591
9,D3-Both,101,30000,32884.3133780027
9,D3-Both,101,33000,32884.3133780027
9,D3-Both,101,36000,29856.7030683913
9,D3-Both,101,39000,29856.7030683913
9,D3-Both,101,42000,29479.4116349392
9,D3-Both,101,45000,24630.3701359274
9,D3-Both,101,48000,23313.9623159189
9,D3-Both,101,51000,22122.8652847343
9,D3-Both,101,54000,21755.4707851655
9,D3-Both,101,57000,19047.3856668847
9,D3-Both,101,60000,17977.6609889306
9,CLPSO,101,3000,160691.119477629
9,CLPSO,101,6000,133569.619719709
9,CLPSO,101,9000,133266.88666547
9,CLPSO,101,12000,133266.88666547
9,CLPSO,101,15000,104604.290559677
9,CLPSO,101,18000,104365.973201714
9,CLPSO,101,21000,95414.2091196808
9,CLPSO,101,24000,95414.2091196808
9,CLPSO,101,27000,83410.9337579257
9,CLPSO,101,30000,83410.9337579257
9,CLPSO,101,33000,83410.9337579257
9,CLPSO,101,36000,83410.9337579257
9,CLPSO,101,39000,79007.4133806887
9,CLPSO,101,42000,79007.4133806887
9,CLPSO,101,45000,79007.4133806887
9,CLPSO,101,48000,79007.4133806887
9,CLPSO,101,51000,64651.3381809467
9,CLPSO,101,54000,53768.0267871504
9,CLPSO,101,57000,52576.0376653376
9,CLPSO,101,60000,52576.0376653376
9,D3-Both,102,3000,63244.6937552869
9,D3-Both,102,6000,55388.0486545983
9,D3-Both,102,9000,50484.7957088146
9,D3-Both,102,12000,46390.1980304425
9,D3-Both,102,15000,43471.7503868804
9,D3-Both,102,18000,40757.1400973523
9,D3-Both,102,21000,39256.7161074517
9,D3-Both,102,24000,38109.3292366447
9,D3-Both,102,27000,35808.7554385353
9,D3-Both,102,30000,35808.7554385353
9,D3-Both,102,33000,33529.3265199474
9,D3-Both,102,36000,31266.3372738255
9,D3-Both,102,39000,30683.8428395838
9,D3-Both,102,42000,30567.9225524417
9,D3-Both,102,45000,27756.3153283607
9,D3-Both,102,48000,23948.637451105
9,D3-Both,102,51000,21245.8967652777
9,D3-Both,102,54000,20913.3755517184
9,D3-Both,102,57000,20913.3755517184
9,D3-Both,102,60000,20283.6479506347
9,CLPSO,102,3000,155316.131537049
9,CLPSO,102,6000,154598.889873439
9,CLPSO,102,9000,144751.505928001
9,CLPSO,102,12000,138789.230751546
9,CLPSO,102,15000,131749.13532736
9,CLPSO,102,18000,111477.613470451
9,CLPSO,102,21000,97797.7733407725
9,CLPSO,102,24000,86267.9939107031
9,CLPSO,102,27000,85268.1915580248
9,CLPSO,102,30000,85268.1915580248
9,CLPSO,102,33000,76275.174607064
9,CLPSO,102,36000,68999.2555192997
9,CLPSO,102,39000,64456.8724257627
9,CLPSO,102,42000,64456.8724257627
9,CLPSO,102,45000,60620.0710776276
9,CLPSO,102,48000,60620.0710776276
9,CLPSO,102,51000,58126.8983952384
9,CLPSO,102,54000,56685.7555664526
9,CLPSO,102,57000,52633.383216059
9,CLPSO,102,60000,52633.383216059
9,D3-Both,103,3000,81691.6084963945
9,D3-Both,103,6000,65915.7533233555
9,D3-Both,103,9000,46590.2700902878
9,D3-Both,103,12000,42415.7673523078
9,D3-Both,103,15000,41237.1933915574
9,D3-Both,103,18000,38960.2640437529
9,D3-Both,103,21000,38960.2640437529
9,D3-Both,103,24000,38692.9608082537
9,D3-Both,103,27000,35656.0368860007
9,D3-Both,103,30000,35656.0368860007
9,D3-Both,103,33000,35656.0368860007
9,D3-Both,103,36000,35199.414767406
9,D3-Both,103,39000,35199.414767406
9,D3-Both,103,42000,34649.902298263
9,D3-Both,103,45000,29873.3923172266
9,D3-Both,103,48000,27790.8062186578
9,D3-Both,103,51000,27413.0271258608
9,D3-Both,103,54000,26305.1764012005
9,D3-Both,103,57000,25816.8361802843
9,D3-Both,103,60000,25452.7761397488
9,CLPSO,103,3000,153808.564186951
9,CLPSO,103,6000,153808.564186951
9,CLPSO,103,9000,147641.248653593
9,CLPSO,103,12000,130364.31184447
9,CLPSO,103,15000,124294.976831218
9,CLPSO,103,18000,120147.349935381
9,CLPSO,103,21000,120147.349935381
9,CLPSO,103,24000,104033.094425815
9,CLPSO,103,27000,103722.041003906
9,CLPSO,103,30000,84312.8841868543
9,CLPSO,103,33000,84312.8841868543
9,CLPSO,103,36000,75076.3410383815
9,CLPSO,103,39000,75076.3410383815
9,CLPSO,103,42000,75076.3410383815
9,CLPSO,103,45000,75076.3410383815
9,CLPSO,103,48000,75076.3410383815
9,CLPSO,103,51000,70123.2703556967
9,CLPSO,103,54000,70123.2703556967
9,CLPSO,103,57000,68562.271429874
9,CLPSO,103,60000,68160.1506875459
10,D3-Both,101,3000,30092.91383437
10,D3-Both,101,6000,29671.4481902714
10,D3-Both,101,9000,28414.4800966274
10,D3-Both,101,12000,27476.3062703773
10,D3-Both,101,15000,27391.0182822333
10,D3-Both,101,18000,27391.0182822333
10,D3-Both,101,21000,26914.8775043642
10,D3-Both,101,24000,26683.1142096625
10,D3-Both,101,27000,26181.3601251437
10,D3-Both,101,30000,26108.5443295161
10,D3-Both,101,33000,25810.045427082
10,D3-Both,101,36000,25626.3426289954
10,D3-Both,101,39000,25178.0011650125
10,D3-Both,101,42000,24537.4456368443
10,D3-Both,101,45000,23881.689033855
10,D3-Both,101,48000,23370.1219434976
10,D3-Both,101,51000,23249.1039629781
10,D3-Both,101,54000,23108.1919606409
10,D3-Both,101,57000,23108.1919606409
10,D3-Both,101,60000,23064.3087739739
10,CLPSO,101,3000,31754.113059907
10,CLPSO,101,6000,31754.113059907
10,CLPSO,101,9000,31267.8949242942
10,CLPSO,101,12000,30606.3090469071
10,CLPSO,101,15000,30205.0980027481
10,CLPSO,101,18000,30205.0980027481
10,CLPSO,101,21000,30046.9263408186
10,CLPSO,101,24000,29612.2135545958
10,CLPSO,101,27000,29612.2135545958
10,CLPSO,101,30000,27416.248198742
10,CLPSO,101,33000,27416.248198742
10,CLPSO,101,36000,27416.248198742
10,CLPSO,101,39000,27416.248198742
10,CLPSO,101,42000,27416.248198742
10,CLPSO,101,45000,27416.248198742
10,CLPSO,101,48000,27416.248198742
10,CLPSO,101,51000,27416.248198742
10,CLPSO,101,54000,27416.248198742
10,CLPSO,101,57000,27416.248198742
10,CLPSO,101,60000,26706.2490140355
10,D3-Both,102,3000,31797.8379803209
10,D3-Both,102,6000,30634.0492193315
10,D3-Both,102,9000,29123.6794257311
10,D3-Both,102,12000,28644.5435720992
10,D3-Both,102,15000,27214.3265526854
10,D3-Both,102,18000,26298.3435138194
10,D3-Both,102,21000,26283.3121531587
10,D3-Both,102,24000,26203.3906595884
10,D3-Both,102,27000,25743.4975862056
10,D3-Both,102,30000,25743.4975862056
10,D3-Both,102,33000,25353.563456802
10,D3-Both,102,36000,24372.2700297834
10,D3-Both,102,39000,23755.4037216619
10,D3-Both,102,42000,23512.5088363831
10,D3-Both,102,45000,23396.7891621128
10,D3-Both,102,48000,23396.7891621128
10,D3-Both,102,51000,23396.7891621128
10,D3-Both,102,54000,23152.4146817923
10,D3-Both,102,57000,22511.1528244637
10,D3-Both,102,60000,22404.2966264503
10,CLPSO,102,3000,32773.9698928381
10,CLPSO,102,6000,32230.071952034
10,CLPSO,102,9000,32019.0614984277
10,CLPSO,102,12000,31106.7895861048
10,CLPSO,102,15000,31106.7895861048
10,CLPSO,102,18000,30202.7363568052
10,CLPSO,102,21000,28677.8037913616
10,CLPSO,102,24000,28151.3262718024
10,CLPSO,102,27000,27849.7517303713
10,CLPSO,102,30000,27849.7517303713
10,CLPSO,102,33000,27849.7517303713
10,CLPSO,102,36000,27849.7517303713
10,CLPSO,102,39000,27849.7517303713
10,CLPSO,102,42000,27528.1350078462
10,CLPSO,102,45000,27361.3806949264
10,CLPSO,102,48000,27361.3806949264
10,CLPSO,102,51000,27361.3806949264
10,CLPSO,102,54000,27361.3806949264
10,CLPSO,102,57000,27361.3806949264
10,CLPSO,102,60000,27361.3806949264
10,D3-Both,103,3000,29589.1680944698
10,D3-Both,103,6000,25965.3140438805
10,D3-Both,103,9000,25909.301411833
10,D3-Both,103,12000,25849.9578813794
10,D3-Both,103,15000,25078.0480855555
10,D3-Both,103,18000,24532.4971028135
10,D3-Both,103,21000,24532.4971028135
10,D3-Both,103,24000,24532.4971028135
10,D3-Both,103,27000,24097.1454908719
10,D3-Both,103,30000,24097.1454908719
10,D3-Both,103,33000,24097.1454908719
10,D3-Both,103,36000,23483.8105945708
10,D3-Both,103,39000,23409.5052822638
10,D3-Both,103,42000,22981.003218379
10,D3-Both,103,45000,22916.2367836592
10,D3-Both,103,48000,22916.2367836592
10,D3-Both,103,51000,22544.5619149571
10,D3-Both,103,54000,22510.4788946264
10,D3-Both,103,57000,22505.067150419
10,D3-Both,103,60000,22483.1053581144
10,CLPSO,103,3000,33359.6345379324
10,CLPSO,103,6000,31326.2421246992
10,CLPSO,103,9000,30009.6356234355
10,CLPSO,103,12000,28658.4432724942
10,CLPSO,103,15000,28658.4432724942
10,CLPSO,103,18000,28658.4432724942
10,CLPSO,103,21000,28658.4432724942
10,CLPSO,103,24000,28327.5587240477
10,CLPSO,103,27000,28327.5587240477
10,CLPSO,103,30000,28327.5587240477
10,CLPSO,103,33000,28327.5587240477
10,CLPSO,103,36000,28327.5587240477
10,CLPSO,103,39000,28169.3659662814
10,CLPSO,103,42000,27563.6109407313
10,CLPSO,103,45000,27563.6109407313
10,CLPSO,103,48000,27506.2718371627
10,CLPSO,103,51000,27506.2718371627
10,CLPSO,103,54000,27217.396065827
10,CLPSO,103,57000,27217.396065827
10,CLPSO,103,60000,26889.1686656
11,D3-Both,101,3000,261353.048455111
11,D3-Both,101,6000,191545.448803991
11,D3-Both,101,9000,168730.319071572
11,D3-Both,101,12000,134507.81419995
11,D3-Both,101,15000,100835.345624436
11,D3-Both,101,18000,90660.9913294995
11,D3-Both,101,21000,75877.4063155532
11,D3-Both,101,24000,55688.5513100633
11,D3-Both,101,27000,51059.6610742206
11,D3-Both,101,30000,47871.9202036069
11,D3-Both,101,33000,44487.3507004078
11,D3-Both,101,36000,41130.6920107208
11,D3-Both,101,39000,34037.6502103769
11,D3-Both,101,42000,25655.2294552632
11,D3-Both,101,45000,20961.4096284621
11,D3-Both,101,48000,16248.2188921454
11,D3-Both,101,51000,14179.9857469323
11,D3-Both,101,54000,12190.7560605682
11,D3-Both,101,57000,9807.47057475566
11,D3-Both,101,60000,8475.32442622012
11,CLPSO,101,3000,426868.693741599
11,CLPSO,101,6000,404749.110861149
11,CLPSO,101,9000,400845.487639626
11,CLPSO,101,12000,400845.487639626
11,CLPSO,101,15000,331844.462959785
11,CLPSO,101,18000,318541.855378273
11,CLPSO,101,21000,300942.475528629
11,CLPSO,101,24000,292805.275216141
11,CLPSO,101,27000,268171.625857862
11,CLPSO,101,30000,249583.735212602
11,CLPSO,101,33000,225880.770910144
11,CLPSO,101,36000,210650.317748018
11,CLPSO,101,39000,178609.939645803
11,CLPSO,101,42000,178609.939645803
11,CLPSO,101,45000,164308.123588537
11,CLPSO,101,48000,164308.123588537
11,CLPSO,101,51000,164308.123588537
11,CLPSO,101,54000,125232.811213768
11,CLPSO,101,57000,125232.811213768
11,CLPSO,101,60000,125232.811213768
11,D3-Both,102,3000,196488.29357789
11,D3-Both,102,6000,165852.229507426
11,D3-Both,102,9000,146654.391744558
11,D3-Both,102,12000,132557.718760343
11,D3-Both,102,15000,118453.420199776
11,D3-Both,102,18000,89114.8900618937
11,D3-Both,102,21000,79080.4807591229
11,D3-Both,102,24000,69219.7986423446
11,D3-Both,102,27000,63688.4205608083
11,D3-Both,102,30000,47824.5588533031
11,D3-Both,102,33000,35135.3861069878
11,D3-Both,102,36000,32832.5152601891
11,D3-Both,102,39000,28100.4880650971
11,D3-Both,102,42000,22134.1641930722
11,D3-Both,102,45000,20709.3884768223
11,D3-Both,102,48000,18153.629202703
11,D3-Both,102,51000,14477.2654496621
11,D3-Both,102,54000,12043.5386565983
11,D3-Both,102,57000,10755.1720414743
11,D3-Both,102,60000,9468.04280664793
11,CLPSO,102,3000,435704.369539143
11,CLPSO,102,6000,426648.437488367
11,CLPSO,102,9000,412322.661875092
11,CLPSO,102,12000,411651.07815395
11,CLPSO,102,15000,310275.625799103
11,CLPSO,102,18000,302628.66650859
11,CLPSO,102,21000,291331.699429039
11,CLPSO,102,24000,255171.211975497
11,CLPSO,102,27000,234599.687406897
11,CLPSO,102,30000,217992.183880948
11,CLPSO,102,33000,186631.003881957
11,CLPSO,102,36000,186631.003881957
11,CLPSO,102,39000,186631.003881957
11,CLPSO,102,42000,154244.529935866
11,CLPSO,102,45000,147395.685476487
11,CLPSO,102,48000,143558.416130231
11,CLPSO,102,51000,140983.900654316
11,CLPSO,102,54000,120936.836390916
11,CLPSO,102,57000,120936.836390916
11,CLPSO,102,60000,117709.643965442
11,D3-Both,103,3000,207596.927748302
11,D3-Both,103,6000,147812.973157599
11,D3-Both,103,9000,133784.182618893
11,D3-Both,103,12000,109667.855813965
11,D3-Both,103,15000,88710.4108040091
11,D3-Both,103,18000,67736.2835330599
11,D3-Both,103,21000,61558.6387742556
11,D3-Both,103,24000,56550.253552352
11,D3-Both,103,27000,49509.9021111205
11,D3-Both,103,30000,43410.2656979394
11,D3-Both,103,33000,33894.3273037443
11,D3-Both,103,36000,28273.1040589449
11,D3-Both,103,39000,24570.6278075702
11,D3-Both,103,42000,21997.4620613214
11,D3-Both,103,45000,17706.4740820835
11,D3-Both,103,48000,14916.4928205095
11,D3-Both,103,51000,13211.8014120478
11,D3-Both,103,54000,11638.2883017758
11,D3-Both,103,57000,10633.8738954077
11,D3-Both,103,60000,8207.07784595834
11,CLPSO,103,3000,495155.807110931
11,CLPSO,103,6000,424746.685509634
11,CLPSO,103,9000,361563.305222412
11,CLPSO,103,12000,361563.305222412
11,CLPSO,103,15000,334831.143561121
11,CLPSO,103,18000,282896.557161381
11,CLPSO,103,21000,249033.54811674
11,CLPSO,103,24000,239257.564851392
11,CLPSO,103,27000,239257.564851392
11,CLPSO,103,30000,239257.564851392
11,CLPSO,103,33000,226997.454466257
11,CLPSO,103,36000,214353.394671862
11,CLPSO,103,39000,212215.99002288
11,CLPSO,103,42000,193741.69357743
11,CLPSO,103,45000,169534.1507318
11,CLPSO,103,48000,166590.869217402
11,CLPSO,103,51000,162869.168008895
11,CLPSO,103,54000,150095.025837451
11,CLPSO,103,57000,135792.707799312
11,CLPSO,103,60000,116409.611811767
12,D3-Both,101,3000,28652108375.5343
12,D3-Both,101,6000,9233866631.07112
12,D3-Both,101,9000,4014924979.18693
12,D3-Both,101,12000,2156978196.21398
12,D3-Both,101,15000,1432002844.48686
12,D3-Both,101,18000,1098262833.86358
12,D3-Both,101,21000,827689962.296734
12,D3-Both,101,24000,710604804.226979
12,D3-Both,101,27000,632569622.987048
12,D3-Both,101,30000,508109536.896022
12,D3-Both,101,33000,450423382.971617
12,D3-Both,101,36000,334274163.941432
12,D3-Both,101,39000,252241862.261033
12,D3-Both,101,42000,211036207.836218
12,D3-Both,101,45000,182332228.398357
12,D3-Both,101,48000,161770854.419577
12,D3-Both,101,51000,117059563.455205
12,D3-Both,101,54000,92045133.7649719
12,D3-Both,101,57000,74672218.7735761
12,D3-Both,101,60000,53340288.8152229
12,CLPSO,101,3000,256780481105.878
12,CLPSO,101,6000,170421649962.494
12,CLPSO,101,9000,115008549181.693
12,CLPSO,101,12000,92559633410.7956
12,CLPSO,101,15000,62305160795.5674
12,CLPSO,101,18000,41816838096.8425
12,CLPSO,101,21000,33757076246.9439
12,CLPSO,101,24000,33582218483.1271
12,CLPSO,101,27000,29647397790.8063
12,CLPSO,101,30000,21330053976.0907
12,CLPSO,101,33000,16277615510.3815
12,CLPSO,101,36000,12144153807.0205
12,CLPSO,101,39000,12144153807.0205
12,CLPSO,101,42000,9854282142.24039
12,CLPSO,101,45000,8179050779.54155
12,CLPSO,101,48000,7475307512.97961
12,CLPSO,101,51000,5162886158.45877
12,CLPSO,101,54000,4951064632.39672
12,CLPSO,101,57000,3349138140.72435
12,CLPSO,101,60000,3031887839.84879
12,D3-Both,102,3000,29216238524.3832
12,D3-Both,102,6000,10865481060.1033
12,D3-Both,102,9000,5172476269.51196
12,D3-Both,102,12000,2422686028.11735
12,D3-Both,102,15000,1573418935.45919
12,D3-Both,102,18000,1329343501.19309
12,D3-Both,102,21000,1155067065.24993
12,D3-Both,102,24000,1038611505.60078
12,D3-Both,102,27000,956136092.092386
12,D3-Both,102,30000,844774384.380305
12,D3-Both,102,33000,796602032.569101
12,D3-Both,102,36000,703095744.173207
12,D3-Both,102,39000,626744960.310783
12,D3-Both,102,42000,547136590.941396
12,D3-Both,102,45000,420048979.039363
12,D3-Both,102,48000,364195451.318972
12,D3-Both,102,51000,283793852.349838
12,D3-Both,102,54000,223429529.791171
12,D3-Both,102,57000,145241686.510291
12,D3-Both,102,60000,104981104.887824
12,CLPSO,102,3000,221160118285.929
12,CLPSO,102,6000,168334372467.786
12,CLPSO,102,9000,125408324148.728
12,CLPSO,102,12000,97385767091.5133
12,CLPSO,102,15000,65958557881.4426
12,CLPSO,102,18000,56877125276.252
12,CLPSO,102,21000,34152909145.6976
12,CLPSO,102,24000,27891265985.4856
12,CLPSO,102,27000,24781931247.2162
12,CLPSO,102,30000,19428831388.5826
12,CLPSO,102,33000,14276502613.1299
12,CLPSO,102,36000,12076122513.292
12,CLPSO,102,39000,10574473110.0472
12,CLPSO,102,42000,8989515782.87503
12,CLPSO,102,45000,7060789581.6909
12,CLPSO,102,48000,5179336315.39411
12,CLPSO,102,51000,4209513321.42349
12,CLPSO,102,54000,4136188372.7609
12,CLPSO,102,57000,4019064246.40916
12,CLPSO,102,60000,3549433431.07543
12,D3-Both,103,3000,29896544805.0962
12,D3-Both,103,6000,9498438666.42752
12,D3-Both,103,9000,3691608416.47091
12,D3-Both,103,12000,1868616110.89477
12,D3-Both,103,15000,1458755057.01306
12,D3-Both,103,18000,1125029312.87381
12,D3-Both,103,21000,1005819097.05989
12,D3-Both,103,24000,896640546.423619
12,D3-Both,103,27000,834756826.345407
12,D3-Both,103,30000,737236875.695255
12,D3-Both,103,33000,652092414.540621
12,D3-Both,103,36000,566096578.002964
12,D3-Both,103,39000,481635247.623493
12,D3-Both,103,42000,416185743.461124
12,D3-Both,103,45000,374641098.342798
12,D3-Both,103,48000,307763808.714956
12,D3-Both,103,51000,252516190.187659
12,D3-Both,103,54000,176071895.712907
12,D3-Both,103,57000,134466312.34235
12,D3-Both,103,60000,99858083.8771333
12,CLPSO,103,3000,237364652839.729
12,CLPSO,103,6000,192581265141.073
12,CLPSO,103,9000,149428832421.54
12,CLPSO,103,12000,85109618156.7222
12,CLPSO,103,15000,84121540410.447
12,CLPSO,103,18000,39884995545.6072
12,CLPSO,103,21000,39884995545.6072
12,CLPSO,103,24000,29653111849.7271
12,CLPSO,103,27000,25034089690.9154
12,CLPSO,103,30000,22373183503.5074
12,CLPSO,103,33000,16733438985.2552
12,CLPSO,103,36000,15149389926.761
12,CLPSO,103,39000,13774187599.533
12,CLPSO,103,42000,10958306484.619
12,CLPSO,103,45000,9043884447.78007
12,CLPSO,103,48000,7297767815.61559
12,CLPSO,103,51000,6144404787.23499
12,CLPSO,103,54000,5476186923.16619
12,CLPSO,103,57000,3178593081.33157
12,CLPSO,103,60000,2828457144.6914
13,D3-Both,101,3000,1139262124.83258
13,D3-Both,101,6000,102875366.763426
13,D3-Both,101,9000,41310220.5966922
13,D3-Both,101,12000,32859702.6417349
13,D3-Both,101,15000,19402663.968307
13,D3-Both,101,18000,18963565.3863417
13,D3-Both,101,21000,18101185.4391196
13,D3-Both,101,24000,12031433.8155164
13,D3-Both,101,27000,11400431.1435617
13,D3-Both,101,30000,11375146.4204192
13,D3-Both,101,33000,6789802.32975154
13,D3-Both,101,36000,6106860.16291414
13,D3-Both,101,39000,4017501.31426793
13,D3-Both,101,42000,2349539.99384023
13,D3-Both,101,45000,1135201.98348278
13,D3-Both,101,48000,491807.963253375
13,D3-Both,101,51000,226140.83195501
13,D3-Both,101,54000,102871.681595678
13,D3-Both,101,57000,50916.4603556263
13,D3-Both,101,60000,23835.5379431596
13,CLPSO,101,3000,42782917058.8319
13,CLPSO,101,6000,33078078167.2676
13,CLPSO,101,9000,21198682468.493
13,CLPSO,101,12000,12112485156.363
13,CLPSO,101,15000,8481830479.00354
13,CLPSO,101,18000,7256051622.92152
13,CLPSO,101,21000,6292523999.73903
13,CLPSO,101,24000,3746744079.61388
13,CLPSO,101,27000,2957305882.97665
13,CLPSO,101,30000,2434837706.21808
13,CLPSO,101,33000,1600680317.35524
13,CLPSO,101,36000,1451373450.22053
13,CLPSO,101,39000,1095943049.08214
13,CLPSO,101,42000,654301691.867172
13,CLPSO,101,45000,485466210.525119
13,CLPSO,101,48000,387583183.829025
13,CLPSO,101,51000,292459530.572292
13,CLPSO,101,54000,213154110.42226
13,CLPSO,101,57000,120436074.353875
13,CLPSO,101,60000,96332981.9444621
13,D3-Both,102,3000,2154981518.24335
13,D3-Both,102,6000,149939506.216942
13,D3-Both,102,9000,53989255.8707748
13,D3-Both,102,12000,34993963.9546178
13,D3-Both,102,15000,26589015.5689315
13,D3-Both,102,18000,23049716.6767324
13,D3-Both,102,21000,18209330.0040976
13,D3-Both,102,24000,15077461.2113279
13,D3-Both,102,27000,11482730.9639495
13,D3-Both,102,30000,6799939.44008705
13,D3-Both,102,33000,3720875.75073513
13,D3-Both,102,36000,3720875.75073513
13,D3-Both,102,39000,3720875.75073513
13,D3-Both,102,42000,2371069.49662182
13,D3-Both,102,45000,1308453.20109141
13,D3-Both,102,48000,873191.135212975
13,D3-Both,102,51000,241078.312457224
13,D3-Both,102,54000,105662.851791423
13,D3-Both,102,57000,68205.0057388611
13,D3-Both,102,60000,36031.64627445
13,CLPSO,102,3000,40606428267.05
13,CLPSO,102,6000,32818685639.1411
13,CLPSO,102,9000,20915978154.2097
13,CLPSO,102,12000,13917670453.427
13,CLPSO,102,15000,10117672802.1382
13,CLPSO,102,18000,9180488901.02653
13,CLPSO,102,21000,4574375766.77192
13,CLPSO,102,24000,4314163528.06357
13,CLPSO,102,27000,2743978350.27693
13,CLPSO,102,30000,1630973687.63979
13,CLPSO,102,33000,990933059.855941
13,CLPSO,102,36000,990933059.855941
13,CLPSO,102,39000,903528302.633536
13,CLPSO,102,42000,607945087.100827
13,CLPSO,102,45000,478191702.460895
13,CLPSO,102,48000,334519825.125145
13,CLPSO,102,51000,317664494.710668
13,CLPSO,102,54000,294825276.297347
13,CLPSO,102,57000,232002696.942704
13,CLPSO,102,60000,180255931.060028
13,D3-Both,103,3000,1745178074.5958
13,D3-Both,103,6000,139791060.161257
13,D3-Both,103,9000,44118117.7988029
13,D3-Both,103,12000,25065860.8936404
13,D3-Both,103,15000,17145440.4450721
13,D3-Both,103,18000,17145440.4450721
13,D3-Both,103,21000,16728848.5916975
13,D3-Both,103,24000,12585510.3274885
13,D3-Both,103,27000,9955131.56908866
13,D3-Both,103,30000,8551361.27001949
13,D3-Both,103,33000,6369612.94022578
13,D3-Both,103,36000,4310177.31664557
13,D3-Both,103,39000,4275490.78955606
13,D3-Both,103,42000,2521437.30354063
13,D3-Both,103,45000,1084893.46998494
13,D3-Both,103,48000,754477.887050259
13,D3-Both,103,51000,356255.859924099
13,D3-Both,103,54000,199072.527517352
13,D3-Both,103,57000,93953.9903955104
13,D3-Both,103,60000,35530.0192334897
13,CLPSO,103,3000,65437612306.951
13,CLPSO,103,6000,31660588597.0968
13,CLPSO,103,9000,24293438666.872
13,CLPSO,103,12000,13916395735.7041
13,CLPSO,103,15000,10081942359.267
13,CLPSO,103,18000,6519241847.29525
13,CLPSO,103,21000,6415381672.07753
13,CLPSO,103,24000,4092277320.0234
13,CLPSO,103,27000,3703562206.27189
13,CLPSO,103,30000,2772109399.25595
13,CLPSO,103,33000,1548012792.37608
13,CLPSO,103,36000,951810431.640396
13,CLPSO,103,39000,909012412.206452
13,CLPSO,103,42000,534908319.101295
13,CLPSO,103,45000,381535448.465309
13,CLPSO,103,48000,316343040.068549
13,CLPSO,103,51000,212507906.083598
13,CLPSO,103,54000,165410170.45806
13,CLPSO,103,57000,160365526.454729
13,CLPSO,103,60000,134745960.756216
14,D3-Both,101,3000,18339255.489597
14,D3-Both,101,6000,12408191.2770212
14,D3-Both,101,9000,8349732.52010041
14,D3-Both,101,12000,6969443.89037051
14,D3-Both,101,15000,5360266.51647904
14,D3-Both,101,18000,5308537.90708891
14,D3-Both,101,21000,4905889.06103203
14,D3-Both,101,24000,3937146.16245886
14,D3-Both,101,27000,3896606.76888521
14,D3-Both,101,30000,3387384.27220997
14,D3-Both,101,33000,2786250.57834984
14,D3-Both,101,36000,2785434.45544745
14,D3-Both,101,39000,1244899.80913239
14,D3-Both,101,42000,1192049.46317579
14,D3-Both,101,45000,944197.132560018
14,D3-Both,101,48000,916709.529975681
14,D3-Both,101,51000,880385.294832527
14,D3-Both,101,54000,843842.478858631
14,D3-Both,101,57000,839804.161599878
14,D3-Both,101,60000,824745.159554558
14,CLPSO,101,3000,109385884.529861
14,CLPSO,101,6000,109385884.529861
14,CLPSO,101,9000,100471363.270116
14,CLPSO,101,12000,100471363.270116
14,CLPSO,101,15000,86686232.3827916
14,CLPSO,101,18000,76838807.9423146
14,CLPSO,101,21000,64900162.9001342
14,CLPSO,101,24000,58704942.9725018
14,CLPSO,101,27000,58704942.9725018
14,CLPSO,101,30000,52032306.1170227
14,CLPSO,101,33000,44501484.1666221
14,CLPSO,101,36000,41271665.3754489
14,CLPSO,101,39000,35197537.0762196
14,CLPSO,101,42000,34540882.7350947
14,CLPSO,101,45000,33190209.3769755
14,CLPSO,101,48000,31683907.4600742
14,CLPSO,101,51000,31683904.3134521
14,CLPSO,101,54000,30731317.9550556
14,CLPSO,101,57000,28810729.856379
14,CLPSO,101,60000,28740254.3705635
14,D3-Both,102,3000,20379099.1140456
14,D3-Both,102,6000,14725001.6257787
14,D3-Both,102,9000,11974479.4725213
14,D3-Both,102,12000,11715131.82451
14,D3-Both,102,15000,10598182.6122432
14,D3-Both,102,18000,10576033.917215
14,D3-Both,102,21000,10077509.5917025
14,D3-Both,102,24000,9485508.1670344
14,D3-Both,102,27000,9275205.86563543
14,D3-Both,102,30000,9250938.85686366
14,D3-Both,102,33000,8636488.6642932
14,D3-Both,102,36000,8192809.7860662
14,D3-Both,102,39000,7238574.17205634
14,D3-Both,102,42000,6249197.96045219
14,D3-Both,102,45000,5733209.09807445
14,D3-Both,102,48000,2847468.75013065
14,D3-Both,102,51000,1645660.5195729
14,D3-Both,102,54000,1336779.9762228
14,D3-Both,102,57000,1117856.11198059
14,D3-Both,102,60000,844237.810260525
14,CLPSO,102,3000,476321534.384279
14,CLPSO,102,6000,158545607.928726
14,CLPSO,102,9000,158545607.928726
14,CLPSO,102,12000,57084861.7887903
14,CLPSO,102,15000,54487876.5430302
14,CLPSO,102,18000,54349235.2771466
14,CLPSO,102,21000,45361733.6574879
14,CLPSO,102,24000,37847396.2135767
14,CLPSO,102,27000,37847292.5834603
14,CLPSO,102,30000,37847292.5834603
14,CLPSO,102,33000,37304552.0453191
14,CLPSO,102,36000,37304415.9123412
14,CLPSO,102,39000,36909944.3237348
14,CLPSO,102,42000,36232955.3078979
14,CLPSO,102,45000,34346888.3221639
14,CLPSO,102,48000,33615017.8351973
14,CLPSO,102,51000,33021182.4418001
14,CLPSO,102,54000,32564332.1002266
14,CLPSO,102,57000,32281458.6691461
14,CLPSO,102,60000,32277941.7803049
14,D3-Both,103,3000,20777662.4227203
14,D3-Both,103,6000,18026372.3149496
14,D3-Both,103,9000,17383864.5272706
14,D3-Both,103,12000,14985342.4057371
14,D3-Both,103,15000,12620909.0707467
14,D3-Both,103,18000,8237084.49529665
14,D3-Both,103,21000,7696046.96630065
14,D3-Both,103,24000,6973234.45662865
14,D3-Both,103,27000,6764361.99401663
14,D3-Both,103,30000,5413857.18610558
14,D3-Both,103,33000,4362016.67066013
14,D3-Both,103,36000,3201626.86564407
14,D3-Both,103,39000,2609797.25036164
14,D3-Both,103,42000,2422115.06122845
14,D3-Both,103,45000,2126855.15605418
14,D3-Both,103,48000,1953478.75746744
14,D3-Both,103,51000,1575621.69783564
14,D3-Both,103,54000,1447362.8226292
14,D3-Both,103,57000,1106108.74453559
14,D3-Both,103,60000,839129.131882378
14,CLPSO,103,3000,172244577.429797
14,CLPSO,103,6000,148411626.689253
14,CLPSO,103,9000,71426390.6447154
14,CLPSO,103,12000,71426390.6447154
14,CLPSO,103,15000,71426390.6447154
14,CLPSO,103,18000,61339813.8654599
14,CLPSO,103,21000,51853883.632833
14,CLPSO,103,24000,45488276.259172
14,CLPSO,103,27000,45488276.259172
14,CLPSO,103,30000,45488276.259172
14,CLPSO,103,33000,45488276.259172
14,CLPSO,103,36000,45488276.259172
14,CLPSO,103,39000,45488276.259172
14,CLPSO,103,42000,45464904.7851547
14,CLPSO,103,45000,45464659.6555493
14,CLPSO,103,48000,45464659.6555493
14,CLPSO,103,51000,35791163.3249803
14,CLPSO,103,54000,35791163.3249803
14,CLPSO,103,57000,35791163.3249803
14,CLPSO,103,60000,35791163.3249803
15,D3-Both,101,3000,110245429.795378
15,D3-Both,101,6000,25220831.2442676
15,D3-Both,101,9000,11481335.9425606
15,D3-Both,101,12000,8560937.75852536
15,D3-Both,101,15000,6882113.97636692
15,D3-Both,101,18000,6337667.06261809
15,D3-Both,101,21000,2985963.3967082
15,D3-Both,101,24000,2276424.26325893
15,D3-Both,101,27000,2276230.31023521
15,D3-Both,101,30000,2028641.12489578
15,D3-Both,101,33000,1340369.36239583
15,D3-Both,101,36000,1237274.92779375
15,D3-Both,101,39000,1139213.03780517
15,D3-Both,101,42000,828058.035029545
15,D3-Both,101,45000,374271.198019264
15,D3-Both,101,48000,86817.4922985611
15,D3-Both,101,51000,49371.7780805993
15,D3-Both,101,54000,19690.2402090268
15,D3-Both,101,57000,11121.0130381379
15,D3-Both,101,60000,9397.38728730256
15,CLPSO,101,3000,27924787401.0694
15,CLPSO,101,6000,14588022243.9345
15,CLPSO,101,9000,8215174324.17186
15,CLPSO,101,12000,6329283751.76938
15,CLPSO,101,15000,2441663653.93688
15,CLPSO,101,18000,2218618495.79457
15,CLPSO,101,21000,1542601870.04048
15,CLPSO,101,24000,1000670737.32343
15,CLPSO,101,27000,762321299.791552
15,CLPSO,101,30000,651361213.088706
15,CLPSO,101,33000,374961651.749494
15,CLPSO,101,36000,325203379.609279
15,CLPSO,101,39000,135400532.831484
15,CLPSO,101,42000,101571383.028818
15,CLPSO,101,45000,92844079.8891924
15,CLPSO,101,48000,57167788.3754577
15,CLPSO,101,51000,50110300.0295877
15,CLPSO,101,54000,49696270.3289618
15,CLPSO,101,57000,34396367.1770352
15,CLPSO,101,60000,28149272.9424387
15,D3-Both,102,3000,215437912.888172
15,D3-Both,102,6000,23351416.4775869
15,D3-Both,102,9000,18710958.0402949
15,D3-Both,102,12000,9064384.15149748
15,D3-Both,102,15000,6799844.33657447
15,D3-Both,102,18000,5428441.74999669
15,D3-Both,102,21000,4978036.43475715
15,D3-Both,102,24000,2196142.53901959
15,D3-Both,102,27000,2195980.23087653
15,D3-Both,102,30000,2163807.4497979
15,D3-Both,102,33000,1777430.6237928
15,D3-Both,102,36000,1777430.6237928
15,D3-Both,102,39000,1614439.72717001
15,D3-Both,102,42000,1361310.66710587
15,D3-Both,102,45000,851928.244009157
15,D3-Both,102,48000,340629.070734776
15,D3-Both,102,51000,107072.731892155
15,D3-Both,102,54000,31963.635356534
15,D3-Both,102,57000,13721.3182858747
15,D3-Both,102,60000,4672.55411343676
15,CLPSO,102,3000,24035216134.4533
15,CLPSO,102,6000,12291012324.3889
15,CLPSO,102,9000,6738623286.83074
15,CLPSO,102,12000,3022192962.32992
15,CLPSO,102,15000,1768955743.20472
15,CLPSO,102,18000,1589341502.05741
15,CLPSO,102,21000,1589341502.05741
15,CLPSO,102,24000,1123879417.81821
15,CLPSO,102,27000,1003105376.05124
15,CLPSO,102,30000,624287624.668627
15,CLPSO,102,33000,392962991.074634
15,CLPSO,102,36000,388752576.474914
15,CLPSO,102,39000,162319765.871644
15,CLPSO,102,42000,93863460.8914812
15,CLPSO,102,45000,74588516.6964701
15,CLPSO,102,48000,70994284.4319425
15,CLPSO,102,51000,51711376.8113072
15,CLPSO,102,54000,27855117.9542229
15,CLPSO,102,57000,27609765.8279612
15,CLPSO,102,60000,16607166.698936
15,D3-Both,103,3000,171050162.154325
15,D3-Both,103,6000,52151591.1273297
15,D3-Both,103,9000,14859745.2133183
15,D3-Both,103,12000,11200477.6063893
15,D3-Both,103,15000,6071203.38376811
15,D3-Both,103,18000,6071203.38376811
15,D3-Both,103,21000,5204759.4513459
15,D3-Both,103,24000,2530708.89825758
15,D3-Both,103,27000,2530708.89825758
15,D3-Both,103,30000,1933365.47317775
15,D3-Both,103,33000,1437993.59415907
15,D3-Both,103,36000,1264552.23756972
15,D3-Both,103,39000,1159306.82949877
15,D3-Both,103,42000,1042651.56478187
15,D3-Both,103,45000,546073.256915332
15,D3-Both,103,48000,522993.348888526
15,D3-Both,103,51000,370912.390412206
15,D3-Both,103,54000,188222.552774655
15,D3-Both,103,57000,82874.5154706335
15,D3-Both,103,60000,23256.5313961726
15,CLPSO,103,3000,32202078073.449
15,CLPSO,103,6000,17697977431.5671
15,CLPSO,103,9000,10053004201.9541
15,CLPSO,103,12000,6527720746.0353
15,CLPSO,103,15000,5609848906.45747
15,CLPSO,103,18000,3894722785.38294
15,CLPSO,103,21000,1810929118.87124
15,CLPSO,103,24000,1499090747.36925
15,CLPSO,103,27000,904832344.534207
15,CLPSO,103,30000,904832344.534207
15,CLPSO,103,33000,560012059.387754
15,CLPSO,103,36000,454137867.012178
15,CLPSO,103,39000,284928920.2872
15,CLPSO,103,42000,201373670.466165
15,CLPSO,103,45000,169922215.760826
15,CLPSO,103,48000,107578922.769113
15,CLPSO,103,51000,107578922.769113
15,CLPSO,103,54000,107578922.769113
15,CLPSO,103,57000,102275046.086278
15,CLPSO,103,60000,80280660.7326897
16,D3-Both,101,3000,8923.05743865249
16,D3-Both,101,6000,7883.76017267253
16,D3-Both,101,9000,6891.12230100323
16,D3-Both,101,12000,6474.27373986866
16,D3-Both,101,15000,5989.67648399881
16,D3-Both,101,18000,5442.73476716579
16,D3-Both,101,21000,5371.85755544601
16,D3-Both,101,24000,5134.65642443765
16,D3-Both,101,27000,5069.78510201241
16,D3-Both,101,30000,5069.78510201241
16,D3-Both,101,33000,5030.5897133058
16,D3-Both,101,36000,4921.5949161621
16,D3-Both,101,39000,4902.93148405967
16,D3-Both,101,42000,4867.07004705293
16,D3-Both,101,45000,4813.18987749716
16,D3-Both,101,48000,4813.18987749716
16,D3-Both,101,51000,4756.00809356976
16,D3-Both,101,54000,4634.11395535272
16,D3-Both,101,57000,4365.70616403507
16,D3-Both,101,60000,4241.53349426606
16,CLPSO,101,3000,21798.5120794146
16,CLPSO,101,6000,17483.2904507329
16,CLPSO,101,9000,13424.6127146821
16,CLPSO,101,12000,12967.2731601124
16,CLPSO,101,15000,11629.3974047537
16,CLPSO,101,18000,10757.2381582246
16,CLPSO,101,21000,10757.2381582246
16,CLPSO,101,24000,10757.2381582246
16,CLPSO,101,27000,10396.8052707001
16,CLPSO,101,30000,10194.2757508222
16,CLPSO,101,33000,9670.28500172053
16,CLPSO,101,36000,8845.46568991862
16,CLPSO,101,39000,8845.46568991862
16,CLPSO,101,42000,8552.83753086358
16,CLPSO,101,45000,8552.83753086358
16,CLPSO,101,48000,8283.71206533968
16,CLPSO,101,51000,7994.53697402377
16,CLPSO,101,54000,7972.93395371677
16,CLPSO,101,57000,7475.35967355248
16,CLPSO,101,60000,7475.35967355248
16,D3-Both,102,3000,7823.31586101791
16,D3-Both,102,6000,7260.28537376807
16,D3-Both,102,9000,6782.13942104388
16,D3-Both,102,12000,6205.92686759398
16,D3-Both,102,15000,6045.68039732542
16,D3-Both,102,18000,5839.36801080593
16,D3-Both,102,21000,5602.92805676487
16,D3-Both,102,24000,5326.96583548537
16,D3-Both,102,27000,4843.16489900243
16,D3-Both,102,30000,4622.10981571168
16,D3-Both,102,33000,4605.83188867005
16,D3-Both,102,36000,4469.69858787646
16,D3-Both,102,39000,4465.26933715024
16,D3-Both,102,42000,4465.26933715024
16,D3-Both,102,45000,4318.94739412823
16,D3-Both,102,48000,4278.45250002341
16,D3-Both,102,51000,4200.27670418472
16,D3-Both,102,54000,4047.17746211039
16,D3-Both,102,57000,3893.40332295073
16,D3-Both,102,60000,3754.43679352096
16,CLPSO,102,3000,23393.4002924571
16,CLPSO,102,6000,18654.0750498799
16,CLPSO,102,9000,15269.7451970356
16,CLPSO,102,12000,13689.9815101028
16,CLPSO,102,15000,13403.9089586775
16,CLPSO,102,18000,11789.8577336652
16,CLPSO,102,21000,11136.9596189907
16,CLPSO,102,24000,11136.9596189907
16,CLPSO,102,27000,10414.2345949289
16,CLPSO,102,30000,10350.4660887364
16,CLPSO,102,33000,9595.3536223377
16,CLPSO,102,36000,8724.49666037011
16,CLPSO,102,39000,8724.49666037011
16,CLPSO,102,42000,8641.80661571083
16,CLPSO,102,45000,8300.49489119772
16,CLPSO,102,48000,8188.67932335207
16,CLPSO,102,51000,8179.02621620391
16,CLPSO,102,54000,8179.02621620391
16,CLPSO,102,57000,7922.59240245252
16,CLPSO,102,60000,7641.04156507689
16,D3-Both,103,3000,9369.62671968583
16,D3-Both,103,6000,7225.14997910844
16,D3-Both,103,9000,6462.64398464103
16,D3-Both,103,12000,6061.89640155453
16,D3-Both,103,15000,5306.94113374929
16,D3-Both,103,18000,5075.41899013804
16,D3-Both,103,21000,4833.51885796472
16,D3-Both,103,24000,4227.32197403044
16,D3-Both,103,27000,4181.94269317248
16,D3-Both,103,30000,4177.57987657971
16,D3-Both,103,33000,4120.11150163584
16,D3-Both,103,36000,4062.29040013561
16,D3-Both,103,39000,4014.0904969498
16,D3-Both,103,42000,3943.71087738331
16,D3-Both,103,45000,3877.81858010201
16,D3-Both,103,48000,3867.5905272212
16,D3-Both,103,51000,3857.54167460953
16,D3-Both,103,54000,3704.75478661325
16,D3-Both,103,57000,3378.61550202032
16,D3-Both,103,60000,3123.66448211379
16,CLPSO,103,3000,27007.8290537221
16,CLPSO,103,6000,18625.4511619513
16,CLPSO,103,9000,15680.1173026137
16,CLPSO,103,12000,15175.9185965119
16,CLPSO,103,15000,13252.0879352001
16,CLPSO,103,18000,12600.0622400338
16,CLPSO,103,21000,11322.9424092047
16,CLPSO,103,24000,10832.1274371746
16,CLPSO,103,27000,9966.00825465177
16,CLPSO,103,30000,9803.33257725403
16,CLPSO,103,33000,9803.33257725403
16,CLPSO,103,36000,9803.33257725403
16,CLPSO,103,39000,9602.5284752834
16,CLPSO,103,42000,8819.30805816774
16,CLPSO,103,45000,8355.95633965738
16,CLPSO,103,48000,7964.17348914053
16,CLPSO,103,51000,7964.17348914053
16,CLPSO,103,54000,7964.17348914053
16,CLPSO,103,57000,7734.33926769281
16,CLPSO,103,60000,7532.51382704262
17,D3-Both,101,3000,7086.80956371766
17,D3-Both,101,6000,4976.01980864996
17,D3-Both,101,9000,4976.01980864996
17,D3-Both,101,12000,4728.27502615637
17,D3-Both,101,15000,4616.74983164053
17,D3-Both,101,18000,4207.10544433819
17,D3-Both,101,21000,4003.17379457231
17,D3-Both,101,24000,3923.54305841906
17,D3-Both,101,27000,3771.17186163191
17,D3-Both,101,30000,3722.27647717823
17,D3-Both,101,33000,3676.66398517827
17,D3-Both,101,36000,3658.67363189554
17,D3-Both,101,39000,3608.39957116827
17,D3-Both,101,42000,3505.45935588019
17,D3-Both,101,45000,3505.45935588019
17,D3-Both,101,48000,3412.45403380257
17,D3-Both,101,51000,3273.79901206181
17,D3-Both,101,54000,3199.64443359868
17,D3-Both,101,57000,3174.61922908346
17,D3-Both,101,60000,3108.26636420575
17,CLPSO,101,3000,1288918.09116602
17,CLPSO,101,6000,1288918.09116602
17,CLPSO,101,9000,44421.5203733276
17,CLPSO,101,12000,27487.6902356419
17,CLPSO,101,15000,20655.2276145031
17,CLPSO,101,18000,12238.7075207137
17,CLPSO,101,21000,10106.9129993009
17,CLPSO,101,24000,9364.83224669858
17,CLPSO,101,27000,8565.54620906287
17,CLPSO,101,30000,8565.54620906287
17,CLPSO,101,33000,8565.54620906287
17,CLPSO,101,36000,7455.2211147103
17,CLPSO,101,39000,7455.2211147103
17,CLPSO,101,42000,7455.2211147103
17,CLPSO,101,45000,6941.92883008247
17,CLPSO,101,48000,6941.92883008247
17,CLPSO,101,51000,6941.92883008247
17,CLPSO,101,54000,6565.78157339427
17,CLPSO,101,57000,6565.78157339427
17,CLPSO,101,60000,6343.38229252953
17,D3-Both,102,3000,6462.89572022929
17,D3-Both,102,6000,5476.0657349618
17,D3-Both,102,9000,5318.4599896004
17,D3-Both,102,12000,5284.15004112469
17,D3-Both,102,15000,5216.99093353744
17,D3-Both,102,18000,4647.97675766185
17,D3-Both,102,21000,4327.08225330033
17,D3-Both,102,24000,4185.92036297807
17,D3-Both,102,27000,3937.42275916684
17,D3-Both,102,30000,3743.25293547048
17,D3-Both,102,33000,3604.85874817724
17,D3-Both,102,36000,3604.85874817724
17,D3-Both,102,39000,3548.59300377151
17,D3-Both,102,42000,3535.38409546022
17,D3-Both,102,45000,3431.33509473817
17,D3-Both,102,48000,3417.76678179005
17,D3-Both,102,51000,3347.0760657081
17,D3-Both,102,54000,3294.19230526637
17,D3-Both,102,57000,3203.31167358254
17,D3-Both,102,60000,3145.92373573183
17,CLPSO,102,3000,11007337.2534948
17,CLPSO,102,6000,3966932.41752564
17,CLPSO,102,9000,648188.275971986
17,CLPSO,102,12000,135920.468180347
17,CLPSO,102,15000,57518.0320272208
17,CLPSO,102,18000,17688.3034851349
17,CLPSO,102,21000,17688.3034851349
17,CLPSO,102,24000,12921.9596866974
17,CLPSO,102,27000,9653.97059319859
17,CLPSO,102,30000,8513.69161603712
17,CLPSO,102,33000,8513.69161603712
17,CLPSO,102,36000,6527.01192894605
17,CLPSO,102,39000,6527.01192894605
17,CLPSO,102,42000,6527.01192894605
17,CLPSO,102,45000,6122.65041689015
17,CLPSO,102,48000,6122.65041689015
17,CLPSO,102,51000,6122.65041689015
17,CLPSO,102,54000,6025.24251406683
17,CLPSO,102,57000,5842.65626670467
17,CLPSO,102,60000,5842.65626670467
17,D3-Both,103,3000,6257.37783552171
17,D3-Both,103,6000,4862.56599529287
17,D3-Both,103,9000,4080.32246748735
17,D3-Both,103,12000,3846.69179973044
17,D3-Both,103,15000,3793.24158357137
17,D3-Both,103,18000,3768.56672873236
17,D3-Both,103,21000,3542.41136819074
17,D3-Both,103,24000,3504.72426219263
17,D3-Both,103,27000,3386.18020532557
17,D3-Both,103,30000,3254.55516465853
17,D3-Both,103,33000,3233.43372940852
17,D3-Both,103,36000,3219.97565954342
17,D3-Both,103,39000,3157.93730463517
17,D3-Both,103,42000,3079.19527528872
17,D3-Both,103,45000,3077.39208356817
17,D3-Both,103,48000,2967.39542529122
17,D3-Both,103,51000,2932.08597105357
17,D3-Both,103,54000,2779.81567734541
17,D3-Both,103,57000,2688.5452053183
17,D3-Both,103,60000,2650.64294192377
17,CLPSO,103,3000,23938775.6149679
17,CLPSO,103,6000,3253953.5194525
17,CLPSO,103,9000,447396.288461225
17,CLPSO,103,12000,121624.617427172
17,CLPSO,103,15000,45826.8127067239
17,CLPSO,103,18000,25334.1498006175
17,CLPSO,103,21000,13177.6670624312
17,CLPSO,103,24000,9761.92779124059
17,CLPSO,103,27000,9761.92779124059
17,CLPSO,103,30000,9376.20438138485
17,CLPSO,103,33000,8261.02178110897
17,CLPSO,103,36000,8261.02178110897
17,CLPSO,103,39000,8261.02178110897
17,CLPSO,103,42000,8135.90561541582
17,CLPSO,103,45000,7507.39059953415
17,CLPSO,103,48000,7008.36852921406
17,CLPSO,103,51000,7008.36852921406
17,CLPSO,103,54000,7008.36852921406
17,CLPSO,103,57000,6156.4142672362
17,CLPSO,103,60000,6045.56966754534
18,D3-Both,101,3000,55518858.6468339
18,D3-Both,101,6000,40210720.1711828
18,D3-Both,101,9000,33864562.1965456
18,D3-Both,101,12000,24508926.8605174
18,D3-Both,101,15000,16660924.9347047
18,D3-Both,101,18000,13130949.9657795
18,D3-Both,101,21000,11188712.4591644
18,D3-Both,101,24000,11074081.5306574
18,D3-Both,101,27000,9876171.11421944
18,D3-Both,101,30000,7909914.97111538
18,D3-Both,101,33000,5371253.08979181
18,D3-Both,101,36000,3598972.58734814
18,D3-Both,101,39000,3364459.1641823
18,D3-Both,101,42000,3057260.56391637
18,D3-Both,101,45000,2877347.90023047
18,D3-Both,101,48000,2768089.07365394
18,D3-Both,101,51000,2595188.05644946
18,D3-Both,101,54000,2342731.25989509
18,D3-Both,101,57000,2215821.12130704
18,D3-Both,101,60000,2071561.54455601
18,CLPSO,101,3000,326523073.18521
18,CLPSO,101,6000,235488413.339495
18,CLPSO,101,9000,166544427.070696
18,CLPSO,101,12000,166544427.070696
18,CLPSO,101,15000,159869333.835516
18,CLPSO,101,18000,98582720.4360525
18,CLPSO,101,21000,59516585.4402847
18,CLPSO,101,24000,58891534.9258425
18,CLPSO,101,27000,36345262.7219463
18,CLPSO,101,30000,23043008.9697484
18,CLPSO,101,33000,23043008.9697484
18,CLPSO,101,36000,23043008.9697484
18,CLPSO,101,39000,22517475.5989697
18,CLPSO,101,42000,22515763.9604935
18,CLPSO,101,45000,21395622.875089
18,CLPSO,101,48000,21395622.875089
18,CLPSO,101,51000,21395622.875089
18,CLPSO,101,54000,21395622.875089
18,CLPSO,101,57000,20495024.5655213
18,CLPSO,101,60000,20495024.5655212
18,D3-Both,102,3000,50106218.4422848
18,D3-Both,102,6000,29579662.2676693
18,D3-Both,102,9000,14607295.1795619
18,D3-Both,102,12000,11344074.9430946
18,D3-Both,102,15000,9004407.26923307
18,D3-Both,102,18000,7409245.64012036
18,D3-Both,102,21000,6196637.02022326
18,D3-Both,102,24000,4919841.66518757
18,D3-Both,102,27000,4364905.3202499
18,D3-Both,102,30000,3656066.4965337
18,D3-Both,102,33000,3656066.4965337
18,D3-Both,102,36000,3630064.35291231
18,D3-Both,102,39000,3297309.0353768
18,D3-Both,102,42000,2839837.90786981
18,D3-Both,102,45000,2351353.06635648
18,D3-Both,102,48000,2288191.69429217
18,D3-Both,102,51000,2072273.98237647
18,D3-Both,102,54000,2004862.44498692
18,D3-Both,102,57000,1974592.92612106
18,D3-Both,102,60000,1900320.97297928
18,CLPSO,102,3000,284746817.930264
18,CLPSO,102,6000,284746817.930264
18,CLPSO,102,9000,136470815.768883
18,CLPSO,102,12000,122697416.143446
18,CLPSO,102,15000,55975047.930209
18,CLPSO,102,18000,42954922.6750226
18,CLPSO,102,21000,42954922.6750226
18,CLPSO,102,24000,38790553.9618804
18,CLPSO,102,27000,38787055.6076737
18,CLPSO,102,30000,38787055.6076737
18,CLPSO,102,33000,38787055.6076737
18,CLPSO,102,36000,38787055.6076737
18,CLPSO,102,39000,38787055.6076737
18,CLPSO,102,42000,36131047.447636
18,CLPSO,102,45000,36131047.447636
18,CLPSO,102,48000,36131047.447636
18,CLPSO,102,51000,33546503.4857116
18,CLPSO,102,54000,33546503.4737828
18,CLPSO,102,57000,33546503.4737828
18,CLPSO,102,60000,33546503.4737828
18,D3-Both,103,3000,11141057.0771855
18,D3-Both,103,6000,5052645.27607343
18,D3-Both,103,9000,2423292.55355366
18,D3-Both,103,12000,2423292.55355366
18,D3-Both,103,15000,2423292.55355366
18,D3-Both,103,18000,2338648.70512862
18,D3-Both,103,21000,2256401.86248763
18,D3-Both,103,24000,2156661.18320225
18,D3-Both,103,27000,2140477.1162877
18,D3-Both,103,30000,2048104.57820359
18,D3-Both,103,33000,1847305.43856369
18,D3-Both,103,36000,1835316.46422136
18,D3-Both,103,39000,1655238.66534636
18,D3-Both,103,42000,1506597.57584109
18,D3-Both,103,45000,1435801.99101372
18,D3-Both,103,48000,1292928.50621759
18,D3-Both,103,51000,1263912.5089654
18,D3-Both,103,54000,1137073.35188372
18,D3-Both,103,57000,984723.442826073
18,D3-Both,103,60000,895240.831381738
18,CLPSO,103,3000,537500393.227119
18,CLPSO,103,6000,254641025.046422
18,CLPSO,103,9000,155992573.001611
18,CLPSO,103,12000,155992573.001611
18,CLPSO,103,15000,146255985.842782
18,CLPSO,103,18000,129055236.460785
18,CLPSO,103,21000,94235977.9166845
18,CLPSO,103,24000,54502529.738781
18,CLPSO,103,27000,54502529.738781
18,CLPSO,103,30000,43432458.5596107
18,CLPSO,103,33000,43432406.7399661
18,CLPSO,103,36000,40881552.2989214
18,CLPSO,103,39000,40684723.4047818
18,CLPSO,103,42000,36017280.1984677
18,CLPSO,103,45000,33322439.7024359
18,CLPSO,103,48000,32445430.0050378
18,CLPSO,103,51000,32445430.0050378
18,CLPSO,103,54000,29572964.5804111
18,CLPSO,103,57000,28952802.0870847
18,CLPSO,103,60000,27861102.7237947
19,D3-Both,101,3000,249358368.158531
19,D3-Both,101,6000,36100993.1973878
19,D3-Both,101,9000,21297916.0362617
19,D3-Both,101,12000,14810257.4203826
19,D3-Both,101,15000,10200636.4944018
19,D3-Both,101,18000,9397924.88680062
19,D3-Both,101,21000,6885099.3669759
19,D3-Both,101,24000,6729923.86365199
19,D3-Both,101,27000,5991025.98944243
19,D3-Both,101,30000,5305193.30400393
19,D3-Both,101,33000,4929909.68332632
19,D3-Both,101,36000,4735172.43697882
19,D3-Both,101,39000,4034930.83633908
19,D3-Both,101,42000,3471832.20763565
19,D3-Both,101,45000,1345107.14612915
19,D3-Both,101,48000,565314.369354752
19,D3-Both,101,51000,86145.0664028533
19,D3-Both,101,54000,26579.7521695042
19,D3-Both,101,57000,10735.8921306907
19,D3-Both,101,60000,7458.93337420298
19,CLPSO,101,3000,21316924781.3455
19,CLPSO,101,6000,12556864545.731
19,CLPSO,101,9000,9919543517.17558
19,CLPSO,101,12000,6524376509.58596
19,CLPSO,101,15000,4016485297.58802
19,CLPSO,101,18000,2267154840.13897
19,CLPSO,101,21000,1100240690.90755
19,CLPSO,101,24000,985385951.23797
19,CLPSO,101,27000,470988613.991053
19,CLPSO,101,30000,399942642.665104
19,CLPSO,101,33000,333013942.89727
19,CLPSO,101,36000,197824030.330605
19,CLPSO,101,39000,161614400.388649
19,CLPSO,101,42000,119618806.321263
19,CLPSO,101,45000,118919744.808634
19,CLPSO,101,48000,89305012.396506
19,CLPSO,101,51000,81928276.4099604
19,CLPSO,101,54000,76414832.3917679
19,CLPSO,101,57000,71937287.0979003
19,CLPSO,101,60000,61430266.4701513
19,D3-Both,102,3000,480858555.030836
19,D3-Both,102,6000,41052799.7512697
19,D3-Both,102,9000,28375033.768569
19,D3-Both,102,12000,21487781.1903177
19,D3-Both,102,15000,14965629.3597471
19,D3-Both,102,18000,14048182.4648272
19,D3-Both,102,21000,11656134.0435303
19,D3-Both,102,24000,11230384.0199926
19,D3-Both,102,27000,9035280.66586168
19,D3-Both,102,30000,8460272.31658862
19,D3-Both,102,33000,7689910.07270507
19,D3-Both,102,36000,6124256.01369466
19,D3-Both,102,39000,5154583.32128418
19,D3-Both,102,42000,4663799.331634
19,D3-Both,102,45000,3207201.90806232
19,D3-Both,102,48000,2407860.03632376
19,D3-Both,102,51000,1135018.55115676
19,D3-Both,102,54000,106105.065524548
19,D3-Both,102,57000,22764.9800152478
19,D3-Both,102,60000,4504.61026254683
19,CLPSO,102,3000,36179651034.6274
19,CLPSO,102,6000,17644504269.7451
19,CLPSO,102,9000,8638904799.97242
19,CLPSO,102,12000,6436714709.56446
19,CLPSO,102,15000,5147498993.87939
19,CLPSO,102,18000,4224971019.52001
19,CLPSO,102,21000,2568762541.31895
19,CLPSO,102,24000,1254194247.04406
19,CLPSO,102,27000,650163671.883141
19,CLPSO,102,30000,441958008.689716
19,CLPSO,102,33000,441958008.689716
19,CLPSO,102,36000,232571426.684394
19,CLPSO,102,39000,132597421.417697
19,CLPSO,102,42000,109471529.536495
19,CLPSO,102,45000,71110551.9190715
19,CLPSO,102,48000,68545627.3051154
19,CLPSO,102,51000,67961689.2049038
19,CLPSO,102,54000,37987175.8684898
19,CLPSO,102,57000,25672473.0410631
19,CLPSO,102,60000,25077221.6033623
19,D3-Both,103,3000,208063075.204349
19,D3-Both,103,6000,40943202.6903538
19,D3-Both,103,9000,21697233.4861449
19,D3-Both,103,12000,15275473.549055
19,D3-Both,103,15000,15102961.0702973
19,D3-Both,103,18000,14620454.2541329
19,D3-Both,103,21000,12287839.1912756
19,D3-Both,103,24000,11872732.6938101
19,D3-Both,103,27000,9804559.26744983
19,D3-Both,103,30000,8023231.63118562
19,D3-Both,103,33000,7312253.64096564
19,D3-Both,103,36000,7312253.64096564
19,D3-Both,103,39000,6357373.56421029
19,D3-Both,103,42000,5105055.58083584
19,D3-Both,103,45000,4515188.53926168
19,D3-Both,103,48000,3162603.45609847
19,D3-Both,103,51000,1431636.96783116
19,D3-Both,103,54000,331501.842844832
19,D3-Both,103,57000,79897.5662770416
19,D3-Both,103,60000,17996.2735298156
19,CLPSO,103,3000,21451479799.7357
19,CLPSO,103,6000,11149894337.5792
19,CLPSO,103,9000,4834729831.27778
19,CLPSO,103,12000,3935784820.11082
19,CLPSO,103,15000,3008550118.08012
19,CLPSO,103,18000,1839271330.67629
19,CLPSO,103,21000,734326585.183852
19,CLPSO,103,24000,734326585.183852
19,CLPSO,103,27000,641771578.215502
19,CLPSO,103,30000,250377938.652166
19,CLPSO,103,33000,228189817.367714
19,CLPSO,103,36000,181849163.237315
19,CLPSO,103,39000,154142002.642139
19,CLPSO,103,42000,83715153.4236315
19,CLPSO,103,45000,72033606.9211953
19,CLPSO,103,48000,68653770.2623901
19,CLPSO,103,51000,60413061.3267185
19,CLPSO,103,54000,47965853.5990075
19,CLPSO,103,57000,14376679.9600316
19,CLPSO,103,60000,13747432.6282589
20,D3-Both,101,3000,5148.83431908074
20,D3-Both,101,6000,4245.49272747927
20,D3-Both,101,9000,3972.06535525488
20,D3-Both,101,12000,3832.54332237164
20,D3-Both,101,15000,3649.64201541412
20,D3-Both,101,18000,3528.50617931001
20,D3-Both,101,21000,3395.30757566576
20,D3-Both,101,24000,3382.77549974407
20,D3-Both,101,27000,3179.40744180894
20,D3-Both,101,30000,3179.40744180894
20,D3-Both,101,33000,3157.39895316257
20,D3-Both,101,36000,3157.39895316257
20,D3-Both,101,39000,3154.38380502817
20,D3-Both,101,42000,3078.037474376
20,D3-Both,101,45000,3078.037474376
20,D3-Both,101,48000,3026.93716034515
20,D3-Both,101,51000,3026.93716034515
20,D3-Both,101,54000,2989.02432969766
20,D3-Both,101,57000,2969.78671931746
20,D3-Both,101,60000,2969.13723749518
20,CLPSO,101,3000,6887.30910778881
20,CLPSO,101,6000,6612.87127401939
20,CLPSO,101,9000,6262.10579675052
20,CLPSO,101,12000,5482.0799338066
20,CLPSO,101,15000,5482.0799338066
20,CLPSO,101,18000,5215.48248108573
20,CLPSO,101,21000,5215.48248108573
20,CLPSO,101,24000,5101.37553033681
20,CLPSO,101,27000,4823.74669097348
20,CLPSO,101,30000,4615.74242632295
20,CLPSO,101,33000,4603.00140782939
20,CLPSO,101,36000,4260.38211993645
20,CLPSO,101,39000,4259.15699765338
20,CLPSO,101,42000,3953.20209108726
20,CLPSO,101,45000,3934.80969172094
20,CLPSO,101,48000,3934.80969172094
20,CLPSO,101,51000,3800.34483142945
20,CLPSO,101,54000,3600.0478359168
20,CLPSO,101,57000,3557.24301388961
20,CLPSO,101,60000,3557.24301388961
20,D3-Both,102,3000,4746.52132648271
20,D3-Both,102,6000,4155.43755297614
20,D3-Both,102,9000,3808.36864157353
20,D3-Both,102,12000,3559.90232364386
20,D3-Both,102,15000,3315.72366042101
20,D3-Both,102,18000,3212.29904779064
20,D3-Both,102,21000,3050.96708631938
20,D3-Both,102,24000,2878.39948641448
20,D3-Both,102,27000,2741.61346003302
20,D3-Both,102,30000,2714.25091948114
20,D3-Both,102,33000,2651.04436164355
20,D3-Both,102,36000,2602.74285912722
20,D3-Both,102,39000,2460.43553732481
20,D3-Both,102,42000,2460.43553732481
20,D3-Both,102,45000,2460.43553732481
20,D3-Both,102,48000,2453.0713115085
20,D3-Both,102,51000,2392.11838961774
20,D3-Both,102,54000,2375.10622931685
20,D3-Both,102,57000,2359.84789506041
20,D3-Both,102,60000,2359.84789506041
20,CLPSO,102,3000,6788.61534720055
20,CLPSO,102,6000,5385.68683765674
20,CLPSO,102,9000,5385.68683765674
20,CLPSO,102,12000,5167.21905524127
20,CLPSO,102,15000,5021.55976171501
20,CLPSO,102,18000,5021.55976171501
20,CLPSO,102,21000,5021.55976171501
20,CLPSO,102,24000,5021.55976171501
20,CLPSO,102,27000,5021.55976171501
20,CLPSO,102,30000,4834.37151241955
20,CLPSO,102,33000,4799.91246009457
20,CLPSO,102,36000,4429.07121346024
20,CLPSO,102,39000,4329.02157660905
20,CLPSO,102,42000,4329.02157660905
20,CLPSO,102,45000,4206.22919474556
20,CLPSO,102,48000,4206.22919474556
20,CLPSO,102,51000,4206.22919474556
20,CLPSO,102,54000,4088.70318253223
20,CLPSO,102,57000,4047.94128533712
20,CLPSO,102,60000,3906.6792810228
20,D3-Both,103,3000,5672.15419489313
20,D3-Both,103,6000,5092.31369186429
20,D3-Both,103,9000,5032.39150891719
20,D3-Both,103,12000,4865.0441615694
20,D3-Both,103,15000,4448.24106108205
20,D3-Both,103,18000,4285.80696221482
20,D3-Both,103,21000,4125.59162184374
20,D3-Both,103,24000,4044.32230555498
20,D3-Both,103,27000,3844.60356370405
20,D3-Both,103,30000,3829.46161121412
20,D3-Both,103,33000,3825.46789919373
20,D3-Both,103,36000,3801.49742643346
20,D3-Both,103,39000,3774.18304907637
20,D3-Both,103,42000,3701.80946405562
20,D3-Both,103,45000,3637.28207909658
20,D3-Both,103,48000,3590.71231924871
20,D3-Both,103,51000,3590.71231924871
20,D3-Both,103,54000,3541.13746912867
20,D3-Both,103,57000,3509.02983709415
20,D3-Both,103,60000,3503.6302184921
20,CLPSO,103,3000,6791.19821112894
20,CLPSO,103,6000,6469.18593138759
20,CLPSO,103,9000,6308.13222648276
20,CLPSO,103,12000,6288.36939951509
20,CLPSO,103,15000,5423.99082197583
20,CLPSO,103,18000,5423.99082197583
20,CLPSO,103,21000,5100.05768052115
20,CLPSO,103,24000,4956.69189109863
20,CLPSO,103,27000,4956.69189109863
20,CLPSO,103,30000,4883.14481826642
20,CLPSO,103,33000,4688.84284301791
20,CLPSO,103,36000,4494.93564234676
20,CLPSO,103,39000,4170.58759763305
20,CLPSO,103,42000,4008.68229618363
20,CLPSO,103,45000,4008.68229618363
20,CLPSO,103,48000,3986.82644042313
20,CLPSO,103,51000,3841.23399964217
20,CLPSO,103,54000,3782.77326961891
20,CLPSO,103,57000,3757.79502495647
20,CLPSO,103,60000,3736.69934642629
21,D3-Both,101,3000,1661.10117380387
21,D3-Both,101,6000,1498.16269446624
21,D3-Both,101,9000,1437.358974274
21,D3-Both,101,12000,1353.42847755069
21,D3-Both,101,15000,1345.03197635765
21,D3-Both,101,18000,1307.43353757002
21,D3-Both,101,21000,1300.54282124533
21,D3-Both,101,24000,1268.87945513057
21,D3-Both,101,27000,1257.68338660586
21,D3-Both,101,30000,1239.28870980763
21,D3-Both,101,33000,1237.64152301009
21,D3-Both,101,36000,1236.84292337701
21,D3-Both,101,39000,1225.31764733682
21,D3-Both,101,42000,1207.54995265956
21,D3-Both,101,45000,1149.55065626739
21,D3-Both,101,48000,1128.24303025412
21,D3-Both,101,51000,1116.94711475574
21,D3-Both,101,54000,1110.78198443837
21,D3-Both,101,57000,1074.05080378373
21,D3-Both,101,60000,914.381803017996
21,CLPSO,101,3000,2763.33912203168
21,CLPSO,101,6000,2437.12572312589
21,CLPSO,101,9000,2190.2866293148
21,CLPSO,101,12000,1955.02373021196
21,CLPSO,101,15000,1877.9453906636
21,CLPSO,101,18000,1703.00583833428
21,CLPSO,101,21000,1684.25139007818
21,CLPSO,101,24000,1604.35098838787
21,CLPSO,101,27000,1576.85664209157
21,CLPSO,101,30000,1495.8169287574
21,CLPSO,101,33000,1495.8169287574
21,CLPSO,101,36000,1366.25754631432
21,CLPSO,101,39000,1360.48156535405
21,CLPSO,101,42000,1342.11548851074
21,CLPSO,101,45000,1342.11548851074
21,CLPSO,101,48000,1342.11548851074
21,CLPSO,101,51000,1342.11548851074
21,CLPSO,101,54000,1272.49961293626
21,CLPSO,101,57000,1272.49961293626
21,CLPSO,101,60000,1272.49961293626
21,D3-Both,102,3000,1770.82160631981
21,D3-Both,102,6000,1567.41127088616
21,D3-Both,102,9000,1523.00481135268
21,D3-Both,102,12000,1502.18679185013
21,D3-Both,102,15000,1489.72038295573
21,D3-Both,102,18000,1376.02896605517
21,D3-Both,102,21000,1365.40928806114
21,D3-Both,102,24000,1355.70463265721
21,D3-Both,102,27000,1330.08592875895
21,D3-Both,102,30000,1317.31501590117
21,D3-Both,102,33000,1281.85808215795
21,D3-Both,102,36000,1261.02961446629
21,D3-Both,102,39000,1253.38272445716
21,D3-Both,102,42000,1209.75497565864
21,D3-Both,102,45000,1187.66183951273
21,D3-Both,102,48000,1139.77322189982
21,D3-Both,102,51000,1082.76689827776
21,D3-Both,102,54000,937.757882143095
21,D3-Both,102,57000,874.391556892931
21,D3-Both,102,60000,857.657673722813
21,CLPSO,102,3000,2798.05054241696
21,CLPSO,102,6000,2516.4117598369
21,CLPSO,102,9000,2208.16580178068
21,CLPSO,102,12000,1923.10350085633
21,CLPSO,102,15000,1713.71787472505
21,CLPSO,102,18000,1713.71787472505
21,CLPSO,102,21000,1713.71787472505
21,CLPSO,102,24000,1592.14581170337
21,CLPSO,102,27000,1560.82914917563
21,CLPSO,102,30000,1524.84299241955
21,CLPSO,102,33000,1437.28783727158
21,CLPSO,102,36000,1437.28783727158
21,CLPSO,102,39000,1346.81223624548
21,CLPSO,102,42000,1346.81223624548
21,CLPSO,102,45000,1346.81223624548
21,CLPSO,102,48000,1341.98687701763
21,CLPSO,102,51000,1341.67638527054
21,CLPSO,102,54000,1318.09303662133
21,CLPSO,102,57000,1300.48876297112
21,CLPSO,102,60000,1300.48876297112
21,D3-Both,103,3000,1525.73309974094
21,D3-Both,103,6000,1506.97653933617
21,D3-Both,103,9000,1432.00909032301
21,D3-Both,103,12000,1356.86862389989
21,D3-Both,103,15000,1356.86862389989
21,D3-Both,103,18000,1346.56602612858
21,D3-Both,103,21000,1337.14728781009
21,D3-Both,103,24000,1302.02669368658
21,D3-Both,103,27000,1283.80331659478
21,D3-Both,103,30000,1272.38314320833
21,D3-Both,103,33000,1240.55543134761
21,D3-Both,103,36000,1235.35125827351
21,D3-Both,103,39000,1200.44757715593
21,D3-Both,103,42000,1191.7039856317
21,D3-Both,103,45000,1178.42242840135
21,D3-Both,103,48000,1117.81713714944
21,D3-Both,103,51000,966.382011826001
21,D3-Both,103,54000,898.148231040917
21,D3-Both,103,57000,874.983720222264
21,D3-Both,103,60000,865.977687524001
21,CLPSO,103,3000,2741.83851645275
21,CLPSO,103,6000,2488.71300326444
21,CLPSO,103,9000,2243.73781446413
21,CLPSO,103,12000,2018.01405730515
21,CLPSO,103,15000,1814.48992635271
21,CLPSO,103,18000,1814.48992635271
21,CLPSO,103,21000,1688.89432998477
21,CLPSO,103,24000,1576.10759718314
21,CLPSO,103,27000,1494.17480957396
21,CLPSO,103,30000,1494.17480957396
21,CLPSO,103,33000,1485.07031225792
21,CLPSO,103,36000,1442.35716572011
21,CLPSO,103,39000,1442.35716572011
21,CLPSO,103,42000,1438.99926063661
21,CLPSO,103,45000,1432.2255846081
21,CLPSO,103,48000,1390.73824045578
21,CLPSO,103,51000,1390.10179219146
21,CLPSO,103,54000,1352.37982050922
21,CLPSO,103,57000,1310.07814755238
21,CLPSO,103,60000,1310.07814755238
22,D3-Both,101,3000,30833.5271272084
22,D3-Both,101,6000,28659.4652857924
22,D3-Both,101,9000,27350.6145720317
22,D3-Both,101,12000,27304.3427636856
22,D3-Both,101,15000,27304.3427636856
22,D3-Both,101,18000,27261.603759337
22,D3-Both,101,21000,26559.7326333309
22,D3-Both,101,24000,26559.7326333309
22,D3-Both,101,27000,26024.2754640891
22,D3-Both,101,30000,25962.5257688117
22,D3-Both,101,33000,25919.6823592462
22,D3-Both,101,36000,25008.2777204504
22,D3-Both,101,39000,24946.5855356466
22,D3-Both,101,42000,24417.7235541211
22,D3-Both,101,45000,24343.6673062587
22,D3-Both,101,48000,24343.6673062587
22,D3-Both,101,51000,24332.0010711655
22,D3-Both,101,54000,24195.3645872464
22,D3-Both,101,57000,24103.0448693189
22,D3-Both,101,60000,24062.5000444986
22,CLPSO,101,3000,34033.7492070226
22,CLPSO,101,6000,32840.6334085163
22,CLPSO,101,9000,32662.8645719462
22,CLPSO,101,12000,31484.4949530696
22,CLPSO,101,15000,31484.4949530696
22,CLPSO,101,18000,31484.4949530696
22,CLPSO,101,21000,31242.9783411434
22,CLPSO,101,24000,31229.6076307732
22,CLPSO,101,27000,30576.880946929
22,CLPSO,101,30000,30576.880946929
22,CLPSO,101,33000,30556.0554518035
22,CLPSO,101,36000,30556.0554518035
22,CLPSO,101,39000,30491.7280619379
22,CLPSO,101,42000,30076.6653389645
22,CLPSO,101,45000,29371.9817060338
22,CLPSO,101,48000,29371.9817060338
22,CLPSO,101,51000,29129.1246084998
22,CLPSO,101,54000,29129.1246084998
22,CLPSO,101,57000,29129.1246084998
22,CLPSO,101,60000,28575.3430727053
22,D3-Both,102,3000,30269.5633077187
22,D3-Both,102,6000,29296.521297655
22,D3-Both,102,9000,28582.0874100721
22,D3-Both,102,12000,26634.2112347575
22,D3-Both,102,15000,26634.2112347575
22,D3-Both,102,18000,26634.2112347575
22,D3-Both,102,21000,26634.2112347575
22,D3-Both,102,24000,26634.2112347575
22,D3-Both,102,27000,26514.0018588758
22,D3-Both,102,30000,26024.8793636988
22,D3-Both,102,33000,25729.3561902425
22,D3-Both,102,36000,25729.3561902425
22,D3-Both,102,39000,25023.7710816218
22,D3-Both,102,42000,24330.1454524769
22,D3-Both,102,45000,24319.2078310495
22,D3-Both,102,48000,23810.0373189554
22,D3-Both,102,51000,23073.1107630746
22,D3-Both,102,54000,19038.8763343408
22,D3-Both,102,57000,15788.1376652706
22,D3-Both,102,60000,14676.8077254721
22,CLPSO,102,3000,33656.3679500494
22,CLPSO,102,6000,32959.5001103925
22,CLPSO,102,9000,32959.5001103925
22,CLPSO,102,12000,32831.3336163494
22,CLPSO,102,15000,31828.7030736051
22,CLPSO,102,18000,31828.7030736051
22,CLPSO,102,21000,28359.0598121411
22,CLPSO,102,24000,28359.0598121411
22,CLPSO,102,27000,28359.0598121411
22,CLPSO,102,30000,28359.0598121411
22,CLPSO,102,33000,28359.0598121411
22,CLPSO,102,36000,27573.381138971
22,CLPSO,102,39000,27442.400125001
22,CLPSO,102,42000,27442.400125001
22,CLPSO,102,45000,27442.400125001
22,CLPSO,102,48000,27442.400125001
22,CLPSO,102,51000,27442.400125001
22,CLPSO,102,54000,27442.400125001
22,CLPSO,102,57000,27442.400125001
22,CLPSO,102,60000,27442.400125001
22,D3-Both,103,3000,29093.9672223118
22,D3-Both,103,6000,26424.0580963376
22,D3-Both,103,9000,26008.8674484056
22,D3-Both,103,12000,26008.8674484056
22,D3-Both,103,15000,26008.8674484056
22,D3-Both,103,18000,26008.8674484056
22,D3-Both,103,21000,25794.4530883658
22,D3-Both,103,24000,25293.6640756204
22,D3-Both,103,27000,25293.6640756204
22,D3-Both,103,30000,25293.6640756204
22,D3-Both,103,33000,25293.6640756204
22,D3-Both,103,36000,24815.3049819907
22,D3-Both,103,39000,24782.8290682324
22,D3-Both,103,42000,24651.7737515687
22,D3-Both,103,45000,23566.5945958103
22,D3-Both,103,48000,23219.2715450545
22,D3-Both,103,51000,22836.7399661843
22,D3-Both,103,54000,22562.7479156086
22,D3-Both,103,57000,22326.3053591228
22,D3-Both,103,60000,22326.3053591228
22,CLPSO,103,3000,33745.5608057337
22,CLPSO,103,6000,33614.2696874078
22,CLPSO,103,9000,32652.4052596082
22,CLPSO,103,12000,32652.4052596082
22,CLPSO,103,15000,32061.5803838315
22,CLPSO,103,18000,30712.6743346714
22,CLPSO,103,21000,30712.6743346714
22,CLPSO,103,24000,30712.6743346714
22,CLPSO,103,27000,30712.6743346714
22,CLPSO,103,30000,30712.6743346714
22,CLPSO,103,33000,30665.1681699303
22,CLPSO,103,36000,29289.8396363551
22,CLPSO,103,39000,29289.8396363551
22,CLPSO,103,42000,29289.8396363551
22,CLPSO,103,45000,29289.8396363551
22,CLPSO,103,48000,28948.660875142
22,CLPSO,103,51000,28948.660875142
22,CLPSO,103,54000,28948.660875142
22,CLPSO,103,57000,27392.5936483643
22,CLPSO,103,60000,27392.5936483643
23,D3-Both,101,3000,2088.93926326851
23,D3-Both,101,6000,1950.69171296048
23,D3-Both,101,9000,1855.30826730665
23,D3-Both,101,12000,1800.0342749213
23,D3-Both,101,15000,1744.41124540408
23,D3-Both,101,18000,1678.74839641031
23,D3-Both,101,21000,1634.24627519432
23,D3-Both,101,24000,1624.80804131268
23,D3-Both,101,27000,1572.07336551301
23,D3-Both,101,30000,1569.53955144267
23,D3-Both,101,33000,1542.20065567844
23,D3-Both,101,36000,1535.1404035002
23,D3-Both,101,39000,1488.81873214776
23,D3-Both,101,42000,1474.70933561636
23,D3-Both,101,45000,1462.87940954035
23,D3-Both,101,48000,1455.86827775076
23,D3-Both,101,51000,1439.68969945158
23,D3-Both,101,54000,1413.58606982921
23,D3-Both,101,57000,1381.47839541057
23,D3-Both,101,60000,1255.97459636164
23,CLPSO,101,3000,3975.28411804563
23,CLPSO,101,6000,3488.47738860844
23,CLPSO,101,9000,2827.29708886195
23,CLPSO,101,12000,2560.88489080609
23,CLPSO,101,15000,2223.49778537131
23,CLPSO,101,18000,2181.32928501082
23,CLPSO,101,21000,2095.9593569478
23,CLPSO,101,24000,1959.56535008639
23,CLPSO,101,27000,1959.56535008639
23,CLPSO,101,30000,1846.72773924154
23,CLPSO,101,33000,1806.26265208613
23,CLPSO,101,36000,1732.13573734989
23,CLPSO,101,39000,1623.55961708415
23,CLPSO,101,42000,1623.55961708415
23,CLPSO,101,45000,1575.99492807511
23,CLPSO,101,48000,1544.73684817889
23,CLPSO,101,51000,1516.40635214727
23,CLPSO,101,54000,1465.6398609946
23,CLPSO,101,57000,1455.2786659246
23,CLPSO,101,60000,1455.2786659246
23,D3-Both,102,3000,1845.10948991187
23,D3-Both,102,6000,1687.25158474318
23,D3-Both,102,9000,1627.7325261784
23,D3-Both,102,12000,1596.12846444153
23,D3-Both,102,15000,1550.88223492725
23,D3-Both,102,18000,1537.96840806554
23,D3-Both,102,21000,1504.00630376471
23,D3-Both,102,24000,1479.91927954349
23,D3-Both,102,27000,1432.81306073289
23,D3-Both,102,30000,1398.98558805886
23,D3-Both,102,33000,1352.84591862878
23,D3-Both,102,36000,1261.62179377193
23,D3-Both,102,39000,1198.37805178488
23,D3-Both,102,42000,1171.08609805651
23,D3-Both,102,45000,1152.77446319143
23,D3-Both,102,48000,1139.91918303131
23,D3-Both,102,51000,1134.79950103105
23,D3-Both,102,54000,1129.6093702759
23,D3-Both,102,57000,1126.64987470077
23,D3-Both,102,60000,1124.04559526747
23,CLPSO,102,3000,3529.92133329659
23,CLPSO,102,6000,3326.0199616597
23,CLPSO,102,9000,2900.24390622253
23,CLPSO,102,12000,2622.51895904027
23,CLPSO,102,15000,2322.34014739037
23,CLPSO,102,18000,2105.12826933138
23,CLPSO,102,21000,2037.87892342527
23,CLPSO,102,24000,1992.03027261875
23,CLPSO,102,27000,1819.02886167577
23,CLPSO,102,30000,1818.42052303904
23,CLPSO,102,33000,1651.884162728
23,CLPSO,102,36000,1651.884162728
23,CLPSO,102,39000,1651.884162728
23,CLPSO,102,42000,1591.7174698095
23,CLPSO,102,45000,1588.49147168569
23,CLPSO,102,48000,1571.54453571705
23,CLPSO,102,51000,1500.30105785256
23,CLPSO,102,54000,1500.30105785256
23,CLPSO,102,57000,1467.74173403676
23,CLPSO,102,60000,1467.74173403676
23,D3-Both,103,3000,2101.41523054225
23,D3-Both,103,6000,1982.93952743859
23,D3-Both,103,9000,1930.20982845821
23,D3-Both,103,12000,1807.51440330616
23,D3-Both,103,15000,1786.64802096924
23,D3-Both,103,18000,1576.89705011998
23,D3-Both,103,21000,1504.4886433686
23,D3-Both,103,24000,1444.66311501535
23,D3-Both,103,27000,1340.60887328438
23,D3-Both,103,30000,1262.71494483153
23,D3-Both,103,33000,1129.37625843436
23,D3-Both,103,36000,1021.55756235795
23,D3-Both,103,39000,974.657803781521
23,D3-Both,103,42000,948.265415033793
23,D3-Both,103,45000,939.949889718087
23,D3-Both,103,48000,929.944563159861
23,D3-Both,103,51000,927.514306694135
23,D3-Both,103,54000,920.281649720117
23,D3-Both,103,57000,916.704698050919
23,D3-Both,103,60000,914.298418329809
23,CLPSO,103,3000,4365.28650397366
23,CLPSO,103,6000,3183.83853853026
23,CLPSO,103,9000,2998.64557052565
23,CLPSO,103,12000,2609.00340513432
23,CLPSO,103,15000,2345.78596406205
23,CLPSO,103,18000,2108.81256921459
23,CLPSO,103,21000,1963.00461178161
23,CLPSO,103,24000,1963.00461178161
23,CLPSO,103,27000,1911.06357795036
23,CLPSO,103,30000,1881.62895578278
23,CLPSO,103,33000,1749.49061596447
23,CLPSO,103,36000,1658.55386341992
23,CLPSO,103,39000,1658.55386341992
23,CLPSO,103,42000,1658.55386341992
23,CLPSO,103,45000,1639.10638740453
23,CLPSO,103,48000,1626.23977579866
23,CLPSO,103,51000,1581.46966093361
23,CLPSO,103,54000,1523.39292041208
23,CLPSO,103,57000,1523.39292041208
23,CLPSO,103,60000,1492.10896024922
24,D3-Both,101,3000,2693.6457626021
24,D3-Both,101,6000,2485.37923144107
24,D3-Both,101,9000,2351.86837049403
24,D3-Both,101,12000,2339.08416753441
24,D3-Both,101,15000,2268.59319845642
24,D3-Both,101,18000,2268.59319845642
24,D3-Both,101,21000,2246.79192250597
24,D3-Both,101,24000,2207.89431159588
24,D3-Both,101,27000,2198.62356615863
24,D3-Both,101,30000,2151.19942660957
24,D3-Both,101,33000,2032.72737682206
24,D3-Both,101,36000,1915.50083929925
24,D3-Both,101,39000,1813.05766263053
24,D3-Both,101,42000,1694.57079823637
24,D3-Both,101,45000,1652.77267108206
24,D3-Both,101,48000,1610.72089802032
24,D3-Both,101,51000,1571.42859324084
24,D3-Both,101,54000,1555.51652803099
24,D3-Both,101,57000,1545.66478050238
24,D3-Both,101,60000,1537.394282982
24,CLPSO,101,3000,7978.3393381321
24,CLPSO,101,6000,5432.87470154914
24,CLPSO,101,9000,4157.78063581889
24,CLPSO,101,12000,3780.33310897685
24,CLPSO,101,15000,3484.21879032241
24,CLPSO,101,18000,2931.62559355707
24,CLPSO,101,21000,2729.13871736818
24,CLPSO,101,24000,2595.64996955234
24,CLPSO,101,27000,2521.31085933175
24,CLPSO,101,30000,2264.05467605868
24,CLPSO,101,33000,2193.40044012745
24,CLPSO,101,36000,2175.12577465029
24,CLPSO,101,39000,2153.97046995732
24,CLPSO,101,42000,2128.29209749815
24,CLPSO,101,45000,2082.54497903768
24,CLPSO,101,48000,2054.90306117948
24,CLPSO,101,51000,1971.01318201442
24,CLPSO,101,54000,1945.04647170826
24,CLPSO,101,57000,1936.811136728
24,CLPSO,101,60000,1906.01368997262
24,D3-Both,102,3000,2535.31727784088
24,D3-Both,102,6000,2372.0153455011
24,D3-Both,102,9000,2315.58029994067
24,D3-Both,102,12000,2218.82987850463
24,D3-Both,102,15000,2107.80131809662
24,D3-Both,102,18000,2014.54997248785
24,D3-Both,102,21000,1986.52503066998
24,D3-Both,102,24000,1983.08745907734
24,D3-Both,102,27000,1959.25294450078
24,D3-Both,102,30000,1930.1448953119
24,D3-Both,102,33000,1900.81389738604
24,D3-Both,102,36000,1861.54901176059
24,D3-Both,102,39000,1809.84057500756
24,D3-Both,102,42000,1790.06895350238
24,D3-Both,102,45000,1757.5454303994
24,D3-Both,102,48000,1733.29609439696
24,D3-Both,102,51000,1717.05106299285
24,D3-Both,102,54000,1690.81442513983
24,D3-Both,102,57000,1568.17735421003
24,D3-Both,102,60000,1507.12579407465
24,CLPSO,102,3000,6807.37841011732
24,CLPSO,102,6000,4671.16529339531
24,CLPSO,102,9000,4021.20591989146
24,CLPSO,102,12000,3424.9875301844
24,CLPSO,102,15000,3105.11409539933
24,CLPSO,102,18000,3068.97239543177
24,CLPSO,102,21000,2798.51841456948
24,CLPSO,102,24000,2646.75570584696
24,CLPSO,102,27000,2627.16020283767
24,CLPSO,102,30000,2497.78579464857
24,CLPSO,102,33000,2367.32476677658
24,CLPSO,102,36000,2245.63444938857
24,CLPSO,102,39000,2234.44789361156
24,CLPSO,102,42000,2156.29372041734
24,CLPSO,102,45000,2096.80864972013
24,CLPSO,102,48000,2020.71249877259
24,CLPSO,102,51000,2020.71249877259
24,CLPSO,102,54000,2020.71249877259
24,CLPSO,102,57000,2020.71249877259
24,CLPSO,102,60000,1891.20168338582
24,D3-Both,103,3000,2621.90614975707
24,D3-Both,103,6000,2222.23155735279
24,D3-Both,103,9000,2190.19529264083
24,D3-Both,103,12000,2105.73977298498
24,D3-Both,103,15000,2060.835538164
24,D3-Both,103,18000,1996.57812070888
24,D3-Both,103,21000,1973.43229734902
24,D3-Both,103,24000,1939.81988963988
24,D3-Both,103,27000,1930.98186988018
24,D3-Both,103,30000,1930.77734268153
24,D3-Both,103,33000,1918.41485505824
24,D3-Both,103,36000,1918.41485505824
24,D3-Both,103,39000,1898.22489554219
24,D3-Both,103,42000,1889.62192147855
24,D3-Both,103,45000,1887.07220740894
24,D3-Both,103,48000,1879.83492444844
24,D3-Both,103,51000,1876.21371206141
24,D3-Both,103,54000,1866.75036268779
24,D3-Both,103,57000,1856.01388334891
24,D3-Both,103,60000,1850.8623476365
24,CLPSO,103,3000,7123.95543844735
24,CLPSO,103,6000,5268.47136308141
24,CLPSO,103,9000,4216.83450708089
24,CLPSO,103,12000,3606.56927943346
24,CLPSO,103,15000,3409.67539706028
24,CLPSO,103,18000,3085.03679756804
24,CLPSO,103,21000,2978.07536955766
24,CLPSO,103,24000,2675.03287159952
24,CLPSO,103,27000,2412.81358894445
24,CLPSO,103,30000,2288.72173097112
24,CLPSO,103,33000,2225.17401780074
24,CLPSO,103,36000,2219.61637211649
24,CLPSO,103,39000,2182.74300194137
24,CLPSO,103,42000,2175.62879683976
24,CLPSO,103,45000,2175.62879683976
24,CLPSO,103,48000,2084.57019409583
24,CLPSO,103,51000,2059.04924513892
24,CLPSO,103,54000,2059.04924513892
24,CLPSO,103,57000,2059.04924513892
24,CLPSO,103,60000,2026.96869142716
25,D3-Both,101,3000,11675.9494718848
25,D3-Both,101,6000,7039.66676540242
25,D3-Both,101,9000,4531.13883971363
25,D3-Both,101,12000,2944.84201481374
25,D3-Both,101,15000,2197.7998489305
25,D3-Both,101,18000,1725.97920212005
25,D3-Both,101,21000,1559.79767854627
25,D3-Both,101,24000,1397.67219754962
25,D3-Both,101,27000,1312.41699513826
25,D3-Both,101,30000,1244.08826217428
25,D3-Both,101,33000,1194.24761144901
25,D3-Both,101,36000,1160.78169292419
25,D3-Both,101,39000,1144.36195403012
25,D3-Both,101,42000,1105.87025620769
25,D3-Both,101,45000,1084.51101821435
25,D3-Both,101,48000,1059.33115302377
25,D3-Both,101,51000,1039.74321061714
25,D3-Both,101,54000,1024.37968138815
25,D3-Both,101,57000,982.249406288668
25,D3-Both,101,60000,940.814400643559
25,CLPSO,101,3000,82488.7554647731
25,CLPSO,101,6000,60584.3608823065
25,CLPSO,101,9000,47085.1605840936
25,CLPSO,101,12000,29011.273319839
25,CLPSO,101,15000,24995.6818605444
25,CLPSO,101,18000,20797.5842858267
25,CLPSO,101,21000,12743.4183836642
25,CLPSO,101,24000,12743.4183836642
25,CLPSO,101,27000,10795.4047050375
25,CLPSO,101,30000,9034.33700235262
25,CLPSO,101,33000,8209.9498426677
25,CLPSO,101,36000,6415.71516473119
25,CLPSO,101,39000,6270.03331004086
25,CLPSO,101,42000,5153.93534540053
25,CLPSO,101,45000,4854.91768145904
25,CLPSO,101,48000,4254.27027521161
25,CLPSO,101,51000,3840.46117077069
25,CLPSO,101,54000,3442.95445692532
25,CLPSO,101,57000,3398.21748794567
25,CLPSO,101,60000,3071.43086482958
25,D3-Both,102,3000,12916.5858826201
25,D3-Both,102,6000,7170.65979738231
25,D3-Both,102,9000,4537.81832356258
25,D3-Both,102,12000,3161.2454084335
25,D3-Both,102,15000,2407.31701914233
25,D3-Both,102,18000,1934.29906398376
25,D3-Both,102,21000,1697.53651934519
25,D3-Both,102,24000,1557.92253613088
25,D3-Both,102,27000,1398.65285002238
25,D3-Both,102,30000,1314.68442200318
25,D3-Both,102,33000,1235.10440062543
25,D3-Both,102,36000,1187.72434730439
25,D3-Both,102,39000,1147.58281580099
25,D3-Both,102,42000,1123.56234813656
25,D3-Both,102,45000,1097.60777181045
25,D3-Both,102,48000,1078.43359210633
25,D3-Both,102,51000,1065.74251128237
25,D3-Both,102,54000,1049.78795909984
25,D3-Both,102,57000,1008.41866103157
25,D3-Both,102,60000,971.632661717743
25,CLPSO,102,3000,61283.3854188789
25,CLPSO,102,6000,55468.5185560862
25,CLPSO,102,9000,45391.3253337918
25,CLPSO,102,12000,29913.9747256845
25,CLPSO,102,15000,23628.0862391658
25,CLPSO,102,18000,14826.5135268088
25,CLPSO,102,21000,13282.4901509188
25,CLPSO,102,24000,10932.0748507781
25,CLPSO,102,27000,9388.98933975925
25,CLPSO,102,30000,7911.21761952646
25,CLPSO,102,33000,6937.37040046401
25,CLPSO,102,36000,4849.22665609838
25,CLPSO,102,39000,4788.85901771638
25,CLPSO,102,42000,4140.06244238134
25,CLPSO,102,45000,3719.72852091151
25,CLPSO,102,48000,3522.82407973957
25,CLPSO,102,51000,2938.37521320895
25,CLPSO,102,54000,2821.6024228542
25,CLPSO,102,57000,2603.29275468789
25,CLPSO,102,60000,2306.59534275625
25,D3-Both,103,3000,11583.8154007411
25,D3-Both,103,6000,7332.03253990424
25,D3-Both,103,9000,4702.61304307157
25,D3-Both,103,12000,3126.57577879871
25,D3-Both,103,15000,2186.43145602878
25,D3-Both,103,18000,1813.21948847752
25,D3-Both,103,21000,1489.3982646627
25,D3-Both,103,24000,1278.85611624239
25,D3-Both,103,27000,1204.23134897205
25,D3-Both,103,30000,1150.37887557713
25,D3-Both,103,33000,1103.90519501442
25,D3-Both,103,36000,1071.66408982061
25,D3-Both,103,39000,1042.5579992857
25,D3-Both,103,42000,1013.04291843563
25,D3-Both,103,45000,983.823026389819
25,D3-Both,103,48000,959.778465480126
25,D3-Both,103,51000,940.38132376754
25,D3-Both,103,54000,924.044311022612
25,D3-Both,103,57000,909.42106272136
25,D3-Both,103,60000,898.88226579083
25,CLPSO,103,3000,74883.1883187328
25,CLPSO,103,6000,62747.6949325703
25,CLPSO,103,9000,46320.2024432977
25,CLPSO,103,12000,35219.204072103
25,CLPSO,103,15000,25296.7295678422
25,CLPSO,103,18000,21973.6200649606
25,CLPSO,103,21000,17704.2478721634
25,CLPSO,103,24000,13572.3522336367
25,CLPSO,103,27000,13065.153976396
25,CLPSO,103,30000,11370.2291570685
25,CLPSO,103,33000,10306.2397080701
25,CLPSO,103,36000,8170.02510276062
25,CLPSO,103,39000,6936.963564498
25,CLPSO,103,42000,6737.66987556785
25,CLPSO,103,45000,6106.02186445288
25,CLPSO,103,48000,5296.00653436468
25,CLPSO,103,51000,4760.1684989574
25,CLPSO,103,54000,4108.93847359254
25,CLPSO,103,57000,3752.08327563846
25,CLPSO,103,60000,3752.08327563846
26,D3-Both,101,3000,17841.9866621159
26,D3-Both,101,6000,14769.7727527533
26,D3-Both,101,9000,14611.0620343478
26,D3-Both,101,12000,14253.5086365968
26,D3-Both,101,15000,14045.1850234586
26,D3-Both,101,18000,13448.1568687824
26,D3-Both,101,21000,13284.4067859311
26,D3-Both,101,24000,13040.8916795986
26,D3-Both,101,27000,12738.9832717543
26,D3-Both,101,30000,12626.144375614
26,D3-Both,101,33000,12605.8769077243
26,D3-Both,101,36000,11746.650380194
26,D3-Both,101,39000,11052.4321439371
26,D3-Both,101,42000,9790.00559001776
26,D3-Both,101,45000,9055.62562592803
26,D3-Both,101,48000,8772.09313489168
26,D3-Both,101,51000,8565.66307990359
26,D3-Both,101,54000,8438.83202645823
26,D3-Both,101,57000,8357.29583268835
26,D3-Both,101,60000,8291.59767039234
26,CLPSO,101,3000,66476.4806459264
26,CLPSO,101,6000,48490.5427188006
26,CLPSO,101,9000,36218.4312810982
26,CLPSO,101,12000,30804.1478789789
26,CLPSO,101,15000,25921.2327207841
26,CLPSO,101,18000,24355.0476570735
26,CLPSO,101,21000,22272.5804926016
26,CLPSO,101,24000,21909.5481756977
26,CLPSO,101,27000,18727.9260975404
26,CLPSO,101,30000,18727.9260975404
26,CLPSO,101,33000,17934.1517436022
26,CLPSO,101,36000,16535.6011183012
26,CLPSO,101,39000,16513.2742232332
26,CLPSO,101,42000,16478.0385959961
26,CLPSO,101,45000,15626.3792414738
26,CLPSO,101,48000,15626.3792414738
26,CLPSO,101,51000,15190.2046991725
26,CLPSO,101,54000,15109.2783344838
26,CLPSO,101,57000,14705.3621800976
26,CLPSO,101,60000,14665.4993614333
26,D3-Both,102,3000,19816.2842021794
26,D3-Both,102,6000,17907.2898142987
26,D3-Both,102,9000,17041.4778846417
26,D3-Both,102,12000,16413.5394915557
26,D3-Both,102,15000,15865.6003626768
26,D3-Both,102,18000,15551.3199057325
26,D3-Both,102,21000,15498.0857484881
26,D3-Both,102,24000,15256.2743975262
26,D3-Both,102,27000,14900.2185325493
26,D3-Both,102,30000,14638.7596482401
26,D3-Both,102,33000,14503.6672708895
26,D3-Both,102,36000,13917.4289739726
26,D3-Both,102,39000,13829.3189412063
26,D3-Both,102,42000,13818.178917576
26,D3-Both,102,45000,13789.3353198324
26,D3-Both,102,48000,13789.3353198324
26,D3-Both,102,51000,13638.6398444096
26,D3-Both,102,54000,13101.5251928191
26,D3-Both,102,57000,11934.78918746
26,D3-Both,102,60000,11528.8987956967
26,CLPSO,102,3000,58153.6050801888
26,CLPSO,102,6000,51194.0163093812
26,CLPSO,102,9000,38609.2908913629
26,CLPSO,102,12000,34507.0468297987
26,CLPSO,102,15000,31535.9432369726
26,CLPSO,102,18000,26580.1807356924
26,CLPSO,102,21000,23824.5674681626
26,CLPSO,102,24000,22998.6135447853
26,CLPSO,102,27000,21051.9190995651
26,CLPSO,102,30000,20041.8676659203
26,CLPSO,102,33000,18483.0383131719
26,CLPSO,102,36000,17239.6907693557
26,CLPSO,102,39000,16584.1238157437
26,CLPSO,102,42000,16340.7219997631
26,CLPSO,102,45000,16129.5280173731
26,CLPSO,102,48000,15523.1139001546
26,CLPSO,102,51000,14932.4348552402
26,CLPSO,102,54000,14932.4348552402
26,CLPSO,102,57000,14932.4348552402
26,CLPSO,102,60000,14932.4348552402
26,D3-Both,103,3000,19565.0290173279
26,D3-Both,103,6000,18342.2584106501
26,D3-Both,103,9000,18058.5828126296
26,D3-Both,103,12000,17741.602453742
26,D3-Both,103,15000,17360.0765853994
26,D3-Both,103,18000,16906.7947883906
26,D3-Both,103,21000,16763.8648712644
26,D3-Both,103,24000,16614.6566056387
26,D3-Both,103,27000,16112.415030528
26,D3-Both,103,30000,16073.5933881447
26,D3-Both,103,33000,15775.8923784286
26,D3-Both,103,36000,15516.2820076539
26,D3-Both,103,39000,15140.184756175
26,D3-Both,103,42000,14703.7134701449
26,D3-Both,103,45000,14632.6975346047
26,D3-Both,103,48000,14529.2339361274
26,D3-Both,103,51000,13277.9409528828
26,D3-Both,103,54000,12075.8813994303
26,D3-Both,103,57000,11636.6055258491
26,D3-Both,103,60000,11450.6757590846
26,CLPSO,103,3000,55501.4689825693
26,CLPSO,103,6000,48093.9441547486
26,CLPSO,103,9000,35020.6244888086
26,CLPSO,103,12000,30133.7682549153
26,CLPSO,103,15000,26234.7701968066
26,CLPSO,103,18000,25676.0035253771
26,CLPSO,103,21000,23792.3711579814
26,CLPSO,103,24000,21212.9654099498
26,CLPSO,103,27000,19298.2070731671
26,CLPSO,103,30000,17487.9818205436
26,CLPSO,103,33000,17458.4028526497
26,CLPSO,103,36000,15944.3550073664
26,CLPSO,103,39000,15944.3550073664
26,CLPSO,103,42000,15711.1030342137
26,CLPSO,103,45000,15564.0487945192
26,CLPSO,103,48000,15564.0487945192
26,CLPSO,103,51000,15415.9432218386
26,CLPSO,103,54000,15034.44212736
26,CLPSO,103,57000,15029.3484274569
26,CLPSO,103,60000,14691.5013550567
27,D3-Both,101,3000,1811.19551192379
27,D3-Both,101,6000,1541.19938830002
27,D3-Both,101,9000,1423.1964701184
27,D3-Both,101,12000,1343.96064644283
27,D3-Both,101,15000,1287.64477180052
27,D3-Both,101,18000,1255.13821574994
27,D3-Both,101,21000,1249.24565938485
27,D3-Both,101,24000,1239.51364166025
27,D3-Both,101,27000,1227.32600820512
27,D3-Both,101,30000,1211.74041495018
27,D3-Both,101,33000,1201.82901766063
27,D3-Both,101,36000,1177.05027520774
27,D3-Both,101,39000,1099.19903824527
27,D3-Both,101,42000,1068.81246076205
27,D3-Both,101,45000,1046.67044242881
27,D3-Both,101,48000,1038.99512095875
27,D3-Both,101,51000,1035.83854111571
27,D3-Both,101,54000,1031.36311766302
27,D3-Both,101,57000,1028.251960997
27,D3-Both,101,60000,1024.79802869642
27,CLPSO,101,3000,9403.81300213556
27,CLPSO,101,6000,5342.24931081912
27,CLPSO,101,9000,5342.24931081912
27,CLPSO,101,12000,4214.57413784932
27,CLPSO,101,15000,3925.09355550453
27,CLPSO,101,18000,3413.68107046516
27,CLPSO,101,21000,3223.52869396616
27,CLPSO,101,24000,2947.52155308556
27,CLPSO,101,27000,2947.52155308556
27,CLPSO,101,30000,2637.82985450781
27,CLPSO,101,33000,2434.73153044079
27,CLPSO,101,36000,2167.45729029795
27,CLPSO,101,39000,2167.45729029795
27,CLPSO,101,42000,1860.49327622225
27,CLPSO,101,45000,1860.49327622225
27,CLPSO,101,48000,1860.49327622225
27,CLPSO,101,51000,1797.81180800075
27,CLPSO,101,54000,1734.91811235515
27,CLPSO,101,57000,1693.33395680711
27,CLPSO,101,60000,1572.55121436946
27,D3-Both,102,3000,1880.3804639994
27,D3-Both,102,6000,1573.08721677833
27,D3-Both,102,9000,1507.20229268996
27,D3-Both,102,12000,1453.30785355775
27,D3-Both,102,15000,1407.68347762948
27,D3-Both,102,18000,1387.28234320316
27,D3-Both,102,21000,1171.65327996003
27,D3-Both,102,24000,1108.62795564687
27,D3-Both,102,27000,1073.89796564973
27,D3-Both,102,30000,1041.802358519
27,D3-Both,102,33000,1027.93380518289
27,D3-Both,102,36000,1008.13358686943
27,D3-Both,102,39000,988.748521374085
27,D3-Both,102,42000,977.960999791957
27,D3-Both,102,45000,971.597357246359
27,D3-Both,102,48000,967.864500749283
27,D3-Both,102,51000,965.907633170213
27,D3-Both,102,54000,963.427652361841
27,D3-Both,102,57000,960.968921229299
27,D3-Both,102,60000,958.221624292485
27,CLPSO,102,3000,6773.36587873332
27,CLPSO,102,6000,6247.32545622741
27,CLPSO,102,9000,5420.2868916819
27,CLPSO,102,12000,3360.47586845489
27,CLPSO,102,15000,3360.47586845489
27,CLPSO,102,18000,3321.16424498382
27,CLPSO,102,21000,2830.86570558971
27,CLPSO,102,24000,2677.45894337476
27,CLPSO,102,27000,2500.65243663052
27,CLPSO,102,30000,2327.45479760491
27,CLPSO,102,33000,2063.59205710172
27,CLPSO,102,36000,2038.88880843088
27,CLPSO,102,39000,1908.80809652586
27,CLPSO,102,42000,1834.59783580216
27,CLPSO,102,45000,1745.74465278854
27,CLPSO,102,48000,1683.23187123805
27,CLPSO,102,51000,1618.18822191575
27,CLPSO,102,54000,1585.71071319852
27,CLPSO,102,57000,1557.04082683929
27,CLPSO,102,60000,1555.32731175753
27,D3-Both,103,3000,2100.50381962427
27,D3-Both,103,6000,1730.35988088398
27,D3-Both,103,9000,1540.45263198986
27,D3-Both,103,12000,1380.78434610305
27,D3-Both,103,15000,1236.41671080889
27,D3-Both,103,18000,1207.51782358585
27,D3-Both,103,21000,1172.37192369745
27,D3-Both,103,24000,1145.78408829343
27,D3-Both,103,27000,1121.00459775108
27,D3-Both,103,30000,1103.22175579454
27,D3-Both,103,33000,1083.17267597231
27,D3-Both,103,36000,1063.28069339326
27,D3-Both,103,39000,1039.95464018818
27,D3-Both,103,42000,1031.64268103442
27,D3-Both,103,45000,1027.74671964101
27,D3-Both,103,48000,1022.36070899974
27,D3-Both,103,51000,1019.86934070588
27,D3-Both,103,54000,1016.05270509514
27,D3-Both,103,57000,1013.37749306809
27,D3-Both,103,60000,1011.25282627195
27,CLPSO,103,3000,8661.62538451108
27,CLPSO,103,6000,7372.56923442092
27,CLPSO,103,9000,6041.94418176402
27,CLPSO,103,12000,5065.74951940051
27,CLPSO,103,15000,4325.41061014004
27,CLPSO,103,18000,3556.91074793006
27,CLPSO,103,21000,3287.66379492819
27,CLPSO,103,24000,3024.01931685408
27,CLPSO,103,27000,2640.48412070212
27,CLPSO,103,30000,2427.72502436439
27,CLPSO,103,33000,2343.15988163806
27,CLPSO,103,36000,2118.70864703754
27,CLPSO,103,39000,2033.57199721354
27,CLPSO,103,42000,2013.2092697513
27,CLPSO,103,45000,2006.24981847336
27,CLPSO,103,48000,1931.11205419957
27,CLPSO,103,51000,1901.72217510822
27,CLPSO,103,54000,1849.97830852203
27,CLPSO,103,57000,1695.5647463458
27,CLPSO,103,60000,1617.96653655931
28,D3-Both,101,3000,13826.6755938988
28,D3-Both,101,6000,9576.30809173917
28,D3-Both,101,9000,7198.46319935209
28,D3-Both,101,12000,5230.03606440018
28,D3-Both,101,15000,3861.24289656845
28,D3-Both,101,18000,2695.22965094086
28,D3-Both,101,21000,2038.85757638149
28,D3-Both,101,24000,1639.96594527768
28,D3-Both,101,27000,1398.51513852711
28,D3-Both,101,30000,1238.336824191
28,D3-Both,101,33000,1103.23153724764
28,D3-Both,101,36000,1026.66394740012
28,D3-Both,101,39000,971.140202594092
28,D3-Both,101,42000,932.244296604513
28,D3-Both,101,45000,895.891594604887
28,D3-Both,101,48000,830.56073189182
28,D3-Both,101,51000,796.001575002253
28,D3-Both,101,54000,750.542374846134
28,D3-Both,101,57000,715.813996286759
28,D3-Both,101,60000,698.357962497375
28,CLPSO,101,3000,46317.7516246513
28,CLPSO,101,6000,44877.877988388
28,CLPSO,101,9000,35366.6186661288
28,CLPSO,101,12000,30382.132217252
28,CLPSO,101,15000,26481.4688720722
28,CLPSO,101,18000,22753.573797072
28,CLPSO,101,21000,22370.4250423167
28,CLPSO,101,24000,17951.5519728212
28,CLPSO,101,27000,16517.6821988157
28,CLPSO,101,30000,15419.1377114926
28,CLPSO,101,33000,14804.1709699204
28,CLPSO,101,36000,13601.9065953347
28,CLPSO,101,39000,12495.6860092175
28,CLPSO,101,42000,10831.0892799321
28,CLPSO,101,45000,10099.3650816867
28,CLPSO,101,48000,9372.92523633611
28,CLPSO,101,51000,9096.65100665705
28,CLPSO,101,54000,8768.69590899232
28,CLPSO,101,57000,8065.42716489728
28,CLPSO,101,60000,7298.61461399306
28,D3-Both,102,3000,14321.3054467423
28,D3-Both,102,6000,9185.30757356376
28,D3-Both,102,9000,6379.69415334569
28,D3-Both,102,12000,4219.51286092957
28,D3-Both,102,15000,2741.39367836249
28,D3-Both,102,18000,1992.3187820328
28,D3-Both,102,21000,1613.5332544086
28,D3-Both,102,24000,1380.08143466673
28,D3-Both,102,27000,1205.33328260049
28,D3-Both,102,30000,1095.86166863955
28,D3-Both,102,33000,1010.59750008987
28,D3-Both,102,36000,920.052846508811
28,D3-Both,102,39000,890.949042256845
28,D3-Both,102,42000,829.699172808047
28,D3-Both,102,45000,799.625130773095
28,D3-Both,102,48000,770.664982690139
28,D3-Both,102,51000,733.79333372499
28,D3-Both,102,54000,713.038788555289
28,D3-Both,102,57000,695.675201786155
28,D3-Both,102,60000,685.518443229076
28,CLPSO,102,3000,53908.3072564649
28,CLPSO,102,6000,36837.9755286497
28,CLPSO,102,9000,31058.981634952
28,CLPSO,102,12000,31058.981634952
28,CLPSO,102,15000,22966.9365341574
28,CLPSO,102,18000,22173.1637420279
28,CLPSO,102,21000,17824.5969754901
28,CLPSO,102,24000,16852.4714540491
28,CLPSO,102,27000,15512.5434209619
28,CLPSO,102,30000,14407.0394046394
28,CLPSO,102,33000,13936.7835903816
28,CLPSO,102,36000,12599.1304379034
28,CLPSO,102,39000,11163.371511274
28,CLPSO,102,42000,10656.9726851055
28,CLPSO,102,45000,9265.84737132898
28,CLPSO,102,48000,9129.07072734862
28,CLPSO,102,51000,7922.61625236664
28,CLPSO,102,54000,7819.2797633426
28,CLPSO,102,57000,7472.54507177062
28,CLPSO,102,60000,6863.05466854202
28,D3-Both,103,3000,16626.9066317961
28,D3-Both,103,6000,10804.2502750283
28,D3-Both,103,9000,8030.52082217309
28,D3-Both,103,12000,5997.09740695096
28,D3-Both,103,15000,4255.2668725135
28,D3-Both,103,18000,3130.57650211435
28,D3-Both,103,21000,2415.26232955275
28,D3-Both,103,24000,1969.5709255958
28,D3-Both,103,27000,1669.80359732768
28,D3-Both,103,30000,1383.88114036022
28,D3-Both,103,33000,1234.34301014546
28,D3-Both,103,36000,1096.61782020926
28,D3-Both,103,39000,1019.31451292425
28,D3-Both,103,42000,960.567095235594
28,D3-Both,103,45000,914.290318321327
28,D3-Both,103,48000,877.991824579576
28,D3-Both,103,51000,839.285698963065
28,D3-Both,103,54000,785.481663225581
28,D3-Both,103,57000,755.381721738539
28,D3-Both,103,60000,738.85135848957
28,CLPSO,103,3000,57067.576579932
28,CLPSO,103,6000,44834.4189191345
28,CLPSO,103,9000,37237.9508592036
28,CLPSO,103,12000,32180.7732821175
28,CLPSO,103,15000,27219.2497807902
28,CLPSO,103,18000,24044.6527752801
28,CLPSO,103,21000,20546.255031417
28,CLPSO,103,24000,18253.4963413408
28,CLPSO,103,27000,15935.5152823753
28,CLPSO,103,30000,14170.1510449454
28,CLPSO,103,33000,13892.7298350607
28,CLPSO,103,36000,13892.7298350607
28,CLPSO,103,39000,12369.5971123737
28,CLPSO,103,42000,11984.3488561853
28,CLPSO,103,45000,10695.6472800957
28,CLPSO,103,48000,10202.6903433289
28,CLPSO,103,51000,10202.6903433289
28,CLPSO,103,54000,8887.12784234133
28,CLPSO,103,57000,8722.14221113232
28,CLPSO,103,60000,8270.70733330912
29,D3-Both,101,3000,12152.4382947872
29,D3-Both,101,6000,10654.2817073014
29,D3-Both,101,9000,9448.16830383981
29,D3-Both,101,12000,9186.58322697999
29,D3-Both,101,15000,8647.97271419438
29,D3-Both,101,18000,8359.27575292514
29,D3-Both,101,21000,8339.97832507981
29,D3-Both,101,24000,7949.28287409592
29,D3-Both,101,27000,7735.46061579756
29,D3-Both,101,30000,7564.93873151989
29,D3-Both,101,33000,7333.7440328561
29,D3-Both,101,36000,6566.11734182736
29,D3-Both,101,39000,5300.90557743223
29,D3-Both,101,42000,4548.12926753645
29,D3-Both,101,45000,3964.98381798164
29,D3-Both,101,48000,3741.3853246905
29,D3-Both,101,51000,3572.09913086367
29,D3-Both,101,54000,3445.62687268265
29,D3-Both,101,57000,3323.98017688862
29,D3-Both,101,60000,3229.13752533084
29,CLPSO,101,3000,644941.514116553
29,CLPSO,101,6000,87960.9141599139
29,CLPSO,101,9000,35399.167206707
29,CLPSO,101,12000,20295.0814060033
29,CLPSO,101,15000,16870.6377428365
29,CLPSO,101,18000,16870.6377428365
29,CLPSO,101,21000,14991.0263322258
29,CLPSO,101,24000,14991.0263322258
29,CLPSO,101,27000,12247.7238820237
29,CLPSO,101,30000,12247.7238820237
29,CLPSO,101,33000,11541.5189738218
29,CLPSO,101,36000,11401.5753790185
29,CLPSO,101,39000,9482.18900585886
29,CLPSO,101,42000,9375.94111952602
29,CLPSO,101,45000,9209.45078751876
29,CLPSO,101,48000,9200.14180362146
29,CLPSO,101,51000,8702.32662321688
29,CLPSO,101,54000,7922.42554310252
29,CLPSO,101,57000,7537.98833895196
29,CLPSO,101,60000,7433.95228872559
29,D3-Both,102,3000,10623.0192796768
29,D3-Both,102,6000,9807.93131465931
29,D3-Both,102,9000,9167.29998616487
29,D3-Both,102,12000,8674.22263692299
29,D3-Both,102,15000,8662.64867258365
29,D3-Both,102,18000,8321.9414041157
29,D3-Both,102,21000,7872.35824878941
29,D3-Both,102,24000,7810.97960204154
29,D3-Both,102,27000,7717.97300089167
29,D3-Both,102,30000,7504.88708502229
29,D3-Both,102,33000,7312.51081440467
29,D3-Both,102,36000,7045.24231244636
29,D3-Both,102,39000,6952.19664753967
29,D3-Both,102,42000,6842.17952399008
29,D3-Both,102,45000,5988.67132055668
29,D3-Both,102,48000,5689.14890251936
29,D3-Both,102,51000,5433.87468521294
29,D3-Both,102,54000,4915.06855072462
29,D3-Both,102,57000,4693.18677825829
29,D3-Both,102,60000,4435.07945327364
29,CLPSO,102,3000,1940763.9303287
29,CLPSO,102,6000,337252.112042502
29,CLPSO,102,9000,120091.851629778
29,CLPSO,102,12000,95979.7151276293
29,CLPSO,102,15000,23919.1173144219
29,CLPSO,102,18000,17909.8588180156
29,CLPSO,102,21000,17871.7221230144
29,CLPSO,102,24000,17489.1298169224
29,CLPSO,102,27000,17036.132935649
29,CLPSO,102,30000,14206.1120901589
29,CLPSO,102,33000,14206.1120901589
29,CLPSO,102,36000,12620.3964130315
29,CLPSO,102,39000,10987.720574002
29,CLPSO,102,42000,10535.1148826134
29,CLPSO,102,45000,10359.3631956029
29,CLPSO,102,48000,9045.53912872907
29,CLPSO,102,51000,9045.53912872907
29,CLPSO,102,54000,8945.29631750905
29,CLPSO,102,57000,8402.98292170179
29,CLPSO,102,60000,7946.915451816
29,D3-Both,103,3000,15243.5405739466
29,D3-Both,103,6000,12444.3060732022
29,D3-Both,103,9000,11456.9418917825
29,D3-Both,103,12000,10292.6046482928
29,D3-Both,103,15000,9058.5997636562
29,D3-Both,103,18000,9058.5997636562
29,D3-Both,103,21000,8571.43472604705
29,D3-Both,103,24000,8205.47954914607
29,D3-Both,103,27000,8205.47954914607
29,D3-Both,103,30000,7821.27464129678
29,D3-Both,103,33000,7753.31245211838
29,D3-Both,103,36000,7435.71109248204
29,D3-Both,103,39000,7246.28512307322
29,D3-Both,103,42000,7021.65972650527
29,D3-Both,103,45000,6955.917952617
29,D3-Both,103,48000,6914.14660833688
29,D3-Both,103,51000,6846.50508706086
29,D3-Both,103,54000,6728.83484993163
29,D3-Both,103,57000,6717.28708459597
29,D3-Both,103,60000,6561.15943680177
29,CLPSO,103,3000,1255935.22520796
29,CLPSO,103,6000,372314.707036023
29,CLPSO,103,9000,131691.61860075
29,CLPSO,103,12000,22238.5714730195
29,CLPSO,103,15000,22238.5714730195
29,CLPSO,103,18000,16542.3837813265
29,CLPSO,103,21000,14373.1516326029
29,CLPSO,103,24000,14373.1516326029
29,CLPSO,103,27000,14373.1516326029
29,CLPSO,103,30000,13571.0436354828
29,CLPSO,103,33000,11748.8403504978
29,CLPSO,103,36000,10064.7314233328
29,CLPSO,103,39000,9650.22516500729
29,CLPSO,103,42000,9650.22516500729
29,CLPSO,103,45000,9162.70188101614
29,CLPSO,103,48000,8566.57943028723
29,CLPSO,103,51000,8309.15339399512
29,CLPSO,103,54000,7892.85419272897
29,CLPSO,103,57000,7819.31712957215
29,CLPSO,103,60000,7348.59991739826
30,D3-Both,101,3000,1598783787.87443
30,D3-Both,101,6000,714380819.46251
30,D3-Both,101,9000,396705827.63212
30,D3-Both,101,12000,292865161.252498
30,D3-Both,101,15000,198851728.071952
30,D3-Both,101,18000,142562832.703989
30,D3-Both,101,21000,105229415.290355
30,D3-Both,101,24000,75808652.0747416
30,D3-Both,101,27000,62309990.0597559
30,D3-Both,101,30000,53415713.7878293
30,D3-Both,101,33000,44694391.4915247
30,D3-Both,101,36000,38839320.8276069
30,D3-Both,101,39000,27142142.8531608
30,D3-Both,101,42000,17677736.1480219
30,D3-Both,101,45000,8267341.48638721
30,D3-Both,101,48000,5190742.90613084
30,D3-Both,101,51000,3765642.88621582
30,D3-Both,101,54000,2498194.58149996
30,D3-Both,101,57000,1880812.5196541
30,D3-Both,101,60000,1011375.09475074
30,CLPSO,101,3000,49029154357.6623
30,CLPSO,101,6000,36767999634.846
30,CLPSO,101,9000,17876867550.0668
30,CLPSO,101,12000,9363506233.53989
30,CLPSO,101,15000,5344430308.62238
30,CLPSO,101,18000,4245785783.0246
30,CLPSO,101,21000,3269764743.92318
30,CLPSO,101,24000,2309229420.7566
30,CLPSO,101,27000,1610549698.37916
30,CLPSO,101,30000,1250084654.40992
30,CLPSO,101,33000,736701260.017707
30,CLPSO,101,36000,547977613.042949
30,CLPSO,101,39000,516796406.876979
30,CLPSO,101,42000,500817179.836457
30,CLPSO,101,45000,289685637.817009
30,CLPSO,101,48000,289685637.817009
30,CLPSO,101,51000,215453095.040147
30,CLPSO,101,54000,192493599.028066
30,CLPSO,101,57000,142181204.173152
30,CLPSO,101,60000,102901294.957439
30,D3-Both,102,3000,3310330942.03183
30,D3-Both,102,6000,1617137424.29464
30,D3-Both,102,9000,990541426.632329
30,D3-Both,102,12000,481328745.264267
30,D3-Both,102,15000,260734718.28342
30,D3-Both,102,18000,199415612.286744
30,D3-Both,102,21000,136585841.627643
30,D3-Both,102,24000,70957095.762265
30,D3-Both,102,27000,57145787.8742408
30,D3-Both,102,30000,38286126.1467342
30,D3-Both,102,33000,30226761.9340205
30,D3-Both,102,36000,22915858.2343929
30,D3-Both,102,39000,16646162.5615
30,D3-Both,102,42000,11447592.1035618
30,D3-Both,102,45000,8009671.89748408
30,D3-Both,102,48000,5236914.74458432
30,D3-Both,102,51000,4122171.56020365
30,D3-Both,102,54000,2478153.47922729
30,D3-Both,102,57000,1588323.03479954
30,D3-Both,102,60000,718609.585949464
30,CLPSO,102,3000,49652854416.0461
30,CLPSO,102,6000,23915790919.4492
30,CLPSO,102,9000,18353868083.2232
30,CLPSO,102,12000,11590934564.8482
30,CLPSO,102,15000,6836706075.77755
30,CLPSO,102,18000,5696033143.73561
30,CLPSO,102,21000,4384073933.22957
30,CLPSO,102,24000,2761859206.08251
30,CLPSO,102,27000,1379347219.60928
30,CLPSO,102,30000,1081407848.22954
30,CLPSO,102,33000,1021138965.75411
30,CLPSO,102,36000,729062218.391757
30,CLPSO,102,39000,579707202.545015
30,CLPSO,102,42000,534625108.820947
30,CLPSO,102,45000,297478779.78003
30,CLPSO,102,48000,199565133.981996
30,CLPSO,102,51000,191424940.556122
30,CLPSO,102,54000,145862817.897812
30,CLPSO,102,57000,129399549.797981
30,CLPSO,102,60000,127646341.177209
30,D3-Both,103,3000,2211666407.01812
30,D3-Both,103,6000,1138448562.58452
30,D3-Both,103,9000,662673043.77823
30,D3-Both,103,12000,472408566.779584
30,D3-Both,103,15000,371038582.143836
30,D3-Both,103,18000,291030115.670685
30,D3-Both,103,21000,172915246.266653
30,D3-Both,103,24000,126838125.138487
30,D3-Both,103,27000,99075683.8499385
30,D3-Both,103,30000,89191920.074278
30,D3-Both,103,33000,56083814.9070625
30,D3-Both,103,36000,25163894.8998972
30,D3-Both,103,39000,17301559.5673576
30,D3-Both,103,42000,14656015.620135
30,D3-Both,103,45000,12210998.5577292
30,D3-Both,103,48000,8755266.16225553
30,D3-Both,103,51000,7436716.67310096
30,D3-Both,103,54000,4172804.76719792
30,D3-Both,103,57000,2980445.96639772
30,D3-Both,103,60000,1885879.02432612
30,CLPSO,103,3000,28301307761.6963
30,CLPSO,103,6000,20097079713.496
30,CLPSO,103,9000,14151395853.6163
30,CLPSO,103,12000,9870099143.15532
30,CLPSO,103,15000,7902332776.27491
30,CLPSO,103,18000,5551788360.97795
30,CLPSO,103,21000,3800201134.2249
30,CLPSO,103,24000,2174009839.40832
30,CLPSO,103,27000,1328514051.31243
30,CLPSO,103,30000,1201021242.87263
30,CLPSO,103,33000,801238389.806286
30,CLPSO,103,36000,709432214.838813
30,CLPSO,103,39000,625411069.799788
30,CLPSO,103,42000,535940933.123734
30,CLPSO,103,45000,316912193.281618
30,CLPSO,103,48000,268606982.550741
30,CLPSO,103,51000,225437733.341776
30,CLPSO,103,54000,179376010.421094
30,CLPSO,103,57000,133930380.198337
30,CLPSO,103,60000,89250647.1539306
