FunctionID,Algorithm,Run,FE,BestError
4,V1-Reference,31,3000,119.97033275217
4,V1-Reference,31,6000,98.8210684056441
4,V1-Reference,31,9000,91.0681846081779
4,V1-Reference,31,12000,89.4916373715654
4,V1-Reference,31,15000,87.0252494222096
4,V1-Reference,31,18000,86.2578493892855
4,V1-Reference,31,21000,85.4639260995413
4,V1-Reference,31,24000,85.2163945802149
4,V1-Reference,31,27000,84.5958607820342
4,V1-Reference,31,30000,84.2290239065747
4,V1-Reference,31,33000,83.9441126283083
4,V1-Reference,31,36000,83.9107852499404
4,V1-Reference,31,39000,83.8986871374026
4,V1-Reference,31,42000,83.782864248034
4,V1-Reference,31,45000,83.5931061163762
4,V1-Reference,31,48000,83.486719414856
4,V1-Reference,31,51000,83.4340441932831
4,V1-Reference,31,54000,83.3541269027915
4,V1-Reference,31,57000,83.3136523329317
4,V1-Reference,31,60000,83.2792521120216
4,D1-TracingDecay,31,3000,159.167240300356
4,D1-TracingDecay,31,6000,108.302393138509
4,D1-TracingDecay,31,9000,97.2249590951913
4,D1-TracingDecay,31,12000,96.3355282830037
4,D1-TracingDecay,31,15000,93.3136949818843
4,D1-TracingDecay,31,18000,93.0137196235414
4,D1-TracingDecay,31,21000,92.587918576846
4,D1-TracingDecay,31,24000,92.221666804197
4,D1-TracingDecay,31,27000,91.8582722923234
4,D1-TracingDecay,31,30000,91.5825544742423
4,D1-TracingDecay,31,33000,91.3537978303961
4,D1-TracingDecay,31,36000,91.1942617345895
4,D1-TracingDecay,31,39000,91.0857762611079
4,D1-TracingDecay,31,42000,90.8565128609737
4,D1-TracingDecay,31,45000,90.7070701407819
4,D1-TracingDecay,31,48000,90.6578727500208
4,D1-TracingDecay,31,51000,90.5205439424479
4,D1-TracingDecay,31,54000,90.327402887378
4,D1-TracingDecay,31,57000,90.1199285052955
4,D1-TracingDecay,31,60000,89.5132697402985
4,D3-Both,31,3000,209.380506330285
4,D3-Both,31,6000,124.919668022463
4,D3-Both,31,9000,102.670750389042
4,D3-Both,31,12000,98.9945717161871
4,D3-Both,31,15000,97.5366521117876
4,D3-Both,31,18000,96.6332799135427
4,D3-Both,31,21000,94.9975174465936
4,D3-Both,31,24000,93.6941894491767
4,D3-Both,31,27000,92.8763328612168
4,D3-Both,31,30000,91.4663702937962
4,D3-Both,31,33000,90.3990010823449
4,D3-Both,31,36000,90.1552384685071
4,D3-Both,31,39000,89.7361701588965
4,D3-Both,31,42000,89.3400305480981
4,D3-Both,31,45000,89.1427894303559
4,D3-Both,31,48000,88.7572000330881
4,D3-Both,31,51000,88.0107376229547
4,D3-Both,31,54000,87.3297974745518
4,D3-Both,31,57000,86.9182315401902
4,D3-Both,31,60000,86.6726482443154
4,CLPSO,31,3000,37125.743298062
4,CLPSO,31,6000,11167.1122677859
4,CLPSO,31,9000,5798.14301778065
4,CLPSO,31,12000,2793.58767112423
4,CLPSO,31,15000,1404.31832279175
4,CLPSO,31,18000,955.56792194049
4,CLPSO,31,21000,728.901365851354
4,CLPSO,31,24000,679.821041868278
4,CLPSO,31,27000,569.894364130057
4,CLPSO,31,30000,501.429316123469
4,CLPSO,31,33000,439.749482655783
4,CLPSO,31,36000,380.627407405501
4,CLPSO,31,39000,330.630846063229
4,CLPSO,31,42000,259.619266426012
4,CLPSO,31,45000,230.097694299589
4,CLPSO,31,48000,223.661153034866
4,CLPSO,31,51000,223.661153034866
4,CLPSO,31,54000,218.381322221671
4,CLPSO,31,57000,205.612054465122
4,CLPSO,31,60000,190.138509076842
4,V1-Reference,32,3000,194.738682834579
4,V1-Reference,32,6000,154.798984030183
4,V1-Reference,32,9000,136.616472257582
4,V1-Reference,32,12000,120.514270210464
4,V1-Reference,32,15000,99.6486937321624
4,V1-Reference,32,18000,88.9685020181676
4,V1-Reference,32,21000,79.5491783253163
4,V1-Reference,32,24000,77.2765799507362
4,V1-Reference,32,27000,76.7961317375417
4,V1-Reference,32,30000,76.0632402576583
4,V1-Reference,32,33000,74.8324775432893
4,V1-Reference,32,36000,74.1018650769788
4,V1-Reference,32,39000,73.8004535853441
4,V1-Reference,32,42000,73.5695016308117
4,V1-Reference,32,45000,73.4840644879389
4,V1-Reference,32,48000,73.3217360177404
4,V1-Reference,32,51000,73.0380067146154
4,V1-Reference,32,54000,72.830421215626
4,V1-Reference,32,57000,72.6873802813906
4,V1-Reference,32,60000,72.6189801004578
4,D1-TracingDecay,32,3000,242.715441023529
4,D1-TracingDecay,32,6000,185.742909889404
4,D1-TracingDecay,32,9000,162.687865028984
4,D1-TracingDecay,32,12000,147.616166860385
4,D1-TracingDecay,32,15000,143.96237092073
4,D1-TracingDecay,32,18000,138.354699690062
4,D1-TracingDecay,32,21000,135.413272369927
4,D1-TracingDecay,32,24000,132.261132585822
4,D1-TracingDecay,32,27000,127.957851934756
4,D1-TracingDecay,32,30000,125.862779308938
4,D1-TracingDecay,32,33000,112.174698732951
4,D1-TracingDecay,32,36000,95.810293008806
4,D1-TracingDecay,32,39000,90.9670276920941
4,D1-TracingDecay,32,42000,89.4729551911095
4,D1-TracingDecay,32,45000,88.3015912821616
4,D1-TracingDecay,32,48000,87.7240085215442
4,D1-TracingDecay,32,51000,87.6053684928654
4,D1-TracingDecay,32,54000,87.4861435887983
4,D1-TracingDecay,32,57000,87.3704091879651
4,D1-TracingDecay,32,60000,87.2596463141539
4,D3-Both,32,3000,330.317454240265
4,D3-Both,32,6000,209.533744861849
4,D3-Both,32,9000,170.788280111043
4,D3-Both,32,12000,160.802329494531
4,D3-Both,32,15000,158.255360031939
4,D3-Both,32,18000,153.004832657537
4,D3-Both,32,21000,149.257687729005
4,D3-Both,32,24000,145.350330926693
4,D3-Both,32,27000,138.786730050759
4,D3-Both,32,30000,135.501078702013
4,D3-Both,32,33000,127.417803321067
4,D3-Both,32,36000,121.128245489576
4,D3-Both,32,39000,119.302687494604
4,D3-Both,32,42000,117.489504588439
4,D3-Both,32,45000,114.330577775228
4,D3-Both,32,48000,93.0553241745201
4,D3-Both,32,51000,85.0391142047222
4,D3-Both,32,54000,83.3819262653953
4,D3-Both,32,57000,83.1447782301888
4,D3-Both,32,60000,82.7023035201011
4,CLPSO,32,3000,16710.033237634
4,CLPSO,32,6000,7480.3203195277
4,CLPSO,32,9000,5217.7216139756
4,CLPSO,32,12000,2977.35493265212
4,CLPSO,32,15000,2018.07615792788
4,CLPSO,32,18000,1264.57873893833
4,CLPSO,32,21000,1193.71752548285
4,CLPSO,32,24000,799.900974349313
4,CLPSO,32,27000,771.771126589648
4,CLPSO,32,30000,544.953766699521
4,CLPSO,32,33000,494.23680533707
4,CLPSO,32,36000,455.817422941725
4,CLPSO,32,39000,404.443758211297
4,CLPSO,32,42000,363.625634911265
4,CLPSO,32,45000,296.9927381294
4,CLPSO,32,48000,252.493454009509
4,CLPSO,32,51000,251.499200514624
4,CLPSO,32,54000,238.842568762064
4,CLPSO,32,57000,224.884083651565
4,CLPSO,32,60000,214.403534614986
4,V1-Reference,33,3000,161.776161096735
4,V1-Reference,33,6000,135.793699619991
4,V1-Reference,33,9000,123.274292253482
4,V1-Reference,33,12000,113.293079274893
4,V1-Reference,33,15000,102.253179890984
4,V1-Reference,33,18000,87.1664293781217
4,V1-Reference,33,21000,77.9064437664819
4,V1-Reference,33,24000,76.6834229090608
4,V1-Reference,33,27000,72.9219579077289
4,V1-Reference,33,30000,71.1854518072697
4,V1-Reference,33,33000,70.7263788665924
4,V1-Reference,33,36000,69.8624882330832
4,V1-Reference,33,39000,69.6324462839496
4,V1-Reference,33,42000,69.3386368751055
4,V1-Reference,33,45000,68.9696165579924
4,V1-Reference,33,48000,68.4805444361683
4,V1-Reference,33,51000,68.232937300757
4,V1-Reference,33,54000,68.1678190003032
4,V1-Reference,33,57000,68.0936549540274
4,V1-Reference,33,60000,67.9868068284773
4,D1-TracingDecay,33,3000,164.831870291021
4,D1-TracingDecay,33,6000,125.421945295187
4,D1-TracingDecay,33,9000,115.602833936372
4,D1-TracingDecay,33,12000,107.100785348316
4,D1-TracingDecay,33,15000,97.3859388097504
4,D1-TracingDecay,33,18000,86.4051104876366
4,D1-TracingDecay,33,21000,78.594534034289
4,D1-TracingDecay,33,24000,76.8378234844491
4,D1-TracingDecay,33,27000,75.7604640471209
4,D1-TracingDecay,33,30000,75.1062189412024
4,D1-TracingDecay,33,33000,74.5207332045777
4,D1-TracingDecay,33,36000,74.228164804652
4,D1-TracingDecay,33,39000,73.6602067322716
4,D1-TracingDecay,33,42000,73.4554129119604
4,D1-TracingDecay,33,45000,73.338357123309
4,D1-TracingDecay,33,48000,73.1058238176438
4,D1-TracingDecay,33,51000,72.9272226745495
4,D1-TracingDecay,33,54000,72.8350602263558
4,D1-TracingDecay,33,57000,72.5122955393508
4,D1-TracingDecay,33,60000,72.3339411854238
4,D3-Both,33,3000,474.060646587933
4,D3-Both,33,6000,185.292941678954
4,D3-Both,33,9000,143.322530758331
4,D3-Both,33,12000,131.723001089151
4,D3-Both,33,15000,127.470620863351
4,D3-Both,33,18000,122.425697175481
4,D3-Both,33,21000,115.750231925114
4,D3-Both,33,24000,98.0212065501324
4,D3-Both,33,27000,81.2563640959465
4,D3-Both,33,30000,75.3028481157128
4,D3-Both,33,33000,72.4316322126568
4,D3-Both,33,36000,71.6074761061695
4,D3-Both,33,39000,70.6105896063301
4,D3-Both,33,42000,70.3181799550825
4,D3-Both,33,45000,70.0599522901607
4,D3-Both,33,48000,69.7662792209753
4,D3-Both,33,51000,69.640294077202
4,D3-Both,33,54000,69.5073903268786
4,D3-Both,33,57000,69.4037513991419
4,D3-Both,33,60000,68.9986430805054
4,CLPSO,33,3000,16872.2988226451
4,CLPSO,33,6000,7594.2918921259
4,CLPSO,33,9000,3464.03749815704
4,CLPSO,33,12000,2664.78104417285
4,CLPSO,33,15000,2241.40967132271
4,CLPSO,33,18000,1407.01822703957
4,CLPSO,33,21000,1259.75465131198
4,CLPSO,33,24000,937.898683228162
4,CLPSO,33,27000,546.238588372322
4,CLPSO,33,30000,546.238588372322
4,CLPSO,33,33000,435.844369587207
4,CLPSO,33,36000,435.844369587207
4,CLPSO,33,39000,363.936310312944
4,CLPSO,33,42000,310.772113586935
4,CLPSO,33,45000,304.338076832307
4,CLPSO,33,48000,292.273875991492
4,CLPSO,33,51000,265.108538568936
4,CLPSO,33,54000,232.112194332624
4,CLPSO,33,57000,214.888741647307
4,CLPSO,33,60000,191.206827616276
5,V1-Reference,31,3000,328.207508639468
5,V1-Reference,31,6000,313.711874677398
5,V1-Reference,31,9000,285.454044120258
5,V1-Reference,31,12000,275.399264613956
5,V1-Reference,31,15000,273.990981706802
5,V1-Reference,31,18000,272.521589624514
5,V1-Reference,31,21000,272.197454817043
5,V1-Reference,31,24000,270.817130530629
5,V1-Reference,31,27000,270.817130530629
5,V1-Reference,31,30000,270.655003709098
5,V1-Reference,31,33000,266.586034910911
5,V1-Reference,31,36000,265.743874375337
5,V1-Reference,31,39000,264.574762922888
5,V1-Reference,31,42000,262.851859230502
5,V1-Reference,31,45000,261.48713732597
5,V1-Reference,31,48000,260.053924608671
5,V1-Reference,31,51000,259.054368365522
5,V1-Reference,31,54000,258.10543865213
5,V1-Reference,31,57000,257.672827074197
5,V1-Reference,31,60000,257.394254168874
5,D1-TracingDecay,31,3000,353.137690110625
5,D1-TracingDecay,31,6000,273.30648555171
5,D1-TracingDecay,31,9000,221.185544447625
5,D1-TracingDecay,31,12000,190.204691853972
5,D1-TracingDecay,31,15000,182.625402148035
5,D1-TracingDecay,31,18000,170.019256513895
5,D1-TracingDecay,31,21000,165.297376034587
5,D1-TracingDecay,31,24000,160.422523597646
5,D1-TracingDecay,31,27000,159.017094291069
5,D1-TracingDecay,31,30000,157.545040885287
5,D1-TracingDecay,31,33000,157.040304473711
5,D1-TracingDecay,31,36000,156.292240878596
5,D1-TracingDecay,31,39000,155.57062310366
5,D1-TracingDecay,31,42000,152.391568570714
5,D1-TracingDecay,31,45000,152.260107863807
5,D1-TracingDecay,31,48000,151.302179895566
5,D1-TracingDecay,31,51000,150.573631018779
5,D1-TracingDecay,31,54000,149.920795547503
5,D1-TracingDecay,31,57000,149.796835574762
5,D1-TracingDecay,31,60000,149.445179714769
5,D3-Both,31,3000,251.051537133244
5,D3-Both,31,6000,186.538091956133
5,D3-Both,31,9000,184.31125309907
5,D3-Both,31,12000,168.154646357157
5,D3-Both,31,15000,168.154646357157
5,D3-Both,31,18000,160.87970416856
5,D3-Both,31,21000,158.291130840653
5,D3-Both,31,24000,157.592995038628
5,D3-Both,31,27000,157.592995038628
5,D3-Both,31,30000,155.374884554486
5,D3-Both,31,33000,155.374884554486
5,D3-Both,31,36000,146.305306355286
5,D3-Both,31,39000,143.650767696684
5,D3-Both,31,42000,138.838914433791
5,D3-Both,31,45000,138.346861242569
5,D3-Both,31,48000,137.900003207653
5,D3-Both,31,51000,136.635125455113
5,D3-Both,31,54000,136.323941155414
5,D3-Both,31,57000,135.528076502947
5,D3-Both,31,60000,135.528076502947
5,CLPSO,31,3000,548.066409164985
5,CLPSO,31,6000,381.184412084708
5,CLPSO,31,9000,381.184412084708
5,CLPSO,31,12000,328.416195924505
5,CLPSO,31,15000,328.416195924505
5,CLPSO,31,18000,287.443072229633
5,CLPSO,31,21000,269.264227164193
5,CLPSO,31,24000,246.026919573
5,CLPSO,31,27000,238.079118712507
5,CLPSO,31,30000,217.133607453782
5,CLPSO,31,33000,181.829361179919
5,CLPSO,31,36000,172.270736764207
5,CLPSO,31,39000,172.270736764207
5,CLPSO,31,42000,161.695477368906
5,CLPSO,31,45000,146.890259391054
5,CLPSO,31,48000,144.841134581356
5,CLPSO,31,51000,144.841134581356
5,CLPSO,31,54000,144.841134581356
5,CLPSO,31,57000,144.841134581356
5,CLPSO,31,60000,144.841134581356
5,V1-Reference,32,3000,185.326842831567
5,V1-Reference,32,6000,143.04280887855
5,V1-Reference,32,9000,133.968662800667
5,V1-Reference,32,12000,127.66460227279
5,V1-Reference,32,15000,124.178942580879
5,V1-Reference,32,18000,121.289561204182
5,V1-Reference,32,21000,117.003769405779
5,V1-Reference,32,24000,113.164788871614
5,V1-Reference,32,27000,109.969208966668
5,V1-Reference,32,30000,109.969208966668
5,V1-Reference,32,33000,107.847947284348
5,V1-Reference,32,36000,106.302852156049
5,V1-Reference,32,39000,105.59820473366
5,V1-Reference,32,42000,104.976627645936
5,V1-Reference,32,45000,103.791969827461
5,V1-Reference,32,48000,102.872260555772
5,V1-Reference,32,51000,102.134165089316
5,V1-Reference,32,54000,101.128849989019
5,V1-Reference,32,57000,100.177911036432
5,V1-Reference,32,60000,99.8785240072027
5,D1-TracingDecay,32,3000,251.770376788828
5,D1-TracingDecay,32,6000,236.951815970668
5,D1-TracingDecay,32,9000,212.3708345067
5,D1-TracingDecay,32,12000,208.556861727812
5,D1-TracingDecay,32,15000,208.556861727812
5,D1-TracingDecay,32,18000,208.539255848581
5,D1-TracingDecay,32,21000,203.372047184714
5,D1-TracingDecay,32,24000,203.372047184714
5,D1-TracingDecay,32,27000,203.372047184714
5,D1-TracingDecay,32,30000,202.490585162562
5,D1-TracingDecay,32,33000,199.139841848921
5,D1-TracingDecay,32,36000,196.230919290766
5,D1-TracingDecay,32,39000,194.711026526365
5,D1-TracingDecay,32,42000,192.418823680144
5,D1-TracingDecay,32,45000,191.138643810678
5,D1-TracingDecay,32,48000,190.389919616989
5,D1-TracingDecay,32,51000,189.905303997806
5,D1-TracingDecay,32,54000,189.661287080002
5,D1-TracingDecay,32,57000,189.027383769492
5,D1-TracingDecay,32,60000,188.370787874565
5,D3-Both,32,3000,247.58074604504
5,D3-Both,32,6000,208.518239543502
5,D3-Both,32,9000,182.397242768317
5,D3-Both,32,12000,176.899975919294
5,D3-Both,32,15000,166.746368785495
5,D3-Both,32,18000,163.849619784977
5,D3-Both,32,21000,159.212295401506
5,D3-Both,32,24000,156.293669858623
5,D3-Both,32,27000,155.338870442174
5,D3-Both,32,30000,152.352328336051
5,D3-Both,32,33000,147.753799873194
5,D3-Both,32,36000,140.174980941217
5,D3-Both,32,39000,138.329736023533
5,D3-Both,32,42000,134.531079441143
5,D3-Both,32,45000,131.024398562898
5,D3-Both,32,48000,127.63116153049
5,D3-Both,32,51000,124.147453098791
5,D3-Both,32,54000,124.105685479894
5,D3-Both,32,57000,123.041069897445
5,D3-Both,32,60000,114.488806109843
5,CLPSO,32,3000,519.752112903962
5,CLPSO,32,6000,430.306455755703
5,CLPSO,32,9000,338.528410123161
5,CLPSO,32,12000,338.528410123161
5,CLPSO,32,15000,331.889030215235
5,CLPSO,32,18000,243.53596168619
5,CLPSO,32,21000,243.53596168619
5,CLPSO,32,24000,229.057735700788
5,CLPSO,32,27000,229.057735700788
5,CLPSO,32,30000,229.057735700788
5,CLPSO,32,33000,227.408318714121
5,CLPSO,32,36000,215.693613560563
5,CLPSO,32,39000,199.711635501007
5,CLPSO,32,42000,191.314631643264
5,CLPSO,32,45000,183.752307404355
5,CLPSO,32,48000,142.393891696152
5,CLPSO,32,51000,141.709538026984
5,CLPSO,32,54000,132.285650386833
5,CLPSO,32,57000,132.285650386833
5,CLPSO,32,60000,128.825065878189
5,V1-Reference,33,3000,211.419879742043
5,V1-Reference,33,6000,186.001254094009
5,V1-Reference,33,9000,183.078203047771
5,V1-Reference,33,12000,175.525274059441
5,V1-Reference,33,15000,166.689050504475
5,V1-Reference,33,18000,158.509826097511
5,V1-Reference,33,21000,158.509826097511
5,V1-Reference,33,24000,147.238279222984
5,V1-Reference,33,27000,146.700734774306
5,V1-Reference,33,30000,146.507802342893
5,V1-Reference,33,33000,146.267670565879
5,V1-Reference,33,36000,144.754722255099
5,V1-Reference,33,39000,144.425854951344
5,V1-Reference,33,42000,140.92866292301
5,V1-Reference,33,45000,139.261462055509
5,V1-Reference,33,48000,138.975718900949
5,V1-Reference,33,51000,137.347622530875
5,V1-Reference,33,54000,136.747756372538
5,V1-Reference,33,57000,136.201944241468
5,V1-Reference,33,60000,135.699587711036
5,D1-TracingDecay,33,3000,224.734344709477
5,D1-TracingDecay,33,6000,208.976064866078
5,D1-TracingDecay,33,9000,161.032995991437
5,D1-TracingDecay,33,12000,159.526009862319
5,D1-TracingDecay,33,15000,154.247023918228
5,D1-TracingDecay,33,18000,148.156381046573
5,D1-TracingDecay,33,21000,146.016572959555
5,D1-TracingDecay,33,24000,143.538226261256
5,D1-TracingDecay,33,27000,143.538226261256
5,D1-TracingDecay,33,30000,139.176495991491
5,D1-TracingDecay,33,33000,137.091340166165
5,D1-TracingDecay,33,36000,136.013357063552
5,D1-TracingDecay,33,39000,133.792361730963
5,D1-TracingDecay,33,42000,132.002924318713
5,D1-TracingDecay,33,45000,126.724769696002
5,D1-TracingDecay,33,48000,122.880566691145
5,D1-TracingDecay,33,51000,122.65170482375
5,D1-TracingDecay,33,54000,121.75997344478
5,D1-TracingDecay,33,57000,121.496203091938
5,D1-TracingDecay,33,60000,121.387514762509
5,D3-Both,33,3000,276.37762775756
5,D3-Both,33,6000,182.722697324663
5,D3-Both,33,9000,172.683670377011
5,D3-Both,33,12000,157.865617354162
5,D3-Both,33,15000,135.619750145146
5,D3-Both,33,18000,132.1249364272
5,D3-Both,33,21000,127.090309399246
5,D3-Both,33,24000,118.821420940015
5,D3-Both,33,27000,114.906157686653
5,D3-Both,33,30000,109.042690992933
5,D3-Both,33,33000,106.814818801371
5,D3-Both,33,36000,101.450706149597
5,D3-Both,33,39000,98.514946221869
5,D3-Both,33,42000,97.6484858472176
5,D3-Both,33,45000,94.4628716016905
5,D3-Both,33,48000,91.0971303607143
5,D3-Both,33,51000,88.366352522822
5,D3-Both,33,54000,83.4168636698234
5,D3-Both,33,57000,81.5663483876083
5,D3-Both,33,60000,74.746947648648
5,CLPSO,33,3000,510.139219544578
5,CLPSO,33,6000,404.040923213281
5,CLPSO,33,9000,350.56757866454
5,CLPSO,33,12000,310.828441718982
5,CLPSO,33,15000,307.457795912428
5,CLPSO,33,18000,264.831897798942
5,CLPSO,33,21000,227.831046112124
5,CLPSO,33,24000,211.054694132677
5,CLPSO,33,27000,211.054694132677
5,CLPSO,33,30000,195.215704502279
5,CLPSO,33,33000,191.251549141409
5,CLPSO,33,36000,191.251549141409
5,CLPSO,33,39000,191.251549141409
5,CLPSO,33,42000,189.620861954734
5,CLPSO,33,45000,187.658219609321
5,CLPSO,33,48000,173.716726019264
5,CLPSO,33,51000,168.447725670107
5,CLPSO,33,54000,158.8623132005
5,CLPSO,33,57000,154.128945529392
5,CLPSO,33,60000,151.234834834671
7,V1-Reference,31,3000,491.860631031891
7,V1-Reference,31,6000,337.020827149277
7,V1-Reference,31,9000,293.313762671061
7,V1-Reference,31,12000,293.313762671061
7,V1-Reference,31,15000,293.313762671061
7,V1-Reference,31,18000,293.313762671061
7,V1-Reference,31,21000,290.510376860542
7,V1-Reference,31,24000,271.948170829567
7,V1-Reference,31,27000,271.948170829567
7,V1-Reference,31,30000,262.234119753184
7,V1-Reference,31,33000,254.037914410566
7,V1-Reference,31,36000,254.037914410566
7,V1-Reference,31,39000,252.628733757865
7,V1-Reference,31,42000,252.628733757865
7,V1-Reference,31,45000,252.626824710066
7,V1-Reference,31,48000,244.501325390657
7,V1-Reference,31,51000,238.523343519919
7,V1-Reference,31,54000,223.909699755689
7,V1-Reference,31,57000,221.831114685475
7,V1-Reference,31,60000,213.866600242136
7,D1-TracingDecay,31,3000,361.684166672484
7,D1-TracingDecay,31,6000,302.740416054122
7,D1-TracingDecay,31,9000,248.337786572066
7,D1-TracingDecay,31,12000,242.719292188674
7,D1-TracingDecay,31,15000,223.178009767867
7,D1-TracingDecay,31,18000,222.206136460183
7,D1-TracingDecay,31,21000,222.206136460183
7,D1-TracingDecay,31,24000,220.162489286551
7,D1-TracingDecay,31,27000,211.42471056838
7,D1-TracingDecay,31,30000,209.290333511894
7,D1-TracingDecay,31,33000,209.290333511894
7,D1-TracingDecay,31,36000,200.955333321577
7,D1-TracingDecay,31,39000,180.31146279044
7,D1-TracingDecay,31,42000,177.944060904068
7,D1-TracingDecay,31,45000,167.412370508262
7,D1-TracingDecay,31,48000,164.747110285114
7,D1-TracingDecay,31,51000,155.06245893586
7,D1-TracingDecay,31,54000,141.10608465958
7,D1-TracingDecay,31,57000,137.517038199644
7,D1-TracingDecay,31,60000,136.615956123243
7,D3-Both,31,3000,463.500815314224
7,D3-Both,31,6000,392.830626556839
7,D3-Both,31,9000,345.596161315869
7,D3-Both,31,12000,327.055376901955
7,D3-Both,31,15000,317.834203484599
7,D3-Both,31,18000,304.441816563782
7,D3-Both,31,21000,295.387257380648
7,D3-Both,31,24000,294.990329802081
7,D3-Both,31,27000,286.083880484493
7,D3-Both,31,30000,258.011867123831
7,D3-Both,31,33000,258.011867123831
7,D3-Both,31,36000,228.586442391106
7,D3-Both,31,39000,228.586442391106
7,D3-Both,31,42000,228.586442391106
7,D3-Both,31,45000,202.849099122149
7,D3-Both,31,48000,189.841571380269
7,D3-Both,31,51000,186.347042228847
7,D3-Both,31,54000,179.663231973929
7,D3-Both,31,57000,171.089310591876
7,D3-Both,31,60000,170.488534521388
7,CLPSO,31,3000,1611.42840400356
7,CLPSO,31,6000,1159.70696879282
7,CLPSO,31,9000,835.322287168643
7,CLPSO,31,12000,661.795744399657
7,CLPSO,31,15000,539.932279324954
7,CLPSO,31,18000,470.264562173195
7,CLPSO,31,21000,387.170545456892
7,CLPSO,31,24000,387.170545456892
7,CLPSO,31,27000,332.567805315527
7,CLPSO,31,30000,302.801718076489
7,CLPSO,31,33000,302.801718076489
7,CLPSO,31,36000,286.91150427408
7,CLPSO,31,39000,286.91150427408
7,CLPSO,31,42000,277.08016376512
7,CLPSO,31,45000,259.742528623853
7,CLPSO,31,48000,238.95585892668
7,CLPSO,31,51000,219.75801156747
7,CLPSO,31,54000,213.015810232432
7,CLPSO,31,57000,207.238547762978
7,CLPSO,31,60000,207.238547762978
7,V1-Reference,32,3000,431.258759794091
7,V1-Reference,32,6000,406.222973023962
7,V1-Reference,32,9000,376.90602806225
7,V1-Reference,32,12000,376.90602806225
7,V1-Reference,32,15000,376.90602806225
7,V1-Reference,32,18000,376.90602806225
7,V1-Reference,32,21000,373.704617250239
7,V1-Reference,32,24000,336.172789273058
7,V1-Reference,32,27000,336.172789273058
7,V1-Reference,32,30000,324.544353327496
7,V1-Reference,32,33000,319.727159216498
7,V1-Reference,32,36000,308.622471997881
7,V1-Reference,32,39000,293.654934059257
7,V1-Reference,32,42000,291.170245108593
7,V1-Reference,32,45000,284.08031244918
7,V1-Reference,32,48000,275.641759113374
7,V1-Reference,32,51000,273.494378295617
7,V1-Reference,32,54000,254.659576921649
7,V1-Reference,32,57000,249.042892867349
7,V1-Reference,32,60000,243.479572655728
7,D1-TracingDecay,32,3000,403.39089059443
7,D1-TracingDecay,32,6000,371.586892018051
7,D1-TracingDecay,32,9000,355.710174044423
7,D1-TracingDecay,32,12000,300.459675639529
7,D1-TracingDecay,32,15000,297.728994355094
7,D1-TracingDecay,32,18000,283.58212128673
7,D1-TracingDecay,32,21000,283.107855708154
7,D1-TracingDecay,32,24000,283.107855708154
7,D1-TracingDecay,32,27000,278.429370894385
7,D1-TracingDecay,32,30000,274.262340040897
7,D1-TracingDecay,32,33000,229.28356580171
7,D1-TracingDecay,32,36000,215.541309537074
7,D1-TracingDecay,32,39000,208.448594050357
7,D1-TracingDecay,32,42000,206.605608387447
7,D1-TracingDecay,32,45000,199.436916437877
7,D1-TracingDecay,32,48000,188.717473083659
7,D1-TracingDecay,32,51000,183.619179455483
7,D1-TracingDecay,32,54000,170.159484971185
7,D1-TracingDecay,32,57000,167.129687587719
7,D1-TracingDecay,32,60000,166.352039931765
7,D3-Both,32,3000,365.440218302424
7,D3-Both,32,6000,354.977936637156
7,D3-Both,32,9000,307.509307212899
7,D3-Both,32,12000,306.663098120724
7,D3-Both,32,15000,305.075537067287
7,D3-Both,32,18000,276.827520401462
7,D3-Both,32,21000,276.827520401462
7,D3-Both,32,24000,276.203807163258
7,D3-Both,32,27000,240.707517502102
7,D3-Both,32,30000,236.010875194233
7,D3-Both,32,33000,218.188735312718
7,D3-Both,32,36000,199.962512661765
7,D3-Both,32,39000,178.123430272796
7,D3-Both,32,42000,173.606116226802
7,D3-Both,32,45000,173.543733178132
7,D3-Both,32,48000,172.234776054696
7,D3-Both,32,51000,167.978273299276
7,D3-Both,32,54000,167.978273299276
7,D3-Both,32,57000,150.966092472061
7,D3-Both,32,60000,146.339437768751
7,CLPSO,32,3000,1789.53594059114
7,CLPSO,32,6000,1168.36545243227
7,CLPSO,32,9000,787.586448239336
7,CLPSO,32,12000,614.639080260974
7,CLPSO,32,15000,553.939785401489
7,CLPSO,32,18000,450.583379026355
7,CLPSO,32,21000,370.192515038967
7,CLPSO,32,24000,370.192515038967
7,CLPSO,32,27000,331.412924526868
7,CLPSO,32,30000,315.90577313349
7,CLPSO,32,33000,300.523163831405
7,CLPSO,32,36000,284.383857618559
7,CLPSO,32,39000,255.37917259816
7,CLPSO,32,42000,255.37917259816
7,CLPSO,32,45000,220.717640320396
7,CLPSO,32,48000,194.407597841934
7,CLPSO,32,51000,194.407597841934
7,CLPSO,32,54000,188.361365475486
7,CLPSO,32,57000,188.361365475486
7,CLPSO,32,60000,188.361365475486
7,V1-Reference,33,3000,460.12156785811
7,V1-Reference,33,6000,431.480601967825
7,V1-Reference,33,9000,359.114576629515
7,V1-Reference,33,12000,294.274642772871
7,V1-Reference,33,15000,283.923757703858
7,V1-Reference,33,18000,282.808324340648
7,V1-Reference,33,21000,282.280576936854
7,V1-Reference,33,24000,282.280576936854
7,V1-Reference,33,27000,282.280576936854
7,V1-Reference,33,30000,270.627968168042
7,V1-Reference,33,33000,265.959455798434
7,V1-Reference,33,36000,265.959455798434
7,V1-Reference,33,39000,235.004941501078
7,V1-Reference,33,42000,231.230861238384
7,V1-Reference,33,45000,228.902844190602
7,V1-Reference,33,48000,222.471283286927
7,V1-Reference,33,51000,218.579321490763
7,V1-Reference,33,54000,203.384101508232
7,V1-Reference,33,57000,195.604942324111
7,V1-Reference,33,60000,193.445140195949
7,D1-TracingDecay,33,3000,486.122014031759
7,D1-TracingDecay,33,6000,450.526865417975
7,D1-TracingDecay,33,9000,362.836158188299
7,D1-TracingDecay,33,12000,351.558816136387
7,D1-TracingDecay,33,15000,317.368320477099
7,D1-TracingDecay,33,18000,298.882823036134
7,D1-TracingDecay,33,21000,298.882823036134
7,D1-TracingDecay,33,24000,271.783156225145
7,D1-TracingDecay,33,27000,264.577501442031
7,D1-TracingDecay,33,30000,251.712966740657
7,D1-TracingDecay,33,33000,249.782600252721
7,D1-TracingDecay,33,36000,232.411668513196
7,D1-TracingDecay,33,39000,232.411668513196
7,D1-TracingDecay,33,42000,230.767029658155
7,D1-TracingDecay,33,45000,224.393078208639
7,D1-TracingDecay,33,48000,222.720388930273
7,D1-TracingDecay,33,51000,218.56567143956
7,D1-TracingDecay,33,54000,214.011794690067
7,D1-TracingDecay,33,57000,201.315205986308
7,D1-TracingDecay,33,60000,198.189113757586
7,D3-Both,33,3000,478.1109971079
7,D3-Both,33,6000,424.83928920043
7,D3-Both,33,9000,377.878023829891
7,D3-Both,33,12000,365.434001293192
7,D3-Both,33,15000,335.500263005497
7,D3-Both,33,18000,318.925564114265
7,D3-Both,33,21000,318.925564114265
7,D3-Both,33,24000,306.058624466817
7,D3-Both,33,27000,300.185579173106
7,D3-Both,33,30000,287.72568537468
7,D3-Both,33,33000,239.289376187042
7,D3-Both,33,36000,238.832782909503
7,D3-Both,33,39000,223.464486019976
7,D3-Both,33,42000,216.553675352737
7,D3-Both,33,45000,202.928906385576
7,D3-Both,33,48000,184.321781518893
7,D3-Both,33,51000,178.334062153243
7,D3-Both,33,54000,170.721347432419
7,D3-Both,33,57000,166.501131352457
7,D3-Both,33,60000,161.843303114063
7,CLPSO,33,3000,1865.12671016027
7,CLPSO,33,6000,1217.54646181574
7,CLPSO,33,9000,932.349628404417
7,CLPSO,33,12000,653.166081606
7,CLPSO,33,15000,576.446829550125
7,CLPSO,33,18000,444.22938652818
7,CLPSO,33,21000,404.422556722053
7,CLPSO,33,24000,377.69545063126
7,CLPSO,33,27000,360.381030293604
7,CLPSO,33,30000,333.537533938149
7,CLPSO,33,33000,286.651190015789
7,CLPSO,33,36000,286.651190015789
7,CLPSO,33,39000,235.344703734827
7,CLPSO,33,42000,194.980388238982
7,CLPSO,33,45000,194.980388238982
7,CLPSO,33,48000,194.980388238982
7,CLPSO,33,51000,194.980388238982
7,CLPSO,33,54000,194.980388238982
7,CLPSO,33,57000,187.713117402117
7,CLPSO,33,60000,164.192050059539
8,V1-Reference,31,3000,217.463978551934
8,V1-Reference,31,6000,193.36442016725
8,V1-Reference,31,9000,173.5886951588
8,V1-Reference,31,12000,172.088043058319
8,V1-Reference,31,15000,169.452291044157
8,V1-Reference,31,18000,165.297201457295
8,V1-Reference,31,21000,161.134690781575
8,V1-Reference,31,24000,160.419486799591
8,V1-Reference,31,27000,157.841898086452
8,V1-Reference,31,30000,157.66310276577
8,V1-Reference,31,33000,157.66310276577
8,V1-Reference,31,36000,153.868960428143
8,V1-Reference,31,39000,152.717613853084
8,V1-Reference,31,42000,151.613376337419
8,V1-Reference,31,45000,141.277389532596
8,V1-Reference,31,48000,126.650728248928
8,V1-Reference,31,51000,124.286756734898
8,V1-Reference,31,54000,120.934038714388
8,V1-Reference,31,57000,117.954280985132
8,V1-Reference,31,60000,117.356661975001
8,D1-TracingDecay,31,3000,217.36902143581
8,D1-TracingDecay,31,6000,201.735064907244
8,D1-TracingDecay,31,9000,174.719419233669
8,D1-TracingDecay,31,12000,171.313470109761
8,D1-TracingDecay,31,15000,161.197384793572
8,D1-TracingDecay,31,18000,160.376756240446
8,D1-TracingDecay,31,21000,158.214076862695
8,D1-TracingDecay,31,24000,157.898252848815
8,D1-TracingDecay,31,27000,154.346646132393
8,D1-TracingDecay,31,30000,154.346646132393
8,D1-TracingDecay,31,33000,151.490141999016
8,D1-TracingDecay,31,36000,148.930002288066
8,D1-TracingDecay,31,39000,145.974744766503
8,D1-TracingDecay,31,42000,145.974744766503
8,D1-TracingDecay,31,45000,145.666609139456
8,D1-TracingDecay,31,48000,145.09631252454
8,D1-TracingDecay,31,51000,144.273783741128
8,D1-TracingDecay,31,54000,142.721941731477
8,D1-TracingDecay,31,57000,141.870383171433
8,D1-TracingDecay,31,60000,141.504991437672
8,D3-Both,31,3000,238.481591451843
8,D3-Both,31,6000,206.101437194307
8,D3-Both,31,9000,197.282776325163
8,D3-Both,31,12000,178.675232957607
8,D3-Both,31,15000,178.675232957607
8,D3-Both,31,18000,168.763102910502
8,D3-Both,31,21000,161.545174214331
8,D3-Both,31,24000,152.746281896848
8,D3-Both,31,27000,139.448034892062
8,D3-Both,31,30000,122.320502028051
8,D3-Both,31,33000,117.223828706767
8,D3-Both,31,36000,115.799161583101
8,D3-Both,31,39000,115.293542453683
8,D3-Both,31,42000,115.293542453683
8,D3-Both,31,45000,110.909959065753
8,D3-Both,31,48000,110.798332312673
8,D3-Both,31,51000,109.86572831853
8,D3-Both,31,54000,108.401313159875
8,D3-Both,31,57000,105.592446322501
8,D3-Both,31,60000,105.469455248094
8,CLPSO,31,3000,456.618373938707
8,CLPSO,31,6000,410.513717178289
8,CLPSO,31,9000,326.615495827104
8,CLPSO,31,12000,288.033801984085
8,CLPSO,31,15000,277.460455305741
8,CLPSO,31,18000,263.139707480359
8,CLPSO,31,21000,214.162838226165
8,CLPSO,31,24000,214.162838226165
8,CLPSO,31,27000,204.423928074998
8,CLPSO,31,30000,186.44235885124
8,CLPSO,31,33000,181.096613430404
8,CLPSO,31,36000,181.096613430404
8,CLPSO,31,39000,174.806406750944
8,CLPSO,31,42000,174.806406750944
8,CLPSO,31,45000,174.806406750944
8,CLPSO,31,48000,173.96893458808
8,CLPSO,31,51000,149.265867299355
8,CLPSO,31,54000,149.265867299355
8,CLPSO,31,57000,149.265867299355
8,CLPSO,31,60000,132.060600674585
8,V1-Reference,32,3000,193.369556314894
8,V1-Reference,32,6000,176.408630021477
8,V1-Reference,32,9000,173.508494081808
8,V1-Reference,32,12000,159.965027222514
8,V1-Reference,32,15000,156.36475814125
8,V1-Reference,32,18000,154.55416276024
8,V1-Reference,32,21000,134.543512556548
8,V1-Reference,32,24000,117.625281878747
8,V1-Reference,32,27000,104.762387039479
8,V1-Reference,32,30000,97.6488673482099
8,V1-Reference,32,33000,93.8285514271947
8,V1-Reference,32,36000,92.2067798415899
8,V1-Reference,32,39000,91.4576000204152
8,V1-Reference,32,42000,86.5098418692938
8,V1-Reference,32,45000,86.5098418692938
8,V1-Reference,32,48000,86.2076178863849
8,V1-Reference,32,51000,84.6343411561603
8,V1-Reference,32,54000,84.5201076342972
8,V1-Reference,32,57000,84.2471818350316
8,V1-Reference,32,60000,83.9722609427401
8,D1-TracingDecay,32,3000,212.428816385799
8,D1-TracingDecay,32,6000,159.581041863725
8,D1-TracingDecay,32,9000,127.340540792348
8,D1-TracingDecay,32,12000,117.093132607241
8,D1-TracingDecay,32,15000,114.524144840864
8,D1-TracingDecay,32,18000,107.961253355477
8,D1-TracingDecay,32,21000,107.961253355477
8,D1-TracingDecay,32,24000,107.560429174705
8,D1-TracingDecay,32,27000,106.488953825291
8,D1-TracingDecay,32,30000,103.720270558905
8,D1-TracingDecay,32,33000,103.24536828391
8,D1-TracingDecay,32,36000,102.8855640751
8,D1-TracingDecay,32,39000,102.8855640751
8,D1-TracingDecay,32,42000,101.005089154781
8,D1-TracingDecay,32,45000,97.9638131050179
8,D1-TracingDecay,32,48000,96.3936709932021
8,D1-TracingDecay,32,51000,94.86175637796
8,D1-TracingDecay,32,54000,94.2471741983966
8,D1-TracingDecay,32,57000,93.5915880451764
8,D1-TracingDecay,32,60000,93.5283486471861
8,D3-Both,32,3000,244.514588634391
8,D3-Both,32,6000,191.808572427389
8,D3-Both,32,9000,180.531303472562
8,D3-Both,32,12000,175.31297348882
8,D3-Both,32,15000,175.31297348882
8,D3-Both,32,18000,155.88299064545
8,D3-Both,32,21000,155.88299064545
8,D3-Both,32,24000,136.166644547515
8,D3-Both,32,27000,132.58385678126
8,D3-Both,32,30000,127.467787475337
8,D3-Both,32,33000,127.467787475337
8,D3-Both,32,36000,124.612555033324
8,D3-Both,32,39000,121.977307240992
8,D3-Both,32,42000,120.80724214091
8,D3-Both,32,45000,120.663348533253
8,D3-Both,32,48000,120.556217346818
8,D3-Both,32,51000,120.556217346818
8,D3-Both,32,54000,118.486653561723
8,D3-Both,32,57000,117.91520946994
8,D3-Both,32,60000,117.265411688665
8,CLPSO,32,3000,454.482929658501
8,CLPSO,32,6000,372.746135010765
8,CLPSO,32,9000,335.284299057545
8,CLPSO,32,12000,321.158793835943
8,CLPSO,32,15000,260.610823481507
8,CLPSO,32,18000,251.299865520604
8,CLPSO,32,21000,200.983226451748
8,CLPSO,32,24000,199.666782302243
8,CLPSO,32,27000,199.666782302243
8,CLPSO,32,30000,197.211672550076
8,CLPSO,32,33000,197.211672550076
8,CLPSO,32,36000,188.31496964638
8,CLPSO,32,39000,181.016853645431
8,CLPSO,32,42000,178.360960405685
8,CLPSO,32,45000,167.340956506444
8,CLPSO,32,48000,162.194123220433
8,CLPSO,32,51000,162.194123220433
8,CLPSO,32,54000,162.194123220433
8,CLPSO,32,57000,157.969893307946
8,CLPSO,32,60000,155.363727750349
8,V1-Reference,33,3000,212.847041129081
8,V1-Reference,33,6000,184.630551887439
8,V1-Reference,33,9000,174.06775794633
8,V1-Reference,33,12000,174.06775794633
8,V1-Reference,33,15000,172.964734263289
8,V1-Reference,33,18000,170.107114819462
8,V1-Reference,33,21000,167.518447894837
8,V1-Reference,33,24000,167.518447894837
8,V1-Reference,33,27000,165.807500826867
8,V1-Reference,33,30000,164.847630423512
8,V1-Reference,33,33000,164.549422662583
8,V1-Reference,33,36000,163.526231396858
8,V1-Reference,33,39000,163.283239783591
8,V1-Reference,33,42000,160.570068469946
8,V1-Reference,33,45000,159.270903436237
8,V1-Reference,33,48000,158.328698408337
8,V1-Reference,33,51000,157.621540587029
8,V1-Reference,33,54000,157.086539614229
8,V1-Reference,33,57000,156.806464801247
8,V1-Reference,33,60000,156.569797848336
8,D1-TracingDecay,33,3000,177.193180592224
8,D1-TracingDecay,33,6000,160.350475083727
8,D1-TracingDecay,33,9000,152.837914893605
8,D1-TracingDecay,33,12000,150.795137183186
8,D1-TracingDecay,33,15000,150.795137183186
8,D1-TracingDecay,33,18000,148.336480392022
8,D1-TracingDecay,33,21000,148.336480392022
8,D1-TracingDecay,33,24000,147.847869720967
8,D1-TracingDecay,33,27000,142.056774076822
8,D1-TracingDecay,33,30000,142.056774076822
8,D1-TracingDecay,33,33000,139.733691904489
8,D1-TracingDecay,33,36000,137.965913869576
8,D1-TracingDecay,33,39000,137.965674281343
8,D1-TracingDecay,33,42000,136.789178264855
8,D1-TracingDecay,33,45000,136.182533332676
8,D1-TracingDecay,33,48000,134.587968987944
8,D1-TracingDecay,33,51000,133.810739836973
8,D1-TracingDecay,33,54000,133.06877565533
8,D1-TracingDecay,33,57000,132.599796459376
8,D1-TracingDecay,33,60000,132.341161478379
8,D3-Both,33,3000,168.212342088175
8,D3-Both,33,6000,138.87388984797
8,D3-Both,33,9000,117.248597460382
8,D3-Both,33,12000,100.783112995477
8,D3-Both,33,15000,90.5122829756363
8,D3-Both,33,18000,90.5122829756363
8,D3-Both,33,21000,88.7745881807457
8,D3-Both,33,24000,83.6227274100129
8,D3-Both,33,27000,83.6227274100129
8,D3-Both,33,30000,82.8319455680589
8,D3-Both,33,33000,77.1403987676302
8,D3-Both,33,36000,71.4960598944801
8,D3-Both,33,39000,70.8151312757617
8,D3-Both,33,42000,66.5901340135379
8,D3-Both,33,45000,66.2864910019862
8,D3-Both,33,48000,63.6214469271507
8,D3-Both,33,51000,62.6634469086313
8,D3-Both,33,54000,55.3212913170331
8,D3-Both,33,57000,54.7976416791745
8,D3-Both,33,60000,54.7250946131957
8,CLPSO,33,3000,432.528331996294
8,CLPSO,33,6000,429.284244752487
8,CLPSO,33,9000,295.202970345256
8,CLPSO,33,12000,295.202970345256
8,CLPSO,33,15000,267.52030891368
8,CLPSO,33,18000,227.144297898997
8,CLPSO,33,21000,227.144297898997
8,CLPSO,33,24000,227.144297898997
8,CLPSO,33,27000,227.144297898997
8,CLPSO,33,30000,207.383108996929
8,CLPSO,33,33000,170.784224247225
8,CLPSO,33,36000,170.784224247225
8,CLPSO,33,39000,170.784224247225
8,CLPSO,33,42000,143.163419843347
8,CLPSO,33,45000,141.567100630955
8,CLPSO,33,48000,141.467181893213
8,CLPSO,33,51000,134.181582588111
8,CLPSO,33,54000,131.519660100397
8,CLPSO,33,57000,121.274237398025
8,CLPSO,33,60000,121.274237398025
11,V1-Reference,31,3000,1460.81835906413
11,V1-Reference,31,6000,435.653495849255
11,V1-Reference,31,9000,177.989983540389
11,V1-Reference,31,12000,151.812011117066
11,V1-Reference,31,15000,146.868659299278
11,V1-Reference,31,18000,143.049004395575
11,V1-Reference,31,21000,140.33779903652
11,V1-Reference,31,24000,133.053307782475
11,V1-Reference,31,27000,130.724192858729
11,V1-Reference,31,30000,130.507835781779
11,V1-Reference,31,33000,129.490113140103
11,V1-Reference,31,36000,128.963318267903
11,V1-Reference,31,39000,128.638594544282
11,V1-Reference,31,42000,128.319075088723
11,V1-Reference,31,45000,127.542487117015
11,V1-Reference,31,48000,127.32485763355
11,V1-Reference,31,51000,127.193243905622
11,V1-Reference,31,54000,126.502237987426
11,V1-Reference,31,57000,126.122461167752
11,V1-Reference,31,60000,125.898575549684
11,D1-TracingDecay,31,3000,1020.29453536729
11,D1-TracingDecay,31,6000,369.439868465531
11,D1-TracingDecay,31,9000,218.030746001767
11,D1-TracingDecay,31,12000,181.413144609242
11,D1-TracingDecay,31,15000,169.180782980506
11,D1-TracingDecay,31,18000,166.584845022527
11,D1-TracingDecay,31,21000,162.609024953628
11,D1-TracingDecay,31,24000,157.473352444686
11,D1-TracingDecay,31,27000,148.463377884949
11,D1-TracingDecay,31,30000,137.480741924741
11,D1-TracingDecay,31,33000,119.922455689485
11,D1-TracingDecay,31,36000,102.636655592016
11,D1-TracingDecay,31,39000,97.4224017201061
11,D1-TracingDecay,31,42000,96.5222380354849
11,D1-TracingDecay,31,45000,96.3159111415516
11,D1-TracingDecay,31,48000,96.1648625565158
11,D1-TracingDecay,31,51000,96.1321765080866
11,D1-TracingDecay,31,54000,96.0737025769545
11,D1-TracingDecay,31,57000,96.0395744044572
11,D1-TracingDecay,31,60000,96.0183470703
11,D3-Both,31,3000,3890.77951436543
11,D3-Both,31,6000,842.363497761663
11,D3-Both,31,9000,549.503840974325
11,D3-Both,31,12000,323.279076691697
11,D3-Both,31,15000,213.677425433599
11,D3-Both,31,18000,177.104583212913
11,D3-Both,31,21000,156.103459852263
11,D3-Both,31,24000,145.588488975974
11,D3-Both,31,27000,126.280165253785
11,D3-Both,31,30000,117.362815936668
11,D3-Both,31,33000,109.318359549068
11,D3-Both,31,36000,102.703654376468
11,D3-Both,31,39000,95.1893670813467
11,D3-Both,31,42000,90.3456151533812
11,D3-Both,31,45000,88.1522609565318
11,D3-Both,31,48000,86.8806959937201
11,D3-Both,31,51000,86.3737375688208
11,D3-Both,31,54000,86.1046312043336
11,D3-Both,31,57000,86.0122448202792
11,D3-Both,31,60000,85.9880739797495
11,CLPSO,31,3000,26081.79945489
11,CLPSO,31,6000,10212.3460494497
11,CLPSO,31,9000,8745.01778673878
11,CLPSO,31,12000,6875.69499267033
11,CLPSO,31,15000,4147.21770903451
11,CLPSO,31,18000,2503.70308653123
11,CLPSO,31,21000,2140.38816109842
11,CLPSO,31,24000,2093.21645106335
11,CLPSO,31,27000,2093.21645106335
11,CLPSO,31,30000,1835.43061360476
11,CLPSO,31,33000,1803.41694826796
11,CLPSO,31,36000,1542.50054486312
11,CLPSO,31,39000,1542.50054486312
11,CLPSO,31,42000,1433.76352848574
11,CLPSO,31,45000,1355.23417431337
11,CLPSO,31,48000,962.976890429158
11,CLPSO,31,51000,952.755176939968
11,CLPSO,31,54000,952.755176939968
11,CLPSO,31,57000,753.183292061992
11,CLPSO,31,60000,753.183292061992
11,V1-Reference,32,3000,2348.71122690148
11,V1-Reference,32,6000,880.513474353867
11,V1-Reference,32,9000,373.322789443585
11,V1-Reference,32,12000,240.717111495312
11,V1-Reference,32,15000,189.439567939115
11,V1-Reference,32,18000,167.570410219259
11,V1-Reference,32,21000,164.269264029466
11,V1-Reference,32,24000,158.664665335963
11,V1-Reference,32,27000,146.220256323277
11,V1-Reference,32,30000,142.732941512219
11,V1-Reference,32,33000,141.014745296692
11,V1-Reference,32,36000,140.118383200329
11,V1-Reference,32,39000,137.765816820728
11,V1-Reference,32,42000,136.042248190944
11,V1-Reference,32,45000,135.163999458141
11,V1-Reference,32,48000,134.574132863622
11,V1-Reference,32,51000,134.163130920851
11,V1-Reference,32,54000,133.880428890299
11,V1-Reference,32,57000,133.727360025527
11,V1-Reference,32,60000,133.581407249436
11,D1-TracingDecay,32,3000,614.573867108299
11,D1-TracingDecay,32,6000,222.815732081284
11,D1-TracingDecay,32,9000,190.575167001656
11,D1-TracingDecay,32,12000,180.312831567275
11,D1-TracingDecay,32,15000,162.445473113997
11,D1-TracingDecay,32,18000,152.558580706938
11,D1-TracingDecay,32,21000,146.80868438271
11,D1-TracingDecay,32,24000,145.240949237047
11,D1-TracingDecay,32,27000,145.111139969969
11,D1-TracingDecay,32,30000,142.394536404618
11,D1-TracingDecay,32,33000,140.830449931592
11,D1-TracingDecay,32,36000,139.727885218004
11,D1-TracingDecay,32,39000,139.461307928038
11,D1-TracingDecay,32,42000,138.764001085302
11,D1-TracingDecay,32,45000,138.60883406369
11,D1-TracingDecay,32,48000,138.391605185218
11,D1-TracingDecay,32,51000,138.177051619397
11,D1-TracingDecay,32,54000,138.129704272088
11,D1-TracingDecay,32,57000,138.046793709797
11,D1-TracingDecay,32,60000,137.966177573062
11,D3-Both,32,3000,2056.81816821508
11,D3-Both,32,6000,1040.59810278594
11,D3-Both,32,9000,567.225114017679
11,D3-Both,32,12000,398.380182907264
11,D3-Both,32,15000,318.185770365655
11,D3-Both,32,18000,285.234511833907
11,D3-Both,32,21000,269.4361518345
11,D3-Both,32,24000,244.6916721217
11,D3-Both,32,27000,239.017848193734
11,D3-Both,32,30000,237.399268560393
11,D3-Both,32,33000,232.468168334406
11,D3-Both,32,36000,229.951795181807
11,D3-Both,32,39000,228.688754319566
11,D3-Both,32,42000,227.110506013954
11,D3-Both,32,45000,226.121379940544
11,D3-Both,32,48000,225.895519834883
11,D3-Both,32,51000,225.665774202794
11,D3-Both,32,54000,225.17453784109
11,D3-Both,32,57000,224.12710517467
11,D3-Both,32,60000,222.986698469146
11,CLPSO,32,3000,16945.9331946496
11,CLPSO,32,6000,12013.8488526541
11,CLPSO,32,9000,10854.3275484664
11,CLPSO,32,12000,8815.97640322015
11,CLPSO,32,15000,4600.91349312341
11,CLPSO,32,18000,4097.84371348581
11,CLPSO,32,21000,3434.75954594462
11,CLPSO,32,24000,1791.6269776913
11,CLPSO,32,27000,1612.04348788641
11,CLPSO,32,30000,1338.56954493745
11,CLPSO,32,33000,1177.35980807934
11,CLPSO,32,36000,952.976084173911
11,CLPSO,32,39000,884.807018529183
11,CLPSO,32,42000,861.85968053572
11,CLPSO,32,45000,840.366792232064
11,CLPSO,32,48000,620.384367809589
11,CLPSO,32,51000,592.121386525866
11,CLPSO,32,54000,345.216399114913
11,CLPSO,32,57000,345.216399114913
11,CLPSO,32,60000,345.216399114913
11,V1-Reference,33,3000,506.012879970242
11,V1-Reference,33,6000,275.44504544399
11,V1-Reference,33,9000,208.275586906028
11,V1-Reference,33,12000,175.523915025265
11,V1-Reference,33,15000,170.840852178171
11,V1-Reference,33,18000,168.145665124872
11,V1-Reference,33,21000,166.34106890956
11,V1-Reference,33,24000,165.00716435778
11,V1-Reference,33,27000,164.827386920491
11,V1-Reference,33,30000,164.742133429889
11,V1-Reference,33,33000,163.123578542853
11,V1-Reference,33,36000,162.953146417917
11,V1-Reference,33,39000,162.513047513917
11,V1-Reference,33,42000,162.471815975441
11,V1-Reference,33,45000,161.772355507991
11,V1-Reference,33,48000,160.785431975873
11,V1-Reference,33,51000,160.296502318743
11,V1-Reference,33,54000,160.048042631071
11,V1-Reference,33,57000,159.777078212665
11,V1-Reference,33,60000,159.499351584242
11,D1-TracingDecay,33,3000,344.948308843792
11,D1-TracingDecay,33,6000,206.852039338826
11,D1-TracingDecay,33,9000,180.813417569551
11,D1-TracingDecay,33,12000,154.358350359837
11,D1-TracingDecay,33,15000,149.119945911709
11,D1-TracingDecay,33,18000,145.927773066692
11,D1-TracingDecay,33,21000,145.927773066692
11,D1-TracingDecay,33,24000,145.83267797471
11,D1-TracingDecay,33,27000,143.54748195585
11,D1-TracingDecay,33,30000,140.758373464481
11,D1-TracingDecay,33,33000,137.713482901422
11,D1-TracingDecay,33,36000,134.657468325245
11,D1-TracingDecay,33,39000,130.38950954912
11,D1-TracingDecay,33,42000,117.303802980933
11,D1-TracingDecay,33,45000,85.9370526236269
11,D1-TracingDecay,33,48000,69.7075358162263
11,D1-TracingDecay,33,51000,67.316669075215
11,D1-TracingDecay,33,54000,66.5535829323233
11,D1-TracingDecay,33,57000,66.3492699322178
11,D1-TracingDecay,33,60000,66.2905820294127
11,D3-Both,33,3000,2254.87852601113
11,D3-Both,33,6000,522.797777098136
11,D3-Both,33,9000,312.706474293352
11,D3-Both,33,12000,280.91597828928
11,D3-Both,33,15000,245.807990965301
11,D3-Both,33,18000,238.118496695625
11,D3-Both,33,21000,222.680023982501
11,D3-Both,33,24000,211.078707644149
11,D3-Both,33,27000,203.535449554868
11,D3-Both,33,30000,200.547221890523
11,D3-Both,33,33000,196.546188871533
11,D3-Both,33,36000,192.410152488742
11,D3-Both,33,39000,190.675578565606
11,D3-Both,33,42000,185.392994811248
11,D3-Both,33,45000,175.20134548634
11,D3-Both,33,48000,163.682451825449
11,D3-Both,33,51000,158.373373182298
11,D3-Both,33,54000,157.002282886192
11,D3-Both,33,57000,156.49685928131
11,D3-Both,33,60000,156.325941826723
11,CLPSO,33,3000,14495.5530366772
11,CLPSO,33,6000,13607.9312105184
11,CLPSO,33,9000,9331.68866259644
11,CLPSO,33,12000,7733.72187095847
11,CLPSO,33,15000,6054.72476268175
11,CLPSO,33,18000,4448.90558399181
11,CLPSO,33,21000,3758.90778602017
11,CLPSO,33,24000,2581.53345866059
11,CLPSO,33,27000,2079.44918023887
11,CLPSO,33,30000,2079.44918023887
11,CLPSO,33,33000,2079.44918023887
11,CLPSO,33,36000,1715.29335680446
11,CLPSO,33,39000,1389.43113303761
11,CLPSO,33,42000,938.263859972718
11,CLPSO,33,45000,938.263859972718
11,CLPSO,33,48000,938.263859972718
11,CLPSO,33,51000,773.246752202583
11,CLPSO,33,54000,741.893951619883
11,CLPSO,33,57000,465.43922979423
11,CLPSO,33,60000,456.540468881331
13,V1-Reference,31,3000,1119385.78949469
13,V1-Reference,31,6000,390652.78468416
13,V1-Reference,31,9000,198246.710228483
13,V1-Reference,31,12000,36583.7183632762
13,V1-Reference,31,15000,31231.4014761172
13,V1-Reference,31,18000,25419.5206376844
13,V1-Reference,31,21000,15618.5751817794
13,V1-Reference,31,24000,12667.6617235603
13,V1-Reference,31,27000,6692.01874499739
13,V1-Reference,31,30000,6542.31448384574
13,V1-Reference,31,33000,6120.35375888105
13,V1-Reference,31,36000,6067.24111160058
13,V1-Reference,31,39000,5939.24655213901
13,V1-Reference,31,42000,5939.24655213901
13,V1-Reference,31,45000,5910.4139956148
13,V1-Reference,31,48000,4659.51040073871
13,V1-Reference,31,51000,4399.56128725143
13,V1-Reference,31,54000,4390.02290289673
13,V1-Reference,31,57000,4319.87585980216
13,V1-Reference,31,60000,4105.1232147965
13,D1-TracingDecay,31,3000,1981792.30163587
13,D1-TracingDecay,31,6000,292385.081294922
13,D1-TracingDecay,31,9000,92064.3797851159
13,D1-TracingDecay,31,12000,73161.5367798488
13,D1-TracingDecay,31,15000,49328.3263219903
13,D1-TracingDecay,31,18000,35291.1265540296
13,D1-TracingDecay,31,21000,26561.9225112475
13,D1-TracingDecay,31,24000,25670.0394873525
13,D1-TracingDecay,31,27000,22761.7756290915
13,D1-TracingDecay,31,30000,19377.063786664
13,D1-TracingDecay,31,33000,18393.7498490476
13,D1-TracingDecay,31,36000,16979.4962577513
13,D1-TracingDecay,31,39000,16383.0552457148
13,D1-TracingDecay,31,42000,14920.6726961492
13,D1-TracingDecay,31,45000,14767.3483340412
13,D1-TracingDecay,31,48000,13914.1201552188
13,D1-TracingDecay,31,51000,10062.7203997335
13,D1-TracingDecay,31,54000,9974.26888521712
13,D1-TracingDecay,31,57000,9831.04959660012
13,D1-TracingDecay,31,60000,9730.45139633718
13,D3-Both,31,3000,7531268.99477977
13,D3-Both,31,6000,2749537.46322512
13,D3-Both,31,9000,686147.15953063
13,D3-Both,31,12000,620023.049338186
13,D3-Both,31,15000,571867.781558517
13,D3-Both,31,18000,567949.441318102
13,D3-Both,31,21000,358732.400558643
13,D3-Both,31,24000,355930.420364937
13,D3-Both,31,27000,282251.014378734
13,D3-Both,31,30000,254830.483470556
13,D3-Both,31,33000,227995.668315706
13,D3-Both,31,36000,177423.067323168
13,D3-Both,31,39000,112734.499112368
13,D3-Both,31,42000,110002.947726873
13,D3-Both,31,45000,86287.738989288
13,D3-Both,31,48000,76635.9492980322
13,D3-Both,31,51000,76104.8661894958
13,D3-Both,31,54000,70275.594854966
13,D3-Both,31,57000,51658.660695383
13,D3-Both,31,60000,28577.8841968178
13,CLPSO,31,3000,11574290431.89
13,CLPSO,31,6000,7203386607.15218
13,CLPSO,31,9000,2233209190.1242
13,CLPSO,31,12000,332901268.375303
13,CLPSO,31,15000,275760438.790283
13,CLPSO,31,18000,275700406.634664
13,CLPSO,31,21000,140885149.153856
13,CLPSO,31,24000,35544204.7002292
13,CLPSO,31,27000,35093242.6879902
13,CLPSO,31,30000,16252437.0956252
13,CLPSO,31,33000,16252437.0956252
13,CLPSO,31,36000,16252437.0956252
13,CLPSO,31,39000,9014032.88011495
13,CLPSO,31,42000,9014032.88011495
13,CLPSO,31,45000,9014032.88011495
13,CLPSO,31,48000,6544107.38865544
13,CLPSO,31,51000,6544107.38865544
13,CLPSO,31,54000,6160161.91745155
13,CLPSO,31,57000,5087355.78332986
13,CLPSO,31,60000,5086936.14183596
13,V1-Reference,32,3000,947283.211439531
13,V1-Reference,32,6000,340625.716733839
13,V1-Reference,32,9000,164762.53960999
13,V1-Reference,32,12000,103747.117605735
13,V1-Reference,32,15000,64443.3379009539
13,V1-Reference,32,18000,59819.0248968809
13,V1-Reference,32,21000,42778.4811043236
13,V1-Reference,32,24000,40001.3645988591
13,V1-Reference,32,27000,38667.5761370799
13,V1-Reference,32,30000,37407.5619833005
13,V1-Reference,32,33000,36080.2975967402
13,V1-Reference,32,36000,33914.9877231609
13,V1-Reference,32,39000,31260.1664619432
13,V1-Reference,32,42000,28300.8773571084
13,V1-Reference,32,45000,26854.6170899228
13,V1-Reference,32,48000,26576.2032533142
13,V1-Reference,32,51000,26081.1955152038
13,V1-Reference,32,54000,25620.3258769468
13,V1-Reference,32,57000,25318.2482244056
13,V1-Reference,32,60000,24956.2896561477
13,D1-TracingDecay,32,3000,881991.252047314
13,D1-TracingDecay,32,6000,136656.073949937
13,D1-TracingDecay,32,9000,98104.3067437884
13,D1-TracingDecay,32,12000,52131.6909924179
13,D1-TracingDecay,32,15000,47914.3248311414
13,D1-TracingDecay,32,18000,44627.2355146448
13,D1-TracingDecay,32,21000,43648.3802163614
13,D1-TracingDecay,32,24000,42109.2351776358
13,D1-TracingDecay,32,27000,38136.1767463606
13,D1-TracingDecay,32,30000,37189.6941482714
13,D1-TracingDecay,32,33000,36394.5742087251
13,D1-TracingDecay,32,36000,35393.0900348436
13,D1-TracingDecay,32,39000,34925.8514803073
13,D1-TracingDecay,32,42000,34287.7655394446
13,D1-TracingDecay,32,45000,33993.0095466499
13,D1-TracingDecay,32,48000,33588.8301836513
13,D1-TracingDecay,32,51000,33361.0721350338
13,D1-TracingDecay,32,54000,31356.9749701366
13,D1-TracingDecay,32,57000,30251.3323464673
13,D1-TracingDecay,32,60000,29573.2542884781
13,D3-Both,32,3000,10235656.3992988
13,D3-Both,32,6000,4462665.95229861
13,D3-Both,32,9000,1026568.83596408
13,D3-Both,32,12000,475144.190018971
13,D3-Both,32,15000,195789.851964783
13,D3-Both,32,18000,149155.34002438
13,D3-Both,32,21000,125173.970490233
13,D3-Both,32,24000,65290.8303068257
13,D3-Both,32,27000,48419.6644469523
13,D3-Both,32,30000,47656.1121610702
13,D3-Both,32,33000,45696.624671971
13,D3-Both,32,36000,45373.6065058638
13,D3-Both,32,39000,45125.6204919324
13,D3-Both,32,42000,43950.2394269406
13,D3-Both,32,45000,43196.7529792024
13,D3-Both,32,48000,42785.5110273188
13,D3-Both,32,51000,41889.34038762
13,D3-Both,32,54000,41069.8148887936
13,D3-Both,32,57000,33632.2522164
13,D3-Both,32,60000,30672.9068814854
13,CLPSO,32,3000,8742293169.72618
13,CLPSO,32,6000,5849474852.87167
13,CLPSO,32,9000,1221078443.69233
13,CLPSO,32,12000,789536296.461673
13,CLPSO,32,15000,407759139.289845
13,CLPSO,32,18000,202205403.993665
13,CLPSO,32,21000,155638888.073361
13,CLPSO,32,24000,100217947.414283
13,CLPSO,32,27000,100173263.471492
13,CLPSO,32,30000,83419189.1199611
13,CLPSO,32,33000,68091861.8612698
13,CLPSO,32,36000,68091861.8612698
13,CLPSO,32,39000,57906795.8068933
13,CLPSO,32,42000,18735676.0261996
13,CLPSO,32,45000,15216880.4679884
13,CLPSO,32,48000,15089241.8394086
13,CLPSO,32,51000,15089241.8394086
13,CLPSO,32,54000,6232609.88477338
13,CLPSO,32,57000,5412009.35723139
13,CLPSO,32,60000,1980546.98689616
13,V1-Reference,33,3000,943054.958321752
13,V1-Reference,33,6000,263919.374174718
13,V1-Reference,33,9000,174887.568512802
13,V1-Reference,33,12000,111743.540587594
13,V1-Reference,33,15000,88606.8499188743
13,V1-Reference,33,18000,73136.2411895957
13,V1-Reference,33,21000,68167.6503393779
13,V1-Reference,33,24000,64800.9097271942
13,V1-Reference,33,27000,59018.2136234545
13,V1-Reference,33,30000,57176.1676427379
13,V1-Reference,33,33000,55221.2420421321
13,V1-Reference,33,36000,54144.1146333702
13,V1-Reference,33,39000,53486.436558224
13,V1-Reference,33,42000,52829.8310466599
13,V1-Reference,33,45000,52717.8231457047
13,V1-Reference,33,48000,51952.8141209566
13,V1-Reference,33,51000,51754.9141827234
13,V1-Reference,33,54000,51612.5545439679
13,V1-Reference,33,57000,51386.8930175446
13,V1-Reference,33,60000,51253.2229536608
13,D1-TracingDecay,33,3000,641118.939294752
13,D1-TracingDecay,33,6000,293146.857144373
13,D1-TracingDecay,33,9000,173840.336596054
13,D1-TracingDecay,33,12000,158392.057660867
13,D1-TracingDecay,33,15000,144645.046188641
13,D1-TracingDecay,33,18000,130747.582125742
13,D1-TracingDecay,33,21000,126020.396856099
13,D1-TracingDecay,33,24000,112858.230701137
13,D1-TracingDecay,33,27000,98704.4288808757
13,D1-TracingDecay,33,30000,95382.9113227046
13,D1-TracingDecay,33,33000,93411.0512403989
13,D1-TracingDecay,33,36000,88510.6918434557
13,D1-TracingDecay,33,39000,85869.6518329304
13,D1-TracingDecay,33,42000,83365.9295309207
13,D1-TracingDecay,33,45000,82901.5581185698
13,D1-TracingDecay,33,48000,82055.4064837656
13,D1-TracingDecay,33,51000,81482.9199415629
13,D1-TracingDecay,33,54000,79633.9649801888
13,D1-TracingDecay,33,57000,78795.7555028673
13,D1-TracingDecay,33,60000,77991.0778411331
13,D3-Both,33,3000,18914976.5640524
13,D3-Both,33,6000,3528320.54888624
13,D3-Both,33,9000,588380.131592783
13,D3-Both,33,12000,423543.228241316
13,D3-Both,33,15000,240809.385835501
13,D3-Both,33,18000,238736.089889995
13,D3-Both,33,21000,163290.070313932
13,D3-Both,33,24000,163028.191299094
13,D3-Both,33,27000,162276.709778839
13,D3-Both,33,30000,147787.144927243
13,D3-Both,33,33000,147200.007995135
13,D3-Both,33,36000,134756.774250124
13,D3-Both,33,39000,127156.966961779
13,D3-Both,33,42000,103004.531851147
13,D3-Both,33,45000,51189.9411226839
13,D3-Both,33,48000,38447.3697342486
13,D3-Both,33,51000,38213.9461305007
13,D3-Both,33,54000,37092.1173317389
13,D3-Both,33,57000,22258.6848745918
13,D3-Both,33,60000,18369.2813279962
13,CLPSO,33,3000,7797513090.66258
13,CLPSO,33,6000,7462500063.55438
13,CLPSO,33,9000,4078553513.2693
13,CLPSO,33,12000,2539150810.74524
13,CLPSO,33,15000,1922096478.35146
13,CLPSO,33,18000,648566340.811863
13,CLPSO,33,21000,259426181.713693
13,CLPSO,33,24000,237468781.872805
13,CLPSO,33,27000,176328147.142611
13,CLPSO,33,30000,138592361.720982
13,CLPSO,33,33000,127436533.874239
13,CLPSO,33,36000,83311394.835311
13,CLPSO,33,39000,57495042.7328524
13,CLPSO,33,42000,37176692.9330308
13,CLPSO,33,45000,31183871.6694664
13,CLPSO,33,48000,31183871.6694664
13,CLPSO,33,51000,28472276.0000826
13,CLPSO,33,54000,28266651.6407241
13,CLPSO,33,57000,28264262.3294416
13,CLPSO,33,60000,25749181.7425897
14,V1-Reference,31,3000,578859.022188981
14,V1-Reference,31,6000,456500.873412094
14,V1-Reference,31,9000,413846.757952509
14,V1-Reference,31,12000,344627.127697587
14,V1-Reference,31,15000,344371.638505242
14,V1-Reference,31,18000,338497.915270484
14,V1-Reference,31,21000,51565.7159013964
14,V1-Reference,31,24000,46777.8129867936
14,V1-Reference,31,27000,46428.1760433486
14,V1-Reference,31,30000,46418.0103919767
14,V1-Reference,31,33000,46255.1254326292
14,V1-Reference,31,36000,46249.2310849002
14,V1-Reference,31,39000,45053.4495629501
14,V1-Reference,31,42000,26466.4905741666
14,V1-Reference,31,45000,26428.6826162833
14,V1-Reference,31,48000,26223.4626889156
14,V1-Reference,31,51000,23984.9052377852
14,V1-Reference,31,54000,23636.1749371356
14,V1-Reference,31,57000,23215.1241710851
14,V1-Reference,31,60000,22812.11161482
14,D1-TracingDecay,31,3000,314794.436008807
14,D1-TracingDecay,31,6000,282460.615410721
14,D1-TracingDecay,31,9000,184405.24688157
14,D1-TracingDecay,31,12000,137090.315198833
14,D1-TracingDecay,31,15000,87873.4989488904
14,D1-TracingDecay,31,18000,81511.2416512338
14,D1-TracingDecay,31,21000,28632.6487201615
14,D1-TracingDecay,31,24000,18989.2302778466
14,D1-TracingDecay,31,27000,8015.69765986499
14,D1-TracingDecay,31,30000,7734.98478041313
14,D1-TracingDecay,31,33000,7127.79963444656
14,D1-TracingDecay,31,36000,7058.35800612799
14,D1-TracingDecay,31,39000,7055.34375245242
14,D1-TracingDecay,31,42000,5226.3853710476
14,D1-TracingDecay,31,45000,3466.13110179762
14,D1-TracingDecay,31,48000,3320.81152299085
14,D1-TracingDecay,31,51000,3250.049408919
14,D1-TracingDecay,31,54000,3249.57222960451
14,D1-TracingDecay,31,57000,3249.16581375468
14,D1-TracingDecay,31,60000,3240.85409183569
14,D3-Both,31,3000,91681.8801751507
14,D3-Both,31,6000,62702.4339908094
14,D3-Both,31,9000,23024.2811372604
14,D3-Both,31,12000,21324.4273667862
14,D3-Both,31,15000,7594.18302661017
14,D3-Both,31,18000,7589.24390774203
14,D3-Both,31,21000,5905.52763803199
14,D3-Both,31,24000,1729.75150444519
14,D3-Both,31,27000,1493.26380170537
14,D3-Both,31,30000,1493.26380170537
14,D3-Both,31,33000,779.257533391374
14,D3-Both,31,36000,632.408529996744
14,D3-Both,31,39000,517.800179656561
14,D3-Both,31,42000,515.594774934081
14,D3-Both,31,45000,515.087422021232
14,D3-Both,31,48000,502.597002402164
14,D3-Both,31,51000,501.718341766513
14,D3-Both,31,54000,501.231191177828
14,D3-Both,31,57000,432.175321781524
14,D3-Both,31,60000,324.636364211797
14,CLPSO,31,3000,9005345.06972206
14,CLPSO,31,6000,7896218.9219086
14,CLPSO,31,9000,4706817.65926549
14,CLPSO,31,12000,2764156.31244508
14,CLPSO,31,15000,578256.007977575
14,CLPSO,31,18000,578256.007977575
14,CLPSO,31,21000,485993.779117281
14,CLPSO,31,24000,483373.668168224
14,CLPSO,31,27000,471079.304947631
14,CLPSO,31,30000,467920.658078208
14,CLPSO,31,33000,467920.658078208
14,CLPSO,31,36000,451102.004522709
14,CLPSO,31,39000,451057.899195369
14,CLPSO,31,42000,444253.835938509
14,CLPSO,31,45000,304333.401393764
14,CLPSO,31,48000,304059.140720294
14,CLPSO,31,51000,304056.820007646
14,CLPSO,31,54000,297744.74391406
14,CLPSO,31,57000,297729.119404164
14,CLPSO,31,60000,293825.897582643
14,V1-Reference,32,3000,221627.820680983
14,V1-Reference,32,6000,158661.597725744
14,V1-Reference,32,9000,147016.418440765
14,V1-Reference,32,12000,146988.514090372
14,V1-Reference,32,15000,138255.167840037
14,V1-Reference,32,18000,138222.156255738
14,V1-Reference,32,21000,138162.726725534
14,V1-Reference,32,24000,130169.08432468
14,V1-Reference,32,27000,129802.545596959
14,V1-Reference,32,30000,129744.984906141
14,V1-Reference,32,33000,125112.183679514
14,V1-Reference,32,36000,121702.30991819
14,V1-Reference,32,39000,120173.264972228
14,V1-Reference,32,42000,115166.634091243
14,V1-Reference,32,45000,112633.546823583
14,V1-Reference,32,48000,112360.708943939
14,V1-Reference,32,51000,108283.352837043
14,V1-Reference,32,54000,105301.275391687
14,V1-Reference,32,57000,103063.464768683
14,V1-Reference,32,60000,102491.636236155
14,D1-TracingDecay,32,3000,136108.347075787
14,D1-TracingDecay,32,6000,134254.670043683
14,D1-TracingDecay,32,9000,131625.062293635
14,D1-TracingDecay,32,12000,131286.777457514
14,D1-TracingDecay,32,15000,131285.688427182
14,D1-TracingDecay,32,18000,131283.626404606
14,D1-TracingDecay,32,21000,131196.521781621
14,D1-TracingDecay,32,24000,131149.053957435
14,D1-TracingDecay,32,27000,131098.293611977
14,D1-TracingDecay,32,30000,131089.14421887
14,D1-TracingDecay,32,33000,131008.424747329
14,D1-TracingDecay,32,36000,129215.928041964
14,D1-TracingDecay,32,39000,129202.010104847
14,D1-TracingDecay,32,42000,126798.110486284
14,D1-TracingDecay,32,45000,124609.908618433
14,D1-TracingDecay,32,48000,117731.412125436
14,D1-TracingDecay,32,51000,107171.000350706
14,D1-TracingDecay,32,54000,104673.847961248
14,D1-TracingDecay,32,57000,104539.302965628
14,D1-TracingDecay,32,60000,98255.7292587063
14,D3-Both,32,3000,359329.511387694
14,D3-Both,32,6000,87632.5407115245
14,D3-Both,32,9000,87594.9822186081
14,D3-Both,32,12000,87561.1860263146
14,D3-Both,32,15000,87556.4833142397
14,D3-Both,32,18000,87250.9695687816
14,D3-Both,32,21000,87242.4535697968
14,D3-Both,32,24000,87228.1282062036
14,D3-Both,32,27000,87216.8213332599
14,D3-Both,32,30000,87216.6161655661
14,D3-Both,32,33000,87205.5348392728
14,D3-Both,32,36000,87205.3988473549
14,D3-Both,32,39000,87204.5735809952
14,D3-Both,32,42000,87201.8325192262
14,D3-Both,32,45000,86983.3622133631
14,D3-Both,32,48000,38980.350048085
14,D3-Both,32,51000,38194.9759214721
14,D3-Both,32,54000,37038.3901029894
14,D3-Both,32,57000,37036.8100050919
14,D3-Both,32,60000,36100.8685099428
14,CLPSO,32,3000,1319121.73032134
14,CLPSO,32,6000,1319121.73032134
14,CLPSO,32,9000,874099.722918849
14,CLPSO,32,12000,821053.958499796
14,CLPSO,32,15000,653692.534695946
14,CLPSO,32,18000,407438.50445138
14,CLPSO,32,21000,398641.850902958
14,CLPSO,32,24000,398641.850902958
14,CLPSO,32,27000,398641.850902958
14,CLPSO,32,30000,398641.850902958
14,CLPSO,32,33000,378377.012983868
14,CLPSO,32,36000,378123.573399192
14,CLPSO,32,39000,378123.573399192
14,CLPSO,32,42000,378123.573399192
14,CLPSO,32,45000,358127.336298186
14,CLPSO,32,48000,358127.336298186
14,CLPSO,32,51000,357187.174563813
14,CLPSO,32,54000,344702.534617831
14,CLPSO,32,57000,344660.823989946
14,CLPSO,32,60000,333336.040408435
14,V1-Reference,33,3000,2368060.24327543
14,V1-Reference,33,6000,1240407.7523231
14,V1-Reference,33,9000,1049368.96586332
14,V1-Reference,33,12000,876299.288331787
14,V1-Reference,33,15000,802807.735351016
14,V1-Reference,33,18000,697015.655370598
14,V1-Reference,33,21000,600922.437144273
14,V1-Reference,33,24000,49246.7403150121
14,V1-Reference,33,27000,19360.4826752622
14,V1-Reference,33,30000,19245.6778659604
14,V1-Reference,33,33000,19209.185801159
14,V1-Reference,33,36000,18729.9805467456
14,V1-Reference,33,39000,18424.4986404575
14,V1-Reference,33,42000,18309.753442901
14,V1-Reference,33,45000,18180.4446131905
14,V1-Reference,33,48000,17933.7313024557
14,V1-Reference,33,51000,17657.8883159965
14,V1-Reference,33,54000,17566.130582648
14,V1-Reference,33,57000,17423.7477780466
14,V1-Reference,33,60000,17370.8523894044
14,D1-TracingDecay,33,3000,1786362.40724982
14,D1-TracingDecay,33,6000,220143.725797975
14,D1-TracingDecay,33,9000,48953.9313638734
14,D1-TracingDecay,33,12000,47007.8904663051
14,D1-TracingDecay,33,15000,46965.7661720115
14,D1-TracingDecay,33,18000,46961.1948067111
14,D1-TracingDecay,33,21000,46868.4356819687
14,D1-TracingDecay,33,24000,42039.7157086744
14,D1-TracingDecay,33,27000,30792.6694933692
14,D1-TracingDecay,33,30000,30693.9382851341
14,D1-TracingDecay,33,33000,24594.0825004912
14,D1-TracingDecay,33,36000,24031.1275767938
14,D1-TracingDecay,33,39000,20644.1739572272
14,D1-TracingDecay,33,42000,20563.4659267017
14,D1-TracingDecay,33,45000,20562.7480022239
14,D1-TracingDecay,33,48000,20534.3059990752
14,D1-TracingDecay,33,51000,20514.5952135756
14,D1-TracingDecay,33,54000,19039.2826867238
14,D1-TracingDecay,33,57000,18901.5147306018
14,D1-TracingDecay,33,60000,14140.1175103496
14,D3-Both,33,3000,368598.396206933
14,D3-Both,33,6000,142421.706183973
14,D3-Both,33,9000,130051.313514131
14,D3-Both,33,12000,129942.694312674
14,D3-Both,33,15000,129566.670116448
14,D3-Both,33,18000,129559.745424712
14,D3-Both,33,21000,127897.443509719
14,D3-Both,33,24000,127502.831412606
14,D3-Both,33,27000,127502.831412606
14,D3-Both,33,30000,121062.697640118
14,D3-Both,33,33000,113499.486584173
14,D3-Both,33,36000,105318.348132949
14,D3-Both,33,39000,80042.5696296964
14,D3-Both,33,42000,59620.9122883027
14,D3-Both,33,45000,58266.6237864645
14,D3-Both,33,48000,55892.8514584311
14,D3-Both,33,51000,24924.408946008
14,D3-Both,33,54000,20759.7504682481
14,D3-Both,33,57000,15379.6294010096
14,D3-Both,33,60000,12084.9052297761
14,CLPSO,33,3000,12100187.4160708
14,CLPSO,33,6000,1191068.07577956
14,CLPSO,33,9000,1163164.74288008
14,CLPSO,33,12000,1107055.9991849
14,CLPSO,33,15000,1046120.55647998
14,CLPSO,33,18000,881052.542435535
14,CLPSO,33,21000,881052.542435535
14,CLPSO,33,24000,881052.542435535
14,CLPSO,33,27000,333970.433602178
14,CLPSO,33,30000,332525.161979325
14,CLPSO,33,33000,332482.09706489
14,CLPSO,33,36000,316329.99264234
14,CLPSO,33,39000,313327.889205359
14,CLPSO,33,42000,313327.889205359
14,CLPSO,33,45000,299838.954469261
14,CLPSO,33,48000,298984.533037054
14,CLPSO,33,51000,213198.621094008
14,CLPSO,33,54000,213198.621094008
14,CLPSO,33,57000,213198.621094008
14,CLPSO,33,60000,213139.383532048
16,V1-Reference,31,3000,1608.54446338062
16,V1-Reference,31,6000,1447.38310203204
16,V1-Reference,31,9000,1375.13450458536
16,V1-Reference,31,12000,1348.16298301946
16,V1-Reference,31,15000,1146.01413618758
16,V1-Reference,31,18000,769.405621593384
16,V1-Reference,31,21000,750.636587502534
16,V1-Reference,31,24000,740.182167111675
16,V1-Reference,31,27000,735.37067783096
16,V1-Reference,31,30000,734.576239124184
16,V1-Reference,31,33000,733.917563036402
16,V1-Reference,31,36000,733.418196982941
16,V1-Reference,31,39000,732.666065481922
16,V1-Reference,31,42000,732.203536893575
16,V1-Reference,31,45000,732.025800200564
16,V1-Reference,31,48000,731.225737034604
16,V1-Reference,31,51000,731.188857346786
16,V1-Reference,31,54000,730.881858004513
16,V1-Reference,31,57000,730.858426944474
16,V1-Reference,31,60000,730.432878297929
16,D1-TracingDecay,31,3000,1505.15076805154
16,D1-TracingDecay,31,6000,1376.31403199243
16,D1-TracingDecay,31,9000,982.878498256388
16,D1-TracingDecay,31,12000,944.171275306969
16,D1-TracingDecay,31,15000,928.126496987739
16,D1-TracingDecay,31,18000,813.021694014278
16,D1-TracingDecay,31,21000,569.248481516386
16,D1-TracingDecay,31,24000,544.231142118169
16,D1-TracingDecay,31,27000,539.090270029329
16,D1-TracingDecay,31,30000,534.265602795428
16,D1-TracingDecay,31,33000,529.778491323372
16,D1-TracingDecay,31,36000,525.068267208859
16,D1-TracingDecay,31,39000,523.873301391061
16,D1-TracingDecay,31,42000,522.897293091434
16,D1-TracingDecay,31,45000,516.762167309022
16,D1-TracingDecay,31,48000,515.142501613289
16,D1-TracingDecay,31,51000,509.041535970288
16,D1-TracingDecay,31,54000,505.001069277336
16,D1-TracingDecay,31,57000,500.946661190224
16,D1-TracingDecay,31,60000,499.933193864957
16,D3-Both,31,3000,1261.04165286957
16,D3-Both,31,6000,1128.01101311784
16,D3-Both,31,9000,1074.17764422688
16,D3-Both,31,12000,1045.78775744054
16,D3-Both,31,15000,966.599420690396
16,D3-Both,31,18000,957.919113928957
16,D3-Both,31,21000,948.178278938357
16,D3-Both,31,24000,931.689395713493
16,D3-Both,31,27000,899.297307010084
16,D3-Both,31,30000,882.093517310391
16,D3-Both,31,33000,862.189625789648
16,D3-Both,31,36000,799.009919658204
16,D3-Both,31,39000,709.697958210769
16,D3-Both,31,42000,680.610173807221
16,D3-Both,31,45000,673.312789098803
16,D3-Both,31,48000,672.586565681473
16,D3-Both,31,51000,668.49668846144
16,D3-Both,31,54000,666.026567409809
16,D3-Both,31,57000,665.628484627985
16,D3-Both,31,60000,665.601392517585
16,CLPSO,31,3000,4087.22362935767
16,CLPSO,31,6000,2654.86443680839
16,CLPSO,31,9000,2654.86443680839
16,CLPSO,31,12000,2272.00475386228
16,CLPSO,31,15000,2272.00475386228
16,CLPSO,31,18000,1621.9626128649
16,CLPSO,31,21000,1621.9626128649
16,CLPSO,31,24000,1593.18998067391
16,CLPSO,31,27000,1558.52651857098
16,CLPSO,31,30000,1276.26606866711
16,CLPSO,31,33000,1213.4431931853
16,CLPSO,31,36000,1211.97612311639
16,CLPSO,31,39000,1150.08845586788
16,CLPSO,31,42000,1150.08845586788
16,CLPSO,31,45000,1019.37995765246
16,CLPSO,31,48000,1019.37995765246
16,CLPSO,31,51000,985.61096498078
16,CLPSO,31,54000,985.61096498078
16,CLPSO,31,57000,966.483994917169
16,CLPSO,31,60000,959.054621466034
16,V1-Reference,32,3000,1463.13339183193
16,V1-Reference,32,6000,1024.65555469276
16,V1-Reference,32,9000,879.054059230501
16,V1-Reference,32,12000,854.927569026432
16,V1-Reference,32,15000,840.652120498444
16,V1-Reference,32,18000,832.634217608399
16,V1-Reference,32,21000,810.300206680677
16,V1-Reference,32,24000,805.23362907221
16,V1-Reference,32,27000,802.702460303793
16,V1-Reference,32,30000,799.90541854028
16,V1-Reference,32,33000,797.703531600368
16,V1-Reference,32,36000,796.62302868499
16,V1-Reference,32,39000,776.212747720625
16,V1-Reference,32,42000,775.379276424254
16,V1-Reference,32,45000,774.085629529809
16,V1-Reference,32,48000,773.731608605603
16,V1-Reference,32,51000,773.116535126301
16,V1-Reference,32,54000,765.953841219894
16,V1-Reference,32,57000,763.417744893782
16,V1-Reference,32,60000,760.437440818145
16,D1-TracingDecay,32,3000,1488.77331995884
16,D1-TracingDecay,32,6000,1433.39904163523
16,D1-TracingDecay,32,9000,1205.02556214738
16,D1-TracingDecay,32,12000,943.525920720375
16,D1-TracingDecay,32,15000,863.875969437264
16,D1-TracingDecay,32,18000,829.738245575998
16,D1-TracingDecay,32,21000,824.553409711273
16,D1-TracingDecay,32,24000,818.660175021259
16,D1-TracingDecay,32,27000,813.358106608906
16,D1-TracingDecay,32,30000,806.396468010563
16,D1-TracingDecay,32,33000,609.543674077782
16,D1-TracingDecay,32,36000,583.855883126875
16,D1-TracingDecay,32,39000,578.272481571503
16,D1-TracingDecay,32,42000,575.146379148875
16,D1-TracingDecay,32,45000,574.849543108747
16,D1-TracingDecay,32,48000,573.828711115345
16,D1-TracingDecay,32,51000,572.88451896672
16,D1-TracingDecay,32,54000,429.511311794244
16,D1-TracingDecay,32,57000,419.616111692615
16,D1-TracingDecay,32,60000,416.539854781644
16,D3-Both,32,3000,1213.00849622956
16,D3-Both,32,6000,1106.04622725877
16,D3-Both,32,9000,1035.10814395935
16,D3-Both,32,12000,1009.35641937101
16,D3-Both,32,15000,959.416257233392
16,D3-Both,32,18000,943.990365188696
16,D3-Both,32,21000,934.484528908146
16,D3-Both,32,24000,928.932471755291
16,D3-Both,32,27000,927.174557759905
16,D3-Both,32,30000,914.130427983587
16,D3-Both,32,33000,906.026944990634
16,D3-Both,32,36000,903.749560026787
16,D3-Both,32,39000,796.306701818454
16,D3-Both,32,42000,789.902954984986
16,D3-Both,32,45000,781.747139756467
16,D3-Both,32,48000,781.339152974025
16,D3-Both,32,51000,776.676887532403
16,D3-Both,32,54000,773.928910109593
16,D3-Both,32,57000,770.739570148833
16,D3-Both,32,60000,770.229073683958
16,CLPSO,32,3000,4137.7356095863
16,CLPSO,32,6000,3387.63606177811
16,CLPSO,32,9000,3059.71373066578
16,CLPSO,32,12000,2384.74191397014
16,CLPSO,32,15000,2175.52021910246
16,CLPSO,32,18000,2145.82741182972
16,CLPSO,32,21000,2142.73671552516
16,CLPSO,32,24000,1893.1643723137
16,CLPSO,32,27000,1655.73595208061
16,CLPSO,32,30000,1655.73595208061
16,CLPSO,32,33000,1655.73595208061
16,CLPSO,32,36000,1655.73595208061
16,CLPSO,32,39000,1655.73595208061
16,CLPSO,32,42000,1621.56921080396
16,CLPSO,32,45000,1554.80292178406
16,CLPSO,32,48000,1554.80292178406
16,CLPSO,32,51000,1455.49312450946
16,CLPSO,32,54000,1425.42662998987
16,CLPSO,32,57000,1348.65495254241
16,CLPSO,32,60000,1348.65495254241
16,V1-Reference,33,3000,1732.62937989062
16,V1-Reference,33,6000,1688.17108378432
16,V1-Reference,33,9000,1636.12739692745
16,V1-Reference,33,12000,1135.75965181991
16,V1-Reference,33,15000,1105.1815613578
16,V1-Reference,33,18000,1076.58255486069
16,V1-Reference,33,21000,1070.58902937948
16,V1-Reference,33,24000,1060.72433608681
16,V1-Reference,33,27000,1054.09136919365
16,V1-Reference,33,30000,1044.07784811697
16,V1-Reference,33,33000,1038.81767009179
16,V1-Reference,33,36000,1037.5223694365
16,V1-Reference,33,39000,1031.32670543043
16,V1-Reference,33,42000,1026.36804932772
16,V1-Reference,33,45000,1024.81857916397
16,V1-Reference,33,48000,1023.07229071305
16,V1-Reference,33,51000,1021.851123139
16,V1-Reference,33,54000,1020.6086312359
16,V1-Reference,33,57000,1020.43602806187
16,V1-Reference,33,60000,1020.16094774064
16,D1-TracingDecay,33,3000,1134.32996632656
16,D1-TracingDecay,33,6000,606.097379803888
16,D1-TracingDecay,33,9000,499.373256417424
16,D1-TracingDecay,33,12000,483.072749195839
16,D1-TracingDecay,33,15000,455.09078850359
16,D1-TracingDecay,33,18000,449.21078769022
16,D1-TracingDecay,33,21000,445.951226993387
16,D1-TracingDecay,33,24000,435.693913647621
16,D1-TracingDecay,33,27000,431.313023243865
16,D1-TracingDecay,33,30000,426.925436079262
16,D1-TracingDecay,33,33000,425.616814434216
16,D1-TracingDecay,33,36000,423.70013440146
16,D1-TracingDecay,33,39000,422.413042009943
16,D1-TracingDecay,33,42000,411.481196930157
16,D1-TracingDecay,33,45000,411.125030277112
16,D1-TracingDecay,33,48000,409.362143273801
16,D1-TracingDecay,33,51000,409.052946278231
16,D1-TracingDecay,33,54000,404.447559612985
16,D1-TracingDecay,33,57000,391.709774050226
16,D1-TracingDecay,33,60000,388.930534765954
16,D3-Both,33,3000,1707.58896614112
16,D3-Both,33,6000,1319.59478564341
16,D3-Both,33,9000,1276.88997320612
16,D3-Both,33,12000,1184.709758574
16,D3-Both,33,15000,1105.95892731991
16,D3-Both,33,18000,1055.78321305821
16,D3-Both,33,21000,1029.55744126733
16,D3-Both,33,24000,985.461544074108
16,D3-Both,33,27000,978.174790610122
16,D3-Both,33,30000,962.76400864601
16,D3-Both,33,33000,953.648446400536
16,D3-Both,33,36000,944.978843043555
16,D3-Both,33,39000,939.239481417315
16,D3-Both,33,42000,929.38163441015
16,D3-Both,33,45000,925.461171006452
16,D3-Both,33,48000,847.927163350977
16,D3-Both,33,51000,784.143055244994
16,D3-Both,33,54000,771.595893240602
16,D3-Both,33,57000,767.872466556676
16,D3-Both,33,60000,766.343059431023
16,CLPSO,33,3000,4132.40569534065
16,CLPSO,33,6000,3445.02903471176
16,CLPSO,33,9000,1656.96596432108
16,CLPSO,33,12000,1656.96596432108
16,CLPSO,33,15000,1656.96596432108
16,CLPSO,33,18000,1656.96596432108
16,CLPSO,33,21000,1656.96596432108
16,CLPSO,33,24000,1588.69563974687
16,CLPSO,33,27000,1509.84630665047
16,CLPSO,33,30000,1483.64785027677
16,CLPSO,33,33000,1406.40342907025
16,CLPSO,33,36000,1229.85940295128
16,CLPSO,33,39000,1100.23081198611
16,CLPSO,33,42000,1095.19666148285
16,CLPSO,33,45000,1095.19666148285
16,CLPSO,33,48000,1066.45045035804
16,CLPSO,33,51000,1003.45715015428
16,CLPSO,33,54000,1003.45715015428
16,CLPSO,33,57000,771.224001987587
16,CLPSO,33,60000,762.650934814129
17,V1-Reference,31,3000,753.12166592899
17,V1-Reference,31,6000,186.629718773044
17,V1-Reference,31,9000,157.996293298528
17,V1-Reference,31,12000,156.49481608677
17,V1-Reference,31,15000,154.554174747833
17,V1-Reference,31,18000,154.105687811936
17,V1-Reference,31,21000,152.038084483869
17,V1-Reference,31,24000,151.091416461388
17,V1-Reference,31,27000,147.427444772677
17,V1-Reference,31,30000,143.385714114074
17,V1-Reference,31,33000,141.746062720449
17,V1-Reference,31,36000,139.571267027635
17,V1-Reference,31,39000,139.571267027635
17,V1-Reference,31,42000,138.921970405684
17,V1-Reference,31,45000,138.921970405684
17,V1-Reference,31,48000,137.741188716692
17,V1-Reference,31,51000,136.599522734282
17,V1-Reference,31,54000,136.295476231624
17,V1-Reference,31,57000,136.084178815107
17,V1-Reference,31,60000,134.693852932847
17,D1-TracingDecay,31,3000,766.730412041604
17,D1-TracingDecay,31,6000,478.925526866044
17,D1-TracingDecay,31,9000,464.939930874357
17,D1-TracingDecay,31,12000,156.23898141722
17,D1-TracingDecay,31,15000,131.927304667553
17,D1-TracingDecay,31,18000,121.955008651857
17,D1-TracingDecay,31,21000,113.09922075347
17,D1-TracingDecay,31,24000,106.101381283223
17,D1-TracingDecay,31,27000,104.354123475794
17,D1-TracingDecay,31,30000,103.415402669881
17,D1-TracingDecay,31,33000,103.415402669881
17,D1-TracingDecay,31,36000,101.337339104717
17,D1-TracingDecay,31,39000,100.824885168017
17,D1-TracingDecay,31,42000,100.824885168017
17,D1-TracingDecay,31,45000,99.7426719798866
17,D1-TracingDecay,31,48000,98.5663820136897
17,D1-TracingDecay,31,51000,97.9791247035885
17,D1-TracingDecay,31,54000,96.3350654147878
17,D1-TracingDecay,31,57000,95.380476049701
17,D1-TracingDecay,31,60000,94.0764278049671
17,D3-Both,31,3000,397.730158522559
17,D3-Both,31,6000,390.183241885924
17,D3-Both,31,9000,365.657953893543
17,D3-Both,31,12000,354.625083585698
17,D3-Both,31,15000,314.939907018262
17,D3-Both,31,18000,305.149595142497
17,D3-Both,31,21000,288.160607670628
17,D3-Both,31,24000,280.227018625803
17,D3-Both,31,27000,279.890108193012
17,D3-Both,31,30000,276.780213103915
17,D3-Both,31,33000,272.164273625477
17,D3-Both,31,36000,271.486567211739
17,D3-Both,31,39000,269.759228701337
17,D3-Both,31,42000,269.351127662027
17,D3-Both,31,45000,266.422631285046
17,D3-Both,31,48000,265.290572041036
17,D3-Both,31,51000,263.969818627156
17,D3-Both,31,54000,263.159550128983
17,D3-Both,31,57000,261.020298934498
17,D3-Both,31,60000,260.596688652702
17,CLPSO,31,3000,1598.40295327197
17,CLPSO,31,6000,1514.6825378328
17,CLPSO,31,9000,1514.6825378328
17,CLPSO,31,12000,1438.3095887573
17,CLPSO,31,15000,1217.86637218454
17,CLPSO,31,18000,585.256431903974
17,CLPSO,31,21000,585.256431903974
17,CLPSO,31,24000,585.256431903974
17,CLPSO,31,27000,585.256431903974
17,CLPSO,31,30000,585.256431903974
17,CLPSO,31,33000,584.925209536461
17,CLPSO,31,36000,463.775007058263
17,CLPSO,31,39000,463.775007058263
17,CLPSO,31,42000,463.775007058263
17,CLPSO,31,45000,422.465759024844
17,CLPSO,31,48000,404.044121885996
17,CLPSO,31,51000,359.712304609788
17,CLPSO,31,54000,359.712304609788
17,CLPSO,31,57000,359.712304609788
17,CLPSO,31,60000,359.712304609788
17,V1-Reference,32,3000,486.691058091193
17,V1-Reference,32,6000,477.218041596499
17,V1-Reference,32,9000,474.080727953676
17,V1-Reference,32,12000,460.750154761412
17,V1-Reference,32,15000,460.750154761412
17,V1-Reference,32,18000,460.750154761412
17,V1-Reference,32,21000,460.561943824147
17,V1-Reference,32,24000,460.561943824147
17,V1-Reference,32,27000,457.911036483291
17,V1-Reference,32,30000,457.493492614362
17,V1-Reference,32,33000,457.493492614362
17,V1-Reference,32,36000,457.423931430305
17,V1-Reference,32,39000,457.423931430305
17,V1-Reference,32,42000,457.063121747919
17,V1-Reference,32,45000,457.063121747919
17,V1-Reference,32,48000,457.063121747919
17,V1-Reference,32,51000,456.287550674107
17,V1-Reference,32,54000,455.376103475974
17,V1-Reference,32,57000,453.22437203792
17,V1-Reference,32,60000,452.048333086223
17,D1-TracingDecay,32,3000,844.9982047758
17,D1-TracingDecay,32,6000,611.256176879037
17,D1-TracingDecay,32,9000,509.802274837003
17,D1-TracingDecay,32,12000,489.832310067664
17,D1-TracingDecay,32,15000,239.609594306627
17,D1-TracingDecay,32,18000,208.528239107546
17,D1-TracingDecay,32,21000,199.116415009138
17,D1-TracingDecay,32,24000,197.893129290636
17,D1-TracingDecay,32,27000,193.354263063058
17,D1-TracingDecay,32,30000,190.96478818053
17,D1-TracingDecay,32,33000,190.96478818053
17,D1-TracingDecay,32,36000,190.96478818053
17,D1-TracingDecay,32,39000,190.591777140367
17,D1-TracingDecay,32,42000,189.117455334726
17,D1-TracingDecay,32,45000,187.462530692157
17,D1-TracingDecay,32,48000,185.98538537501
17,D1-TracingDecay,32,51000,184.949401572688
17,D1-TracingDecay,32,54000,184.346699204325
17,D1-TracingDecay,32,57000,184.174070234471
17,D1-TracingDecay,32,60000,184.017436023078
17,D3-Both,32,3000,497.052995866693
17,D3-Both,32,6000,341.54561947613
17,D3-Both,32,9000,281.002180696612
17,D3-Both,32,12000,258.065614314968
17,D3-Both,32,15000,255.762508363966
17,D3-Both,32,18000,255.762508363966
17,D3-Both,32,21000,253.877762174157
17,D3-Both,32,24000,249.302762774035
17,D3-Both,32,27000,242.856661201416
17,D3-Both,32,30000,239.734269577331
17,D3-Both,32,33000,239.734269577331
17,D3-Both,32,36000,237.97678597581
17,D3-Both,32,39000,236.323484600784
17,D3-Both,32,42000,233.711517399958
17,D3-Both,32,45000,230.927422560239
17,D3-Both,32,48000,230.927422560239
17,D3-Both,32,51000,229.400614094015
17,D3-Both,32,54000,228.365312098238
17,D3-Both,32,57000,226.692727012843
17,D3-Both,32,60000,225.859106721543
17,CLPSO,32,3000,1596.38716305746
17,CLPSO,32,6000,1303.98924209316
17,CLPSO,32,9000,1253.45464778281
17,CLPSO,32,12000,1140.77818032805
17,CLPSO,32,15000,1140.77818032805
17,CLPSO,32,18000,1140.77818032805
17,CLPSO,32,21000,823.787527189622
17,CLPSO,32,24000,816.417137166313
17,CLPSO,32,27000,701.621659610183
17,CLPSO,32,30000,530.149575580675
17,CLPSO,32,33000,519.245462328105
17,CLPSO,32,36000,464.056953425184
17,CLPSO,32,39000,456.005265375861
17,CLPSO,32,42000,447.266305374235
17,CLPSO,32,45000,423.659389274838
17,CLPSO,32,48000,423.659389274838
17,CLPSO,32,51000,417.799958774087
17,CLPSO,32,54000,407.77720957772
17,CLPSO,32,57000,396.351202955579
17,CLPSO,32,60000,396.351202955579
17,V1-Reference,33,3000,940.054676379459
17,V1-Reference,33,6000,485.900376873943
17,V1-Reference,33,9000,469.089747053759
17,V1-Reference,33,12000,430.551307090355
17,V1-Reference,33,15000,248.349405794024
17,V1-Reference,33,18000,227.524170043226
17,V1-Reference,33,21000,227.524170043226
17,V1-Reference,33,24000,221.189962188317
17,V1-Reference,33,27000,220.184120044073
17,V1-Reference,33,30000,220.184120044073
17,V1-Reference,33,33000,217.427666491138
17,V1-Reference,33,36000,215.556938042582
17,V1-Reference,33,39000,214.777750630548
17,V1-Reference,33,42000,214.777750630548
17,V1-Reference,33,45000,214.777750630548
17,V1-Reference,33,48000,214.777750630548
17,V1-Reference,33,51000,213.782993261057
17,V1-Reference,33,54000,213.733326224794
17,V1-Reference,33,57000,211.253198976362
17,V1-Reference,33,60000,210.483859591671
17,D1-TracingDecay,33,3000,511.987435375566
17,D1-TracingDecay,33,6000,432.040868504023
17,D1-TracingDecay,33,9000,430.977932198872
17,D1-TracingDecay,33,12000,430.5264999536
17,D1-TracingDecay,33,15000,430.5264999536
17,D1-TracingDecay,33,18000,429.0255715582
17,D1-TracingDecay,33,21000,427.152239641326
17,D1-TracingDecay,33,24000,427.152239641326
17,D1-TracingDecay,33,27000,423.922448333357
17,D1-TracingDecay,33,30000,423.425953675786
17,D1-TracingDecay,33,33000,423.125153882045
17,D1-TracingDecay,33,36000,422.217790545005
17,D1-TracingDecay,33,39000,422.043977674591
17,D1-TracingDecay,33,42000,422.043977674591
17,D1-TracingDecay,33,45000,421.539353846783
17,D1-TracingDecay,33,48000,420.516379525496
17,D1-TracingDecay,33,51000,419.227689416313
17,D1-TracingDecay,33,54000,417.695805539503
17,D1-TracingDecay,33,57000,417.392520979021
17,D1-TracingDecay,33,60000,416.981998680194
17,D3-Both,33,3000,1022.78704826525
17,D3-Both,33,6000,938.274469795023
17,D3-Both,33,9000,930.686814679106
17,D3-Both,33,12000,673.811829950674
17,D3-Both,33,15000,634.492498892591
17,D3-Both,33,18000,581.289600115419
17,D3-Both,33,21000,560.311156098227
17,D3-Both,33,24000,551.380805475459
17,D3-Both,33,27000,549.562473436634
17,D3-Both,33,30000,544.372173155394
17,D3-Both,33,33000,544.285858605988
17,D3-Both,33,36000,543.003503593758
17,D3-Both,33,39000,541.097194854613
17,D3-Both,33,42000,538.977785127802
17,D3-Both,33,45000,537.011083195132
17,D3-Both,33,48000,535.117218216756
17,D3-Both,33,51000,532.334841975235
17,D3-Both,33,54000,530.58505028731
17,D3-Both,33,57000,529.896451775219
17,D3-Both,33,60000,529.71866887477
17,CLPSO,33,3000,2701.39817448156
17,CLPSO,33,6000,1671.07490276586
17,CLPSO,33,9000,1391.56074664373
17,CLPSO,33,12000,1183.16040747105
17,CLPSO,33,15000,1160.43047510203
17,CLPSO,33,18000,1101.18349106735
17,CLPSO,33,21000,935.855919415129
17,CLPSO,33,24000,775.636417668195
17,CLPSO,33,27000,743.151764406004
17,CLPSO,33,30000,690.980354196126
17,CLPSO,33,33000,586.861888897914
17,CLPSO,33,36000,586.861888897914
17,CLPSO,33,39000,508.768467023253
17,CLPSO,33,42000,431.895090679318
17,CLPSO,33,45000,361.092434005995
17,CLPSO,33,48000,321.499831534842
17,CLPSO,33,51000,317.846756637717
17,CLPSO,33,54000,302.719105058307
17,CLPSO,33,57000,283.024326815854
17,CLPSO,33,60000,280.269060568719
18,V1-Reference,31,3000,10851141.9246958
18,V1-Reference,31,6000,3979101.08800687
18,V1-Reference,31,9000,2354397.17729286
18,V1-Reference,31,12000,2247985.64240753
18,V1-Reference,31,15000,1072656.42210578
18,V1-Reference,31,18000,870145.762562139
18,V1-Reference,31,21000,728455.879627205
18,V1-Reference,31,24000,681545.192067952
18,V1-Reference,31,27000,650682.910003505
18,V1-Reference,31,30000,636732.81740143
18,V1-Reference,31,33000,592159.867294172
18,V1-Reference,31,36000,592150.877232567
18,V1-Reference,31,39000,539225.099165165
18,V1-Reference,31,42000,534040.228415806
18,V1-Reference,31,45000,529165.206362488
18,V1-Reference,31,48000,529155.796164415
18,V1-Reference,31,51000,528642.18255059
18,V1-Reference,31,54000,525947.621168225
18,V1-Reference,31,57000,525947.621168225
18,V1-Reference,31,60000,523178.327272591
18,D1-TracingDecay,31,3000,1054442.96477189
18,D1-TracingDecay,31,6000,345431.246014609
18,D1-TracingDecay,31,9000,227476.333086516
18,D1-TracingDecay,31,12000,207999.511359969
18,D1-TracingDecay,31,15000,166773.024974492
18,D1-TracingDecay,31,18000,146562.471850864
18,D1-TracingDecay,31,21000,143720.273743961
18,D1-TracingDecay,31,24000,137015.964217549
18,D1-TracingDecay,31,27000,131337.958871678
18,D1-TracingDecay,31,30000,128253.825311984
18,D1-TracingDecay,31,33000,127372.747254756
18,D1-TracingDecay,31,36000,126708.95520283
18,D1-TracingDecay,31,39000,124077.236742995
18,D1-TracingDecay,31,42000,124075.529841721
18,D1-TracingDecay,31,45000,116338.387589372
18,D1-TracingDecay,31,48000,114986.111794105
18,D1-TracingDecay,31,51000,114972.315419248
18,D1-TracingDecay,31,54000,114972.24812359
18,D1-TracingDecay,31,57000,114971.671933926
18,D1-TracingDecay,31,60000,80814.2936607413
18,D3-Both,31,3000,2149377.25237243
18,D3-Both,31,6000,1043377.57467193
18,D3-Both,31,9000,524042.337322934
18,D3-Both,31,12000,522093.472999437
18,D3-Both,31,15000,437510.015051738
18,D3-Both,31,18000,316625.600639951
18,D3-Both,31,21000,128183.273607159
18,D3-Both,31,24000,127337.273530415
18,D3-Both,31,27000,121733.451415899
18,D3-Both,31,30000,121669.793438987
18,D3-Both,31,33000,84287.1170307364
18,D3-Both,31,36000,75975.5298038416
18,D3-Both,31,39000,64557.0817366337
18,D3-Both,31,42000,63688.9755195623
18,D3-Both,31,45000,59879.4222054472
18,D3-Both,31,48000,59242.6554437496
18,D3-Both,31,51000,59158.585115556
18,D3-Both,31,54000,51401.0770482831
18,D3-Both,31,57000,43465.8107067742
18,D3-Both,31,60000,43458.4014694297
18,CLPSO,31,3000,21415839.8160577
18,CLPSO,31,6000,12352728.5670402
18,CLPSO,31,9000,12352728.5670402
18,CLPSO,31,12000,5823558.28938161
18,CLPSO,31,15000,1647466.41758949
18,CLPSO,31,18000,1645832.09412939
18,CLPSO,31,21000,1645830.55850344
18,CLPSO,31,24000,1645830.55850344
18,CLPSO,31,27000,1645830.55850344
18,CLPSO,31,30000,1645830.55850344
18,CLPSO,31,33000,1645830.55850344
18,CLPSO,31,36000,1632641.79923682
18,CLPSO,31,39000,1632628.28219172
18,CLPSO,31,42000,1627517.17137436
18,CLPSO,31,45000,1189164.66443386
18,CLPSO,31,48000,1069135.58335584
18,CLPSO,31,51000,1069061.97963883
18,CLPSO,31,54000,635649.013082411
18,CLPSO,31,57000,635648.134922829
18,CLPSO,31,60000,635648.134922829
18,V1-Reference,32,3000,2686650.38244371
18,V1-Reference,32,6000,566495.1876455
18,V1-Reference,32,9000,520821.444668926
18,V1-Reference,32,12000,514827.663815173
18,V1-Reference,32,15000,511662.161592927
18,V1-Reference,32,18000,485528.304174632
18,V1-Reference,32,21000,452071.141716746
18,V1-Reference,32,24000,450401.883561856
18,V1-Reference,32,27000,450380.654425008
18,V1-Reference,32,30000,450364.477340547
18,V1-Reference,32,33000,450364.477340547
18,V1-Reference,32,36000,450362.877030932
18,V1-Reference,32,39000,444211.08429572
18,V1-Reference,32,42000,441535.746201076
18,V1-Reference,32,45000,441535.746201076
18,V1-Reference,32,48000,441533.907443125
18,V1-Reference,32,51000,441415.230499215
18,V1-Reference,32,54000,441183.476842362
18,V1-Reference,32,57000,441117.031308424
18,V1-Reference,32,60000,440909.053810912
18,D1-TracingDecay,32,3000,6517183.80699407
18,D1-TracingDecay,32,6000,1402115.60500329
18,D1-TracingDecay,32,9000,717631.320934141
18,D1-TracingDecay,32,12000,700262.402159819
18,D1-TracingDecay,32,15000,700261.156733474
18,D1-TracingDecay,32,18000,519468.863223563
18,D1-TracingDecay,32,21000,344098.445226811
18,D1-TracingDecay,32,24000,309965.809329075
18,D1-TracingDecay,32,27000,233516.863964152
18,D1-TracingDecay,32,30000,161074.691671232
18,D1-TracingDecay,32,33000,152825.111258057
18,D1-TracingDecay,32,36000,110208.275029696
18,D1-TracingDecay,32,39000,108556.635064421
18,D1-TracingDecay,32,42000,106238.814092435
18,D1-TracingDecay,32,45000,104365.145104574
18,D1-TracingDecay,32,48000,104129.393722387
18,D1-TracingDecay,32,51000,103982.036452873
18,D1-TracingDecay,32,54000,103311.120339399
18,D1-TracingDecay,32,57000,103276.046246753
18,D1-TracingDecay,32,60000,98862.9309388121
18,D3-Both,32,3000,2695104.05136184
18,D3-Both,32,6000,1391554.73417631
18,D3-Both,32,9000,1067043.66543878
18,D3-Both,32,12000,831635.774747583
18,D3-Both,32,15000,831583.682611195
18,D3-Both,32,18000,831548.397183607
18,D3-Both,32,21000,804075.743318013
18,D3-Both,32,24000,798899.224322523
18,D3-Both,32,27000,798891.044742037
18,D3-Both,32,30000,798185.597029366
18,D3-Both,32,33000,779660.809794573
18,D3-Both,32,36000,779655.810266907
18,D3-Both,32,39000,779641.406919873
18,D3-Both,32,42000,773403.408455044
18,D3-Both,32,45000,758345.226679935
18,D3-Both,32,48000,753424.52438415
18,D3-Both,32,51000,745693.910486871
18,D3-Both,32,54000,743495.737932126
18,D3-Both,32,57000,739285.30142377
18,D3-Both,32,60000,735281.165671509
18,CLPSO,32,3000,22244287.8076444
18,CLPSO,32,6000,16531312.2570055
18,CLPSO,32,9000,6260047.34161617
18,CLPSO,32,12000,6260047.34161617
18,CLPSO,32,15000,6260047.34161617
18,CLPSO,32,18000,6260047.34161617
18,CLPSO,32,21000,6260047.34161617
18,CLPSO,32,24000,5785275.84212886
18,CLPSO,32,27000,5785275.84212886
18,CLPSO,32,30000,4921706.70015933
18,CLPSO,32,33000,4921665.65249521
18,CLPSO,32,36000,4921665.65249521
18,CLPSO,32,39000,2810531.80482876
18,CLPSO,32,42000,2810531.78898585
18,CLPSO,32,45000,2709115.64159187
18,CLPSO,32,48000,2425319.38010455
18,CLPSO,32,51000,2260358.91133987
18,CLPSO,32,54000,1957494.63285547
18,CLPSO,32,57000,1957464.27056535
18,CLPSO,32,60000,968809.238349613
18,V1-Reference,33,3000,2475472.51427986
18,V1-Reference,33,6000,1808602.69126047
18,V1-Reference,33,9000,1482774.49049013
18,V1-Reference,33,12000,1475063.83685651
18,V1-Reference,33,15000,1474976.80360743
18,V1-Reference,33,18000,1470513.91773774
18,V1-Reference,33,21000,1107958.00527896
18,V1-Reference,33,24000,1104517.64773848
18,V1-Reference,33,27000,1100270.34412217
18,V1-Reference,33,30000,1078867.20173692
18,V1-Reference,33,33000,1077710.83949648
18,V1-Reference,33,36000,1007624.36209208
18,V1-Reference,33,39000,987408.731373781
18,V1-Reference,33,42000,955741.936587267
18,V1-Reference,33,45000,947608.813628886
18,V1-Reference,33,48000,897365.538473468
18,V1-Reference,33,51000,865328.267442679
18,V1-Reference,33,54000,860527.558779794
18,V1-Reference,33,57000,853612.006822443
18,V1-Reference,33,60000,848435.30068164
18,D1-TracingDecay,33,3000,6079923.80180797
18,D1-TracingDecay,33,6000,4824765.28091316
18,D1-TracingDecay,33,9000,4473799.5270488
18,D1-TracingDecay,33,12000,2706964.02618252
18,D1-TracingDecay,33,15000,1510566.98306522
18,D1-TracingDecay,33,18000,1432297.57212781
18,D1-TracingDecay,33,21000,1359385.32617627
18,D1-TracingDecay,33,24000,1328578.64533077
18,D1-TracingDecay,33,27000,1327704.32936297
18,D1-TracingDecay,33,30000,1323817.3246089
18,D1-TracingDecay,33,33000,1299323.45516911
18,D1-TracingDecay,33,36000,701842.478158151
18,D1-TracingDecay,33,39000,643860.463334593
18,D1-TracingDecay,33,42000,577017.238235929
18,D1-TracingDecay,33,45000,573559.982714605
18,D1-TracingDecay,33,48000,550264.717280789
18,D1-TracingDecay,33,51000,548717.023812491
18,D1-TracingDecay,33,54000,545410.610409088
18,D1-TracingDecay,33,57000,545073.477015554
18,D1-TracingDecay,33,60000,543898.553271097
18,D3-Both,33,3000,1939771.10384537
18,D3-Both,33,6000,1617227.14229026
18,D3-Both,33,9000,1537214.40796798
18,D3-Both,33,12000,1044076.68880134
18,D3-Both,33,15000,451697.253110688
18,D3-Both,33,18000,374325.580347115
18,D3-Both,33,21000,308628.935621875
18,D3-Both,33,24000,291867.760405684
18,D3-Both,33,27000,276812.543987458
18,D3-Both,33,30000,275629.004015505
18,D3-Both,33,33000,271954.109899161
18,D3-Both,33,36000,271950.311954412
18,D3-Both,33,39000,268735.294602072
18,D3-Both,33,42000,235400.746613744
18,D3-Both,33,45000,230021.010871842
18,D3-Both,33,48000,225179.909989017
18,D3-Both,33,51000,225154.821408792
18,D3-Both,33,54000,222344.770951422
18,D3-Both,33,57000,220542.413352456
18,D3-Both,33,60000,219807.370423183
18,CLPSO,33,3000,45250840.9836818
18,CLPSO,33,6000,16223085.9441369
18,CLPSO,33,9000,8087783.89861111
18,CLPSO,33,12000,8087783.89861111
18,CLPSO,33,15000,7746557.56337747
18,CLPSO,33,18000,7746557.56337747
18,CLPSO,33,21000,7746557.56337747
18,CLPSO,33,24000,6561335.2277274
18,CLPSO,33,27000,2171161.84625835
18,CLPSO,33,30000,2171161.84625835
18,CLPSO,33,33000,1780132.21484966
18,CLPSO,33,36000,1580253.24537994
18,CLPSO,33,39000,1579304.09451746
18,CLPSO,33,42000,1493990.83983302
18,CLPSO,33,45000,536093.974559093
18,CLPSO,33,48000,529842.766104434
18,CLPSO,33,51000,529842.766104434
18,CLPSO,33,54000,521513.526276232
18,CLPSO,33,57000,521513.526276232
18,CLPSO,33,60000,519295.287425314
20,V1-Reference,31,3000,987.204827837005
20,V1-Reference,31,6000,804.223631681474
20,V1-Reference,31,9000,717.041382100643
20,V1-Reference,31,12000,691.943379216343
20,V1-Reference,31,15000,683.76655458553
20,V1-Reference,31,18000,680.435319414684
20,V1-Reference,31,21000,678.047001923733
20,V1-Reference,31,24000,675.221719983093
20,V1-Reference,31,27000,674.792833725819
20,V1-Reference,31,30000,673.864056903936
20,V1-Reference,31,33000,673.252697833652
20,V1-Reference,31,36000,673.252697833652
20,V1-Reference,31,39000,672.737352193034
20,V1-Reference,31,42000,672.737352193034
20,V1-Reference,31,45000,672.737352193034
20,V1-Reference,31,48000,672.587407066492
20,V1-Reference,31,51000,672.332596233961
20,V1-Reference,31,54000,672.298327611929
20,V1-Reference,31,57000,672.233415193189
20,V1-Reference,31,60000,671.439024852325
20,D1-TracingDecay,31,3000,673.749340247587
20,D1-TracingDecay,31,6000,629.301159174013
20,D1-TracingDecay,31,9000,492.335101782037
20,D1-TracingDecay,31,12000,456.859407592919
20,D1-TracingDecay,31,15000,447.176912763852
20,D1-TracingDecay,31,18000,436.464932846201
20,D1-TracingDecay,31,21000,431.511375201277
20,D1-TracingDecay,31,24000,430.606837710318
20,D1-TracingDecay,31,27000,429.839125085138
20,D1-TracingDecay,31,30000,428.588301819104
20,D1-TracingDecay,31,33000,426.796532877295
20,D1-TracingDecay,31,36000,426.796532877295
20,D1-TracingDecay,31,39000,426.557319189268
20,D1-TracingDecay,31,42000,426.083762600219
20,D1-TracingDecay,31,45000,426.083762600219
20,D1-TracingDecay,31,48000,425.686932710394
20,D1-TracingDecay,31,51000,425.686932710394
20,D1-TracingDecay,31,54000,424.153764056171
20,D1-TracingDecay,31,57000,423.043721896425
20,D1-TracingDecay,31,60000,422.072200189191
20,D3-Both,31,3000,1022.04200781058
20,D3-Both,31,6000,822.860953344824
20,D3-Both,31,9000,550.79134751036
20,D3-Both,31,12000,364.335763999813
20,D3-Both,31,15000,356.662584607438
20,D3-Both,31,18000,338.05258876083
20,D3-Both,31,21000,323.63358071297
20,D3-Both,31,24000,315.713868265344
20,D3-Both,31,27000,312.995742392146
20,D3-Both,31,30000,310.29915574278
20,D3-Both,31,33000,298.803352374716
20,D3-Both,31,36000,296.335823338889
20,D3-Both,31,39000,296.335823338889
20,D3-Both,31,42000,295.889907463397
20,D3-Both,31,45000,295.735490581482
20,D3-Both,31,48000,295.333326935813
20,D3-Both,31,51000,292.687212227613
20,D3-Both,31,54000,289.346133399091
20,D3-Both,31,57000,288.577585771414
20,D3-Both,31,60000,288.299366455457
20,CLPSO,31,3000,1218.11959875587
20,CLPSO,31,6000,902.119306624508
20,CLPSO,31,9000,684.992764766338
20,CLPSO,31,12000,684.992764766338
20,CLPSO,31,15000,684.992764766338
20,CLPSO,31,18000,684.992764766338
20,CLPSO,31,21000,604.288749811771
20,CLPSO,31,24000,595.929442369329
20,CLPSO,31,27000,563.173158470356
20,CLPSO,31,30000,536.499528021779
20,CLPSO,31,33000,476.558878509491
20,CLPSO,31,36000,476.187393000286
20,CLPSO,31,39000,410.43969735487
20,CLPSO,31,42000,327.767222515502
20,CLPSO,31,45000,327.711973047385
20,CLPSO,31,48000,327.711973047385
20,CLPSO,31,51000,320.240851973983
20,CLPSO,31,54000,302.865771966313
20,CLPSO,31,57000,277.275175500006
20,CLPSO,31,60000,251.417097005983
20,V1-Reference,32,3000,432.778105168554
20,V1-Reference,32,6000,386.573448763951
20,V1-Reference,32,9000,371.52948206751
20,V1-Reference,32,12000,362.299275841166
20,V1-Reference,32,15000,360.428847694939
20,V1-Reference,32,18000,357.057049103871
20,V1-Reference,32,21000,354.514923277949
20,V1-Reference,32,24000,354.514923277949
20,V1-Reference,32,27000,352.591950197004
20,V1-Reference,32,30000,350.888976534605
20,V1-Reference,32,33000,348.222291937894
20,V1-Reference,32,36000,348.11597925867
20,V1-Reference,32,39000,348.11597925867
20,V1-Reference,32,42000,347.853682457014
20,V1-Reference,32,45000,346.747798956917
20,V1-Reference,32,48000,346.186807403848
20,V1-Reference,32,51000,346.186807403848
20,V1-Reference,32,54000,344.495993402672
20,V1-Reference,32,57000,344.16407346504
20,V1-Reference,32,60000,342.599359788244
20,D1-TracingDecay,32,3000,444.753809111267
20,D1-TracingDecay,32,6000,427.928190291027
20,D1-TracingDecay,32,9000,415.433728130757
20,D1-TracingDecay,32,12000,413.682713268754
20,D1-TracingDecay,32,15000,399.84532542979
20,D1-TracingDecay,32,18000,390.003765690243
20,D1-TracingDecay,32,21000,386.77428834298
20,D1-TracingDecay,32,24000,384.42296637067
20,D1-TracingDecay,32,27000,372.288610626993
20,D1-TracingDecay,32,30000,368.138032924271
20,D1-TracingDecay,32,33000,367.677721755456
20,D1-TracingDecay,32,36000,367.10349635421
20,D1-TracingDecay,32,39000,366.44445237593
20,D1-TracingDecay,32,42000,366.165279117509
20,D1-TracingDecay,32,45000,366.165279117509
20,D1-TracingDecay,32,48000,365.170075619239
20,D1-TracingDecay,32,51000,364.855304909528
20,D1-TracingDecay,32,54000,363.826474702201
20,D1-TracingDecay,32,57000,363.414364625272
20,D1-TracingDecay,32,60000,363.014291617049
20,D3-Both,32,3000,540.314506354157
20,D3-Both,32,6000,510.400363577546
20,D3-Both,32,9000,500.116092829785
20,D3-Both,32,12000,495.544985003741
20,D3-Both,32,15000,477.388466399194
20,D3-Both,32,18000,447.783285861791
20,D3-Both,32,21000,447.783285861791
20,D3-Both,32,24000,435.025631962739
20,D3-Both,32,27000,417.304354332677
20,D3-Both,32,30000,393.951662691407
20,D3-Both,32,33000,383.973249572916
20,D3-Both,32,36000,378.798313274016
20,D3-Both,32,39000,374.403929131709
20,D3-Both,32,42000,374.011164869782
20,D3-Both,32,45000,372.367957512136
20,D3-Both,32,48000,236.634459330684
20,D3-Both,32,51000,205.049005617725
20,D3-Both,32,54000,187.236533595826
20,D3-Both,32,57000,157.531561258546
20,D3-Both,32,60000,153.830452320507
20,CLPSO,32,3000,938.969001237394
20,CLPSO,32,6000,929.358671988879
20,CLPSO,32,9000,660.181692216795
20,CLPSO,32,12000,660.181692216795
20,CLPSO,32,15000,660.181692216795
20,CLPSO,32,18000,660.181692216795
20,CLPSO,32,21000,660.181692216795
20,CLPSO,32,24000,660.181692216795
20,CLPSO,32,27000,630.62302188587
20,CLPSO,32,30000,550.849305274047
20,CLPSO,32,33000,550.849305274047
20,CLPSO,32,36000,550.849305274047
20,CLPSO,32,39000,550.849305274047
20,CLPSO,32,42000,515.063704354271
20,CLPSO,32,45000,474.548899415463
20,CLPSO,32,48000,427.399971450668
20,CLPSO,32,51000,423.971331897354
20,CLPSO,32,54000,423.181666958856
20,CLPSO,32,57000,423.181666958856
20,CLPSO,32,60000,340.139556056654
20,V1-Reference,33,3000,707.6681065066
20,V1-Reference,33,6000,567.95392973964
20,V1-Reference,33,9000,540.196803550968
20,V1-Reference,33,12000,528.856028719636
20,V1-Reference,33,15000,524.649269358968
20,V1-Reference,33,18000,524.649269358968
20,V1-Reference,33,21000,524.649269358968
20,V1-Reference,33,24000,520.320482458319
20,V1-Reference,33,27000,520.320482458319
20,V1-Reference,33,30000,520.320482458319
20,V1-Reference,33,33000,495.874899251784
20,V1-Reference,33,36000,493.368053912561
20,V1-Reference,33,39000,487.527556363942
20,V1-Reference,33,42000,472.667079138218
20,V1-Reference,33,45000,471.596614481859
20,V1-Reference,33,48000,469.901142182798
20,V1-Reference,33,51000,468.892976393926
20,V1-Reference,33,54000,468.892976393926
20,V1-Reference,33,57000,468.044610858854
20,V1-Reference,33,60000,464.441130577095
20,D1-TracingDecay,33,3000,707.822913703183
20,D1-TracingDecay,33,6000,687.571220056278
20,D1-TracingDecay,33,9000,632.719490724255
20,D1-TracingDecay,33,12000,613.86592403528
20,D1-TracingDecay,33,15000,603.191731350058
20,D1-TracingDecay,33,18000,506.65418864634
20,D1-TracingDecay,33,21000,466.31287349031
20,D1-TracingDecay,33,24000,458.171004304337
20,D1-TracingDecay,33,27000,456.525520158812
20,D1-TracingDecay,33,30000,455.987161945782
20,D1-TracingDecay,33,33000,455.987161945782
20,D1-TracingDecay,33,36000,452.18846586118
20,D1-TracingDecay,33,39000,448.923964878818
20,D1-TracingDecay,33,42000,447.339516918366
20,D1-TracingDecay,33,45000,446.999254382389
20,D1-TracingDecay,33,48000,446.409473326762
20,D1-TracingDecay,33,51000,444.992423403985
20,D1-TracingDecay,33,54000,444.295091115753
20,D1-TracingDecay,33,57000,444.091505083229
20,D1-TracingDecay,33,60000,443.994584076405
20,D3-Both,33,3000,410.092474443416
20,D3-Both,33,6000,305.374701698835
20,D3-Both,33,9000,262.374544770121
20,D3-Both,33,12000,242.307006404012
20,D3-Both,33,15000,232.23330428005
20,D3-Both,33,18000,220.598406822551
20,D3-Both,33,21000,220.598406822551
20,D3-Both,33,24000,219.652103553357
20,D3-Both,33,27000,217.707555808371
20,D3-Both,33,30000,215.31640227549
20,D3-Both,33,33000,215.31640227549
20,D3-Both,33,36000,207.788570840378
20,D3-Both,33,39000,207.627055944933
20,D3-Both,33,42000,207.627055944933
20,D3-Both,33,45000,207.085486076155
20,D3-Both,33,48000,206.082935859524
20,D3-Both,33,51000,202.632875561582
20,D3-Both,33,54000,200.750061562945
20,D3-Both,33,57000,200.215044766465
20,D3-Both,33,60000,198.874826538179
20,CLPSO,33,3000,1206.63168093886
20,CLPSO,33,6000,1206.63168093886
20,CLPSO,33,9000,1110.08043153524
20,CLPSO,33,12000,909.333271722564
20,CLPSO,33,15000,780.41510987164
20,CLPSO,33,18000,752.754454644837
20,CLPSO,33,21000,709.320150206043
20,CLPSO,33,24000,516.482786451923
20,CLPSO,33,27000,509.091141011273
20,CLPSO,33,30000,509.091141011273
20,CLPSO,33,33000,509.091141011273
20,CLPSO,33,36000,506.130124428454
20,CLPSO,33,39000,506.130124428454
20,CLPSO,33,42000,506.130124428454
20,CLPSO,33,45000,469.613499015338
20,CLPSO,33,48000,469.613499015338
20,CLPSO,33,51000,462.856632766359
20,CLPSO,33,54000,455.475364547381
20,CLPSO,33,57000,443.660962627956
20,CLPSO,33,60000,431.694456822281
21,V1-Reference,31,3000,364.201859680652
21,V1-Reference,31,6000,352.482562656997
21,V1-Reference,31,9000,346.734921197747
21,V1-Reference,31,12000,340.967848029196
21,V1-Reference,31,15000,337.321277710217
21,V1-Reference,31,18000,336.578799951792
21,V1-Reference,31,21000,331.712933996125
21,V1-Reference,31,24000,331.712933996125
21,V1-Reference,31,27000,331.562319837992
21,V1-Reference,31,30000,331.188199349185
21,V1-Reference,31,33000,331.188199349185
21,V1-Reference,31,36000,329.413588506794
21,V1-Reference,31,39000,328.784132034231
21,V1-Reference,31,42000,326.56433053858
21,V1-Reference,31,45000,320.987118373568
21,V1-Reference,31,48000,319.00652536789
21,V1-Reference,31,51000,318.090646071127
21,V1-Reference,31,54000,316.692841370992
21,V1-Reference,31,57000,316.041652313657
21,V1-Reference,31,60000,315.866082809525
21,D1-TracingDecay,31,3000,413.53724308911
21,D1-TracingDecay,31,6000,400.033188373932
21,D1-TracingDecay,31,9000,395.95803438185
21,D1-TracingDecay,31,12000,389.321035495173
21,D1-TracingDecay,31,15000,377.401790093109
21,D1-TracingDecay,31,18000,360.865544134532
21,D1-TracingDecay,31,21000,347.935191044398
21,D1-TracingDecay,31,24000,346.765484171447
21,D1-TracingDecay,31,27000,343.824728463493
21,D1-TracingDecay,31,30000,340.793744507303
21,D1-TracingDecay,31,33000,340.793744507303
21,D1-TracingDecay,31,36000,338.635480720187
21,D1-TracingDecay,31,39000,337.159918603888
21,D1-TracingDecay,31,42000,334.791651210149
21,D1-TracingDecay,31,45000,333.868714275774
21,D1-TracingDecay,31,48000,332.051380771366
21,D1-TracingDecay,31,51000,331.607778324742
21,D1-TracingDecay,31,54000,330.963839719119
21,D1-TracingDecay,31,57000,330.618693988022
21,D1-TracingDecay,31,60000,330.220807298833
21,D3-Both,31,3000,462.073364034573
21,D3-Both,31,6000,404.639731692574
21,D3-Both,31,9000,383.641780304485
21,D3-Both,31,12000,381.575650121309
21,D3-Both,31,15000,363.398242900489
21,D3-Both,31,18000,360.947025679858
21,D3-Both,31,21000,338.890539502971
21,D3-Both,31,24000,328.702226543042
21,D3-Both,31,27000,318.636599116132
21,D3-Both,31,30000,304.762111069153
21,D3-Both,31,33000,299.028797580005
21,D3-Both,31,36000,293.954346443909
21,D3-Both,31,39000,288.766764524056
21,D3-Both,31,42000,285.027015315505
21,D3-Both,31,45000,280.790192921949
21,D3-Both,31,48000,279.846980296892
21,D3-Both,31,51000,275.925473836831
21,D3-Both,31,54000,275.833051615694
21,D3-Both,31,57000,271.491738606362
21,D3-Both,31,60000,271.343624614275
21,CLPSO,31,3000,665.583017810312
21,CLPSO,31,6000,597.73443615958
21,CLPSO,31,9000,523.116316635873
21,CLPSO,31,12000,522.306589622787
21,CLPSO,31,15000,507.563024045719
21,CLPSO,31,18000,476.122049908235
21,CLPSO,31,21000,459.415380403889
21,CLPSO,31,24000,459.415380403889
21,CLPSO,31,27000,442.933633911307
21,CLPSO,31,30000,437.756453477016
21,CLPSO,31,33000,435.77426799462
21,CLPSO,31,36000,374.205596204828
21,CLPSO,31,39000,370.094928161275
21,CLPSO,31,42000,361.071271916417
21,CLPSO,31,45000,358.53498030655
21,CLPSO,31,48000,358.53498030655
21,CLPSO,31,51000,358.53498030655
21,CLPSO,31,54000,358.53498030655
21,CLPSO,31,57000,358.53498030655
21,CLPSO,31,60000,354.057450017667
21,V1-Reference,32,3000,399.246534086021
21,V1-Reference,32,6000,385.357860075981
21,V1-Reference,32,9000,374.555471850887
21,V1-Reference,32,12000,370.206361540118
21,V1-Reference,32,15000,360.693997630473
21,V1-Reference,32,18000,356.049751887836
21,V1-Reference,32,21000,330.132811224558
21,V1-Reference,32,24000,325.146661980311
21,V1-Reference,32,27000,320.330562113895
21,V1-Reference,32,30000,314.457068379499
21,V1-Reference,32,33000,312.537137037671
21,V1-Reference,32,36000,307.711104323679
21,V1-Reference,32,39000,307.041314095365
21,V1-Reference,32,42000,305.103714505329
21,V1-Reference,32,45000,287.334504810209
21,V1-Reference,32,48000,283.354961443749
21,V1-Reference,32,51000,281.869842663128
21,V1-Reference,32,54000,279.723617127205
21,V1-Reference,32,57000,279.132737858842
21,V1-Reference,32,60000,278.920085674265
21,D1-TracingDecay,32,3000,400.16562419401
21,D1-TracingDecay,32,6000,388.603573405249
21,D1-TracingDecay,32,9000,382.666223990716
21,D1-TracingDecay,32,12000,364.933067557268
21,D1-TracingDecay,32,15000,353.535543285834
21,D1-TracingDecay,32,18000,343.988542873668
21,D1-TracingDecay,32,21000,338.397458950164
21,D1-TracingDecay,32,24000,337.623706446584
21,D1-TracingDecay,32,27000,336.277837252362
21,D1-TracingDecay,32,30000,335.635679518527
21,D1-TracingDecay,32,33000,335.635679518527
21,D1-TracingDecay,32,36000,335.635679518527
21,D1-TracingDecay,32,39000,335.440328177231
21,D1-TracingDecay,32,42000,333.858521947538
21,D1-TracingDecay,32,45000,333.164438864671
21,D1-TracingDecay,32,48000,332.65617979616
21,D1-TracingDecay,32,51000,330.605468860007
21,D1-TracingDecay,32,54000,330.066810208152
21,D1-TracingDecay,32,57000,329.669381437587
21,D1-TracingDecay,32,60000,329.468997891862
21,D3-Both,32,3000,473.576295573957
21,D3-Both,32,6000,461.939755959012
21,D3-Both,32,9000,419.767790827259
21,D3-Both,32,12000,368.220613872033
21,D3-Both,32,15000,358.766935912724
21,D3-Both,32,18000,354.225868878942
21,D3-Both,32,21000,354.225868878942
21,D3-Both,32,24000,348.273852789319
21,D3-Both,32,27000,340.112278961669
21,D3-Both,32,30000,338.093992307192
21,D3-Both,32,33000,333.836718907414
21,D3-Both,32,36000,333.244309119344
21,D3-Both,32,39000,330.913279508228
21,D3-Both,32,42000,330.816538016987
21,D3-Both,32,45000,326.136215323606
21,D3-Both,32,48000,324.067274245201
21,D3-Both,32,51000,322.460314379891
21,D3-Both,32,54000,320.572180448562
21,D3-Both,32,57000,320.167372106868
21,D3-Both,32,60000,317.038468709342
21,CLPSO,32,3000,596.879670755583
21,CLPSO,32,6000,580.190572282274
21,CLPSO,32,9000,515.315170141034
21,CLPSO,32,12000,513.278185493945
21,CLPSO,32,15000,484.740374204301
21,CLPSO,32,18000,473.186408819312
21,CLPSO,32,21000,458.55375551878
21,CLPSO,32,24000,452.653319505272
21,CLPSO,32,27000,420.808029365302
21,CLPSO,32,30000,407.225579337266
21,CLPSO,32,33000,407.225579337266
21,CLPSO,32,36000,407.225579337266
21,CLPSO,32,39000,365.818820624921
21,CLPSO,32,42000,365.818820624921
21,CLPSO,32,45000,365.818820624921
21,CLPSO,32,48000,353.259628674763
21,CLPSO,32,51000,353.259628674763
21,CLPSO,32,54000,353.259628674763
21,CLPSO,32,57000,344.141384279435
21,CLPSO,32,60000,341.245321393742
21,V1-Reference,33,3000,379.530961132246
21,V1-Reference,33,6000,354.817696944755
21,V1-Reference,33,9000,351.419929503601
21,V1-Reference,33,12000,349.61455658359
21,V1-Reference,33,15000,342.197322909961
21,V1-Reference,33,18000,338.466625268168
21,V1-Reference,33,21000,338.457278178478
21,V1-Reference,33,24000,336.390210415495
21,V1-Reference,33,27000,335.666482464519
21,V1-Reference,33,30000,334.348036990674
21,V1-Reference,33,33000,334.120936571554
21,V1-Reference,33,36000,332.048455161342
21,V1-Reference,33,39000,331.666379014065
21,V1-Reference,33,42000,331.411851327372
21,V1-Reference,33,45000,331.411851327372
21,V1-Reference,33,48000,330.726352231267
21,V1-Reference,33,51000,329.061063327737
21,V1-Reference,33,54000,328.741160104453
21,V1-Reference,33,57000,328.168706979963
21,V1-Reference,33,60000,327.878330423764
21,D1-TracingDecay,33,3000,430.146335408314
21,D1-TracingDecay,33,6000,409.699430257697
21,D1-TracingDecay,33,9000,405.019228564374
21,D1-TracingDecay,33,12000,380.122955911537
21,D1-TracingDecay,33,15000,322.326449108262
21,D1-TracingDecay,33,18000,301.935994687077
21,D1-TracingDecay,33,21000,294.39780704824
21,D1-TracingDecay,33,24000,292.600168899879
21,D1-TracingDecay,33,27000,290.207220633489
21,D1-TracingDecay,33,30000,289.46874983509
21,D1-TracingDecay,33,33000,289.46874983509
21,D1-TracingDecay,33,36000,286.270321008409
21,D1-TracingDecay,33,39000,283.900574416357
21,D1-TracingDecay,33,42000,282.379261959075
21,D1-TracingDecay,33,45000,281.91396091899
21,D1-TracingDecay,33,48000,281.827642876028
21,D1-TracingDecay,33,51000,280.766815518643
21,D1-TracingDecay,33,54000,280.412190721354
21,D1-TracingDecay,33,57000,279.904538614833
21,D1-TracingDecay,33,60000,279.494802412437
21,D3-Both,33,3000,384.696748174486
21,D3-Both,33,6000,378.224158667787
21,D3-Both,33,9000,365.922631413859
21,D3-Both,33,12000,343.671038105277
21,D3-Both,33,15000,338.427081614995
21,D3-Both,33,18000,327.121359918186
21,D3-Both,33,21000,327.121359918186
21,D3-Both,33,24000,326.141971453735
21,D3-Both,33,27000,326.141971453735
21,D3-Both,33,30000,325.183581590282
21,D3-Both,33,33000,321.474157940006
21,D3-Both,33,36000,319.771926575066
21,D3-Both,33,39000,319.771926575066
21,D3-Both,33,42000,319.771926575066
21,D3-Both,33,45000,319.26263021358
21,D3-Both,33,48000,318.992951294907
21,D3-Both,33,51000,317.886093977749
21,D3-Both,33,54000,316.56987968718
21,D3-Both,33,57000,316.56987968718
21,D3-Both,33,60000,316.499793357325
21,CLPSO,33,3000,682.845882912508
21,CLPSO,33,6000,601.450731680017
21,CLPSO,33,9000,507.491634600725
21,CLPSO,33,12000,507.491634600725
21,CLPSO,33,15000,507.491634600725
21,CLPSO,33,18000,479.798979711848
21,CLPSO,33,21000,479.798979711848
21,CLPSO,33,24000,430.989294078582
21,CLPSO,33,27000,430.989294078582
21,CLPSO,33,30000,408.321539309414
21,CLPSO,33,33000,356.567492477775
21,CLPSO,33,36000,356.567492477775
21,CLPSO,33,39000,356.567492477775
21,CLPSO,33,42000,324.925356624246
21,CLPSO,33,45000,324.925356624246
21,CLPSO,33,48000,324.925356624246
21,CLPSO,33,51000,324.925356624246
21,CLPSO,33,54000,318.843234613472
21,CLPSO,33,57000,311.511838413606
21,CLPSO,33,60000,304.656255618307
23,V1-Reference,31,3000,638.388762916417
23,V1-Reference,31,6000,566.223905189876
23,V1-Reference,31,9000,548.138379108268
23,V1-Reference,31,12000,533.681209912704
23,V1-Reference,31,15000,513.634827442144
23,V1-Reference,31,18000,509.117354746941
23,V1-Reference,31,21000,504.025832100641
23,V1-Reference,31,24000,502.603068924027
23,V1-Reference,31,27000,499.389706312922
23,V1-Reference,31,30000,492.934261868924
23,V1-Reference,31,33000,491.56385940378
23,V1-Reference,31,36000,491.32528917422
23,V1-Reference,31,39000,489.741967888654
23,V1-Reference,31,42000,489.731816381139
23,V1-Reference,31,45000,489.45145076607
23,V1-Reference,31,48000,488.413919966546
23,V1-Reference,31,51000,487.994240415269
23,V1-Reference,31,54000,486.939473150175
23,V1-Reference,31,57000,486.624426306316
23,V1-Reference,31,60000,485.817972476577
23,D1-TracingDecay,31,3000,595.286644710542
23,D1-TracingDecay,31,6000,547.005823622996
23,D1-TracingDecay,31,9000,532.379729788038
23,D1-TracingDecay,31,12000,526.102571204582
23,D1-TracingDecay,31,15000,473.849015248401
23,D1-TracingDecay,31,18000,469.620314202914
23,D1-TracingDecay,31,21000,465.654176006801
23,D1-TracingDecay,31,24000,458.437428796352
23,D1-TracingDecay,31,27000,456.567766347231
23,D1-TracingDecay,31,30000,454.567735927904
23,D1-TracingDecay,31,33000,452.138356519793
23,D1-TracingDecay,31,36000,450.635716313279
23,D1-TracingDecay,31,39000,450.635716313279
23,D1-TracingDecay,31,42000,450.206754838189
23,D1-TracingDecay,31,45000,449.100046309696
23,D1-TracingDecay,31,48000,447.550234282337
23,D1-TracingDecay,31,51000,446.599614424194
23,D1-TracingDecay,31,54000,446.330738675787
23,D1-TracingDecay,31,57000,445.899851458434
23,D1-TracingDecay,31,60000,445.809471310141
23,D3-Both,31,3000,614.165223053897
23,D3-Both,31,6000,569.572450215393
23,D3-Both,31,9000,525.734437929083
23,D3-Both,31,12000,519.000263468129
23,D3-Both,31,15000,508.258874700432
23,D3-Both,31,18000,488.651088366479
23,D3-Both,31,21000,482.379898906655
23,D3-Both,31,24000,474.702697242586
23,D3-Both,31,27000,470.710113459596
23,D3-Both,31,30000,468.064341174076
23,D3-Both,31,33000,462.719729792686
23,D3-Both,31,36000,456.966914027527
23,D3-Both,31,39000,456.966914027527
23,D3-Both,31,42000,456.338140139007
23,D3-Both,31,45000,456.260942284764
23,D3-Both,31,48000,455.046354344143
23,D3-Both,31,51000,452.392561487407
23,D3-Both,31,54000,451.18081458268
23,D3-Both,31,57000,449.926174750469
23,D3-Both,31,60000,447.162595122837
23,CLPSO,31,3000,1061.67577359788
23,CLPSO,31,6000,877.00170834311
23,CLPSO,31,9000,787.999280753543
23,CLPSO,31,12000,744.609933467045
23,CLPSO,31,15000,681.826580946079
23,CLPSO,31,18000,658.929563121844
23,CLPSO,31,21000,636.229658095059
23,CLPSO,31,24000,608.475560588794
23,CLPSO,31,27000,608.475560588794
23,CLPSO,31,30000,576.066286411149
23,CLPSO,31,33000,537.991761535852
23,CLPSO,31,36000,524.242241240047
23,CLPSO,31,39000,524.242241240047
23,CLPSO,31,42000,519.530022952158
23,CLPSO,31,45000,519.530022952158
23,CLPSO,31,48000,519.530022952158
23,CLPSO,31,51000,515.579073429162
23,CLPSO,31,54000,515.579073408615
23,CLPSO,31,57000,506.327273816988
23,CLPSO,31,60000,499.622288921586
23,V1-Reference,32,3000,633.005955037305
23,V1-Reference,32,6000,626.958270385588
23,V1-Reference,32,9000,621.794823888859
23,V1-Reference,32,12000,617.365844325754
23,V1-Reference,32,15000,568.673593148054
23,V1-Reference,32,18000,548.537903058834
23,V1-Reference,32,21000,531.117971980811
23,V1-Reference,32,24000,522.526895000667
23,V1-Reference,32,27000,516.267768103326
23,V1-Reference,32,30000,515.729267331378
23,V1-Reference,32,33000,515.729267331378
23,V1-Reference,32,36000,515.503733779979
23,V1-Reference,32,39000,499.69524550631
23,V1-Reference,32,42000,492.36089806128
23,V1-Reference,32,45000,488.593135391479
23,V1-Reference,32,48000,486.605810287675
23,V1-Reference,32,51000,485.816968510718
23,V1-Reference,32,54000,484.727075890906
23,V1-Reference,32,57000,484.476649405122
23,V1-Reference,32,60000,484.159270800287
23,D1-TracingDecay,32,3000,700.539215391865
23,D1-TracingDecay,32,6000,608.308179227014
23,D1-TracingDecay,32,9000,575.325001375142
23,D1-TracingDecay,32,12000,562.364549150867
23,D1-TracingDecay,32,15000,556.765057887478
23,D1-TracingDecay,32,18000,553.93495632438
23,D1-TracingDecay,32,21000,552.552517458874
23,D1-TracingDecay,32,24000,551.187970591855
23,D1-TracingDecay,32,27000,550.928458373289
23,D1-TracingDecay,32,30000,550.642756473188
23,D1-TracingDecay,32,33000,550.642756473188
23,D1-TracingDecay,32,36000,548.683382117945
23,D1-TracingDecay,32,39000,546.891073066031
23,D1-TracingDecay,32,42000,545.740709726496
23,D1-TracingDecay,32,45000,543.258750428542
23,D1-TracingDecay,32,48000,542.475236063111
23,D1-TracingDecay,32,51000,541.366673850619
23,D1-TracingDecay,32,54000,540.734410204589
23,D1-TracingDecay,32,57000,540.308377314887
23,D1-TracingDecay,32,60000,540.132361794815
23,D3-Both,32,3000,697.680334700855
23,D3-Both,32,6000,636.345948523324
23,D3-Both,32,9000,614.720412186291
23,D3-Both,32,12000,592.888164671565
23,D3-Both,32,15000,525.160420775471
23,D3-Both,32,18000,510.630253240154
23,D3-Both,32,21000,499.282004219978
23,D3-Both,32,24000,495.245403867885
23,D3-Both,32,27000,487.157780148621
23,D3-Both,32,30000,485.494659027663
23,D3-Both,32,33000,485.494659027663
23,D3-Both,32,36000,481.573401440628
23,D3-Both,32,39000,477.393159078559
23,D3-Both,32,42000,476.78955418347
23,D3-Both,32,45000,470.061361698433
23,D3-Both,32,48000,465.364174556606
23,D3-Both,32,51000,464.2381281905
23,D3-Both,32,54000,464.053156269756
23,D3-Both,32,57000,464.037236740472
23,D3-Both,32,60000,464.035617483637
23,CLPSO,32,3000,1114.80136610812
23,CLPSO,32,6000,870.071343818685
23,CLPSO,32,9000,788.129937769732
23,CLPSO,32,12000,767.289920655008
23,CLPSO,32,15000,652.083849568665
23,CLPSO,32,18000,630.161103390624
23,CLPSO,32,21000,630.161103390624
23,CLPSO,32,24000,611.972978281619
23,CLPSO,32,27000,593.352049569623
23,CLPSO,32,30000,593.352049569623
23,CLPSO,32,33000,593.352049569623
23,CLPSO,32,36000,553.609494556529
23,CLPSO,32,39000,553.609494556529
23,CLPSO,32,42000,553.609494556529
23,CLPSO,32,45000,553.609494556529
23,CLPSO,32,48000,547.45600343603
23,CLPSO,32,51000,533.494278949672
23,CLPSO,32,54000,533.494278949672
23,CLPSO,32,57000,533.494278949672
23,CLPSO,32,60000,523.035725661124
23,V1-Reference,33,3000,504.497707161126
23,V1-Reference,33,6000,494.211612574617
23,V1-Reference,33,9000,493.396194317187
23,V1-Reference,33,12000,485.307429839181
23,V1-Reference,33,15000,483.982788547673
23,V1-Reference,33,18000,477.909414940161
23,V1-Reference,33,21000,477.139003594438
23,V1-Reference,33,24000,476.397271706689
23,V1-Reference,33,27000,476.397271706689
23,V1-Reference,33,30000,474.858875498413
23,V1-Reference,33,33000,474.234130995649
23,V1-Reference,33,36000,474.234130995649
23,V1-Reference,33,39000,474.234130995649
23,V1-Reference,33,42000,471.967655445272
23,V1-Reference,33,45000,471.874191547749
23,V1-Reference,33,48000,471.232753657038
23,V1-Reference,33,51000,469.956942881403
23,V1-Reference,33,54000,469.021082277966
23,V1-Reference,33,57000,468.121645688182
23,V1-Reference,33,60000,467.496335915951
23,D1-TracingDecay,33,3000,581.173652039985
23,D1-TracingDecay,33,6000,551.998821179365
23,D1-TracingDecay,33,9000,551.010662306704
23,D1-TracingDecay,33,12000,521.847676772031
23,D1-TracingDecay,33,15000,506.013900735493
23,D1-TracingDecay,33,18000,505.54486536664
23,D1-TracingDecay,33,21000,501.148215085638
23,D1-TracingDecay,33,24000,501.148215085638
23,D1-TracingDecay,33,27000,496.565955323339
23,D1-TracingDecay,33,30000,492.085550563278
23,D1-TracingDecay,33,33000,487.847421859294
23,D1-TracingDecay,33,36000,486.419877527749
23,D1-TracingDecay,33,39000,483.760068467637
23,D1-TracingDecay,33,42000,482.634307133771
23,D1-TracingDecay,33,45000,482.040100811219
23,D1-TracingDecay,33,48000,481.075158742729
23,D1-TracingDecay,33,51000,478.800111494108
23,D1-TracingDecay,33,54000,478.111434013431
23,D1-TracingDecay,33,57000,477.742501499245
23,D1-TracingDecay,33,60000,477.62104921445
23,D3-Both,33,3000,616.411348088638
23,D3-Both,33,6000,566.92155995516
23,D3-Both,33,9000,550.262543743435
23,D3-Both,33,12000,531.403597016207
23,D3-Both,33,15000,528.134045296399
23,D3-Both,33,18000,507.533437589581
23,D3-Both,33,21000,495.03788848221
23,D3-Both,33,24000,487.811642195935
23,D3-Both,33,27000,483.639826810115
23,D3-Both,33,30000,481.658682198644
23,D3-Both,33,33000,476.848408610965
23,D3-Both,33,36000,474.355473957992
23,D3-Both,33,39000,474.355473957992
23,D3-Both,33,42000,472.823243332523
23,D3-Both,33,45000,471.372014483181
23,D3-Both,33,48000,469.648895235715
23,D3-Both,33,51000,469.04028333408
23,D3-Both,33,54000,469.04028333408
23,D3-Both,33,57000,468.513638622439
23,D3-Both,33,60000,467.834252664808
23,CLPSO,33,3000,1070.86591720614
23,CLPSO,33,6000,895.128954298773
23,CLPSO,33,9000,849.345260728373
23,CLPSO,33,12000,767.659971261683
23,CLPSO,33,15000,642.700591811705
23,CLPSO,33,18000,641.854360065176
23,CLPSO,33,21000,590.894584760903
23,CLPSO,33,24000,590.894584760903
23,CLPSO,33,27000,590.894584760903
23,CLPSO,33,30000,581.131018166086
23,CLPSO,33,33000,557.915260023638
23,CLPSO,33,36000,555.504974823577
23,CLPSO,33,39000,555.504974822651
23,CLPSO,33,42000,539.102675809843
23,CLPSO,33,45000,539.102675809843
23,CLPSO,33,48000,534.252389755293
23,CLPSO,33,51000,534.251404464821
23,CLPSO,33,54000,516.159388301737
23,CLPSO,33,57000,508.862022352271
23,CLPSO,33,60000,508.862022352271
24,V1-Reference,31,3000,714.510463677736
24,V1-Reference,31,6000,633.265180662285
24,V1-Reference,31,9000,603.611223138755
24,V1-Reference,31,12000,591.49166929295
24,V1-Reference,31,15000,588.916484636453
24,V1-Reference,31,18000,583.316355449404
24,V1-Reference,31,21000,561.513475272905
24,V1-Reference,31,24000,557.08635511673
24,V1-Reference,31,27000,556.564677753793
24,V1-Reference,31,30000,555.920166672536
24,V1-Reference,31,33000,554.230483129291
24,V1-Reference,31,36000,552.125364407372
24,V1-Reference,31,39000,550.740749668129
24,V1-Reference,31,42000,550.740749668129
24,V1-Reference,31,45000,550.163089659854
24,V1-Reference,31,48000,549.412733279337
24,V1-Reference,31,51000,548.526494067972
24,V1-Reference,31,54000,547.43674025597
24,V1-Reference,31,57000,547.268724941298
24,V1-Reference,31,60000,547.159255780075
24,D1-TracingDecay,31,3000,640.969878292559
24,D1-TracingDecay,31,6000,623.445941559141
24,D1-TracingDecay,31,9000,614.606019635587
24,D1-TracingDecay,31,12000,610.81174123411
24,D1-TracingDecay,31,15000,607.168249782061
24,D1-TracingDecay,31,18000,606.075222541766
24,D1-TracingDecay,31,21000,606.007682619549
24,D1-TracingDecay,31,24000,591.434838163082
24,D1-TracingDecay,31,27000,590.151359578274
24,D1-TracingDecay,31,30000,586.319889702326
24,D1-TracingDecay,31,33000,586.262804107376
24,D1-TracingDecay,31,36000,585.221195669341
24,D1-TracingDecay,31,39000,583.803649694967
24,D1-TracingDecay,31,42000,582.654733130174
24,D1-TracingDecay,31,45000,582.616499661371
24,D1-TracingDecay,31,48000,582.297681893913
24,D1-TracingDecay,31,51000,582.188310129103
24,D1-TracingDecay,31,54000,582.099014910695
24,D1-TracingDecay,31,57000,582.075396782795
24,D1-TracingDecay,31,60000,582.052305648116
24,D3-Both,31,3000,647.089564288089
24,D3-Both,31,6000,632.565956363752
24,D3-Both,31,9000,625.183164810748
24,D3-Both,31,12000,622.94351831259
24,D3-Both,31,15000,621.939334161478
24,D3-Both,31,18000,608.243945220616
24,D3-Both,31,21000,602.438594635197
24,D3-Both,31,24000,602.438594635197
24,D3-Both,31,27000,588.260535673046
24,D3-Both,31,30000,582.617454428603
24,D3-Both,31,33000,580.07253760306
24,D3-Both,31,36000,577.416424400401
24,D3-Both,31,39000,572.943654399797
24,D3-Both,31,42000,571.209315038003
24,D3-Both,31,45000,568.469269801733
24,D3-Both,31,48000,565.978852898754
24,D3-Both,31,51000,565.295486389134
24,D3-Both,31,54000,564.992530846002
24,D3-Both,31,57000,564.877438684533
24,D3-Both,31,60000,564.654463554619
24,CLPSO,31,3000,1327.48544373059
24,CLPSO,31,6000,1048.54446934151
24,CLPSO,31,9000,859.823202331897
24,CLPSO,31,12000,826.229779191902
24,CLPSO,31,15000,799.40063404368
24,CLPSO,31,18000,741.459427425288
24,CLPSO,31,21000,740.386095494299
24,CLPSO,31,24000,721.377376210453
24,CLPSO,31,27000,690.520842754855
24,CLPSO,31,30000,690.520842754855
24,CLPSO,31,33000,675.626358562919
24,CLPSO,31,36000,675.626358562919
24,CLPSO,31,39000,672.565360217406
24,CLPSO,31,42000,671.372101760173
24,CLPSO,31,45000,670.9888682681
24,CLPSO,31,48000,664.759484660301
24,CLPSO,31,51000,661.701097137976
24,CLPSO,31,54000,661.701097137976
24,CLPSO,31,57000,661.701097137976
24,CLPSO,31,60000,661.701097137976
24,V1-Reference,32,3000,583.903701719968
24,V1-Reference,32,6000,573.032626367254
24,V1-Reference,32,9000,553.609531717993
24,V1-Reference,32,12000,549.700533302338
24,V1-Reference,32,15000,543.553979926352
24,V1-Reference,32,18000,543.553979926352
24,V1-Reference,32,21000,543.553979926352
24,V1-Reference,32,24000,542.653971151769
24,V1-Reference,32,27000,540.292275949496
24,V1-Reference,32,30000,540.008787030648
24,V1-Reference,32,33000,539.419084322095
24,V1-Reference,32,36000,537.849929735618
24,V1-Reference,32,39000,537.619417344233
24,V1-Reference,32,42000,537.505342743083
24,V1-Reference,32,45000,537.28432708416
24,V1-Reference,32,48000,536.877196682293
24,V1-Reference,32,51000,535.580302015164
24,V1-Reference,32,54000,535.278482179892
24,V1-Reference,32,57000,535.006257526374
24,V1-Reference,32,60000,534.79350720922
24,D1-TracingDecay,32,3000,621.924583332733
24,D1-TracingDecay,32,6000,603.809581499918
24,D1-TracingDecay,32,9000,597.252219817486
24,D1-TracingDecay,32,12000,591.643222462159
24,D1-TracingDecay,32,15000,582.125769080449
24,D1-TracingDecay,32,18000,571.320864166633
24,D1-TracingDecay,32,21000,569.164879790981
24,D1-TracingDecay,32,24000,566.926911641754
24,D1-TracingDecay,32,27000,562.767784323994
24,D1-TracingDecay,32,30000,544.67486897153
24,D1-TracingDecay,32,33000,538.959511524075
24,D1-TracingDecay,32,36000,536.570639829667
24,D1-TracingDecay,32,39000,535.631421095083
24,D1-TracingDecay,32,42000,535.349861268191
24,D1-TracingDecay,32,45000,535.163816393666
24,D1-TracingDecay,32,48000,535.116182925546
24,D1-TracingDecay,32,51000,535.088160130917
24,D1-TracingDecay,32,54000,535.078902257122
24,D1-TracingDecay,32,57000,535.048309355604
24,D1-TracingDecay,32,60000,535.034083174915
24,D3-Both,32,3000,671.628386039838
24,D3-Both,32,6000,624.30498300095
24,D3-Both,32,9000,607.728095786653
24,D3-Both,32,12000,590.709717447095
24,D3-Both,32,15000,578.602734225669
24,D3-Both,32,18000,573.933025321618
24,D3-Both,32,21000,564.753508300835
24,D3-Both,32,24000,553.024900621026
24,D3-Both,32,27000,548.635672315329
24,D3-Both,32,30000,548.635672315329
24,D3-Both,32,33000,547.039693231703
24,D3-Both,32,36000,543.799676175054
24,D3-Both,32,39000,541.459861094327
24,D3-Both,32,42000,537.845305086882
24,D3-Both,32,45000,535.655223759653
24,D3-Both,32,48000,533.792838223272
24,D3-Both,32,51000,533.792838223272
24,D3-Both,32,54000,529.101957860608
24,D3-Both,32,57000,527.490449309765
24,D3-Both,32,60000,527.427405454664
24,CLPSO,32,3000,1159.21295748395
24,CLPSO,32,6000,956.188841209719
24,CLPSO,32,9000,842.726965957469
24,CLPSO,32,12000,801.071954038327
24,CLPSO,32,15000,726.083094690913
24,CLPSO,32,18000,726.083094690913
24,CLPSO,32,21000,716.144565053054
24,CLPSO,32,24000,712.754755669186
24,CLPSO,32,27000,702.196116963034
24,CLPSO,32,30000,689.619231216281
24,CLPSO,32,33000,689.619231216281
24,CLPSO,32,36000,685.286700065469
24,CLPSO,32,39000,682.272936682171
24,CLPSO,32,42000,647.578337365759
24,CLPSO,32,45000,640.319150762263
24,CLPSO,32,48000,640.319150761371
24,CLPSO,32,51000,614.41585463804
24,CLPSO,32,54000,614.41585463804
24,CLPSO,32,57000,612.429564255683
24,CLPSO,32,60000,612.083393215753
24,V1-Reference,33,3000,632.175427487566
24,V1-Reference,33,6000,612.668770539547
24,V1-Reference,33,9000,604.867187075899
24,V1-Reference,33,12000,604.867187075899
24,V1-Reference,33,15000,603.359565387639
24,V1-Reference,33,18000,602.34173027105
24,V1-Reference,33,21000,599.363688298909
24,V1-Reference,33,24000,598.70493584746
24,V1-Reference,33,27000,596.972124206755
24,V1-Reference,33,30000,595.410907864703
24,V1-Reference,33,33000,594.684878439142
24,V1-Reference,33,36000,594.684878439142
24,V1-Reference,33,39000,593.636705422109
24,V1-Reference,33,42000,593.156989915661
24,V1-Reference,33,45000,592.869168891501
24,V1-Reference,33,48000,592.495220956087
24,V1-Reference,33,51000,591.815476980097
24,V1-Reference,33,54000,591.314665288131
24,V1-Reference,33,57000,590.829770166921
24,V1-Reference,33,60000,590.58502143127
24,D1-TracingDecay,33,3000,692.29498381333
24,D1-TracingDecay,33,6000,688.676259198034
24,D1-TracingDecay,33,9000,679.353456199099
24,D1-TracingDecay,33,12000,641.47240176886
24,D1-TracingDecay,33,15000,633.182491590665
24,D1-TracingDecay,33,18000,629.86115502387
24,D1-TracingDecay,33,21000,621.567639314789
24,D1-TracingDecay,33,24000,620.09476811837
24,D1-TracingDecay,33,27000,620.09476811837
24,D1-TracingDecay,33,30000,618.515317616534
24,D1-TracingDecay,33,33000,616.703689784667
24,D1-TracingDecay,33,36000,615.901478602137
24,D1-TracingDecay,33,39000,615.572996700177
24,D1-TracingDecay,33,42000,615.129194801186
24,D1-TracingDecay,33,45000,614.02623981673
24,D1-TracingDecay,33,48000,613.036841118205
24,D1-TracingDecay,33,51000,612.30990645468
24,D1-TracingDecay,33,54000,611.889214063061
24,D1-TracingDecay,33,57000,611.786322703859
24,D1-TracingDecay,33,60000,611.710175466385
24,D3-Both,33,3000,642.344499168918
24,D3-Both,33,6000,589.401917255881
24,D3-Both,33,9000,562.645721493841
24,D3-Both,33,12000,556.035705515937
24,D3-Both,33,15000,536.612976907018
24,D3-Both,33,18000,525.730914341657
24,D3-Both,33,21000,518.787916185647
24,D3-Both,33,24000,507.476214468546
24,D3-Both,33,27000,505.537212694676
24,D3-Both,33,30000,503.40420490271
24,D3-Both,33,33000,500.819518599457
24,D3-Both,33,36000,496.300502323579
24,D3-Both,33,39000,489.695090113491
24,D3-Both,33,42000,488.463695409157
24,D3-Both,33,45000,487.334436328331
24,D3-Both,33,48000,487.139781897922
24,D3-Both,33,51000,487.109429019056
24,D3-Both,33,54000,487.10349132537
24,D3-Both,33,57000,487.102936088143
24,D3-Both,33,60000,487.102910819881
24,CLPSO,33,3000,1322.53532693111
24,CLPSO,33,6000,952.532339023691
24,CLPSO,33,9000,900.087297150806
24,CLPSO,33,12000,775.371417052439
24,CLPSO,33,15000,748.437494388894
24,CLPSO,33,18000,713.026758133722
24,CLPSO,33,21000,713.026758133722
24,CLPSO,33,24000,672.2564254857
24,CLPSO,33,27000,672.2564254857
24,CLPSO,33,30000,672.2564254857
24,CLPSO,33,33000,670.287415774169
24,CLPSO,33,36000,658.428610797581
24,CLPSO,33,39000,655.591797298705
24,CLPSO,33,42000,644.671977099091
24,CLPSO,33,45000,644.49494289168
24,CLPSO,33,48000,643.468496473766
24,CLPSO,33,51000,643.468496473766
24,CLPSO,33,54000,643.468496473766
24,CLPSO,33,57000,636.291361777573
24,CLPSO,33,60000,634.708389430385
25,V1-Reference,31,3000,485.774811229284
25,V1-Reference,31,6000,436.768796374263
25,V1-Reference,31,9000,422.048629766794
25,V1-Reference,31,12000,411.644295804919
25,V1-Reference,31,15000,401.120841214942
25,V1-Reference,31,18000,396.578606480553
25,V1-Reference,31,21000,394.074022355277
25,V1-Reference,31,24000,392.756629158817
25,V1-Reference,31,27000,390.806419849869
25,V1-Reference,31,30000,390.182948420305
25,V1-Reference,31,33000,388.550747109996
25,V1-Reference,31,36000,388.178551030849
25,V1-Reference,31,39000,387.784698939627
25,V1-Reference,31,42000,387.714011785235
25,V1-Reference,31,45000,387.703803827854
25,V1-Reference,31,48000,387.619435779381
25,V1-Reference,31,51000,387.550961576489
25,V1-Reference,31,54000,387.399058876327
25,V1-Reference,31,57000,387.330668021672
25,V1-Reference,31,60000,387.240889858967
25,D1-TracingDecay,31,3000,516.748096415574
25,D1-TracingDecay,31,6000,461.595494884139
25,D1-TracingDecay,31,9000,429.082191358147
25,D1-TracingDecay,31,12000,412.544725043288
25,D1-TracingDecay,31,15000,397.07973761114
25,D1-TracingDecay,31,18000,392.128284869843
25,D1-TracingDecay,31,21000,389.952883130076
25,D1-TracingDecay,31,24000,389.37386964391
25,D1-TracingDecay,31,27000,388.340409373899
25,D1-TracingDecay,31,30000,388.174649728407
25,D1-TracingDecay,31,33000,387.90104762718
25,D1-TracingDecay,31,36000,387.726887411364
25,D1-TracingDecay,31,39000,387.609192588438
25,D1-TracingDecay,31,42000,387.501314500064
25,D1-TracingDecay,31,45000,387.421253321862
25,D1-TracingDecay,31,48000,387.389197906644
25,D1-TracingDecay,31,51000,387.372045776083
25,D1-TracingDecay,31,54000,387.36522215186
25,D1-TracingDecay,31,57000,387.361241082177
25,D1-TracingDecay,31,60000,387.359002602289
25,D3-Both,31,3000,611.998131184325
25,D3-Both,31,6000,491.987267719476
25,D3-Both,31,9000,450.647700886464
25,D3-Both,31,12000,437.239056282336
25,D3-Both,31,15000,416.160202532474
25,D3-Both,31,18000,404.406570167113
25,D3-Both,31,21000,396.684150961994
25,D3-Both,31,24000,393.400684416513
25,D3-Both,31,27000,391.242115440707
25,D3-Both,31,30000,389.652741021385
25,D3-Both,31,33000,389.019145187285
25,D3-Both,31,36000,388.375174352106
25,D3-Both,31,39000,388.0116426355
25,D3-Both,31,42000,387.691285031593
25,D3-Both,31,45000,387.516140613642
25,D3-Both,31,48000,387.419544900225
25,D3-Both,31,51000,387.269167954242
25,D3-Both,31,54000,387.234808094897
25,D3-Both,31,57000,387.136749846105
25,D3-Both,31,60000,387.067366290034
25,CLPSO,31,3000,10187.8380128769
25,CLPSO,31,6000,5890.16274681008
25,CLPSO,31,9000,2354.91732257824
25,CLPSO,31,12000,2220.90171221351
25,CLPSO,31,15000,1201.8482551005
25,CLPSO,31,18000,898.000485955698
25,CLPSO,31,21000,898.000485955698
25,CLPSO,31,24000,854.175150012962
25,CLPSO,31,27000,733.046706957327
25,CLPSO,31,30000,576.150537467815
25,CLPSO,31,33000,576.150537467815
25,CLPSO,31,36000,521.517136469222
25,CLPSO,31,39000,510.073154615836
25,CLPSO,31,42000,501.314142536176
25,CLPSO,31,45000,497.36523696333
25,CLPSO,31,48000,478.573565498468
25,CLPSO,31,51000,469.106687000444
25,CLPSO,31,54000,466.248187968103
25,CLPSO,31,57000,455.735588985598
25,CLPSO,31,60000,453.289851505871
25,V1-Reference,32,3000,508.702999473495
25,V1-Reference,32,6000,456.135459292907
25,V1-Reference,32,9000,429.24721907914
25,V1-Reference,32,12000,423.577623942308
25,V1-Reference,32,15000,421.152374899698
25,V1-Reference,32,18000,417.718315581236
25,V1-Reference,32,21000,412.323460351935
25,V1-Reference,32,24000,408.402952377054
25,V1-Reference,32,27000,400.369650363278
25,V1-Reference,32,30000,397.777552203736
25,V1-Reference,32,33000,393.670412747385
25,V1-Reference,32,36000,391.937183201134
25,V1-Reference,32,39000,389.640716297008
25,V1-Reference,32,42000,388.276825614204
25,V1-Reference,32,45000,387.463944758069
25,V1-Reference,32,48000,387.169490791771
25,V1-Reference,32,51000,387.118933745643
25,V1-Reference,32,54000,387.062488292987
25,V1-Reference,32,57000,387.000073142212
25,V1-Reference,32,60000,386.905492688712
25,D1-TracingDecay,32,3000,463.088831119788
25,D1-TracingDecay,32,6000,442.868405988284
25,D1-TracingDecay,32,9000,437.195104478461
25,D1-TracingDecay,32,12000,433.543452257394
25,D1-TracingDecay,32,15000,430.074963661898
25,D1-TracingDecay,32,18000,422.84496038924
25,D1-TracingDecay,32,21000,414.400754902957
25,D1-TracingDecay,32,24000,396.816330556986
25,D1-TracingDecay,32,27000,389.722775907167
25,D1-TracingDecay,32,30000,387.883272990644
25,D1-TracingDecay,32,33000,387.56517325553
25,D1-TracingDecay,32,36000,387.36469066761
25,D1-TracingDecay,32,39000,387.271744967739
25,D1-TracingDecay,32,42000,387.166907741675
25,D1-TracingDecay,32,45000,387.092631847723
25,D1-TracingDecay,32,48000,387.06424342333
25,D1-TracingDecay,32,51000,387.055604865862
25,D1-TracingDecay,32,54000,387.043084348309
25,D1-TracingDecay,32,57000,387.036908972063
25,D1-TracingDecay,32,60000,387.034378027683
25,D3-Both,32,3000,685.423553845302
25,D3-Both,32,6000,490.075022272984
25,D3-Both,32,9000,449.899612240509
25,D3-Both,32,12000,444.133580561325
25,D3-Both,32,15000,437.716519671354
25,D3-Both,32,18000,433.974591490287
25,D3-Both,32,21000,425.158941382601
25,D3-Both,32,24000,417.818327029359
25,D3-Both,32,27000,415.404381602621
25,D3-Both,32,30000,412.006207905834
25,D3-Both,32,33000,410.717829482235
25,D3-Both,32,36000,400.366898285592
25,D3-Both,32,39000,393.396676894577
25,D3-Both,32,42000,387.235508639646
25,D3-Both,32,45000,384.579647831942
25,D3-Both,32,48000,383.720250327293
25,D3-Both,32,51000,383.67769651829
25,D3-Both,32,54000,383.524832623709
25,D3-Both,32,57000,383.45270753387
25,D3-Both,32,60000,383.446295819446
25,CLPSO,32,3000,6405.4754833093
25,CLPSO,32,6000,1839.23120722655
25,CLPSO,32,9000,1839.23120722655
25,CLPSO,32,12000,1703.48915704425
25,CLPSO,32,15000,1079.58896333106
25,CLPSO,32,18000,1079.58896333106
25,CLPSO,32,21000,993.341667738917
25,CLPSO,32,24000,861.805202313214
25,CLPSO,32,27000,730.740455622883
25,CLPSO,32,30000,587.723308914283
25,CLPSO,32,33000,560.061924549288
25,CLPSO,32,36000,521.864111479443
25,CLPSO,32,39000,508.310812558248
25,CLPSO,32,42000,501.256477255929
25,CLPSO,32,45000,486.649514733384
25,CLPSO,32,48000,483.068614789995
25,CLPSO,32,51000,481.897677336408
25,CLPSO,32,54000,474.111980666525
25,CLPSO,32,57000,464.099641880058
25,CLPSO,32,60000,457.762705492637
25,V1-Reference,33,3000,510.361639987463
25,V1-Reference,33,6000,467.277025700144
25,V1-Reference,33,9000,458.363947204767
25,V1-Reference,33,12000,455.202607045056
25,V1-Reference,33,15000,451.70015960823
25,V1-Reference,33,18000,449.544149898191
25,V1-Reference,33,21000,447.608581987687
25,V1-Reference,33,24000,445.643718258197
25,V1-Reference,33,27000,444.2891917581
25,V1-Reference,33,30000,441.814062139233
25,V1-Reference,33,33000,441.058465715391
25,V1-Reference,33,36000,438.831485912021
25,V1-Reference,33,39000,436.810690868117
25,V1-Reference,33,42000,434.482440328368
25,V1-Reference,33,45000,432.939982449574
25,V1-Reference,33,48000,429.984441533307
25,V1-Reference,33,51000,427.846883064383
25,V1-Reference,33,54000,426.075996725876
25,V1-Reference,33,57000,424.824166422455
25,V1-Reference,33,60000,424.270478015335
25,D1-TracingDecay,33,3000,654.702355034166
25,D1-TracingDecay,33,6000,541.847726581846
25,D1-TracingDecay,33,9000,497.81044493759
25,D1-TracingDecay,33,12000,475.466738268461
25,D1-TracingDecay,33,15000,433.250680737796
25,D1-TracingDecay,33,18000,397.650655906722
25,D1-TracingDecay,33,21000,391.541049968746
25,D1-TracingDecay,33,24000,388.717255251428
25,D1-TracingDecay,33,27000,387.863727352605
25,D1-TracingDecay,33,30000,387.637651416491
25,D1-TracingDecay,33,33000,387.426442863727
25,D1-TracingDecay,33,36000,387.315452321197
25,D1-TracingDecay,33,39000,387.20271388181
25,D1-TracingDecay,33,42000,387.120497870199
25,D1-TracingDecay,33,45000,387.089972739977
25,D1-TracingDecay,33,48000,387.079984654722
25,D1-TracingDecay,33,51000,387.077703805834
25,D1-TracingDecay,33,54000,387.077225837483
25,D1-TracingDecay,33,57000,387.077009603348
25,D1-TracingDecay,33,60000,387.076944581714
25,D3-Both,33,3000,817.830229674888
25,D3-Both,33,6000,669.627526066048
25,D3-Both,33,9000,616.887562088295
25,D3-Both,33,12000,581.404462580806
25,D3-Both,33,15000,560.44701004826
25,D3-Both,33,18000,539.79517971106
25,D3-Both,33,21000,500.266469970961
25,D3-Both,33,24000,429.798526835659
25,D3-Both,33,27000,420.816056856721
25,D3-Both,33,30000,397.644097470343
25,D3-Both,33,33000,388.306535123302
25,D3-Both,33,36000,387.651981008927
25,D3-Both,33,39000,387.31665432688
25,D3-Both,33,42000,387.240266702819
25,D3-Both,33,45000,387.214215695277
25,D3-Both,33,48000,387.136207980463
25,D3-Both,33,51000,387.058449550988
25,D3-Both,33,54000,386.863504982647
25,D3-Both,33,57000,386.825627690796
25,D3-Both,33,60000,386.822624234971
25,CLPSO,33,3000,5009.67373077945
25,CLPSO,33,6000,3918.05941266655
25,CLPSO,33,9000,1715.72904704744
25,CLPSO,33,12000,1715.72904704744
25,CLPSO,33,15000,1320.48982724957
25,CLPSO,33,18000,1154.41245852493
25,CLPSO,33,21000,907.049868703817
25,CLPSO,33,24000,772.066199670429
25,CLPSO,33,27000,677.598951468011
25,CLPSO,33,30000,596.745689637401
25,CLPSO,33,33000,574.35327114084
25,CLPSO,33,36000,539.220190080706
25,CLPSO,33,39000,522.177493523987
25,CLPSO,33,42000,503.216564464717
25,CLPSO,33,45000,491.975871440881
25,CLPSO,33,48000,484.50517616153
25,CLPSO,33,51000,471.812453608285
25,CLPSO,33,54000,471.812453608285
25,CLPSO,33,57000,465.443709242005
25,CLPSO,33,60000,459.766202041124
27,V1-Reference,31,3000,567.857292159998
27,V1-Reference,31,6000,555.7639402559
27,V1-Reference,31,9000,551.130857582606
27,V1-Reference,31,12000,549.598909864041
27,V1-Reference,31,15000,549.414656510916
27,V1-Reference,31,18000,548.180028557308
27,V1-Reference,31,21000,547.447802205268
27,V1-Reference,31,24000,547.447802205268
27,V1-Reference,31,27000,547.351830900325
27,V1-Reference,31,30000,544.889362248349
27,V1-Reference,31,33000,544.479738315661
27,V1-Reference,31,36000,544.109377103851
27,V1-Reference,31,39000,543.99711150786
27,V1-Reference,31,42000,543.766522342325
27,V1-Reference,31,45000,543.383167163323
27,V1-Reference,31,48000,543.206803541135
27,V1-Reference,31,51000,543.009204969726
27,V1-Reference,31,54000,542.990810041855
27,V1-Reference,31,57000,542.962335749733
27,V1-Reference,31,60000,542.896683785268
27,D1-TracingDecay,31,3000,556.83450315093
27,D1-TracingDecay,31,6000,535.956183059617
27,D1-TracingDecay,31,9000,532.765505638073
27,D1-TracingDecay,31,12000,530.888797151622
27,D1-TracingDecay,31,15000,526.544722217408
27,D1-TracingDecay,31,18000,525.166284824078
27,D1-TracingDecay,31,21000,524.866043745957
27,D1-TracingDecay,31,24000,524.683815108518
27,D1-TracingDecay,31,27000,524.486803822956
27,D1-TracingDecay,31,30000,524.005601035364
27,D1-TracingDecay,31,33000,523.770227140689
27,D1-TracingDecay,31,36000,523.750819490535
27,D1-TracingDecay,31,39000,523.679744589997
27,D1-TracingDecay,31,42000,523.654263673599
27,D1-TracingDecay,31,45000,523.63998155596
27,D1-TracingDecay,31,48000,523.630080866261
27,D1-TracingDecay,31,51000,523.622680838602
27,D1-TracingDecay,31,54000,523.620699168821
27,D1-TracingDecay,31,57000,523.620213503762
27,D1-TracingDecay,31,60000,523.620018153812
27,D3-Both,31,3000,576.868864520412
27,D3-Both,31,6000,542.740957504414
27,D3-Both,31,9000,539.884354040124
27,D3-Both,31,12000,533.911952608155
27,D3-Both,31,15000,531.419003177604
27,D3-Both,31,18000,531.316083172226
27,D3-Both,31,21000,528.609707140397
27,D3-Both,31,24000,527.981462303645
27,D3-Both,31,27000,526.991588958854
27,D3-Both,31,30000,526.485374581025
27,D3-Both,31,33000,526.485374581025
27,D3-Both,31,36000,526.396072702729
27,D3-Both,31,39000,526.230675369387
27,D3-Both,31,42000,526.153572586632
27,D3-Both,31,45000,526.117318345763
27,D3-Both,31,48000,526.065562722302
27,D3-Both,31,51000,526.054835228283
27,D3-Both,31,54000,526.050976912399
27,D3-Both,31,57000,526.050169819177
27,D3-Both,31,60000,526.049795799315
27,CLPSO,31,3000,1125.81934714844
27,CLPSO,31,6000,834.901998112587
27,CLPSO,31,9000,741.254634646255
27,CLPSO,31,12000,661.086043214656
27,CLPSO,31,15000,661.086043214656
27,CLPSO,31,18000,658.646334760761
27,CLPSO,31,21000,617.84468192337
27,CLPSO,31,24000,617.84468192337
27,CLPSO,31,27000,598.402202369457
27,CLPSO,31,30000,589.351807219556
27,CLPSO,31,33000,569.988215640803
27,CLPSO,31,36000,562.885118918637
27,CLPSO,31,39000,553.226478640259
27,CLPSO,31,42000,553.226478640259
27,CLPSO,31,45000,553.226478640259
27,CLPSO,31,48000,548.150682442824
27,CLPSO,31,51000,541.928873808025
27,CLPSO,31,54000,541.928873808025
27,CLPSO,31,57000,541.928873808025
27,CLPSO,31,60000,541.928873808025
27,V1-Reference,32,3000,619.026316936738
27,V1-Reference,32,6000,611.990217197359
27,V1-Reference,32,9000,610.659536864603
27,V1-Reference,32,12000,590.826798872797
27,V1-Reference,32,15000,589.531386961534
27,V1-Reference,32,18000,585.114207288667
27,V1-Reference,32,21000,584.92948026851
27,V1-Reference,32,24000,584.579657267906
27,V1-Reference,32,27000,584.327541846744
27,V1-Reference,32,30000,583.157219167646
27,V1-Reference,32,33000,582.457846755734
27,V1-Reference,32,36000,581.741610275674
27,V1-Reference,32,39000,581.705647338126
27,V1-Reference,32,42000,581.554885740329
27,V1-Reference,32,45000,581.063372709512
27,V1-Reference,32,48000,580.936742366499
27,V1-Reference,32,51000,580.509946283459
27,V1-Reference,32,54000,580.509946283459
27,V1-Reference,32,57000,580.375261059647
27,V1-Reference,32,60000,580.015886052719
27,D1-TracingDecay,32,3000,564.514996847065
27,D1-TracingDecay,32,6000,561.327935793614
27,D1-TracingDecay,32,9000,560.6086662883
27,D1-TracingDecay,32,12000,560.240611636067
27,D1-TracingDecay,32,15000,560.031779130316
27,D1-TracingDecay,32,18000,559.998366110495
27,D1-TracingDecay,32,21000,559.913798478985
27,D1-TracingDecay,32,24000,559.913798478985
27,D1-TracingDecay,32,27000,546.738037491672
27,D1-TracingDecay,32,30000,535.999181821002
27,D1-TracingDecay,32,33000,534.262288987341
27,D1-TracingDecay,32,36000,530.47086954714
27,D1-TracingDecay,32,39000,530.334526274316
27,D1-TracingDecay,32,42000,527.134542511811
27,D1-TracingDecay,32,45000,521.698724473295
27,D1-TracingDecay,32,48000,519.173448603383
27,D1-TracingDecay,32,51000,518.591076602806
27,D1-TracingDecay,32,54000,518.418830141487
27,D1-TracingDecay,32,57000,518.233030292361
27,D1-TracingDecay,32,60000,518.074144499745
27,D3-Both,32,3000,583.287779322416
27,D3-Both,32,6000,570.669713823112
27,D3-Both,32,9000,557.854475240957
27,D3-Both,32,12000,549.922471067883
27,D3-Both,32,15000,546.414617412524
27,D3-Both,32,18000,539.85707538256
27,D3-Both,32,21000,536.179498744059
27,D3-Both,32,24000,534.123862112157
27,D3-Both,32,27000,533.98845206144
27,D3-Both,32,30000,533.616081167183
27,D3-Both,32,33000,533.226916561935
27,D3-Both,32,36000,532.711920920419
27,D3-Both,32,39000,532.145135477346
27,D3-Both,32,42000,531.929955586673
27,D3-Both,32,45000,531.752879145589
27,D3-Both,32,48000,531.671306434959
27,D3-Both,32,51000,531.650583127157
27,D3-Both,32,54000,531.625953328786
27,D3-Both,32,57000,531.614777457207
27,D3-Both,32,60000,531.609524085909
27,CLPSO,32,3000,1011.12433758171
27,CLPSO,32,6000,878.226346032395
27,CLPSO,32,9000,788.794280546007
27,CLPSO,32,12000,701.255280069313
27,CLPSO,32,15000,650.329354144806
27,CLPSO,32,18000,633.264494371519
27,CLPSO,32,21000,612.95891143057
27,CLPSO,32,24000,605.665363097445
27,CLPSO,32,27000,589.87425183851
27,CLPSO,32,30000,567.477052229186
27,CLPSO,32,33000,557.633816585462
27,CLPSO,32,36000,557.622091798841
27,CLPSO,32,39000,546.988534964264
27,CLPSO,32,42000,546.988534964264
27,CLPSO,32,45000,546.988534964264
27,CLPSO,32,48000,545.556187307645
27,CLPSO,32,51000,544.828456978713
27,CLPSO,32,54000,544.500056913432
27,CLPSO,32,57000,544.500056913432
27,CLPSO,32,60000,540.46967129344
27,V1-Reference,33,3000,624.717284551769
27,V1-Reference,33,6000,580.824512731593
27,V1-Reference,33,9000,574.88800520013
27,V1-Reference,33,12000,573.931284389081
27,V1-Reference,33,15000,573.230703664704
27,V1-Reference,33,18000,573.183859158585
27,V1-Reference,33,21000,573.183859158585
27,V1-Reference,33,24000,573.183859158585
27,V1-Reference,33,27000,538.834200541856
27,V1-Reference,33,30000,536.437010392405
27,V1-Reference,33,33000,534.908286138455
27,V1-Reference,33,36000,534.525428133576
27,V1-Reference,33,39000,533.608320926078
27,V1-Reference,33,42000,533.437886732163
27,V1-Reference,33,45000,532.872998495812
27,V1-Reference,33,48000,532.844269316378
27,V1-Reference,33,51000,532.733758067861
27,V1-Reference,33,54000,532.523234224091
27,V1-Reference,33,57000,532.321364511336
27,V1-Reference,33,60000,532.23494577701
27,D1-TracingDecay,33,3000,623.336816971795
27,D1-TracingDecay,33,6000,562.54992517924
27,D1-TracingDecay,33,9000,538.900357625555
27,D1-TracingDecay,33,12000,536.582842986054
27,D1-TracingDecay,33,15000,535.958361777106
27,D1-TracingDecay,33,18000,535.52052474445
27,D1-TracingDecay,33,21000,535.128399249113
27,D1-TracingDecay,33,24000,535.090921319847
27,D1-TracingDecay,33,27000,534.877475900572
27,D1-TracingDecay,33,30000,534.825946540255
27,D1-TracingDecay,33,33000,534.803850832557
27,D1-TracingDecay,33,36000,534.750154015826
27,D1-TracingDecay,33,39000,534.741962767688
27,D1-TracingDecay,33,42000,534.739197416539
27,D1-TracingDecay,33,45000,534.73886401503
27,D1-TracingDecay,33,48000,534.738735657937
27,D1-TracingDecay,33,51000,534.738719016765
27,D1-TracingDecay,33,54000,534.738704959625
27,D1-TracingDecay,33,57000,534.738701765917
27,D1-TracingDecay,33,60000,534.738700653545
27,D3-Both,33,3000,581.089295857712
27,D3-Both,33,6000,540.855048822276
27,D3-Both,33,9000,530.903178615986
27,D3-Both,33,12000,529.351807382352
27,D3-Both,33,15000,526.662212537124
27,D3-Both,33,18000,525.897547432724
27,D3-Both,33,21000,525.615272146429
27,D3-Both,33,24000,525.167410722502
27,D3-Both,33,27000,524.679447808968
27,D3-Both,33,30000,524.656920312576
27,D3-Both,33,33000,524.323432248541
27,D3-Both,33,36000,523.928450047896
27,D3-Both,33,39000,523.888755755284
27,D3-Both,33,42000,523.74846570556
27,D3-Both,33,45000,523.469174206503
27,D3-Both,33,48000,522.087590131255
27,D3-Both,33,51000,521.05432747421
27,D3-Both,33,54000,520.281376363497
27,D3-Both,33,57000,516.77598783688
27,D3-Both,33,60000,516.686231636717
27,CLPSO,33,3000,1371.29888158793
27,CLPSO,33,6000,1099.30896356546
27,CLPSO,33,9000,812.580979633718
27,CLPSO,33,12000,775.833144480475
27,CLPSO,33,15000,686.618431630643
27,CLPSO,33,18000,686.618431630643
27,CLPSO,33,21000,654.765129798406
27,CLPSO,33,24000,654.765129798406
27,CLPSO,33,27000,654.590515057589
27,CLPSO,33,30000,619.382600878444
27,CLPSO,33,33000,611.722686987857
27,CLPSO,33,36000,595.300065070483
27,CLPSO,33,39000,591.614999551287
27,CLPSO,33,42000,581.993170689144
27,CLPSO,33,45000,572.82403306068
27,CLPSO,33,48000,562.563934676517
27,CLPSO,33,51000,562.549860603113
27,CLPSO,33,54000,555.655145094936
27,CLPSO,33,57000,550.283160478653
27,CLPSO,33,60000,550.23978035519
28,V1-Reference,31,3000,627.472224148004
28,V1-Reference,31,6000,549.067585694871
28,V1-Reference,31,9000,531.780733558589
28,V1-Reference,31,12000,523.391299927941
28,V1-Reference,31,15000,510.671149379096
28,V1-Reference,31,18000,505.377316507688
28,V1-Reference,31,21000,499.131898478216
28,V1-Reference,31,24000,494.11603575567
28,V1-Reference,31,27000,487.119896788215
28,V1-Reference,31,30000,479.217125432716
28,V1-Reference,31,33000,470.901980542613
28,V1-Reference,31,36000,456.69533808442
28,V1-Reference,31,39000,442.875118332651
28,V1-Reference,31,42000,431.85677282938
28,V1-Reference,31,45000,421.663496634368
28,V1-Reference,31,48000,417.523777615524
28,V1-Reference,31,51000,415.63065622358
28,V1-Reference,31,54000,413.751644577221
28,V1-Reference,31,57000,412.004016249884
28,V1-Reference,31,60000,411.16644479533
28,D1-TracingDecay,31,3000,631.51941558845
28,D1-TracingDecay,31,6000,538.298655937701
28,D1-TracingDecay,31,9000,507.820316924185
28,D1-TracingDecay,31,12000,494.333335163808
28,D1-TracingDecay,31,15000,487.402110194575
28,D1-TracingDecay,31,18000,483.946764000923
28,D1-TracingDecay,31,21000,480.536735385442
28,D1-TracingDecay,31,24000,476.924490516298
28,D1-TracingDecay,31,27000,473.727301747215
28,D1-TracingDecay,31,30000,470.713462961345
28,D1-TracingDecay,31,33000,466.785595228851
28,D1-TracingDecay,31,36000,462.2732740677
28,D1-TracingDecay,31,39000,453.908424996447
28,D1-TracingDecay,31,42000,424.35808199559
28,D1-TracingDecay,31,45000,409.626865813941
28,D1-TracingDecay,31,48000,405.128495879211
28,D1-TracingDecay,31,51000,403.384749007049
28,D1-TracingDecay,31,54000,402.471359898601
28,D1-TracingDecay,31,57000,400.684781451062
28,D1-TracingDecay,31,60000,398.15283858202
28,D3-Both,31,3000,695.986784032944
28,D3-Both,31,6000,551.407040540443
28,D3-Both,31,9000,512.251517399191
28,D3-Both,31,12000,492.649550136857
28,D3-Both,31,15000,487.275936492636
28,D3-Both,31,18000,481.369600485996
28,D3-Both,31,21000,478.033175251716
28,D3-Both,31,24000,475.077536851176
28,D3-Both,31,27000,472.453737368509
28,D3-Both,31,30000,466.207561373643
28,D3-Both,31,33000,462.519911925338
28,D3-Both,31,36000,461.177236683159
28,D3-Both,31,39000,447.593818784869
28,D3-Both,31,42000,423.84801740448
28,D3-Both,31,45000,419.175945485422
28,D3-Both,31,48000,417.790669487708
28,D3-Both,31,51000,415.037053726959
28,D3-Both,31,54000,411.863361185441
28,D3-Both,31,57000,409.218074546651
28,D3-Both,31,60000,406.06448483203
28,CLPSO,31,3000,5753.96449037068
28,CLPSO,31,6000,3854.32667109687
28,CLPSO,31,9000,2620.24500530492
28,CLPSO,31,12000,2411.81852442484
28,CLPSO,31,15000,1687.37336102157
28,CLPSO,31,18000,926.253276240198
28,CLPSO,31,21000,878.455149480636
28,CLPSO,31,24000,878.455149480636
28,CLPSO,31,27000,861.211571036359
28,CLPSO,31,30000,824.750591772311
28,CLPSO,31,33000,819.640842960714
28,CLPSO,31,36000,783.365824026633
28,CLPSO,31,39000,740.460349792887
28,CLPSO,31,42000,740.460349792887
28,CLPSO,31,45000,715.078480579919
28,CLPSO,31,48000,701.926371896127
28,CLPSO,31,51000,647.558851271851
28,CLPSO,31,54000,647.558851271851
28,CLPSO,31,57000,637.468712764849
28,CLPSO,31,60000,634.893230254913
28,V1-Reference,32,3000,702.049074603233
28,V1-Reference,32,6000,538.694332891807
28,V1-Reference,32,9000,506.104683808286
28,V1-Reference,32,12000,489.907310676798
28,V1-Reference,32,15000,482.899562934942
28,V1-Reference,32,18000,474.78274009144
28,V1-Reference,32,21000,473.350964951395
28,V1-Reference,32,24000,470.169083046283
28,V1-Reference,32,27000,467.861104700422
28,V1-Reference,32,30000,467.168909844179
28,V1-Reference,32,33000,467.095107551113
28,V1-Reference,32,36000,463.88425596557
28,V1-Reference,32,39000,460.992928536009
28,V1-Reference,32,42000,456.215742696306
28,V1-Reference,32,45000,449.235188821728
28,V1-Reference,32,48000,437.01583477428
28,V1-Reference,32,51000,426.770474968946
28,V1-Reference,32,54000,420.71964874055
28,V1-Reference,32,57000,417.872899173216
28,V1-Reference,32,60000,416.91237715775
28,D1-TracingDecay,32,3000,643.735885971235
28,D1-TracingDecay,32,6000,523.452026925281
28,D1-TracingDecay,32,9000,495.311594564147
28,D1-TracingDecay,32,12000,474.517563326384
28,D1-TracingDecay,32,15000,451.951961727379
28,D1-TracingDecay,32,18000,431.784920594245
28,D1-TracingDecay,32,21000,418.425366888587
28,D1-TracingDecay,32,24000,413.508980911729
28,D1-TracingDecay,32,27000,410.831978915446
28,D1-TracingDecay,32,30000,409.889838127248
28,D1-TracingDecay,32,33000,407.326627488357
28,D1-TracingDecay,32,36000,406.204196957229
28,D1-TracingDecay,32,39000,405.55034908341
28,D1-TracingDecay,32,42000,404.116306153217
28,D1-TracingDecay,32,45000,403.106155553624
28,D1-TracingDecay,32,48000,402.299155953298
28,D1-TracingDecay,32,51000,401.557192592962
28,D1-TracingDecay,32,54000,400.205208702876
28,D1-TracingDecay,32,57000,398.476307576062
28,D1-TracingDecay,32,60000,396.651128857052
28,D3-Both,32,3000,1215.21269648544
28,D3-Both,32,6000,560.751407797633
28,D3-Both,32,9000,496.319548486694
28,D3-Both,32,12000,463.382059761931
28,D3-Both,32,15000,451.775814996025
28,D3-Both,32,18000,442.215447875035
28,D3-Both,32,21000,437.377149297213
28,D3-Both,32,24000,433.977139494293
28,D3-Both,32,27000,430.724263206185
28,D3-Both,32,30000,427.943129966354
28,D3-Both,32,33000,426.963743509488
28,D3-Both,32,36000,425.338641902164
28,D3-Both,32,39000,423.54170176758
28,D3-Both,32,42000,421.608818802694
28,D3-Both,32,45000,420.334246561435
28,D3-Both,32,48000,419.327870646024
28,D3-Both,32,51000,418.893470517141
28,D3-Both,32,54000,418.674290659289
28,D3-Both,32,57000,418.399848700994
28,D3-Both,32,60000,418.250024933776
28,CLPSO,32,3000,5154.31001190133
28,CLPSO,32,6000,4661.4522839066
28,CLPSO,32,9000,3840.40949912172
28,CLPSO,32,12000,2296.35239796719
28,CLPSO,32,15000,2141.90393631076
28,CLPSO,32,18000,2077.42949705954
28,CLPSO,32,21000,1542.60346675364
28,CLPSO,32,24000,1340.33123525631
28,CLPSO,32,27000,987.367123791377
28,CLPSO,32,30000,987.367123791377
28,CLPSO,32,33000,914.352225533983
28,CLPSO,32,36000,855.791224007713
28,CLPSO,32,39000,806.545123581447
28,CLPSO,32,42000,784.544888487469
28,CLPSO,32,45000,712.355135909799
28,CLPSO,32,48000,649.559839369316
28,CLPSO,32,51000,642.414097337366
28,CLPSO,32,54000,629.708531183438
28,CLPSO,32,57000,620.734345524245
28,CLPSO,32,60000,613.394645889464
28,V1-Reference,33,3000,767.221369588729
28,V1-Reference,33,6000,561.868455418276
28,V1-Reference,33,9000,515.743649989123
28,V1-Reference,33,12000,492.055816683605
28,V1-Reference,33,15000,483.443195346894
28,V1-Reference,33,18000,476.543986028252
28,V1-Reference,33,21000,471.719919488864
28,V1-Reference,33,24000,469.149662361579
28,V1-Reference,33,27000,465.047804212639
28,V1-Reference,33,30000,462.554603187973
28,V1-Reference,33,33000,459.45884808762
28,V1-Reference,33,36000,455.340471757557
28,V1-Reference,33,39000,450.532032029675
28,V1-Reference,33,42000,442.988681944218
28,V1-Reference,33,45000,434.03746042202
28,V1-Reference,33,48000,426.379383226663
28,V1-Reference,33,51000,420.875980968421
28,V1-Reference,33,54000,419.383391049785
28,V1-Reference,33,57000,418.83041133595
28,V1-Reference,33,60000,418.530737064531
28,D1-TracingDecay,33,3000,518.112745655543
28,D1-TracingDecay,33,6000,444.354516736696
28,D1-TracingDecay,33,9000,429.120497608524
28,D1-TracingDecay,33,12000,425.9823114726
28,D1-TracingDecay,33,15000,423.96972877681
28,D1-TracingDecay,33,18000,420.2454641104
28,D1-TracingDecay,33,21000,416.919226116867
28,D1-TracingDecay,33,24000,416.276230046682
28,D1-TracingDecay,33,27000,415.718476581519
28,D1-TracingDecay,33,30000,414.481499630055
28,D1-TracingDecay,33,33000,413.777605155332
28,D1-TracingDecay,33,36000,411.837714202166
28,D1-TracingDecay,33,39000,411.117673180344
28,D1-TracingDecay,33,42000,410.401777941389
28,D1-TracingDecay,33,45000,409.596890018199
28,D1-TracingDecay,33,48000,409.123498788909
28,D1-TracingDecay,33,51000,408.875171966661
28,D1-TracingDecay,33,54000,408.287030864512
28,D1-TracingDecay,33,57000,407.251572657986
28,D1-TracingDecay,33,60000,406.493173825749
28,D3-Both,33,3000,784.613207039269
28,D3-Both,33,6000,561.140518435814
28,D3-Both,33,9000,491.516976916349
28,D3-Both,33,12000,467.640594931429
28,D3-Both,33,15000,460.012012033679
28,D3-Both,33,18000,451.412581114795
28,D3-Both,33,21000,438.857913463365
28,D3-Both,33,24000,428.71357046449
28,D3-Both,33,27000,422.190137161389
28,D3-Both,33,30000,416.435243903679
28,D3-Both,33,33000,410.37028268395
28,D3-Both,33,36000,405.223446128667
28,D3-Both,33,39000,403.777111515319
28,D3-Both,33,42000,403.238828857425
28,D3-Both,33,45000,401.16393321026
28,D3-Both,33,48000,400.123476339783
28,D3-Both,33,51000,396.93160994141
28,D3-Both,33,54000,390.440403657123
28,D3-Both,33,57000,376.279018959941
28,D3-Both,33,60000,313.557887254932
28,CLPSO,33,3000,7776.07908353589
28,CLPSO,33,6000,4495.87779245875
28,CLPSO,33,9000,3649.22410335425
28,CLPSO,33,12000,2832.51648711971
28,CLPSO,33,15000,2472.3990226186
28,CLPSO,33,18000,2037.60300384559
28,CLPSO,33,21000,1660.44186951894
28,CLPSO,33,24000,1246.69407884398
28,CLPSO,33,27000,1197.28960521747
28,CLPSO,33,30000,1038.2090894616
28,CLPSO,33,33000,933.794276888063
28,CLPSO,33,36000,933.794276888063
28,CLPSO,33,39000,906.650030300026
28,CLPSO,33,42000,859.777321783738
28,CLPSO,33,45000,842.428627211761
28,CLPSO,33,48000,768.235631946889
28,CLPSO,33,51000,717.356311817454
28,CLPSO,33,54000,717.155698777075
28,CLPSO,33,57000,692.509398171617
28,CLPSO,33,60000,678.979801332975
29,V1-Reference,31,3000,1576.33390877878
29,V1-Reference,31,6000,1448.19073573235
29,V1-Reference,31,9000,1162.5579875561
29,V1-Reference,31,12000,1154.41961801187
29,V1-Reference,31,15000,1096.92265293324
29,V1-Reference,31,18000,1072.65119195966
29,V1-Reference,31,21000,1042.47410624956
29,V1-Reference,31,24000,1036.79369132414
29,V1-Reference,31,27000,1019.69988808997
29,V1-Reference,31,30000,1016.57860305673
29,V1-Reference,31,33000,999.750159777125
29,V1-Reference,31,36000,999.60815778256
29,V1-Reference,31,39000,997.299109566131
29,V1-Reference,31,42000,992.987420215406
29,V1-Reference,31,45000,989.149282474197
29,V1-Reference,31,48000,988.234963546525
29,V1-Reference,31,51000,981.548258852903
29,V1-Reference,31,54000,979.675718755066
29,V1-Reference,31,57000,977.896700088227
29,V1-Reference,31,60000,975.26400752169
29,D1-TracingDecay,31,3000,1730.43532896654
29,D1-TracingDecay,31,6000,1579.70461102173
29,D1-TracingDecay,31,9000,1456.38525599998
29,D1-TracingDecay,31,12000,1394.75790014294
29,D1-TracingDecay,31,15000,1373.74003623786
29,D1-TracingDecay,31,18000,1370.15610027421
29,D1-TracingDecay,31,21000,1052.56647474436
29,D1-TracingDecay,31,24000,890.079288177822
29,D1-TracingDecay,31,27000,849.58702318886
29,D1-TracingDecay,31,30000,845.545785586156
29,D1-TracingDecay,31,33000,842.537766637807
29,D1-TracingDecay,31,36000,840.57315451864
29,D1-TracingDecay,31,39000,840.57315451864
29,D1-TracingDecay,31,42000,839.899178313784
29,D1-TracingDecay,31,45000,828.677629242059
29,D1-TracingDecay,31,48000,818.045666672785
29,D1-TracingDecay,31,51000,809.827850436148
29,D1-TracingDecay,31,54000,804.615961707594
29,D1-TracingDecay,31,57000,800.047856652336
29,D1-TracingDecay,31,60000,798.236026012668
29,D3-Both,31,3000,2226.42740980288
29,D3-Both,31,6000,1958.55752189334
29,D3-Both,31,9000,1470.38721191114
29,D3-Both,31,12000,1455.87145235741
29,D3-Both,31,15000,1455.87145235741
29,D3-Both,31,18000,1392.47150109373
29,D3-Both,31,21000,1354.92888161394
29,D3-Both,31,24000,1232.68832799375
29,D3-Both,31,27000,1020.25246651552
29,D3-Both,31,30000,902.482380842195
29,D3-Both,31,33000,895.194590429423
29,D3-Both,31,36000,875.691361849665
29,D3-Both,31,39000,851.956650960765
29,D3-Both,31,42000,845.428506506069
29,D3-Both,31,45000,835.820045450357
29,D3-Both,31,48000,828.907447467405
29,D3-Both,31,51000,823.67967910508
29,D3-Both,31,54000,814.210953203739
29,D3-Both,31,57000,808.778416410948
29,D3-Both,31,60000,798.121912403776
29,CLPSO,31,3000,3405.59543292659
29,CLPSO,31,6000,2746.44435610643
29,CLPSO,31,9000,2596.28408175148
29,CLPSO,31,12000,2391.83345870921
29,CLPSO,31,15000,1821.00783270558
29,CLPSO,31,18000,1688.09195604555
29,CLPSO,31,21000,1504.63813918928
29,CLPSO,31,24000,1448.68154669834
29,CLPSO,31,27000,1448.68154669834
29,CLPSO,31,30000,1448.68154669834
29,CLPSO,31,33000,1328.89162490631
29,CLPSO,31,36000,1215.82161624396
29,CLPSO,31,39000,1170.61371862742
29,CLPSO,31,42000,1170.61371862742
29,CLPSO,31,45000,1072.24234214126
29,CLPSO,31,48000,1072.24234214126
29,CLPSO,31,51000,1024.13037757709
29,CLPSO,31,54000,1024.13037757709
29,CLPSO,31,57000,1009.18679684459
29,CLPSO,31,60000,989.453260400573
29,V1-Reference,32,3000,1723.28181822783
29,V1-Reference,32,6000,1542.92028863788
29,V1-Reference,32,9000,1356.77816331504
29,V1-Reference,32,12000,1290.89198508999
29,V1-Reference,32,15000,1266.81622315866
29,V1-Reference,32,18000,1266.81622315866
29,V1-Reference,32,21000,1251.29661458161
29,V1-Reference,32,24000,1245.3357875885
29,V1-Reference,32,27000,1237.94310656999
29,V1-Reference,32,30000,1230.83879225161
29,V1-Reference,32,33000,1230.83879225161
29,V1-Reference,32,36000,1224.01527214892
29,V1-Reference,32,39000,1224.01527214892
29,V1-Reference,32,42000,1223.7167795242
29,V1-Reference,32,45000,1222.68904513255
29,V1-Reference,32,48000,1220.84102053434
29,V1-Reference,32,51000,1219.33703514358
29,V1-Reference,32,54000,1218.72534560367
29,V1-Reference,32,57000,1214.46783398956
29,V1-Reference,32,60000,1210.64135160921
29,D1-TracingDecay,32,3000,1843.51611854149
29,D1-TracingDecay,32,6000,1693.08449798412
29,D1-TracingDecay,32,9000,1554.17139455734
29,D1-TracingDecay,32,12000,1474.12730972205
29,D1-TracingDecay,32,15000,1413.82624000539
29,D1-TracingDecay,32,18000,1368.75375121578
29,D1-TracingDecay,32,21000,1313.95774502598
29,D1-TracingDecay,32,24000,1299.65156120039
29,D1-TracingDecay,32,27000,1285.53580155083
29,D1-TracingDecay,32,30000,1279.34695467989
29,D1-TracingDecay,32,33000,1231.04627290479
29,D1-TracingDecay,32,36000,1225.22642847311
29,D1-TracingDecay,32,39000,1202.50177530697
29,D1-TracingDecay,32,42000,1181.42443032531
29,D1-TracingDecay,32,45000,1177.09244270024
29,D1-TracingDecay,32,48000,1163.07590955475
29,D1-TracingDecay,32,51000,1155.86602732755
29,D1-TracingDecay,32,54000,1155.31143260959
29,D1-TracingDecay,32,57000,1153.23697379039
29,D1-TracingDecay,32,60000,1148.65917321713
29,D3-Both,32,3000,1997.12170091606
29,D3-Both,32,6000,1925.79392553671
29,D3-Both,32,9000,1643.93965842711
29,D3-Both,32,12000,1375.07003795005
29,D3-Both,32,15000,1225.24101736119
29,D3-Both,32,18000,1055.82750021333
29,D3-Both,32,21000,1045.94882391018
29,D3-Both,32,24000,1005.62424950373
29,D3-Both,32,27000,967.146300413012
29,D3-Both,32,30000,954.421391233846
29,D3-Both,32,33000,941.419415472188
29,D3-Both,32,36000,918.571113715405
29,D3-Both,32,39000,913.191904233922
29,D3-Both,32,42000,893.850074911899
29,D3-Both,32,45000,854.671724926744
29,D3-Both,32,48000,843.389531178424
29,D3-Both,32,51000,834.793055149733
29,D3-Both,32,54000,831.879918047915
29,D3-Both,32,57000,830.06707303888
29,D3-Both,32,60000,827.358460122226
29,CLPSO,32,3000,3844.04166020738
29,CLPSO,32,6000,3408.20886249073
29,CLPSO,32,9000,2896.26836387144
29,CLPSO,32,12000,2263.76005116408
29,CLPSO,32,15000,2263.76005116408
29,CLPSO,32,18000,2064.83040893875
29,CLPSO,32,21000,1895.42422811327
29,CLPSO,32,24000,1559.36444089274
29,CLPSO,32,27000,1456.91061450129
29,CLPSO,32,30000,1417.34508896031
29,CLPSO,32,33000,1408.66407951486
29,CLPSO,32,36000,1342.45656090103
29,CLPSO,32,39000,1187.45801799557
29,CLPSO,32,42000,1187.45801799557
29,CLPSO,32,45000,1187.45801799557
29,CLPSO,32,48000,1175.03827461828
29,CLPSO,32,51000,1137.03652149297
29,CLPSO,32,54000,1123.83145446786
29,CLPSO,32,57000,1123.83145446786
29,CLPSO,32,60000,1123.83145446786
29,V1-Reference,33,3000,1844.82707876973
29,V1-Reference,33,6000,1519.48100111162
29,V1-Reference,33,9000,1423.64843880145
29,V1-Reference,33,12000,1360.34953765793
29,V1-Reference,33,15000,1353.39918734204
29,V1-Reference,33,18000,1351.83899783968
29,V1-Reference,33,21000,1310.98296062993
29,V1-Reference,33,24000,1268.39461351084
29,V1-Reference,33,27000,1252.30665494403
29,V1-Reference,33,30000,1251.36104400459
29,V1-Reference,33,33000,1251.36104400459
29,V1-Reference,33,36000,1247.2972797151
29,V1-Reference,33,39000,1244.31942604484
29,V1-Reference,33,42000,1243.96798865629
29,V1-Reference,33,45000,1225.06887644803
29,V1-Reference,33,48000,1225.06630578007
29,V1-Reference,33,51000,1221.75623688992
29,V1-Reference,33,54000,1216.23451813839
29,V1-Reference,33,57000,1214.89198841702
29,V1-Reference,33,60000,1212.52731089046
29,D1-TracingDecay,33,3000,1740.36211333499
29,D1-TracingDecay,33,6000,1460.47832115498
29,D1-TracingDecay,33,9000,1363.68314052809
29,D1-TracingDecay,33,12000,1267.84731717362
29,D1-TracingDecay,33,15000,1250.91926478106
29,D1-TracingDecay,33,18000,1081.81196050171
29,D1-TracingDecay,33,21000,1016.79821957829
29,D1-TracingDecay,33,24000,851.15706338789
29,D1-TracingDecay,33,27000,692.958859311741
29,D1-TracingDecay,33,30000,681.296970805996
29,D1-TracingDecay,33,33000,676.0725219352
29,D1-TracingDecay,33,36000,676.043100862677
29,D1-TracingDecay,33,39000,672.251990938511
29,D1-TracingDecay,33,42000,670.805277399692
29,D1-TracingDecay,33,45000,669.077789908192
29,D1-TracingDecay,33,48000,666.455230167624
29,D1-TracingDecay,33,51000,659.472532740378
29,D1-TracingDecay,33,54000,658.021998334198
29,D1-TracingDecay,33,57000,654.838583609806
29,D1-TracingDecay,33,60000,651.77061281745
29,D3-Both,33,3000,1728.90958516033
29,D3-Both,33,6000,1269.44352654002
29,D3-Both,33,9000,1042.70344022831
29,D3-Both,33,12000,1042.70344022831
29,D3-Both,33,15000,997.781441366496
29,D3-Both,33,18000,991.371774873013
29,D3-Both,33,21000,961.124085819721
29,D3-Both,33,24000,944.314264915602
29,D3-Both,33,27000,902.132078756591
29,D3-Both,33,30000,843.594432569541
29,D3-Both,33,33000,830.963315195045
29,D3-Both,33,36000,816.567686316332
29,D3-Both,33,39000,810.417844156428
29,D3-Both,33,42000,803.029324317309
29,D3-Both,33,45000,776.586539319769
29,D3-Both,33,48000,776.586539319769
29,D3-Both,33,51000,727.441912471024
29,D3-Both,33,54000,713.650802447532
29,D3-Both,33,57000,706.199748263713
29,D3-Both,33,60000,704.01004843621
29,CLPSO,33,3000,6233.25676726714
29,CLPSO,33,6000,3280.80176900327
29,CLPSO,33,9000,2660.63235367205
29,CLPSO,33,12000,2479.93398899979
29,CLPSO,33,15000,2103.13105748072
29,CLPSO,33,18000,1604.73340802815
29,CLPSO,33,21000,1539.67102841254
29,CLPSO,33,24000,1467.25761112919
29,CLPSO,33,27000,1289.73885137492
29,CLPSO,33,30000,1289.73885137492
29,CLPSO,33,33000,1050.17452153828
29,CLPSO,33,36000,841.270581458918
29,CLPSO,33,39000,841.270581458918
29,CLPSO,33,42000,838.887903551042
29,CLPSO,33,45000,762.033136320998
29,CLPSO,33,48000,722.522841415969
29,CLPSO,33,51000,713.588137682373
29,CLPSO,33,54000,713.588137682373
29,CLPSO,33,57000,684.469759192302
29,CLPSO,33,60000,684.40119511477
30,V1-Reference,31,3000,6456190.17949852
30,V1-Reference,31,6000,1654537.5296556
30,V1-Reference,31,9000,463593.454610602
30,V1-Reference,31,12000,301735.997673932
30,V1-Reference,31,15000,256789.421206567
30,V1-Reference,31,18000,200912.37612865
30,V1-Reference,31,21000,164914.648131779
30,V1-Reference,31,24000,116936.548914399
30,V1-Reference,31,27000,84949.2450674423
30,V1-Reference,31,30000,81587.9532320495
30,V1-Reference,31,33000,76753.3113448698
30,V1-Reference,31,36000,72010.23441979
30,V1-Reference,31,39000,68993.3213471255
30,V1-Reference,31,42000,62627.9842933201
30,V1-Reference,31,45000,61906.82579397
30,V1-Reference,31,48000,60633.8283312165
30,V1-Reference,31,51000,59651.5038736779
30,V1-Reference,31,54000,57903.8753377417
30,V1-Reference,31,57000,57456.1705464178
30,V1-Reference,31,60000,56306.6709129266
30,D1-TracingDecay,31,3000,2407030.95136428
30,D1-TracingDecay,31,6000,908660.538485716
30,D1-TracingDecay,31,9000,408440.046322798
30,D1-TracingDecay,31,12000,299735.935133465
30,D1-TracingDecay,31,15000,174439.787208242
30,D1-TracingDecay,31,18000,112435.627123025
30,D1-TracingDecay,31,21000,94908.1714528102
30,D1-TracingDecay,31,24000,75207.6692113391
30,D1-TracingDecay,31,27000,71122.1793603309
30,D1-TracingDecay,31,30000,61698.7256560109
30,D1-TracingDecay,31,33000,47599.1636252462
30,D1-TracingDecay,31,36000,42284.5998665862
30,D1-TracingDecay,31,39000,30395.5269039651
30,D1-TracingDecay,31,42000,28715.288500821
30,D1-TracingDecay,31,45000,26169.8770742455
30,D1-TracingDecay,31,48000,24029.630867461
30,D1-TracingDecay,31,51000,22799.8715597585
30,D1-TracingDecay,31,54000,22445.5312629164
30,D1-TracingDecay,31,57000,21348.4950216106
30,D1-TracingDecay,31,60000,20964.0958365542
30,D3-Both,31,3000,22736422.1607811
30,D3-Both,31,6000,7236998.3293294
30,D3-Both,31,9000,4430230.21980399
30,D3-Both,31,12000,3338676.0187736
30,D3-Both,31,15000,2023321.45657207
30,D3-Both,31,18000,1609697.9066355
30,D3-Both,31,21000,1276250.81033303
30,D3-Both,31,24000,921531.638054223
30,D3-Both,31,27000,774273.641173364
30,D3-Both,31,30000,654355.570225653
30,D3-Both,31,33000,550295.550712372
30,D3-Both,31,36000,205361.788822391
30,D3-Both,31,39000,166469.792929979
30,D3-Both,31,42000,158888.680563409
30,D3-Both,31,45000,155867.725662544
30,D3-Both,31,48000,153965.743576831
30,D3-Both,31,51000,142522.266731211
30,D3-Both,31,54000,69344.8781162425
30,D3-Both,31,57000,53580.0014845957
30,D3-Both,31,60000,14369.6277599573
30,CLPSO,31,3000,1460358971.26975
30,CLPSO,31,6000,697295618.900602
30,CLPSO,31,9000,154392885.26606
30,CLPSO,31,12000,54925028.3833548
30,CLPSO,31,15000,53666302.0922199
30,CLPSO,31,18000,38096258.3997766
30,CLPSO,31,21000,27301093.4924898
30,CLPSO,31,24000,10432147.5928431
30,CLPSO,31,27000,7310949.2621789
30,CLPSO,31,30000,6928045.13252924
30,CLPSO,31,33000,5082011.18433134
30,CLPSO,31,36000,5082011.18433134
30,CLPSO,31,39000,4295042.28826657
30,CLPSO,31,42000,2684277.6226406
30,CLPSO,31,45000,2603054.38141574
30,CLPSO,31,48000,1853867.68695809
30,CLPSO,31,51000,1845951.84924984
30,CLPSO,31,54000,1556620.68209162
30,CLPSO,31,57000,1410660.35019167
30,CLPSO,31,60000,1278577.96932005
30,V1-Reference,32,3000,5974734.24040441
30,V1-Reference,32,6000,3020069.00729275
30,V1-Reference,32,9000,1448240.76709304
30,V1-Reference,32,12000,971594.716882441
30,V1-Reference,32,15000,618479.709369709
30,V1-Reference,32,18000,443978.563389977
30,V1-Reference,32,21000,288105.519193064
30,V1-Reference,32,24000,257102.69546211
30,V1-Reference,32,27000,205040.45949912
30,V1-Reference,32,30000,170459.796223323
30,V1-Reference,32,33000,165594.402424938
30,V1-Reference,32,36000,147190.830287512
30,V1-Reference,32,39000,139162.451017636
30,V1-Reference,32,42000,134096.912588002
30,V1-Reference,32,45000,124169.655044957
30,V1-Reference,32,48000,114857.88711951
30,V1-Reference,32,51000,111107.00283242
30,V1-Reference,32,54000,104540.871449345
30,V1-Reference,32,57000,101417.075240881
30,V1-Reference,32,60000,99082.8119742263
30,D1-TracingDecay,32,3000,13556548.1697985
30,D1-TracingDecay,32,6000,5486627.06100274
30,D1-TracingDecay,32,9000,1597667.85327385
30,D1-TracingDecay,32,12000,497052.956822895
30,D1-TracingDecay,32,15000,295905.859781696
30,D1-TracingDecay,32,18000,225463.721253154
30,D1-TracingDecay,32,21000,185371.417039069
30,D1-TracingDecay,32,24000,160375.126379782
30,D1-TracingDecay,32,27000,148816.77835407
30,D1-TracingDecay,32,30000,105273.147452781
30,D1-TracingDecay,32,33000,95078.6118334192
30,D1-TracingDecay,32,36000,87256.4465251855
30,D1-TracingDecay,32,39000,82059.4984360106
30,D1-TracingDecay,32,42000,77368.9395778082
30,D1-TracingDecay,32,45000,70818.3148404095
30,D1-TracingDecay,32,48000,66422.661630649
30,D1-TracingDecay,32,51000,64012.0383823613
30,D1-TracingDecay,32,54000,62862.9434436204
30,D1-TracingDecay,32,57000,60212.8674719262
30,D1-TracingDecay,32,60000,57462.0910116931
30,D3-Both,32,3000,17810249.8781318
30,D3-Both,32,6000,7866403.93729714
30,D3-Both,32,9000,4522410.20001682
30,D3-Both,32,12000,3527239.68614169
30,D3-Both,32,15000,2085828.0134869
30,D3-Both,32,18000,1347473.88582263
30,D3-Both,32,21000,965966.733197701
30,D3-Both,32,24000,681537.936417942
30,D3-Both,32,27000,659992.097537193
30,D3-Both,32,30000,619120.876582707
30,D3-Both,32,33000,405843.588369953
30,D3-Both,32,36000,368860.512986387
30,D3-Both,32,39000,320172.32320015
30,D3-Both,32,42000,258505.987949844
30,D3-Both,32,45000,120447.413180804
30,D3-Both,32,48000,94814.7473733154
30,D3-Both,32,51000,84606.5109034431
30,D3-Both,32,54000,81382.8776184572
30,D3-Both,32,57000,73083.5729434302
30,D3-Both,32,60000,62714.9557156931
30,CLPSO,32,3000,1187248796.65021
30,CLPSO,32,6000,327096683.352234
30,CLPSO,32,9000,242019980.813457
30,CLPSO,32,12000,167869651.759243
30,CLPSO,32,15000,65411660.9737279
30,CLPSO,32,18000,34919312.8584419
30,CLPSO,32,21000,31759807.258106
30,CLPSO,32,24000,28007095.6151695
30,CLPSO,32,27000,27998314.4095309
30,CLPSO,32,30000,13305485.6510263
30,CLPSO,32,33000,7775279.48648085
30,CLPSO,32,36000,7514329.66347475
30,CLPSO,32,39000,6940230.43061162
30,CLPSO,32,42000,6640585.19318556
30,CLPSO,32,45000,5991402.3030834
30,CLPSO,32,48000,5990262.38853067
30,CLPSO,32,51000,5560953.02713458
30,CLPSO,32,54000,5010020.64616318
30,CLPSO,32,57000,2225966.48470282
30,CLPSO,32,60000,1263788.37609298
30,V1-Reference,33,3000,7610382.26928948
30,V1-Reference,33,6000,2964563.11837658
30,V1-Reference,33,9000,1052713.28780544
30,V1-Reference,33,12000,786373.359061433
30,V1-Reference,33,15000,561453.409617818
30,V1-Reference,33,18000,255561.60900017
30,V1-Reference,33,21000,177870.155229445
30,V1-Reference,33,24000,175012.683222405
30,V1-Reference,33,27000,144517.616198905
30,V1-Reference,33,30000,130499.8250029
30,V1-Reference,33,33000,124607.697912864
30,V1-Reference,33,36000,123694.955503864
30,V1-Reference,33,39000,119934.708469133
30,V1-Reference,33,42000,90021.6078441223
30,V1-Reference,33,45000,81875.2166552112
30,V1-Reference,33,48000,81185.0314344709
30,V1-Reference,33,51000,80731.7723499874
30,V1-Reference,33,54000,78478.9553911277
30,V1-Reference,33,57000,77033.5892215726
30,V1-Reference,33,60000,74630.032860397
30,D1-TracingDecay,33,3000,2583493.37647591
30,D1-TracingDecay,33,6000,1704213.0220691
30,D1-TracingDecay,33,9000,1248532.24847147
30,D1-TracingDecay,33,12000,1109194.76150558
30,D1-TracingDecay,33,15000,939188.742042635
30,D1-TracingDecay,33,18000,700477.862947183
30,D1-TracingDecay,33,21000,585508.190486779
30,D1-TracingDecay,33,24000,391725.078108449
30,D1-TracingDecay,33,27000,295185.232703215
30,D1-TracingDecay,33,30000,270266.445558023
30,D1-TracingDecay,33,33000,226141.653976628
30,D1-TracingDecay,33,36000,176369.952851946
30,D1-TracingDecay,33,39000,149428.414315543
30,D1-TracingDecay,33,42000,110857.492667224
30,D1-TracingDecay,33,45000,90388.9295922504
30,D1-TracingDecay,33,48000,71541.2689750097
30,D1-TracingDecay,33,51000,68529.3046945813
30,D1-TracingDecay,33,54000,66325.0411254058
30,D1-TracingDecay,33,57000,63493.6709863298
30,D1-TracingDecay,33,60000,62561.6948086113
30,D3-Both,33,3000,3883584.75049341
30,D3-Both,33,6000,2263768.040098
30,D3-Both,33,9000,1784449.65106758
30,D3-Both,33,12000,1403909.13556435
30,D3-Both,33,15000,1243576.46449542
30,D3-Both,33,18000,1193274.73775825
30,D3-Both,33,21000,1110169.25341729
30,D3-Both,33,24000,999332.200705329
30,D3-Both,33,27000,939241.232125114
30,D3-Both,33,30000,891685.456852473
30,D3-Both,33,33000,881257.410717578
30,D3-Both,33,36000,861750.205830048
30,D3-Both,33,39000,820265.540069365
30,D3-Both,33,42000,812763.44803709
30,D3-Both,33,45000,802744.879610821
30,D3-Both,33,48000,703494.539537306
30,D3-Both,33,51000,514108.390970345
30,D3-Both,33,54000,126756.284184697
30,D3-Both,33,57000,66373.685350115
30,D3-Both,33,60000,51477.6603371415
30,CLPSO,33,3000,561115578.343372
30,CLPSO,33,6000,153970671.834153
30,CLPSO,33,9000,86698393.5608966
30,CLPSO,33,12000,86698393.5608966
30,CLPSO,33,15000,68435185.5826159
30,CLPSO,33,18000,59080308.0394467
30,CLPSO,33,21000,29003707.1671114
30,CLPSO,33,24000,21606136.6628599
30,CLPSO,33,27000,11182830.8387128
30,CLPSO,33,30000,9880911.33547688
30,CLPSO,33,33000,9880910.16061962
30,CLPSO,33,36000,6017655.44835402
30,CLPSO,33,39000,3511320.08410311
30,CLPSO,33,42000,2777190.35158229
30,CLPSO,33,45000,2181888.22625604
30,CLPSO,33,48000,1288858.20861921
30,CLPSO,33,51000,1288858.20861921
30,CLPSO,33,54000,1255314.43122197
30,CLPSO,33,57000,1147275.7285354
30,CLPSO,33,60000,689126.517396819
