FunctionID,Algorithm,Run,Budget,FE,BestError
1,V1-Elite,21,60000,3000,177492839.948533
1,V1-Elite,21,60000,6000,59475140.4396352
1,V1-Elite,21,60000,9000,39686117.6730554
1,V1-Elite,21,60000,12000,30895358.4524693
1,V1-Elite,21,60000,15000,21474594.526003
1,V1-Elite,21,60000,18000,17765230.1737007
1,V1-Elite,21,60000,21000,17490348.8571523
1,V1-Elite,21,60000,24000,17490348.8571523
1,V1-Elite,21,60000,27000,10345828.6325975
1,V1-Elite,21,60000,30000,8268619.7787962
1,V1-Elite,21,60000,33000,8268619.7787962
1,V1-Elite,21,60000,36000,6226943.66211228
1,V1-Elite,21,60000,39000,4698304.14366734
1,V1-Elite,21,60000,42000,3394787.83639191
1,V1-Elite,21,60000,45000,2875453.43848498
1,V1-Elite,21,60000,48000,1733373.18238569
1,V1-Elite,21,60000,51000,1147419.47520699
1,V1-Elite,21,60000,54000,591977.897277188
1,V1-Elite,21,60000,57000,248217.429249203
1,V1-Elite,21,60000,60000,13831.2905608602
1,V1-Elite,21,150000,3000,260310598.277091
1,V1-Elite,21,150000,6000,59008458.9986029
1,V1-Elite,21,150000,9000,40933426.8207307
1,V1-Elite,21,150000,12000,32635952.1255298
1,V1-Elite,21,150000,15000,32635952.1255298
1,V1-Elite,21,150000,18000,26312230.1577224
1,V1-Elite,21,150000,21000,24180766.9142706
1,V1-Elite,21,150000,24000,20969956.6574423
1,V1-Elite,21,150000,27000,17605004.6710218
1,V1-Elite,21,150000,30000,13937320.4602785
1,V1-Elite,21,150000,33000,13937320.4602785
1,V1-Elite,21,150000,36000,13937320.4602785
1,V1-Elite,21,150000,39000,13937320.4602785
1,V1-Elite,21,150000,42000,13045177.3418457
1,V1-Elite,21,150000,45000,13045177.3418457
1,V1-Elite,21,150000,48000,12028658.1342054
1,V1-Elite,21,150000,51000,10575125.7724611
1,V1-Elite,21,150000,54000,10575125.7724611
1,V1-Elite,21,150000,57000,10575125.7724611
1,V1-Elite,21,150000,60000,10575125.7724611
1,V1-Elite,21,150000,63000,10557485.6833164
1,V1-Elite,21,150000,66000,8828130.38708694
1,V1-Elite,21,150000,69000,7800615.90471564
1,V1-Elite,21,150000,72000,4842901.27817605
1,V1-Elite,21,150000,75000,4842901.27817605
1,V1-Elite,21,150000,78000,4842901.27817605
1,V1-Elite,21,150000,81000,4217940.39160738
1,V1-Elite,21,150000,84000,4217940.39160738
1,V1-Elite,21,150000,87000,4217940.39160738
1,V1-Elite,21,150000,90000,3009449.57979438
1,V1-Elite,21,150000,93000,3009449.57979438
1,V1-Elite,21,150000,96000,2591156.63111924
1,V1-Elite,21,150000,99000,2591156.63111924
1,V1-Elite,21,150000,102000,2281180.07427704
1,V1-Elite,21,150000,105000,1769111.0458508
1,V1-Elite,21,150000,108000,1769111.0458508
1,V1-Elite,21,150000,111000,1769111.0458508
1,V1-Elite,21,150000,114000,1466573.57686591
1,V1-Elite,21,150000,117000,1440718.2176402
1,V1-Elite,21,150000,120000,1432409.23603481
1,V1-Elite,21,150000,123000,1181288.4822331
1,V1-Elite,21,150000,126000,1076961.60714835
1,V1-Elite,21,150000,129000,901296.641554242
1,V1-Elite,21,150000,132000,602508.30307033
1,V1-Elite,21,150000,135000,471933.587675388
1,V1-Elite,21,150000,138000,321314.881775374
1,V1-Elite,21,150000,141000,236869.638999165
1,V1-Elite,21,150000,144000,105596.287961442
1,V1-Elite,21,150000,147000,47110.1553019039
1,V1-Elite,21,150000,150000,12941.6092616328
1,CLPSO,21,60000,3000,61058991441.2718
1,CLPSO,21,60000,6000,52367444806.5393
1,CLPSO,21,60000,9000,33913010417.9194
1,CLPSO,21,60000,12000,17246207462.4152
1,CLPSO,21,60000,15000,8812308225.16088
1,CLPSO,21,60000,18000,8242233204.32525
1,CLPSO,21,60000,21000,5241268804.19175
1,CLPSO,21,60000,24000,3291453504.64179
1,CLPSO,21,60000,27000,2979762413.07547
1,CLPSO,21,60000,30000,1650523895.6025
1,CLPSO,21,60000,33000,1105782937.42693
1,CLPSO,21,60000,36000,720094694.941364
1,CLPSO,21,60000,39000,720094694.941364
1,CLPSO,21,60000,42000,498707558.605277
1,CLPSO,21,60000,45000,353814757.674897
1,CLPSO,21,60000,48000,219568083.663005
1,CLPSO,21,60000,51000,178962752.8082
1,CLPSO,21,60000,54000,136847865.020355
1,CLPSO,21,60000,57000,84552635.4373857
1,CLPSO,21,60000,60000,48415326.6655275
1,CLPSO,21,150000,3000,56771071888.5266
1,CLPSO,21,150000,6000,36619813582.0218
1,CLPSO,21,150000,9000,20731928369.6482
1,CLPSO,21,150000,12000,20731928369.6482
1,CLPSO,21,150000,15000,17580180793.9084
1,CLPSO,21,150000,18000,8349384415.18913
1,CLPSO,21,150000,21000,6593949436.08776
1,CLPSO,21,150000,24000,5130327121.16849
1,CLPSO,21,150000,27000,3581268083.30443
1,CLPSO,21,150000,30000,2533029716.13224
1,CLPSO,21,150000,33000,2533029716.13224
1,CLPSO,21,150000,36000,2533029716.13224
1,CLPSO,21,150000,39000,1590250262.57547
1,CLPSO,21,150000,42000,1177059526.98444
1,CLPSO,21,150000,45000,719701930.406428
1,CLPSO,21,150000,48000,494085800.583261
1,CLPSO,21,150000,51000,440264188.225175
1,CLPSO,21,150000,54000,223595836.991906
1,CLPSO,21,150000,57000,186211078.788852
1,CLPSO,21,150000,60000,138378954.121868
1,CLPSO,21,150000,63000,99593690.7615436
1,CLPSO,21,150000,66000,49280373.9492135
1,CLPSO,21,150000,69000,29766144.9869843
1,CLPSO,21,150000,72000,26321009.4351249
1,CLPSO,21,150000,75000,17903985.9034392
1,CLPSO,21,150000,78000,12545670.9934115
1,CLPSO,21,150000,81000,8697613.94225069
1,CLPSO,21,150000,84000,7299783.60164835
1,CLPSO,21,150000,87000,4760403.57694251
1,CLPSO,21,150000,90000,3510463.36892295
1,CLPSO,21,150000,93000,2935610.84323438
1,CLPSO,21,150000,96000,2492851.62281676
1,CLPSO,21,150000,99000,1840752.32764844
1,CLPSO,21,150000,102000,1578296.67063357
1,CLPSO,21,150000,105000,1263332.0892349
1,CLPSO,21,150000,108000,984272.278032916
1,CLPSO,21,150000,111000,681539.908137935
1,CLPSO,21,150000,114000,487118.436884506
1,CLPSO,21,150000,117000,433577.00335683
1,CLPSO,21,150000,120000,282388.586793447
1,CLPSO,21,150000,123000,203800.407176266
1,CLPSO,21,150000,126000,159876.839714325
1,CLPSO,21,150000,129000,136016.306876573
1,CLPSO,21,150000,132000,133570.778180701
1,CLPSO,21,150000,135000,87868.2892805613
1,CLPSO,21,150000,138000,75644.4975073782
1,CLPSO,21,150000,141000,47330.8786078268
1,CLPSO,21,150000,144000,31493.1221258572
1,CLPSO,21,150000,147000,26480.8950445415
1,CLPSO,21,150000,150000,22914.2776228694
1,CLPSO,21,300000,3000,66912183200.9125
1,CLPSO,21,300000,6000,38908582100.1585
1,CLPSO,21,300000,9000,29871710223.8353
1,CLPSO,21,300000,12000,22927803155.3415
1,CLPSO,21,300000,15000,12949361181.4494
1,CLPSO,21,300000,18000,9390007095.23153
1,CLPSO,21,300000,21000,9390007095.23153
1,CLPSO,21,300000,24000,6250066645.86378
1,CLPSO,21,300000,27000,5394901503.19909
1,CLPSO,21,300000,30000,3440540499.40333
1,CLPSO,21,300000,33000,3220232283.95697
1,CLPSO,21,300000,36000,3220232283.95697
1,CLPSO,21,300000,39000,2810221284.2074
1,CLPSO,21,300000,42000,2232943096.46033
1,CLPSO,21,300000,45000,1654474832.79829
1,CLPSO,21,300000,48000,1150259610.11248
1,CLPSO,21,300000,51000,791596145.445045
1,CLPSO,21,300000,54000,421576535.747252
1,CLPSO,21,300000,57000,421576535.747252
1,CLPSO,21,300000,60000,362796922.951668
1,CLPSO,21,300000,63000,309141085.17481
1,CLPSO,21,300000,66000,201677281.507915
1,CLPSO,21,300000,69000,185196702.359195
1,CLPSO,21,300000,72000,136930044.695605
1,CLPSO,21,300000,75000,101401086.990787
1,CLPSO,21,300000,78000,83090296.0326677
1,CLPSO,21,300000,81000,52877777.0619479
1,CLPSO,21,300000,84000,42594642.7413866
1,CLPSO,21,300000,87000,28198229.3420432
1,CLPSO,21,300000,90000,20421274.5913631
1,CLPSO,21,300000,93000,19905871.9760784
1,CLPSO,21,300000,96000,11028469.1010158
1,CLPSO,21,300000,99000,9858576.86635092
1,CLPSO,21,300000,102000,6765481.48434795
1,CLPSO,21,300000,105000,5776332.67767282
1,CLPSO,21,300000,108000,4603684.64044243
1,CLPSO,21,300000,111000,3725036.83388087
1,CLPSO,21,300000,114000,1700811.06011102
1,CLPSO,21,300000,117000,1011392.75404293
1,CLPSO,21,300000,120000,757054.77262367
1,CLPSO,21,300000,123000,502570.253618714
1,CLPSO,21,300000,126000,444485.05072103
1,CLPSO,21,300000,129000,275133.344287854
1,CLPSO,21,300000,132000,235827.188363446
1,CLPSO,21,300000,135000,147834.598456293
1,CLPSO,21,300000,138000,114386.461751286
1,CLPSO,21,300000,141000,85126.4948296943
1,CLPSO,21,300000,144000,84093.3283853213
1,CLPSO,21,300000,147000,81953.9291320554
1,CLPSO,21,300000,150000,73147.344661778
1,CLPSO,21,300000,153000,63867.5081063132
1,CLPSO,21,300000,156000,54604.5328655125
1,CLPSO,21,300000,159000,43285.2724367849
1,CLPSO,21,300000,162000,33685.7010469081
1,CLPSO,21,300000,165000,26562.5986333712
1,CLPSO,21,300000,168000,24710.1786249295
1,CLPSO,21,300000,171000,18999.3915367879
1,CLPSO,21,300000,174000,17913.138797694
1,CLPSO,21,300000,177000,17516.9484091245
1,CLPSO,21,300000,180000,13351.0177098947
1,CLPSO,21,300000,183000,10860.1165367033
1,CLPSO,21,300000,186000,9185.30166018461
1,CLPSO,21,300000,189000,9185.30166018461
1,CLPSO,21,300000,192000,6054.66360335621
1,CLPSO,21,300000,195000,4133.17990465597
1,CLPSO,21,300000,198000,4002.9881556882
1,CLPSO,21,300000,201000,3966.7791279376
1,CLPSO,21,300000,204000,2612.57351604911
1,CLPSO,21,300000,207000,2154.19928449264
1,CLPSO,21,300000,210000,1452.77847584335
1,CLPSO,21,300000,213000,1297.09470954873
1,CLPSO,21,300000,216000,1075.75619651994
1,CLPSO,21,300000,219000,1005.22733528221
1,CLPSO,21,300000,222000,874.25335456077
1,CLPSO,21,300000,225000,456.686517593965
1,CLPSO,21,300000,228000,387.398706475671
1,CLPSO,21,300000,231000,387.398706475671
1,CLPSO,21,300000,234000,325.333363794058
1,CLPSO,21,300000,237000,224.639989589698
1,CLPSO,21,300000,240000,205.754706149784
1,CLPSO,21,300000,243000,194.721445552295
1,CLPSO,21,300000,246000,183.089588370082
1,CLPSO,21,300000,249000,148.98963315882
1,CLPSO,21,300000,252000,113.615900172048
1,CLPSO,21,300000,255000,109.326114789205
1,CLPSO,21,300000,258000,109.326114789205
1,CLPSO,21,300000,261000,109.326114789205
1,CLPSO,21,300000,264000,52.3311416309917
1,CLPSO,21,300000,267000,51.1367155095194
1,CLPSO,21,300000,270000,37.2436866673324
1,CLPSO,21,300000,273000,34.4668281335436
1,CLPSO,21,300000,276000,31.2830180718316
1,CLPSO,21,300000,279000,29.2535393517943
1,CLPSO,21,300000,282000,18.6829766837819
1,CLPSO,21,300000,285000,13.801777974175
1,CLPSO,21,300000,288000,11.4153767838008
1,CLPSO,21,300000,291000,10.4628321205062
1,CLPSO,21,300000,294000,9.75114296420614
1,CLPSO,21,300000,297000,8.95032352322693
1,CLPSO,21,300000,300000,8.95032352322693
1,V1-Elite,22,60000,3000,298708503.588959
1,V1-Elite,22,60000,6000,81777100.1510309
1,V1-Elite,22,60000,9000,45699678.1225448
1,V1-Elite,22,60000,12000,18184946.0311969
1,V1-Elite,22,60000,15000,14657398.7688737
1,V1-Elite,22,60000,18000,14657398.7688737
1,V1-Elite,22,60000,21000,14657398.7688737
1,V1-Elite,22,60000,24000,14036504.7855062
1,V1-Elite,22,60000,27000,11521962.6445523
1,V1-Elite,22,60000,30000,8818425.14342624
1,V1-Elite,22,60000,33000,7003709.34792745
1,V1-Elite,22,60000,36000,5212423.10261263
1,V1-Elite,22,60000,39000,4268862.42437915
1,V1-Elite,22,60000,42000,2406838.87234542
1,V1-Elite,22,60000,45000,2242295.36197974
1,V1-Elite,22,60000,48000,1651886.08000138
1,V1-Elite,22,60000,51000,952108.47418912
1,V1-Elite,22,60000,54000,648370.892044445
1,V1-Elite,22,60000,57000,236410.968976223
1,V1-Elite,22,60000,60000,14250.7542039192
1,V1-Elite,22,150000,3000,338985704.898418
1,V1-Elite,22,150000,6000,67559568.5662292
1,V1-Elite,22,150000,9000,27542116.5976838
1,V1-Elite,22,150000,12000,24413388.5971678
1,V1-Elite,22,150000,15000,20328945.674654
1,V1-Elite,22,150000,18000,20328945.674654
1,V1-Elite,22,150000,21000,20328945.674654
1,V1-Elite,22,150000,24000,19606484.5535667
1,V1-Elite,22,150000,27000,19606484.5535667
1,V1-Elite,22,150000,30000,19606484.5535667
1,V1-Elite,22,150000,33000,18167744.0505302
1,V1-Elite,22,150000,36000,11909955.227045
1,V1-Elite,22,150000,39000,11909955.227045
1,V1-Elite,22,150000,42000,11909955.227045
1,V1-Elite,22,150000,45000,9719238.58553649
1,V1-Elite,22,150000,48000,9719238.58553649
1,V1-Elite,22,150000,51000,9488684.06904093
1,V1-Elite,22,150000,54000,9164778.41570428
1,V1-Elite,22,150000,57000,8838872.17932121
1,V1-Elite,22,150000,60000,8084323.80636202
1,V1-Elite,22,150000,63000,8084323.80636202
1,V1-Elite,22,150000,66000,7941036.29737734
1,V1-Elite,22,150000,69000,6727303.91438435
1,V1-Elite,22,150000,72000,6631797.91796028
1,V1-Elite,22,150000,75000,6501327.96879074
1,V1-Elite,22,150000,78000,6501327.96879074
1,V1-Elite,22,150000,81000,5666783.9502475
1,V1-Elite,22,150000,84000,5502136.92266122
1,V1-Elite,22,150000,87000,5502136.92266122
1,V1-Elite,22,150000,90000,4047338.89486356
1,V1-Elite,22,150000,93000,4047338.89486356
1,V1-Elite,22,150000,96000,4047338.89486356
1,V1-Elite,22,150000,99000,3404708.70481762
1,V1-Elite,22,150000,102000,2577124.84979022
1,V1-Elite,22,150000,105000,2577124.84979022
1,V1-Elite,22,150000,108000,2461144.76459958
1,V1-Elite,22,150000,111000,1990742.57317845
1,V1-Elite,22,150000,114000,1894682.25267282
1,V1-Elite,22,150000,117000,1589276.04354729
1,V1-Elite,22,150000,120000,1069906.6745819
1,V1-Elite,22,150000,123000,938592.788382791
1,V1-Elite,22,150000,126000,938592.788382791
1,V1-Elite,22,150000,129000,670074.066766969
1,V1-Elite,22,150000,132000,549907.775025556
1,V1-Elite,22,150000,135000,460190.907019226
1,V1-Elite,22,150000,138000,324166.74136121
1,V1-Elite,22,150000,141000,224263.662925722
1,V1-Elite,22,150000,144000,104780.284803981
1,V1-Elite,22,150000,147000,52072.4261659207
1,V1-Elite,22,150000,150000,7180.80622918672
1,CLPSO,22,60000,3000,100121925362.268
1,CLPSO,22,60000,6000,56741100128.3541
1,CLPSO,22,60000,9000,34982937830.9532
1,CLPSO,22,60000,12000,19085443325.7281
1,CLPSO,22,60000,15000,11019692222.1485
1,CLPSO,22,60000,18000,6500338900.3079
1,CLPSO,22,60000,21000,5964232953.95554
1,CLPSO,22,60000,24000,3715224474.2266
1,CLPSO,22,60000,27000,3082812336.61449
1,CLPSO,22,60000,30000,2155047596.86898
1,CLPSO,22,60000,33000,1672437180.04091
1,CLPSO,22,60000,36000,926785916.064349
1,CLPSO,22,60000,39000,824519027.538536
1,CLPSO,22,60000,42000,462066393.535997
1,CLPSO,22,60000,45000,255490227.212718
1,CLPSO,22,60000,48000,246635556.740871
1,CLPSO,22,60000,51000,137944385.296883
1,CLPSO,22,60000,54000,106290532.117822
1,CLPSO,22,60000,57000,69733144.3533165
1,CLPSO,22,60000,60000,62779922.1255242
1,CLPSO,22,150000,3000,80460131154.9411
1,CLPSO,22,150000,6000,32198876149.8966
1,CLPSO,22,150000,9000,31823731543.6959
1,CLPSO,22,150000,12000,25070196928.573
1,CLPSO,22,150000,15000,16124578963.9568
1,CLPSO,22,150000,18000,12156601384.4513
1,CLPSO,22,150000,21000,7584161702.2662
1,CLPSO,22,150000,24000,6364463474.28208
1,CLPSO,22,150000,27000,4349035952.40566
1,CLPSO,22,150000,30000,2355096178.8139
1,CLPSO,22,150000,33000,2355096178.8139
1,CLPSO,22,150000,36000,1491889432.40841
1,CLPSO,22,150000,39000,1091081905.12999
1,CLPSO,22,150000,42000,864546338.32737
1,CLPSO,22,150000,45000,633062689.024683
1,CLPSO,22,150000,48000,365828202.635684
1,CLPSO,22,150000,51000,264440119.721724
1,CLPSO,22,150000,54000,223594589.254954
1,CLPSO,22,150000,57000,179705463.627948
1,CLPSO,22,150000,60000,115710444.989814
1,CLPSO,22,150000,63000,87410644.5609128
1,CLPSO,22,150000,66000,61112186.2113881
1,CLPSO,22,150000,69000,54543028.2863959
1,CLPSO,22,150000,72000,34671517.8875022
1,CLPSO,22,150000,75000,26696288.0020373
1,CLPSO,22,150000,78000,24283490.3564144
1,CLPSO,22,150000,81000,10824921.1562679
1,CLPSO,22,150000,84000,8217836.23487645
1,CLPSO,22,150000,87000,7423446.985806
1,CLPSO,22,150000,90000,4580896.12287503
1,CLPSO,22,150000,93000,4458029.21913292
1,CLPSO,22,150000,96000,3361988.78073186
1,CLPSO,22,150000,99000,1956501.18558434
1,CLPSO,22,150000,102000,1414164.85680716
1,CLPSO,22,150000,105000,844697.97365022
1,CLPSO,22,150000,108000,700920.4933628
1,CLPSO,22,150000,111000,547228.285816553
1,CLPSO,22,150000,114000,510713.747170299
1,CLPSO,22,150000,117000,401614.093634725
1,CLPSO,22,150000,120000,401614.093634725
1,CLPSO,22,150000,123000,381476.786005882
1,CLPSO,22,150000,126000,298034.576670466
1,CLPSO,22,150000,129000,202466.505097281
1,CLPSO,22,150000,132000,127233.038163075
1,CLPSO,22,150000,135000,99007.6428434092
1,CLPSO,22,150000,138000,79636.6338960152
1,CLPSO,22,150000,141000,41873.4870215132
1,CLPSO,22,150000,144000,24201.4853298842
1,CLPSO,22,150000,147000,22980.8114555569
1,CLPSO,22,150000,150000,21234.128329629
1,CLPSO,22,300000,3000,82640186756.0735
1,CLPSO,22,300000,6000,50343348678.3165
1,CLPSO,22,300000,9000,34577240183.2058
1,CLPSO,22,300000,12000,16060292183.5337
1,CLPSO,22,300000,15000,15666792378.4683
1,CLPSO,22,300000,18000,8697980999.98579
1,CLPSO,22,300000,21000,6303846463.33016
1,CLPSO,22,300000,24000,4771104833.1609
1,CLPSO,22,300000,27000,4771104833.1609
1,CLPSO,22,300000,30000,3790929728.71141
1,CLPSO,22,300000,33000,2932211497.19469
1,CLPSO,22,300000,36000,2794774916.00194
1,CLPSO,22,300000,39000,2158002917.16072
1,CLPSO,22,300000,42000,1502326052.13803
1,CLPSO,22,300000,45000,1428629128.39196
1,CLPSO,22,300000,48000,974366046.116647
1,CLPSO,22,300000,51000,827739213.231464
1,CLPSO,22,300000,54000,562997799.530909
1,CLPSO,22,300000,57000,369895563.003504
1,CLPSO,22,300000,60000,281138678.848657
1,CLPSO,22,300000,63000,230325370.523339
1,CLPSO,22,300000,66000,142083381.494599
1,CLPSO,22,300000,69000,107114049.835988
1,CLPSO,22,300000,72000,104119736.209869
1,CLPSO,22,300000,75000,64682661.8944336
1,CLPSO,22,300000,78000,43543449.9406269
1,CLPSO,22,300000,81000,25356848.6844925
1,CLPSO,22,300000,84000,25356848.6844925
1,CLPSO,22,300000,87000,23108169.5172395
1,CLPSO,22,300000,90000,14761264.5844122
1,CLPSO,22,300000,93000,14356570.2350104
1,CLPSO,22,300000,96000,11559719.0578937
1,CLPSO,22,300000,99000,10496229.1561761
1,CLPSO,22,300000,102000,6062859.0516113
1,CLPSO,22,300000,105000,3300908.3722729
1,CLPSO,22,300000,108000,2534313.10294017
1,CLPSO,22,300000,111000,2534313.10294017
1,CLPSO,22,300000,114000,2026888.12018985
1,CLPSO,22,300000,117000,1601359.03995377
1,CLPSO,22,300000,120000,1114712.40377432
1,CLPSO,22,300000,123000,942502.905049927
1,CLPSO,22,300000,126000,643750.813346152
1,CLPSO,22,300000,129000,392273.432938752
1,CLPSO,22,300000,132000,324871.020219026
1,CLPSO,22,300000,135000,286455.327486027
1,CLPSO,22,300000,138000,252420.585303129
1,CLPSO,22,300000,141000,128387.709085458
1,CLPSO,22,300000,144000,121304.670040131
1,CLPSO,22,300000,147000,112927.537053357
1,CLPSO,22,300000,150000,100541.904926257
1,CLPSO,22,300000,153000,36479.8934316345
1,CLPSO,22,300000,156000,32615.5862308617
1,CLPSO,22,300000,159000,32010.224782516
1,CLPSO,22,300000,162000,17717.7841928674
1,CLPSO,22,300000,165000,12410.3303640489
1,CLPSO,22,300000,168000,12222.2204553523
1,CLPSO,22,300000,171000,12222.2204553523
1,CLPSO,22,300000,174000,11904.3797674887
1,CLPSO,22,300000,177000,11582.6766643922
1,CLPSO,22,300000,180000,11442.8243341447
1,CLPSO,22,300000,183000,9326.08087350296
1,CLPSO,22,300000,186000,8912.58574144145
1,CLPSO,22,300000,189000,8232.09798479272
1,CLPSO,22,300000,192000,5715.72305776573
1,CLPSO,22,300000,195000,5063.20242224193
1,CLPSO,22,300000,198000,4484.67422659744
1,CLPSO,22,300000,201000,3225.79420750567
1,CLPSO,22,300000,204000,2886.56128629374
1,CLPSO,22,300000,207000,2033.76940538742
1,CLPSO,22,300000,210000,1911.13874943094
1,CLPSO,22,300000,213000,1371.8947440619
1,CLPSO,22,300000,216000,1346.35484645512
1,CLPSO,22,300000,219000,1346.35484645512
1,CLPSO,22,300000,222000,988.174796952271
1,CLPSO,22,300000,225000,924.043202939949
1,CLPSO,22,300000,228000,545.74242785751
1,CLPSO,22,300000,231000,456.179699562757
1,CLPSO,22,300000,234000,328.568516119384
1,CLPSO,22,300000,237000,278.545377428842
1,CLPSO,22,300000,240000,178.733437823158
1,CLPSO,22,300000,243000,167.207072837338
1,CLPSO,22,300000,246000,105.947411666369
1,CLPSO,22,300000,249000,105.352821625046
1,CLPSO,22,300000,252000,95.9443595472046
1,CLPSO,22,300000,255000,95.9443595472046
1,CLPSO,22,300000,258000,73.326170041134
1,CLPSO,22,300000,261000,45.8777371746455
1,CLPSO,22,300000,264000,42.8599756930474
1,CLPSO,22,300000,267000,42.5636218187333
1,CLPSO,22,300000,270000,40.4711281853787
1,CLPSO,22,300000,273000,40.0604069697594
1,CLPSO,22,300000,276000,38.7438493719048
1,CLPSO,22,300000,279000,33.9211114331597
1,CLPSO,22,300000,282000,32.4263132788956
1,CLPSO,22,300000,285000,30.1794619424301
1,CLPSO,22,300000,288000,30.1794619424301
1,CLPSO,22,300000,291000,28.1767521482489
1,CLPSO,22,300000,294000,26.5824612012549
1,CLPSO,22,300000,297000,10.133726493654
1,CLPSO,22,300000,300000,8.60857117879924
1,V1-Elite,23,60000,3000,204416628.828668
1,V1-Elite,23,60000,6000,48951458.1477802
1,V1-Elite,23,60000,9000,29964119.5021285
1,V1-Elite,23,60000,12000,19738400.3428973
1,V1-Elite,23,60000,15000,13909513.4655853
1,V1-Elite,23,60000,18000,11603805.6422929
1,V1-Elite,23,60000,21000,11603805.6422929
1,V1-Elite,23,60000,24000,9727083.00970581
1,V1-Elite,23,60000,27000,9607630.77010648
1,V1-Elite,23,60000,30000,8349034.6057757
1,V1-Elite,23,60000,33000,5529344.15431756
1,V1-Elite,23,60000,36000,5510105.81153386
1,V1-Elite,23,60000,39000,4721019.34068228
1,V1-Elite,23,60000,42000,4401623.42038509
1,V1-Elite,23,60000,45000,3574364.92648719
1,V1-Elite,23,60000,48000,1514069.980853
1,V1-Elite,23,60000,51000,1216594.1501088
1,V1-Elite,23,60000,54000,712256.016556954
1,V1-Elite,23,60000,57000,175526.136778136
1,V1-Elite,23,60000,60000,12941.1323359355
1,V1-Elite,23,150000,3000,211080357.984113
1,V1-Elite,23,150000,6000,44324481.4857107
1,V1-Elite,23,150000,9000,36252768.9895826
1,V1-Elite,23,150000,12000,32040275.3899429
1,V1-Elite,23,150000,15000,22720747.8337731
1,V1-Elite,23,150000,18000,22720747.8337731
1,V1-Elite,23,150000,21000,22720747.8337731
1,V1-Elite,23,150000,24000,17827372.7541033
1,V1-Elite,23,150000,27000,15367684.8619099
1,V1-Elite,23,150000,30000,14391950.4768868
1,V1-Elite,23,150000,33000,14391950.4768868
1,V1-Elite,23,150000,36000,14391950.4768868
1,V1-Elite,23,150000,39000,11287953.0278435
1,V1-Elite,23,150000,42000,11133258.5307866
1,V1-Elite,23,150000,45000,11133258.5307866
1,V1-Elite,23,150000,48000,11133258.5307866
1,V1-Elite,23,150000,51000,10876254.6682661
1,V1-Elite,23,150000,54000,5390428.08355911
1,V1-Elite,23,150000,57000,5390428.08355911
1,V1-Elite,23,150000,60000,3391588.54033053
1,V1-Elite,23,150000,63000,3391588.54033053
1,V1-Elite,23,150000,66000,3391588.54033053
1,V1-Elite,23,150000,69000,3391588.54033053
1,V1-Elite,23,150000,72000,3391588.54033053
1,V1-Elite,23,150000,75000,3391588.54033053
1,V1-Elite,23,150000,78000,3391588.54033053
1,V1-Elite,23,150000,81000,3391588.54033053
1,V1-Elite,23,150000,84000,3391588.54033053
1,V1-Elite,23,150000,87000,3391588.54033053
1,V1-Elite,23,150000,90000,3391588.54033053
1,V1-Elite,23,150000,93000,3230647.61660143
1,V1-Elite,23,150000,96000,3230647.61660143
1,V1-Elite,23,150000,99000,2924358.17443402
1,V1-Elite,23,150000,102000,2812414.83410081
1,V1-Elite,23,150000,105000,2165787.41689845
1,V1-Elite,23,150000,108000,2165787.41689845
1,V1-Elite,23,150000,111000,1759850.32785005
1,V1-Elite,23,150000,114000,1651284.87316979
1,V1-Elite,23,150000,117000,1587610.00200531
1,V1-Elite,23,150000,120000,1462538.96740977
1,V1-Elite,23,150000,123000,1176969.3690722
1,V1-Elite,23,150000,126000,849256.655668181
1,V1-Elite,23,150000,129000,699433.188936639
1,V1-Elite,23,150000,132000,488666.484596747
1,V1-Elite,23,150000,135000,439338.886215605
1,V1-Elite,23,150000,138000,342644.499973993
1,V1-Elite,23,150000,141000,151673.829513342
1,V1-Elite,23,150000,144000,99265.1601071264
1,V1-Elite,23,150000,147000,40815.6531878515
1,V1-Elite,23,150000,150000,4846.24291172071
1,CLPSO,23,60000,3000,77538256360.2024
1,CLPSO,23,60000,6000,39918716443.299
1,CLPSO,23,60000,9000,22507482115.8032
1,CLPSO,23,60000,12000,14716952615.2807
1,CLPSO,23,60000,15000,9209838445.68865
1,CLPSO,23,60000,18000,7932608712.18393
1,CLPSO,23,60000,21000,7562783663.18385
1,CLPSO,23,60000,24000,4267429803.40562
1,CLPSO,23,60000,27000,2323791376.30034
1,CLPSO,23,60000,30000,1390964841.12871
1,CLPSO,23,60000,33000,1006536386.40845
1,CLPSO,23,60000,36000,589864996.037396
1,CLPSO,23,60000,39000,376724771.605505
1,CLPSO,23,60000,42000,313096506.388413
1,CLPSO,23,60000,45000,103807651.475946
1,CLPSO,23,60000,48000,103807651.475946
1,CLPSO,23,60000,51000,74816443.8915965
1,CLPSO,23,60000,54000,51498121.1879521
1,CLPSO,23,60000,57000,42405756.0386567
1,CLPSO,23,60000,60000,32414038.5038072
1,CLPSO,23,150000,3000,84992080305.1171
1,CLPSO,23,150000,6000,58743228363.7791
1,CLPSO,23,150000,9000,40330384215.8027
1,CLPSO,23,150000,12000,27950381506.8912
1,CLPSO,23,150000,15000,18376124970.1167
1,CLPSO,23,150000,18000,12039207204.3873
1,CLPSO,23,150000,21000,9865166828.4483
1,CLPSO,23,150000,24000,6232833029.08428
1,CLPSO,23,150000,27000,3966969222.04444
1,CLPSO,23,150000,30000,3966969222.04444
1,CLPSO,23,150000,33000,2892351646.20758
1,CLPSO,23,150000,36000,1714525981.08451
1,CLPSO,23,150000,39000,1052286552.70835
1,CLPSO,23,150000,42000,821117091.885473
1,CLPSO,23,150000,45000,593483076.722724
1,CLPSO,23,150000,48000,386561206.511006
1,CLPSO,23,150000,51000,232629689.80119
1,CLPSO,23,150000,54000,177115903.35834
1,CLPSO,23,150000,57000,116084432.977236
1,CLPSO,23,150000,60000,88540114.8436014
1,CLPSO,23,150000,63000,77158652.9684835
1,CLPSO,23,150000,66000,46937450.7369825
1,CLPSO,23,150000,69000,46937450.7369825
1,CLPSO,23,150000,72000,40878091.04287
1,CLPSO,23,150000,75000,26422209.6016357
1,CLPSO,23,150000,78000,21671620.0323402
1,CLPSO,23,150000,81000,10726701.9569947
1,CLPSO,23,150000,84000,9561083.50041481
1,CLPSO,23,150000,87000,8101427.28831117
1,CLPSO,23,150000,90000,5520054.87137448
1,CLPSO,23,150000,93000,3674841.32358402
1,CLPSO,23,150000,96000,2656857.98160191
1,CLPSO,23,150000,99000,1502357.0309865
1,CLPSO,23,150000,102000,1262747.41214163
1,CLPSO,23,150000,105000,901935.146523578
1,CLPSO,23,150000,108000,804020.018476946
1,CLPSO,23,150000,111000,492193.713970039
1,CLPSO,23,150000,114000,460154.900778768
1,CLPSO,23,150000,117000,286137.26358868
1,CLPSO,23,150000,120000,193801.938099183
1,CLPSO,23,150000,123000,155786.219030128
1,CLPSO,23,150000,126000,132406.327116671
1,CLPSO,23,150000,129000,121691.610322179
1,CLPSO,23,150000,132000,72122.9369733685
1,CLPSO,23,150000,135000,68606.7848147438
1,CLPSO,23,150000,138000,62257.9776463841
1,CLPSO,23,150000,141000,52356.8363468067
1,CLPSO,23,150000,144000,42096.4810968442
1,CLPSO,23,150000,147000,22076.5056174613
1,CLPSO,23,150000,150000,15777.9274973446
1,CLPSO,23,300000,3000,76107155475.1071
1,CLPSO,23,300000,6000,55270378343.8616
1,CLPSO,23,300000,9000,26949401989.4903
1,CLPSO,23,300000,12000,19489138439.0318
1,CLPSO,23,300000,15000,19489138439.0318
1,CLPSO,23,300000,18000,9550458688.9441
1,CLPSO,23,300000,21000,8631486022.71426
1,CLPSO,23,300000,24000,5516588322.70469
1,CLPSO,23,300000,27000,4765423349.64292
1,CLPSO,23,300000,30000,2421360337.97808
1,CLPSO,23,300000,33000,1691390381.21457
1,CLPSO,23,300000,36000,1333346346.23145
1,CLPSO,23,300000,39000,1333346346.23145
1,CLPSO,23,300000,42000,907644082.25033
1,CLPSO,23,300000,45000,907644082.25033
1,CLPSO,23,300000,48000,907644082.25033
1,CLPSO,23,300000,51000,904008335.623919
1,CLPSO,23,300000,54000,671256980.497958
1,CLPSO,23,300000,57000,362714049.485748
1,CLPSO,23,300000,60000,293456171.735272
1,CLPSO,23,300000,63000,222409551.100357
1,CLPSO,23,300000,66000,116083244.503163
1,CLPSO,23,300000,69000,95323173.6765328
1,CLPSO,23,300000,72000,82127757.3925121
1,CLPSO,23,300000,75000,48426510.309241
1,CLPSO,23,300000,78000,37340089.5634824
1,CLPSO,23,300000,81000,33507947.2138494
1,CLPSO,23,300000,84000,28758398.4516328
1,CLPSO,23,300000,87000,19091870.1509366
1,CLPSO,23,300000,90000,18910607.2245969
1,CLPSO,23,300000,93000,15185421.8499791
1,CLPSO,23,300000,96000,13055710.3540716
1,CLPSO,23,300000,99000,10311193.5061481
1,CLPSO,23,300000,102000,7015073.93139539
1,CLPSO,23,300000,105000,6527839.40064687
1,CLPSO,23,300000,108000,3617815.42107189
1,CLPSO,23,300000,111000,3108385.4111552
1,CLPSO,23,300000,114000,1724243.53319043
1,CLPSO,23,300000,117000,1523132.6379065
1,CLPSO,23,300000,120000,1354368.89539794
1,CLPSO,23,300000,123000,1013011.72071807
1,CLPSO,23,300000,126000,768608.837513297
1,CLPSO,23,300000,129000,491282.198687598
1,CLPSO,23,300000,132000,416133.349707901
1,CLPSO,23,300000,135000,331545.253979391
1,CLPSO,23,300000,138000,305492.846844561
1,CLPSO,23,300000,141000,268819.922317992
1,CLPSO,23,300000,144000,184898.905971006
1,CLPSO,23,300000,147000,115710.618528336
1,CLPSO,23,300000,150000,107964.448708556
1,CLPSO,23,300000,153000,87966.4810353035
1,CLPSO,23,300000,156000,50978.0814253791
1,CLPSO,23,300000,159000,50978.0814253791
1,CLPSO,23,300000,162000,50978.0814253791
1,CLPSO,23,300000,165000,45175.7393636882
1,CLPSO,23,300000,168000,33714.77678018
1,CLPSO,23,300000,171000,22834.0725838545
1,CLPSO,23,300000,174000,17456.3414023414
1,CLPSO,23,300000,177000,16307.44776758
1,CLPSO,23,300000,180000,13102.8932161125
1,CLPSO,23,300000,183000,5862.65482658886
1,CLPSO,23,300000,186000,5565.12132951562
1,CLPSO,23,300000,189000,5565.12132951562
1,CLPSO,23,300000,192000,5565.12132951562
1,CLPSO,23,300000,195000,4207.7093841348
1,CLPSO,23,300000,198000,4029.92328636248
1,CLPSO,23,300000,201000,3841.5323689559
1,CLPSO,23,300000,204000,3295.44774168879
1,CLPSO,23,300000,207000,2889.97059014024
1,CLPSO,23,300000,210000,2117.08868600545
1,CLPSO,23,300000,213000,1958.75026479355
1,CLPSO,23,300000,216000,1422.39297189181
1,CLPSO,23,300000,219000,1422.39297189181
1,CLPSO,23,300000,222000,1197.46477120243
1,CLPSO,23,300000,225000,1177.47856009857
1,CLPSO,23,300000,228000,945.376379896805
1,CLPSO,23,300000,231000,713.253912733699
1,CLPSO,23,300000,234000,676.100421296702
1,CLPSO,23,300000,237000,582.073772995765
1,CLPSO,23,300000,240000,582.073772995765
1,CLPSO,23,300000,243000,516.946932351693
1,CLPSO,23,300000,246000,238.863051858315
1,CLPSO,23,300000,249000,212.845739268276
1,CLPSO,23,300000,252000,130.135972106986
1,CLPSO,23,300000,255000,127.013438921321
1,CLPSO,23,300000,258000,103.144029100983
1,CLPSO,23,300000,261000,100.753986509583
1,CLPSO,23,300000,264000,93.441615952175
1,CLPSO,23,300000,267000,78.7990776224038
1,CLPSO,23,300000,270000,70.3665730210583
1,CLPSO,23,300000,273000,67.8730112695875
1,CLPSO,23,300000,276000,67.0652219510775
1,CLPSO,23,300000,279000,58.2225154613515
1,CLPSO,23,300000,282000,58.2225154613515
1,CLPSO,23,300000,285000,51.5140895728379
1,CLPSO,23,300000,288000,45.7249932603626
1,CLPSO,23,300000,291000,45.4494957766272
1,CLPSO,23,300000,294000,26.8849358917521
1,CLPSO,23,300000,297000,21.9693028676202
1,CLPSO,23,300000,300000,21.9693028676202
3,V1-Elite,21,60000,3000,65448.1296665047
3,V1-Elite,21,60000,6000,56133.5760116104
3,V1-Elite,21,60000,9000,49250.4636305029
3,V1-Elite,21,60000,12000,46098.7236360942
3,V1-Elite,21,60000,15000,42825.1901398682
3,V1-Elite,21,60000,18000,40359.9528904328
3,V1-Elite,21,60000,21000,39925.4560540297
3,V1-Elite,21,60000,24000,36746.1631576931
3,V1-Elite,21,60000,27000,35476.0050007586
3,V1-Elite,21,60000,30000,32672.8724456614
3,V1-Elite,21,60000,33000,30439.5259408963
3,V1-Elite,21,60000,36000,29532.1594825476
3,V1-Elite,21,60000,39000,27461.6651893089
3,V1-Elite,21,60000,42000,26986.2540842142
3,V1-Elite,21,60000,45000,26398.572836356
3,V1-Elite,21,60000,48000,25781.577767021
3,V1-Elite,21,60000,51000,25450.6438559625
3,V1-Elite,21,60000,54000,24695.6912194425
3,V1-Elite,21,60000,57000,23614.6743273523
3,V1-Elite,21,60000,60000,21215.5363239285
3,V1-Elite,21,150000,3000,67439.2073899171
3,V1-Elite,21,150000,6000,55222.9381637188
3,V1-Elite,21,150000,9000,47896.6789359465
3,V1-Elite,21,150000,12000,41531.1858789405
3,V1-Elite,21,150000,15000,37228.3178539084
3,V1-Elite,21,150000,18000,33658.6938322634
3,V1-Elite,21,150000,21000,29104.5485597846
3,V1-Elite,21,150000,24000,26359.4781189493
3,V1-Elite,21,150000,27000,23910.4371807222
3,V1-Elite,21,150000,30000,19755.7986817884
3,V1-Elite,21,150000,33000,16233.6230428455
3,V1-Elite,21,150000,36000,12527.0542106679
3,V1-Elite,21,150000,39000,10103.407558853
3,V1-Elite,21,150000,42000,7825.06674964604
3,V1-Elite,21,150000,45000,7433.40604979966
3,V1-Elite,21,150000,48000,4383.55673585741
3,V1-Elite,21,150000,51000,3379.71942549014
3,V1-Elite,21,150000,54000,3031.9557618412
3,V1-Elite,21,150000,57000,2646.06593852009
3,V1-Elite,21,150000,60000,2456.40686128118
3,V1-Elite,21,150000,63000,2269.64360036324
3,V1-Elite,21,150000,66000,1824.29052415774
3,V1-Elite,21,150000,69000,1485.47335847545
3,V1-Elite,21,150000,72000,1152.03468814568
3,V1-Elite,21,150000,75000,983.345627233908
3,V1-Elite,21,150000,78000,876.36120552579
3,V1-Elite,21,150000,81000,749.647850872323
3,V1-Elite,21,150000,84000,749.647850872323
3,V1-Elite,21,150000,87000,712.14030441272
3,V1-Elite,21,150000,90000,565.047385779985
3,V1-Elite,21,150000,93000,515.271200026614
3,V1-Elite,21,150000,96000,473.011284706289
3,V1-Elite,21,150000,99000,442.172756016931
3,V1-Elite,21,150000,102000,408.441412335633
3,V1-Elite,21,150000,105000,366.043693389743
3,V1-Elite,21,150000,108000,337.142805878546
3,V1-Elite,21,150000,111000,316.380364549134
3,V1-Elite,21,150000,114000,307.978711723169
3,V1-Elite,21,150000,117000,281.07943219054
3,V1-Elite,21,150000,120000,276.676238018678
3,V1-Elite,21,150000,123000,276.048706524122
3,V1-Elite,21,150000,126000,183.858546327257
3,V1-Elite,21,150000,129000,157.169325661517
3,V1-Elite,21,150000,132000,150.327600146362
3,V1-Elite,21,150000,135000,116.893592915167
3,V1-Elite,21,150000,138000,101.087588298755
3,V1-Elite,21,150000,141000,98.5329208888031
3,V1-Elite,21,150000,144000,88.5515672899946
3,V1-Elite,21,150000,147000,87.0030877701001
3,V1-Elite,21,150000,150000,81.8853353673748
3,CLPSO,21,60000,3000,131920.61755227
3,CLPSO,21,60000,6000,131920.61755227
3,CLPSO,21,60000,9000,130364.913060998
3,CLPSO,21,60000,12000,130364.913060998
3,CLPSO,21,60000,15000,130364.913060998
3,CLPSO,21,60000,18000,123825.766824764
3,CLPSO,21,60000,21000,123825.766824764
3,CLPSO,21,60000,24000,123825.766824764
3,CLPSO,21,60000,27000,103604.750794523
3,CLPSO,21,60000,30000,103604.750794523
3,CLPSO,21,60000,33000,103604.750794523
3,CLPSO,21,60000,36000,95475.5581739649
3,CLPSO,21,60000,39000,95475.5581739649
3,CLPSO,21,60000,42000,95475.5581739649
3,CLPSO,21,60000,45000,95475.5581739649
3,CLPSO,21,60000,48000,95475.5581739649
3,CLPSO,21,60000,51000,95475.5581739649
3,CLPSO,21,60000,54000,95475.5581739649
3,CLPSO,21,60000,57000,95475.5581739649
3,CLPSO,21,60000,60000,95475.5581739649
3,CLPSO,21,150000,3000,139797.612928007
3,CLPSO,21,150000,6000,131141.162750253
3,CLPSO,21,150000,9000,131141.162750253
3,CLPSO,21,150000,12000,131141.162750253
3,CLPSO,21,150000,15000,131141.162750253
3,CLPSO,21,150000,18000,131141.162750253
3,CLPSO,21,150000,21000,131141.162750253
3,CLPSO,21,150000,24000,131141.162750253
3,CLPSO,21,150000,27000,118646.518371515
3,CLPSO,21,150000,30000,118646.518371515
3,CLPSO,21,150000,33000,118646.518371515
3,CLPSO,21,150000,36000,118646.518371515
3,CLPSO,21,150000,39000,108746.440347137
3,CLPSO,21,150000,42000,108746.440347137
3,CLPSO,21,150000,45000,108746.440347137
3,CLPSO,21,150000,48000,75015.0508271688
3,CLPSO,21,150000,51000,75015.0508271688
3,CLPSO,21,150000,54000,75015.0508271688
3,CLPSO,21,150000,57000,75015.0508271688
3,CLPSO,21,150000,60000,75015.0508271688
3,CLPSO,21,150000,63000,75015.0508271688
3,CLPSO,21,150000,66000,75015.0508271688
3,CLPSO,21,150000,69000,75015.0508271688
3,CLPSO,21,150000,72000,75015.0508271688
3,CLPSO,21,150000,75000,70459.0874671689
3,CLPSO,21,150000,78000,70459.0874671689
3,CLPSO,21,150000,81000,66925.2770152666
3,CLPSO,21,150000,84000,66925.2770152666
3,CLPSO,21,150000,87000,61040.5617336676
3,CLPSO,21,150000,90000,61040.5617336676
3,CLPSO,21,150000,93000,61040.5617336676
3,CLPSO,21,150000,96000,61040.5617336676
3,CLPSO,21,150000,99000,61040.5617336676
3,CLPSO,21,150000,102000,60515.7188938976
3,CLPSO,21,150000,105000,60515.7188938976
3,CLPSO,21,150000,108000,60515.7188938976
3,CLPSO,21,150000,111000,60373.8580903177
3,CLPSO,21,150000,114000,60370.258031249
3,CLPSO,21,150000,117000,60370.258031249
3,CLPSO,21,150000,120000,60370.258031249
3,CLPSO,21,150000,123000,60370.258031249
3,CLPSO,21,150000,126000,60370.258031249
3,CLPSO,21,150000,129000,60370.258031249
3,CLPSO,21,150000,132000,60370.258031249
3,CLPSO,21,150000,135000,60370.258031249
3,CLPSO,21,150000,138000,60370.258031249
3,CLPSO,21,150000,141000,41906.9383659803
3,CLPSO,21,150000,144000,41906.9383659803
3,CLPSO,21,150000,147000,41906.9383659803
3,CLPSO,21,150000,150000,41906.9383659803
3,CLPSO,21,300000,3000,139836.114190588
3,CLPSO,21,300000,6000,134141.164941529
3,CLPSO,21,300000,9000,131112.02819355
3,CLPSO,21,300000,12000,127306.756758509
3,CLPSO,21,300000,15000,127306.756758509
3,CLPSO,21,300000,18000,127306.756758509
3,CLPSO,21,300000,21000,127306.756758509
3,CLPSO,21,300000,24000,127306.756758509
3,CLPSO,21,300000,27000,127306.756758509
3,CLPSO,21,300000,30000,127306.756758509
3,CLPSO,21,300000,33000,121917.667363871
3,CLPSO,21,300000,36000,121917.667363871
3,CLPSO,21,300000,39000,121917.667363871
3,CLPSO,21,300000,42000,121917.667363871
3,CLPSO,21,300000,45000,121917.667363871
3,CLPSO,21,300000,48000,113943.543574685
3,CLPSO,21,300000,51000,104498.56628164
3,CLPSO,21,300000,54000,104498.56628164
3,CLPSO,21,300000,57000,102634.230158255
3,CLPSO,21,300000,60000,102634.230158255
3,CLPSO,21,300000,63000,102634.230158255
3,CLPSO,21,300000,66000,98162.5273961576
3,CLPSO,21,300000,69000,98162.5273961576
3,CLPSO,21,300000,72000,85525.4301742387
3,CLPSO,21,300000,75000,85525.4301742387
3,CLPSO,21,300000,78000,85525.4301742387
3,CLPSO,21,300000,81000,85525.4301742387
3,CLPSO,21,300000,84000,85525.4301742387
3,CLPSO,21,300000,87000,85525.4301742387
3,CLPSO,21,300000,90000,85525.4301742387
3,CLPSO,21,300000,93000,85525.4301742387
3,CLPSO,21,300000,96000,85525.4301742387
3,CLPSO,21,300000,99000,85525.4301742387
3,CLPSO,21,300000,102000,85525.4301742387
3,CLPSO,21,300000,105000,84349.3040371937
3,CLPSO,21,300000,108000,84349.3040371937
3,CLPSO,21,300000,111000,84349.3040371937
3,CLPSO,21,300000,114000,77269.6234149935
3,CLPSO,21,300000,117000,77269.6234149935
3,CLPSO,21,300000,120000,77269.6234149935
3,CLPSO,21,300000,123000,77269.6234149935
3,CLPSO,21,300000,126000,77269.6234149935
3,CLPSO,21,300000,129000,77269.6234149935
3,CLPSO,21,300000,132000,69012.6244860735
3,CLPSO,21,300000,135000,69012.6244860735
3,CLPSO,21,300000,138000,67885.9899147652
3,CLPSO,21,300000,141000,67455.178526279
3,CLPSO,21,300000,144000,66176.7801972884
3,CLPSO,21,300000,147000,65046.6065145778
3,CLPSO,21,300000,150000,60498.7604458586
3,CLPSO,21,300000,153000,60498.7604458586
3,CLPSO,21,300000,156000,59905.3808823345
3,CLPSO,21,300000,159000,59905.3808823345
3,CLPSO,21,300000,162000,47755.2243500953
3,CLPSO,21,300000,165000,47755.2243500953
3,CLPSO,21,300000,168000,47755.2243500953
3,CLPSO,21,300000,171000,47755.2243500953
3,CLPSO,21,300000,174000,47755.2243500953
3,CLPSO,21,300000,177000,47755.2243500953
3,CLPSO,21,300000,180000,47755.2243500953
3,CLPSO,21,300000,183000,47755.2243500953
3,CLPSO,21,300000,186000,47755.2243500953
3,CLPSO,21,300000,189000,47755.2243500953
3,CLPSO,21,300000,192000,47755.2243500953
3,CLPSO,21,300000,195000,47755.2243500953
3,CLPSO,21,300000,198000,47755.2243500953
3,CLPSO,21,300000,201000,42690.7000737963
3,CLPSO,21,300000,204000,42690.7000737963
3,CLPSO,21,300000,207000,42690.7000737963
3,CLPSO,21,300000,210000,42438.1463024199
3,CLPSO,21,300000,213000,34748.3001055258
3,CLPSO,21,300000,216000,32172.7390213235
3,CLPSO,21,300000,219000,32172.7390213235
3,CLPSO,21,300000,222000,32172.7390213235
3,CLPSO,21,300000,225000,32172.7390213235
3,CLPSO,21,300000,228000,32172.7390213235
3,CLPSO,21,300000,231000,32172.7390213235
3,CLPSO,21,300000,234000,31028.9418040064
3,CLPSO,21,300000,237000,31028.9418040064
3,CLPSO,21,300000,240000,27873.1545387659
3,CLPSO,21,300000,243000,23770.7537883011
3,CLPSO,21,300000,246000,23770.7537883011
3,CLPSO,21,300000,249000,23770.7537883011
3,CLPSO,21,300000,252000,23770.7537883011
3,CLPSO,21,300000,255000,22021.9156646471
3,CLPSO,21,300000,258000,22021.9156646471
3,CLPSO,21,300000,261000,22021.9156646471
3,CLPSO,21,300000,264000,22021.9156646471
3,CLPSO,21,300000,267000,20893.5871662269
3,CLPSO,21,300000,270000,20893.5871662269
3,CLPSO,21,300000,273000,20893.5871662269
3,CLPSO,21,300000,276000,20567.1066753775
3,CLPSO,21,300000,279000,20567.1066753775
3,CLPSO,21,300000,282000,20356.0864781629
3,CLPSO,21,300000,285000,19949.9632856592
3,CLPSO,21,300000,288000,19949.9632856592
3,CLPSO,21,300000,291000,19949.9632856592
3,CLPSO,21,300000,294000,19949.9632856592
3,CLPSO,21,300000,297000,19949.9632856592
3,CLPSO,21,300000,300000,19949.9632856592
3,V1-Elite,22,60000,3000,130670.920483097
3,V1-Elite,22,60000,6000,118146.969611477
3,V1-Elite,22,60000,9000,112733.954723781
3,V1-Elite,22,60000,12000,103210.988662372
3,V1-Elite,22,60000,15000,93244.5096192794
3,V1-Elite,22,60000,18000,83953.7124216008
3,V1-Elite,22,60000,21000,75496.0992982885
3,V1-Elite,22,60000,24000,61287.9332232499
3,V1-Elite,22,60000,27000,53994.8888132397
3,V1-Elite,22,60000,30000,42028.4482892143
3,V1-Elite,22,60000,33000,33682.6019118877
3,V1-Elite,22,60000,36000,31993.1173327234
3,V1-Elite,22,60000,39000,30444.4381166433
3,V1-Elite,22,60000,42000,24770.8647376859
3,V1-Elite,22,60000,45000,21086.4781536599
3,V1-Elite,22,60000,48000,18880.9991139095
3,V1-Elite,22,60000,51000,18434.8408720231
3,V1-Elite,22,60000,54000,16663.9681810119
3,V1-Elite,22,60000,57000,14760.9060496257
3,V1-Elite,22,60000,60000,13004.5580326245
3,V1-Elite,22,150000,3000,142379.897554045
3,V1-Elite,22,150000,6000,122646.184529482
3,V1-Elite,22,150000,9000,104331.720097072
3,V1-Elite,22,150000,12000,91108.0574767156
3,V1-Elite,22,150000,15000,64223.2959599134
3,V1-Elite,22,150000,18000,51687.9119232988
3,V1-Elite,22,150000,21000,43822.5119045401
3,V1-Elite,22,150000,24000,38386.0596492076
3,V1-Elite,22,150000,27000,34457.542223436
3,V1-Elite,22,150000,30000,29585.8489614678
3,V1-Elite,22,150000,33000,24192.2471778361
3,V1-Elite,22,150000,36000,22698.6752886897
3,V1-Elite,22,150000,39000,19318.4842664175
3,V1-Elite,22,150000,42000,15884.0473826002
3,V1-Elite,22,150000,45000,13976.4641670992
3,V1-Elite,22,150000,48000,12695.8148860691
3,V1-Elite,22,150000,51000,10076.9645382332
3,V1-Elite,22,150000,54000,8950.548960148
3,V1-Elite,22,150000,57000,8089.41297004353
3,V1-Elite,22,150000,60000,7595.61622017234
3,V1-Elite,22,150000,63000,4412.93551957805
3,V1-Elite,22,150000,66000,4128.57335880675
3,V1-Elite,22,150000,69000,3670.66360156109
3,V1-Elite,22,150000,72000,3326.71234339714
3,V1-Elite,22,150000,75000,2567.24921999612
3,V1-Elite,22,150000,78000,2135.7978468953
3,V1-Elite,22,150000,81000,1900.02026753081
3,V1-Elite,22,150000,84000,1617.46175701668
3,V1-Elite,22,150000,87000,1335.37614089728
3,V1-Elite,22,150000,90000,1263.29797750064
3,V1-Elite,22,150000,93000,1171.14513498523
3,V1-Elite,22,150000,96000,1026.02721985851
3,V1-Elite,22,150000,99000,911.062924474892
3,V1-Elite,22,150000,102000,837.145241711803
3,V1-Elite,22,150000,105000,772.055536487209
3,V1-Elite,22,150000,108000,701.860950205983
3,V1-Elite,22,150000,111000,670.828608621915
3,V1-Elite,22,150000,114000,455.148586065098
3,V1-Elite,22,150000,117000,415.375079373072
3,V1-Elite,22,150000,120000,399.491720849494
3,V1-Elite,22,150000,123000,343.524998521432
3,V1-Elite,22,150000,126000,296.303206275333
3,V1-Elite,22,150000,129000,281.853004584415
3,V1-Elite,22,150000,132000,271.42201081157
3,V1-Elite,22,150000,135000,243.811125811407
3,V1-Elite,22,150000,138000,225.445893489704
3,V1-Elite,22,150000,141000,216.128806654653
3,V1-Elite,22,150000,144000,208.484614577993
3,V1-Elite,22,150000,147000,189.165936887812
3,V1-Elite,22,150000,150000,183.992889484267
3,CLPSO,22,60000,3000,183106.644050561
3,CLPSO,22,60000,6000,183106.644050561
3,CLPSO,22,60000,9000,183106.644050561
3,CLPSO,22,60000,12000,174883.074244814
3,CLPSO,22,60000,15000,174883.074244814
3,CLPSO,22,60000,18000,174883.074244814
3,CLPSO,22,60000,21000,145442.961770848
3,CLPSO,22,60000,24000,145442.961770848
3,CLPSO,22,60000,27000,145442.961770848
3,CLPSO,22,60000,30000,138189.563241781
3,CLPSO,22,60000,33000,138189.563241781
3,CLPSO,22,60000,36000,138189.563241781
3,CLPSO,22,60000,39000,94792.8348308476
3,CLPSO,22,60000,42000,94792.8348308476
3,CLPSO,22,60000,45000,94792.8348308476
3,CLPSO,22,60000,48000,94792.8348308476
3,CLPSO,22,60000,51000,94792.8348308476
3,CLPSO,22,60000,54000,94792.8348308476
3,CLPSO,22,60000,57000,94792.8348308476
3,CLPSO,22,60000,60000,94792.8348308476
3,CLPSO,22,150000,3000,199935.529217195
3,CLPSO,22,150000,6000,183804.209920987
3,CLPSO,22,150000,9000,157522.21269346
3,CLPSO,22,150000,12000,154498.646345996
3,CLPSO,22,150000,15000,151461.32654167
3,CLPSO,22,150000,18000,151461.32654167
3,CLPSO,22,150000,21000,151461.32654167
3,CLPSO,22,150000,24000,151461.32654167
3,CLPSO,22,150000,27000,151461.32654167
3,CLPSO,22,150000,30000,151461.32654167
3,CLPSO,22,150000,33000,115865.331075647
3,CLPSO,22,150000,36000,115865.331075647
3,CLPSO,22,150000,39000,104551.673939514
3,CLPSO,22,150000,42000,104551.673939514
3,CLPSO,22,150000,45000,103020.006943726
3,CLPSO,22,150000,48000,103020.006943726
3,CLPSO,22,150000,51000,103020.006943726
3,CLPSO,22,150000,54000,93274.0409569556
3,CLPSO,22,150000,57000,93274.0409569556
3,CLPSO,22,150000,60000,93274.0409569556
3,CLPSO,22,150000,63000,93274.0409569556
3,CLPSO,22,150000,66000,93274.0409569556
3,CLPSO,22,150000,69000,93274.0409569556
3,CLPSO,22,150000,72000,93274.0409569556
3,CLPSO,22,150000,75000,86407.2470925463
3,CLPSO,22,150000,78000,85640.1983207046
3,CLPSO,22,150000,81000,85640.1983207046
3,CLPSO,22,150000,84000,85640.1983207046
3,CLPSO,22,150000,87000,85640.1983207046
3,CLPSO,22,150000,90000,82841.4216012032
3,CLPSO,22,150000,93000,82414.0138950831
3,CLPSO,22,150000,96000,82414.0138950831
3,CLPSO,22,150000,99000,82414.0138950831
3,CLPSO,22,150000,102000,47221.133611651
3,CLPSO,22,150000,105000,47221.133611651
3,CLPSO,22,150000,108000,47221.133611651
3,CLPSO,22,150000,111000,47221.133611651
3,CLPSO,22,150000,114000,47221.133611651
3,CLPSO,22,150000,117000,47221.133611651
3,CLPSO,22,150000,120000,47221.133611651
3,CLPSO,22,150000,123000,47221.133611651
3,CLPSO,22,150000,126000,47221.133611651
3,CLPSO,22,150000,129000,47221.133611651
3,CLPSO,22,150000,132000,47221.133611651
3,CLPSO,22,150000,135000,47221.133611651
3,CLPSO,22,150000,138000,47221.133611651
3,CLPSO,22,150000,141000,47221.133611651
3,CLPSO,22,150000,144000,47221.133611651
3,CLPSO,22,150000,147000,43524.8818552234
3,CLPSO,22,150000,150000,43524.8818552234
3,CLPSO,22,300000,3000,180914.474475711
3,CLPSO,22,300000,6000,180914.474475711
3,CLPSO,22,300000,9000,180914.474475711
3,CLPSO,22,300000,12000,177424.314515881
3,CLPSO,22,300000,15000,177424.314515881
3,CLPSO,22,300000,18000,177424.314515881
3,CLPSO,22,300000,21000,177424.314515881
3,CLPSO,22,300000,24000,156914.899280543
3,CLPSO,22,300000,27000,156914.899280543
3,CLPSO,22,300000,30000,156914.899280543
3,CLPSO,22,300000,33000,156914.899280543
3,CLPSO,22,300000,36000,156914.899280543
3,CLPSO,22,300000,39000,156914.899280543
3,CLPSO,22,300000,42000,156914.899280543
3,CLPSO,22,300000,45000,156914.899280543
3,CLPSO,22,300000,48000,147605.068323078
3,CLPSO,22,300000,51000,123864.711605624
3,CLPSO,22,300000,54000,119659.04376352
3,CLPSO,22,300000,57000,119659.04376352
3,CLPSO,22,300000,60000,119659.04376352
3,CLPSO,22,300000,63000,119659.04376352
3,CLPSO,22,300000,66000,119659.04376352
3,CLPSO,22,300000,69000,119659.04376352
3,CLPSO,22,300000,72000,119659.04376352
3,CLPSO,22,300000,75000,119659.04376352
3,CLPSO,22,300000,78000,93319.6649878788
3,CLPSO,22,300000,81000,93319.6649878788
3,CLPSO,22,300000,84000,93319.6649878788
3,CLPSO,22,300000,87000,93319.6649878788
3,CLPSO,22,300000,90000,93319.6649878788
3,CLPSO,22,300000,93000,93319.6649878788
3,CLPSO,22,300000,96000,93319.6649878788
3,CLPSO,22,300000,99000,93319.6649878788
3,CLPSO,22,300000,102000,84896.5128993166
3,CLPSO,22,300000,105000,79806.2952182064
3,CLPSO,22,300000,108000,64197.2889184767
3,CLPSO,22,300000,111000,64197.2889184767
3,CLPSO,22,300000,114000,64197.2889184767
3,CLPSO,22,300000,117000,64197.2889184767
3,CLPSO,22,300000,120000,64197.2889184767
3,CLPSO,22,300000,123000,64197.2889184767
3,CLPSO,22,300000,126000,64197.2889184767
3,CLPSO,22,300000,129000,64197.2889184767
3,CLPSO,22,300000,132000,64197.2889184767
3,CLPSO,22,300000,135000,64197.2889184767
3,CLPSO,22,300000,138000,63307.3537423136
3,CLPSO,22,300000,141000,63307.3537423136
3,CLPSO,22,300000,144000,63307.3537423136
3,CLPSO,22,300000,147000,63307.3537423136
3,CLPSO,22,300000,150000,63307.3537423136
3,CLPSO,22,300000,153000,53123.3383312437
3,CLPSO,22,300000,156000,53123.3383312437
3,CLPSO,22,300000,159000,53123.3383312437
3,CLPSO,22,300000,162000,53123.3383312437
3,CLPSO,22,300000,165000,53123.3383312437
3,CLPSO,22,300000,168000,53123.3383312437
3,CLPSO,22,300000,171000,48357.8730945779
3,CLPSO,22,300000,174000,48357.8730945779
3,CLPSO,22,300000,177000,48357.8730945779
3,CLPSO,22,300000,180000,47292.599762081
3,CLPSO,22,300000,183000,42691.312057986
3,CLPSO,22,300000,186000,42691.312057986
3,CLPSO,22,300000,189000,42691.312057986
3,CLPSO,22,300000,192000,42691.312057986
3,CLPSO,22,300000,195000,42691.312057986
3,CLPSO,22,300000,198000,42691.312057986
3,CLPSO,22,300000,201000,42691.312057986
3,CLPSO,22,300000,204000,42691.312057986
3,CLPSO,22,300000,207000,40011.6138397847
3,CLPSO,22,300000,210000,40011.6138397847
3,CLPSO,22,300000,213000,40011.6138397847
3,CLPSO,22,300000,216000,38386.6334340709
3,CLPSO,22,300000,219000,34283.2278767282
3,CLPSO,22,300000,222000,34283.2278767282
3,CLPSO,22,300000,225000,34283.2278767282
3,CLPSO,22,300000,228000,33449.444987152
3,CLPSO,22,300000,231000,33101.2417708535
3,CLPSO,22,300000,234000,33101.2417708535
3,CLPSO,22,300000,237000,33101.2417708535
3,CLPSO,22,300000,240000,33101.2417708535
3,CLPSO,22,300000,243000,25080.266493447
3,CLPSO,22,300000,246000,25080.266493447
3,CLPSO,22,300000,249000,25080.266493447
3,CLPSO,22,300000,252000,25080.266493447
3,CLPSO,22,300000,255000,25080.266493447
3,CLPSO,22,300000,258000,25080.266493447
3,CLPSO,22,300000,261000,25080.266493447
3,CLPSO,22,300000,264000,25080.266493447
3,CLPSO,22,300000,267000,25080.266493447
3,CLPSO,22,300000,270000,23820.8321076538
3,CLPSO,22,300000,273000,23820.8321076538
3,CLPSO,22,300000,276000,23820.8321076538
3,CLPSO,22,300000,279000,23820.8321076538
3,CLPSO,22,300000,282000,20171.6590003766
3,CLPSO,22,300000,285000,20171.6590003766
3,CLPSO,22,300000,288000,20171.6590003766
3,CLPSO,22,300000,291000,20171.6590003766
3,CLPSO,22,300000,294000,20171.6590003766
3,CLPSO,22,300000,297000,20171.6590003766
3,CLPSO,22,300000,300000,20171.6590003766
3,V1-Elite,23,60000,3000,101273.182971578
3,V1-Elite,23,60000,6000,87191.8995343331
3,V1-Elite,23,60000,9000,73148.6576097343
3,V1-Elite,23,60000,12000,63927.4180205071
3,V1-Elite,23,60000,15000,58333.8259262713
3,V1-Elite,23,60000,18000,51995.4354358533
3,V1-Elite,23,60000,21000,41551.1315861651
3,V1-Elite,23,60000,24000,38274.6410304589
3,V1-Elite,23,60000,27000,30214.9051155666
3,V1-Elite,23,60000,30000,24617.0401681402
3,V1-Elite,23,60000,33000,22049.4571109584
3,V1-Elite,23,60000,36000,18392.0312451584
3,V1-Elite,23,60000,39000,17691.2002046151
3,V1-Elite,23,60000,42000,15529.2776734223
3,V1-Elite,23,60000,45000,14231.9680802597
3,V1-Elite,23,60000,48000,10859.4077051077
3,V1-Elite,23,60000,51000,10617.9727476048
3,V1-Elite,23,60000,54000,9739.18688041943
3,V1-Elite,23,60000,57000,9020.60883601626
3,V1-Elite,23,60000,60000,8861.25997674927
3,V1-Elite,23,150000,3000,105582.238338629
3,V1-Elite,23,150000,6000,93621.4209667384
3,V1-Elite,23,150000,9000,89966.7514210758
3,V1-Elite,23,150000,12000,77925.9720752819
3,V1-Elite,23,150000,15000,59467.7817367851
3,V1-Elite,23,150000,18000,48095.8416129846
3,V1-Elite,23,150000,21000,46744.3405259831
3,V1-Elite,23,150000,24000,42648.3074850407
3,V1-Elite,23,150000,27000,40056.7051235567
3,V1-Elite,23,150000,30000,33953.749140906
3,V1-Elite,23,150000,33000,29053.7277616185
3,V1-Elite,23,150000,36000,27092.9828033973
3,V1-Elite,23,150000,39000,26285.497978684
3,V1-Elite,23,150000,42000,22414.1467699897
3,V1-Elite,23,150000,45000,20789.1854434702
3,V1-Elite,23,150000,48000,18821.0698012592
3,V1-Elite,23,150000,51000,17340.2738109936
3,V1-Elite,23,150000,54000,17035.0363475864
3,V1-Elite,23,150000,57000,16608.1447163255
3,V1-Elite,23,150000,60000,15708.1160200401
3,V1-Elite,23,150000,63000,13825.5559530203
3,V1-Elite,23,150000,66000,13667.7539319094
3,V1-Elite,23,150000,69000,12422.2638829862
3,V1-Elite,23,150000,72000,11875.2326447225
3,V1-Elite,23,150000,75000,11628.7713029984
3,V1-Elite,23,150000,78000,10249.4746616734
3,V1-Elite,23,150000,81000,9584.02369672349
3,V1-Elite,23,150000,84000,8660.63701873543
3,V1-Elite,23,150000,87000,8289.89731788668
3,V1-Elite,23,150000,90000,7857.77193062724
3,V1-Elite,23,150000,93000,7594.2889664528
3,V1-Elite,23,150000,96000,6177.21343775586
3,V1-Elite,23,150000,99000,5515.51860183942
3,V1-Elite,23,150000,102000,5086.619087476
3,V1-Elite,23,150000,105000,4790.00758292076
3,V1-Elite,23,150000,108000,4377.07521926339
3,V1-Elite,23,150000,111000,4304.25206841187
3,V1-Elite,23,150000,114000,4127.81078104801
3,V1-Elite,23,150000,117000,4013.45530244483
3,V1-Elite,23,150000,120000,3622.44265438617
3,V1-Elite,23,150000,123000,3563.84881793937
3,V1-Elite,23,150000,126000,3535.15252177006
3,V1-Elite,23,150000,129000,3411.51579302802
3,V1-Elite,23,150000,132000,3322.28973531407
3,V1-Elite,23,150000,135000,3283.59982338243
3,V1-Elite,23,150000,138000,3243.24583937518
3,V1-Elite,23,150000,141000,3107.93659961211
3,V1-Elite,23,150000,144000,3025.71761368374
3,V1-Elite,23,150000,147000,2990.23119799373
3,V1-Elite,23,150000,150000,2962.21467559689
3,CLPSO,23,60000,3000,174040.038334787
3,CLPSO,23,60000,6000,162938.547410839
3,CLPSO,23,60000,9000,110443.125639349
3,CLPSO,23,60000,12000,110443.125639349
3,CLPSO,23,60000,15000,110443.125639349
3,CLPSO,23,60000,18000,110443.125639349
3,CLPSO,23,60000,21000,96893.160910567
3,CLPSO,23,60000,24000,96893.160910567
3,CLPSO,23,60000,27000,96893.160910567
3,CLPSO,23,60000,30000,96893.160910567
3,CLPSO,23,60000,33000,96893.160910567
3,CLPSO,23,60000,36000,96893.160910567
3,CLPSO,23,60000,39000,91717.309347246
3,CLPSO,23,60000,42000,91717.309347246
3,CLPSO,23,60000,45000,91717.309347246
3,CLPSO,23,60000,48000,84028.1321302033
3,CLPSO,23,60000,51000,82373.3556384918
3,CLPSO,23,60000,54000,82373.3556384918
3,CLPSO,23,60000,57000,82373.3556384918
3,CLPSO,23,60000,60000,82373.3556384918
3,CLPSO,23,150000,3000,127612.053943124
3,CLPSO,23,150000,6000,127612.053943124
3,CLPSO,23,150000,9000,127612.053943124
3,CLPSO,23,150000,12000,127612.053943124
3,CLPSO,23,150000,15000,125122.215050608
3,CLPSO,23,150000,18000,125122.215050608
3,CLPSO,23,150000,21000,125122.215050608
3,CLPSO,23,150000,24000,120068.513527944
3,CLPSO,23,150000,27000,120068.513527944
3,CLPSO,23,150000,30000,120068.513527944
3,CLPSO,23,150000,33000,120068.513527944
3,CLPSO,23,150000,36000,120068.513527944
3,CLPSO,23,150000,39000,120068.513527944
3,CLPSO,23,150000,42000,120068.513527944
3,CLPSO,23,150000,45000,120068.513527944
3,CLPSO,23,150000,48000,120068.513527944
3,CLPSO,23,150000,51000,117462.701453978
3,CLPSO,23,150000,54000,117462.701453978
3,CLPSO,23,150000,57000,117462.701453978
3,CLPSO,23,150000,60000,117462.701453978
3,CLPSO,23,150000,63000,106201.475448433
3,CLPSO,23,150000,66000,96366.8596143044
3,CLPSO,23,150000,69000,86155.314151931
3,CLPSO,23,150000,72000,86155.314151931
3,CLPSO,23,150000,75000,86155.314151931
3,CLPSO,23,150000,78000,86155.314151931
3,CLPSO,23,150000,81000,86155.314151931
3,CLPSO,23,150000,84000,82621.6319966349
3,CLPSO,23,150000,87000,82621.6319966349
3,CLPSO,23,150000,90000,82621.6319966349
3,CLPSO,23,150000,93000,82621.6319966349
3,CLPSO,23,150000,96000,82621.6319966349
3,CLPSO,23,150000,99000,82621.6319966349
3,CLPSO,23,150000,102000,82621.6319966349
3,CLPSO,23,150000,105000,82621.6319966349
3,CLPSO,23,150000,108000,82621.6319966349
3,CLPSO,23,150000,111000,82621.6319966349
3,CLPSO,23,150000,114000,82621.6319966349
3,CLPSO,23,150000,117000,82621.6319966349
3,CLPSO,23,150000,120000,77683.1746990376
3,CLPSO,23,150000,123000,77683.1746990376
3,CLPSO,23,150000,126000,77683.1746990376
3,CLPSO,23,150000,129000,77683.1746990376
3,CLPSO,23,150000,132000,77683.1746990376
3,CLPSO,23,150000,135000,67223.9174796473
3,CLPSO,23,150000,138000,67223.9174796473
3,CLPSO,23,150000,141000,65689.1276481886
3,CLPSO,23,150000,144000,65689.1276481886
3,CLPSO,23,150000,147000,65689.1276481886
3,CLPSO,23,150000,150000,65689.1276481886
3,CLPSO,23,300000,3000,135229.735099094
3,CLPSO,23,300000,6000,135229.735099094
3,CLPSO,23,300000,9000,135229.735099094
3,CLPSO,23,300000,12000,135229.735099094
3,CLPSO,23,300000,15000,135229.735099094
3,CLPSO,23,300000,18000,128141.857479523
3,CLPSO,23,300000,21000,128141.857479523
3,CLPSO,23,300000,24000,107420.317175583
3,CLPSO,23,300000,27000,107420.317175583
3,CLPSO,23,300000,30000,107420.317175583
3,CLPSO,23,300000,33000,107420.317175583
3,CLPSO,23,300000,36000,107420.317175583
3,CLPSO,23,300000,39000,107420.317175583
3,CLPSO,23,300000,42000,107420.317175583
3,CLPSO,23,300000,45000,107420.317175583
3,CLPSO,23,300000,48000,107420.317175583
3,CLPSO,23,300000,51000,107420.317175583
3,CLPSO,23,300000,54000,107420.317175583
3,CLPSO,23,300000,57000,107420.317175583
3,CLPSO,23,300000,60000,107420.317175583
3,CLPSO,23,300000,63000,107420.317175583
3,CLPSO,23,300000,66000,107420.317175583
3,CLPSO,23,300000,69000,99471.4909514119
3,CLPSO,23,300000,72000,99471.4909514119
3,CLPSO,23,300000,75000,99471.4909514119
3,CLPSO,23,300000,78000,99471.4909514119
3,CLPSO,23,300000,81000,99471.4909514119
3,CLPSO,23,300000,84000,99471.4909514119
3,CLPSO,23,300000,87000,99471.4909514119
3,CLPSO,23,300000,90000,99471.4909514119
3,CLPSO,23,300000,93000,99471.4909514119
3,CLPSO,23,300000,96000,99471.4909514119
3,CLPSO,23,300000,99000,99471.4909514119
3,CLPSO,23,300000,102000,97919.4433666197
3,CLPSO,23,300000,105000,95946.0430122375
3,CLPSO,23,300000,108000,87450.2482090923
3,CLPSO,23,300000,111000,87450.2482090923
3,CLPSO,23,300000,114000,87127.8119737497
3,CLPSO,23,300000,117000,87127.8119737497
3,CLPSO,23,300000,120000,87127.8119737497
3,CLPSO,23,300000,123000,87127.8119737497
3,CLPSO,23,300000,126000,87127.8119737497
3,CLPSO,23,300000,129000,87127.8119737497
3,CLPSO,23,300000,132000,87127.8119737497
3,CLPSO,23,300000,135000,74403.4662096963
3,CLPSO,23,300000,138000,69757.6676675655
3,CLPSO,23,300000,141000,69757.6676675655
3,CLPSO,23,300000,144000,69757.6676675655
3,CLPSO,23,300000,147000,69757.6676675655
3,CLPSO,23,300000,150000,68387.8431646652
3,CLPSO,23,300000,153000,68387.8431646652
3,CLPSO,23,300000,156000,68387.8431646652
3,CLPSO,23,300000,159000,68387.8431646652
3,CLPSO,23,300000,162000,68387.8431646652
3,CLPSO,23,300000,165000,68387.8431646652
3,CLPSO,23,300000,168000,60915.1940855187
3,CLPSO,23,300000,171000,48628.0219307555
3,CLPSO,23,300000,174000,48628.0219307555
3,CLPSO,23,300000,177000,48628.0219307555
3,CLPSO,23,300000,180000,48628.0219307555
3,CLPSO,23,300000,183000,48628.0219307555
3,CLPSO,23,300000,186000,48628.0219307555
3,CLPSO,23,300000,189000,48628.0219307555
3,CLPSO,23,300000,192000,48628.0219307555
3,CLPSO,23,300000,195000,39101.592483999
3,CLPSO,23,300000,198000,39101.592483999
3,CLPSO,23,300000,201000,36101.5495782767
3,CLPSO,23,300000,204000,36101.5495782767
3,CLPSO,23,300000,207000,36101.5495782767
3,CLPSO,23,300000,210000,36101.5495782767
3,CLPSO,23,300000,213000,36101.5495782767
3,CLPSO,23,300000,216000,36101.5495782767
3,CLPSO,23,300000,219000,33347.127496396
3,CLPSO,23,300000,222000,33347.127496396
3,CLPSO,23,300000,225000,33347.127496396
3,CLPSO,23,300000,228000,33347.127496396
3,CLPSO,23,300000,231000,33347.127496396
3,CLPSO,23,300000,234000,33347.127496396
3,CLPSO,23,300000,237000,23959.4965112065
3,CLPSO,23,300000,240000,23959.4965112065
3,CLPSO,23,300000,243000,21272.780952431
3,CLPSO,23,300000,246000,21272.780952431
3,CLPSO,23,300000,249000,21272.780952431
3,CLPSO,23,300000,252000,20166.2727199034
3,CLPSO,23,300000,255000,18440.8641885896
3,CLPSO,23,300000,258000,18440.8641885896
3,CLPSO,23,300000,261000,18440.8641885896
3,CLPSO,23,300000,264000,18440.8641885896
3,CLPSO,23,300000,267000,18440.8641885896
3,CLPSO,23,300000,270000,18440.8641885896
3,CLPSO,23,300000,273000,18440.8641885896
3,CLPSO,23,300000,276000,18440.8641885896
3,CLPSO,23,300000,279000,18440.8641885896
3,CLPSO,23,300000,282000,18440.8641885896
3,CLPSO,23,300000,285000,18440.8641885896
3,CLPSO,23,300000,288000,18440.8641885896
3,CLPSO,23,300000,291000,18440.8641885896
3,CLPSO,23,300000,294000,18440.8641885896
3,CLPSO,23,300000,297000,18440.8641885896
3,CLPSO,23,300000,300000,18440.8641885896
9,V1-Elite,21,60000,3000,5439.69387323731
9,V1-Elite,21,60000,6000,4900.38659008722
9,V1-Elite,21,60000,9000,3950.40067199247
9,V1-Elite,21,60000,12000,3950.40067199247
9,V1-Elite,21,60000,15000,2710.62958651411
9,V1-Elite,21,60000,18000,2569.387604423
9,V1-Elite,21,60000,21000,2452.19344721591
9,V1-Elite,21,60000,24000,2250.95653410106
9,V1-Elite,21,60000,27000,2028.4217269394
9,V1-Elite,21,60000,30000,2028.4217269394
9,V1-Elite,21,60000,33000,1953.13558564087
9,V1-Elite,21,60000,36000,1932.37059161758
9,V1-Elite,21,60000,39000,1864.7329928537
9,V1-Elite,21,60000,42000,1864.7329928537
9,V1-Elite,21,60000,45000,1792.7984152251
9,V1-Elite,21,60000,48000,1792.7984152251
9,V1-Elite,21,60000,51000,1772.97293743818
9,V1-Elite,21,60000,54000,1742.85728665281
9,V1-Elite,21,60000,57000,1667.38046247223
9,V1-Elite,21,60000,60000,1584.56176117159
9,V1-Elite,21,150000,3000,6239.11897430737
9,V1-Elite,21,150000,6000,4223.26875930103
9,V1-Elite,21,150000,9000,3844.62967313632
9,V1-Elite,21,150000,12000,3576.04325976316
9,V1-Elite,21,150000,15000,3422.13677552922
9,V1-Elite,21,150000,18000,3226.99836249042
9,V1-Elite,21,150000,21000,3038.9548951808
9,V1-Elite,21,150000,24000,3038.9548951808
9,V1-Elite,21,150000,27000,3026.48954562088
9,V1-Elite,21,150000,30000,3003.1049652445
9,V1-Elite,21,150000,33000,3003.1049652445
9,V1-Elite,21,150000,36000,2796.96011386797
9,V1-Elite,21,150000,39000,2796.96011386797
9,V1-Elite,21,150000,42000,2796.96011386797
9,V1-Elite,21,150000,45000,2796.96011386797
9,V1-Elite,21,150000,48000,2796.96011386797
9,V1-Elite,21,150000,51000,2773.51808779271
9,V1-Elite,21,150000,54000,2773.51808779271
9,V1-Elite,21,150000,57000,2715.71167490965
9,V1-Elite,21,150000,60000,2715.71167490965
9,V1-Elite,21,150000,63000,2715.71167490965
9,V1-Elite,21,150000,66000,2715.71167490965
9,V1-Elite,21,150000,69000,2715.71167490965
9,V1-Elite,21,150000,72000,2610.73235788391
9,V1-Elite,21,150000,75000,2610.73235788391
9,V1-Elite,21,150000,78000,2610.73235788391
9,V1-Elite,21,150000,81000,2610.73235788391
9,V1-Elite,21,150000,84000,2610.73235788391
9,V1-Elite,21,150000,87000,2610.73235788391
9,V1-Elite,21,150000,90000,2610.73235788391
9,V1-Elite,21,150000,93000,2610.73235788391
9,V1-Elite,21,150000,96000,2588.02720734685
9,V1-Elite,21,150000,99000,2588.02720734685
9,V1-Elite,21,150000,102000,2588.02720734685
9,V1-Elite,21,150000,105000,2570.25623392194
9,V1-Elite,21,150000,108000,2499.1461760076
9,V1-Elite,21,150000,111000,2499.1461760076
9,V1-Elite,21,150000,114000,2499.1461760076
9,V1-Elite,21,150000,117000,2499.1461760076
9,V1-Elite,21,150000,120000,2474.02159387594
9,V1-Elite,21,150000,123000,2453.23397170107
9,V1-Elite,21,150000,126000,2423.12359001709
9,V1-Elite,21,150000,129000,2423.12359001709
9,V1-Elite,21,150000,132000,2364.14016294516
9,V1-Elite,21,150000,135000,2357.24751449583
9,V1-Elite,21,150000,138000,2279.06525098017
9,V1-Elite,21,150000,141000,2260.68226068561
9,V1-Elite,21,150000,144000,2235.87575319726
9,V1-Elite,21,150000,147000,2211.38203103981
9,V1-Elite,21,150000,150000,2185.9016666617
9,CLPSO,21,60000,3000,17373.6331592618
9,CLPSO,21,60000,6000,14631.6188127108
9,CLPSO,21,60000,9000,11521.7723455881
9,CLPSO,21,60000,12000,8254.94196802208
9,CLPSO,21,60000,15000,8254.94196802208
9,CLPSO,21,60000,18000,7424.67469989449
9,CLPSO,21,60000,21000,7424.67469989449
9,CLPSO,21,60000,24000,7424.67469989449
9,CLPSO,21,60000,27000,6573.33497316998
9,CLPSO,21,60000,30000,5858.70075169512
9,CLPSO,21,60000,33000,5246.39851654795
9,CLPSO,21,60000,36000,5246.39851654795
9,CLPSO,21,60000,39000,5246.39851654795
9,CLPSO,21,60000,42000,4343.07628358859
9,CLPSO,21,60000,45000,4132.87843732575
9,CLPSO,21,60000,48000,2898.90944476543
9,CLPSO,21,60000,51000,2898.90944476543
9,CLPSO,21,60000,54000,2692.93997825677
9,CLPSO,21,60000,57000,1784.49072695971
9,CLPSO,21,60000,60000,1784.49072695971
9,CLPSO,21,150000,3000,15681.1151720153
9,CLPSO,21,150000,6000,12479.1196015102
9,CLPSO,21,150000,9000,12479.1196015102
9,CLPSO,21,150000,12000,11795.9437042374
9,CLPSO,21,150000,15000,11265.0616778653
9,CLPSO,21,150000,18000,10124.710794545
9,CLPSO,21,150000,21000,9523.93056198946
9,CLPSO,21,150000,24000,7519.25099042106
9,CLPSO,21,150000,27000,7519.25099042106
9,CLPSO,21,150000,30000,7236.00863581555
9,CLPSO,21,150000,33000,5387.37994738229
9,CLPSO,21,150000,36000,5387.37994738229
9,CLPSO,21,150000,39000,5387.37994738229
9,CLPSO,21,150000,42000,5008.25859934519
9,CLPSO,21,150000,45000,3455.21024356182
9,CLPSO,21,150000,48000,3455.21024356182
9,CLPSO,21,150000,51000,3227.95794667446
9,CLPSO,21,150000,54000,2950.16047046433
9,CLPSO,21,150000,57000,2950.16047046433
9,CLPSO,21,150000,60000,2752.60693566959
9,CLPSO,21,150000,63000,2733.06548026251
9,CLPSO,21,150000,66000,2733.06548026251
9,CLPSO,21,150000,69000,2733.06548026251
9,CLPSO,21,150000,72000,1761.49674680718
9,CLPSO,21,150000,75000,1422.38475452081
9,CLPSO,21,150000,78000,1300.98000263016
9,CLPSO,21,150000,81000,1300.98000263016
9,CLPSO,21,150000,84000,868.750523334176
9,CLPSO,21,150000,87000,868.750523334176
9,CLPSO,21,150000,90000,868.750523334176
9,CLPSO,21,150000,93000,848.578397724343
9,CLPSO,21,150000,96000,848.578397724343
9,CLPSO,21,150000,99000,799.394448587427
9,CLPSO,21,150000,102000,799.394448587427
9,CLPSO,21,150000,105000,799.394448587427
9,CLPSO,21,150000,108000,655.142644844042
9,CLPSO,21,150000,111000,580.272019999942
9,CLPSO,21,150000,114000,429.188234730367
9,CLPSO,21,150000,117000,429.188234730367
9,CLPSO,21,150000,120000,429.188234730367
9,CLPSO,21,150000,123000,429.188234730367
9,CLPSO,21,150000,126000,429.188234730367
9,CLPSO,21,150000,129000,429.188234730367
9,CLPSO,21,150000,132000,429.188234730367
9,CLPSO,21,150000,135000,383.722270136039
9,CLPSO,21,150000,138000,262.069025246164
9,CLPSO,21,150000,141000,262.069025246164
9,CLPSO,21,150000,144000,262.069025246164
9,CLPSO,21,150000,147000,238.348153231145
9,CLPSO,21,150000,150000,238.348153231145
9,CLPSO,21,300000,3000,17364.6425653055
9,CLPSO,21,300000,6000,17364.6425653055
9,CLPSO,21,300000,9000,11970.348375196
9,CLPSO,21,300000,12000,11970.348375196
9,CLPSO,21,300000,15000,11038.4769467243
9,CLPSO,21,300000,18000,7311.0888772799
9,CLPSO,21,300000,21000,6539.10515904229
9,CLPSO,21,300000,24000,6539.10515904229
9,CLPSO,21,300000,27000,6539.10515904229
9,CLPSO,21,300000,30000,6506.18518181604
9,CLPSO,21,300000,33000,4990.83115032497
9,CLPSO,21,300000,36000,4990.83115032497
9,CLPSO,21,300000,39000,4990.83115032497
9,CLPSO,21,300000,42000,3773.10286465674
9,CLPSO,21,300000,45000,3086.80326310986
9,CLPSO,21,300000,48000,3086.80326310986
9,CLPSO,21,300000,51000,3086.80326310986
9,CLPSO,21,300000,54000,3086.80326310986
9,CLPSO,21,300000,57000,1994.07699001575
9,CLPSO,21,300000,60000,1627.36007889107
9,CLPSO,21,300000,63000,1627.36007889107
9,CLPSO,21,300000,66000,1627.36007889107
9,CLPSO,21,300000,69000,1627.36007889107
9,CLPSO,21,300000,72000,1627.36007889107
9,CLPSO,21,300000,75000,1627.36007889107
9,CLPSO,21,300000,78000,1627.36007889107
9,CLPSO,21,300000,81000,1627.36007889107
9,CLPSO,21,300000,84000,1627.36007889107
9,CLPSO,21,300000,87000,1627.36007889107
9,CLPSO,21,300000,90000,1580.48759136539
9,CLPSO,21,300000,93000,1580.48759136539
9,CLPSO,21,300000,96000,1580.48759136539
9,CLPSO,21,300000,99000,1580.48759136539
9,CLPSO,21,300000,102000,1580.48759136539
9,CLPSO,21,300000,105000,1489.50133851383
9,CLPSO,21,300000,108000,1448.78513874315
9,CLPSO,21,300000,111000,1081.27690354113
9,CLPSO,21,300000,114000,1081.27690354113
9,CLPSO,21,300000,117000,1081.27690354113
9,CLPSO,21,300000,120000,1059.19088772713
9,CLPSO,21,300000,123000,1059.19088772713
9,CLPSO,21,300000,126000,1059.19088772713
9,CLPSO,21,300000,129000,959.518070664367
9,CLPSO,21,300000,132000,892.799982367649
9,CLPSO,21,300000,135000,892.799982367649
9,CLPSO,21,300000,138000,740.080677904675
9,CLPSO,21,300000,141000,740.080677904675
9,CLPSO,21,300000,144000,736.248693044527
9,CLPSO,21,300000,147000,733.618361194076
9,CLPSO,21,300000,150000,512.811027807491
9,CLPSO,21,300000,153000,512.811027807491
9,CLPSO,21,300000,156000,471.86443711569
9,CLPSO,21,300000,159000,399.406651588403
9,CLPSO,21,300000,162000,357.60697996001
9,CLPSO,21,300000,165000,357.60697996001
9,CLPSO,21,300000,168000,357.60697996001
9,CLPSO,21,300000,171000,324.448609126791
9,CLPSO,21,300000,174000,293.465727363763
9,CLPSO,21,300000,177000,258.195227321736
9,CLPSO,21,300000,180000,258.195227321736
9,CLPSO,21,300000,183000,154.130086033547
9,CLPSO,21,300000,186000,154.130086033547
9,CLPSO,21,300000,189000,154.130086033547
9,CLPSO,21,300000,192000,154.130086033547
9,CLPSO,21,300000,195000,154.130086033547
9,CLPSO,21,300000,198000,154.130086033547
9,CLPSO,21,300000,201000,108.779361290896
9,CLPSO,21,300000,204000,108.779361290896
9,CLPSO,21,300000,207000,108.779361290896
9,CLPSO,21,300000,210000,96.6071649773431
9,CLPSO,21,300000,213000,96.6071649773431
9,CLPSO,21,300000,216000,96.6071649773431
9,CLPSO,21,300000,219000,96.6071649773431
9,CLPSO,21,300000,222000,96.6071649773431
9,CLPSO,21,300000,225000,96.6071649773431
9,CLPSO,21,300000,228000,96.6071649773431
9,CLPSO,21,300000,231000,91.8833021165536
9,CLPSO,21,300000,234000,81.6066535561068
9,CLPSO,21,300000,237000,81.6066535561068
9,CLPSO,21,300000,240000,81.1318312367657
9,CLPSO,21,300000,243000,80.4762599555511
9,CLPSO,21,300000,246000,60.6615311783639
9,CLPSO,21,300000,249000,57.2818229262409
9,CLPSO,21,300000,252000,50.2594701686402
9,CLPSO,21,300000,255000,43.5289925342172
9,CLPSO,21,300000,258000,43.5289925342172
9,CLPSO,21,300000,261000,43.5289925342172
9,CLPSO,21,300000,264000,33.2910240677897
9,CLPSO,21,300000,267000,33.2910240677897
9,CLPSO,21,300000,270000,33.2910240677897
9,CLPSO,21,300000,273000,31.688198226455
9,CLPSO,21,300000,276000,31.688198226455
9,CLPSO,21,300000,279000,30.1064705779412
9,CLPSO,21,300000,282000,25.9568656885966
9,CLPSO,21,300000,285000,25.9568656885966
9,CLPSO,21,300000,288000,25.9568656885966
9,CLPSO,21,300000,291000,20.8755968113428
9,CLPSO,21,300000,294000,20.8755968113428
9,CLPSO,21,300000,297000,20.8755968113428
9,CLPSO,21,300000,300000,20.8755968113428
9,V1-Elite,22,60000,3000,3661.90241055338
9,V1-Elite,22,60000,6000,3295.58678528206
9,V1-Elite,22,60000,9000,3295.58678528206
9,V1-Elite,22,60000,12000,3295.58678528206
9,V1-Elite,22,60000,15000,3184.45622163483
9,V1-Elite,22,60000,18000,2456.98172208919
9,V1-Elite,22,60000,21000,2420.66304333414
9,V1-Elite,22,60000,24000,2420.66304333414
9,V1-Elite,22,60000,27000,2420.66304333414
9,V1-Elite,22,60000,30000,2204.15542085538
9,V1-Elite,22,60000,33000,2204.15542085538
9,V1-Elite,22,60000,36000,2195.36308617355
9,V1-Elite,22,60000,39000,2195.36308617355
9,V1-Elite,22,60000,42000,2175.4632129844
9,V1-Elite,22,60000,45000,2175.4632129844
9,V1-Elite,22,60000,48000,2128.89109118826
9,V1-Elite,22,60000,51000,1953.60797559
9,V1-Elite,22,60000,54000,1948.07813481272
9,V1-Elite,22,60000,57000,1821.23854460447
9,V1-Elite,22,60000,60000,1705.60946041428
9,V1-Elite,22,150000,3000,3079.80084628668
9,V1-Elite,22,150000,6000,2641.86459585315
9,V1-Elite,22,150000,9000,2626.22515507944
9,V1-Elite,22,150000,12000,2496.19000569805
9,V1-Elite,22,150000,15000,2496.19000569805
9,V1-Elite,22,150000,18000,2316.39658946557
9,V1-Elite,22,150000,21000,2315.70251902549
9,V1-Elite,22,150000,24000,2315.70251902549
9,V1-Elite,22,150000,27000,2212.07295188105
9,V1-Elite,22,150000,30000,2188.48727180141
9,V1-Elite,22,150000,33000,2115.54788686303
9,V1-Elite,22,150000,36000,2115.54788686303
9,V1-Elite,22,150000,39000,2115.54788686303
9,V1-Elite,22,150000,42000,2115.54788686303
9,V1-Elite,22,150000,45000,2115.54788686303
9,V1-Elite,22,150000,48000,2115.54788686303
9,V1-Elite,22,150000,51000,2064.10374363497
9,V1-Elite,22,150000,54000,1884.22441733529
9,V1-Elite,22,150000,57000,1884.22441733529
9,V1-Elite,22,150000,60000,1884.22441733529
9,V1-Elite,22,150000,63000,1884.22441733529
9,V1-Elite,22,150000,66000,1884.22441733529
9,V1-Elite,22,150000,69000,1884.22441733529
9,V1-Elite,22,150000,72000,1884.22441733529
9,V1-Elite,22,150000,75000,1884.22441733529
9,V1-Elite,22,150000,78000,1884.22441733529
9,V1-Elite,22,150000,81000,1884.22441733529
9,V1-Elite,22,150000,84000,1884.22441733529
9,V1-Elite,22,150000,87000,1884.22441733529
9,V1-Elite,22,150000,90000,1884.22441733529
9,V1-Elite,22,150000,93000,1884.22441733529
9,V1-Elite,22,150000,96000,1870.28413816764
9,V1-Elite,22,150000,99000,1870.28413816764
9,V1-Elite,22,150000,102000,1870.28413816764
9,V1-Elite,22,150000,105000,1850.1995248301
9,V1-Elite,22,150000,108000,1850.1995248301
9,V1-Elite,22,150000,111000,1850.1995248301
9,V1-Elite,22,150000,114000,1850.1995248301
9,V1-Elite,22,150000,117000,1796.13128595254
9,V1-Elite,22,150000,120000,1785.18373620895
9,V1-Elite,22,150000,123000,1614.17510274279
9,V1-Elite,22,150000,126000,1606.85259502159
9,V1-Elite,22,150000,129000,1518.26159009323
9,V1-Elite,22,150000,132000,1502.91956164816
9,V1-Elite,22,150000,135000,1468.62776340978
9,V1-Elite,22,150000,138000,1402.00175120746
9,V1-Elite,22,150000,141000,1330.61044312783
9,V1-Elite,22,150000,144000,1296.43959146494
9,V1-Elite,22,150000,147000,1244.43012160995
9,V1-Elite,22,150000,150000,1217.92023172069
9,CLPSO,22,60000,3000,18740.7984586888
9,CLPSO,22,60000,6000,13460.2782867463
9,CLPSO,22,60000,9000,10950.1437142448
9,CLPSO,22,60000,12000,6846.72060256627
9,CLPSO,22,60000,15000,5517.35086016836
9,CLPSO,22,60000,18000,4719.37936748678
9,CLPSO,22,60000,21000,4257.5735531672
9,CLPSO,22,60000,24000,4257.5735531672
9,CLPSO,22,60000,27000,4257.5735531672
9,CLPSO,22,60000,30000,3385.43131844385
9,CLPSO,22,60000,33000,2983.15553232182
9,CLPSO,22,60000,36000,2983.15553232182
9,CLPSO,22,60000,39000,2562.22868012942
9,CLPSO,22,60000,42000,2562.22868012942
9,CLPSO,22,60000,45000,2235.31603053215
9,CLPSO,22,60000,48000,1802.60631447909
9,CLPSO,22,60000,51000,1307.15010365428
9,CLPSO,22,60000,54000,1307.15010365428
9,CLPSO,22,60000,57000,1307.15010365428
9,CLPSO,22,60000,60000,1307.15010365428
9,CLPSO,22,150000,3000,20205.3543274143
9,CLPSO,22,150000,6000,17489.2632475062
9,CLPSO,22,150000,9000,14315.3225373614
9,CLPSO,22,150000,12000,14315.3225373614
9,CLPSO,22,150000,15000,8363.89550559903
9,CLPSO,22,150000,18000,8363.89550559903
9,CLPSO,22,150000,21000,8363.89550559903
9,CLPSO,22,150000,24000,5762.90205903775
9,CLPSO,22,150000,27000,5522.95067250977
9,CLPSO,22,150000,30000,4950.62191763481
9,CLPSO,22,150000,33000,4950.62191763481
9,CLPSO,22,150000,36000,4689.76911000693
9,CLPSO,22,150000,39000,4657.29058003393
9,CLPSO,22,150000,42000,4657.29058003393
9,CLPSO,22,150000,45000,4657.29058003393
9,CLPSO,22,150000,48000,4657.29058003393
9,CLPSO,22,150000,51000,4523.43679086894
9,CLPSO,22,150000,54000,4386.51736123295
9,CLPSO,22,150000,57000,2991.08497800027
9,CLPSO,22,150000,60000,2384.88936697892
9,CLPSO,22,150000,63000,1860.16751516126
9,CLPSO,22,150000,66000,1860.16751516126
9,CLPSO,22,150000,69000,1860.16751516126
9,CLPSO,22,150000,72000,1860.16751516126
9,CLPSO,22,150000,75000,1860.16751516126
9,CLPSO,22,150000,78000,1860.16751516126
9,CLPSO,22,150000,81000,1860.16751516126
9,CLPSO,22,150000,84000,1629.41634900182
9,CLPSO,22,150000,87000,1629.41634900182
9,CLPSO,22,150000,90000,1627.13372394957
9,CLPSO,22,150000,93000,1427.70110525239
9,CLPSO,22,150000,96000,1044.03116107841
9,CLPSO,22,150000,99000,1020.91170719881
9,CLPSO,22,150000,102000,822.578522861239
9,CLPSO,22,150000,105000,707.352194638119
9,CLPSO,22,150000,108000,707.352194638119
9,CLPSO,22,150000,111000,707.352194638119
9,CLPSO,22,150000,114000,641.60090859517
9,CLPSO,22,150000,117000,641.60090859517
9,CLPSO,22,150000,120000,641.60090859517
9,CLPSO,22,150000,123000,641.60090859517
9,CLPSO,22,150000,126000,641.60090859517
9,CLPSO,22,150000,129000,607.25717997479
9,CLPSO,22,150000,132000,607.25717997479
9,CLPSO,22,150000,135000,582.561766823195
9,CLPSO,22,150000,138000,498.040167169234
9,CLPSO,22,150000,141000,393.165014305587
9,CLPSO,22,150000,144000,393.165014305587
9,CLPSO,22,150000,147000,393.165014305587
9,CLPSO,22,150000,150000,366.630531892005
9,CLPSO,22,300000,3000,18847.9060434489
9,CLPSO,22,300000,6000,18421.9900636639
9,CLPSO,22,300000,9000,16189.1612755367
9,CLPSO,22,300000,12000,9620.64310610118
9,CLPSO,22,300000,15000,9620.64310610118
9,CLPSO,22,300000,18000,7339.78702345098
9,CLPSO,22,300000,21000,7339.78702345098
9,CLPSO,22,300000,24000,7339.78702345098
9,CLPSO,22,300000,27000,6329.28547872562
9,CLPSO,22,300000,30000,5972.43015275564
9,CLPSO,22,300000,33000,5247.67327361669
9,CLPSO,22,300000,36000,5247.67327361669
9,CLPSO,22,300000,39000,5247.67327361669
9,CLPSO,22,300000,42000,4345.85320982634
9,CLPSO,22,300000,45000,4345.85320982634
9,CLPSO,22,300000,48000,3758.05590670932
9,CLPSO,22,300000,51000,3758.05590670932
9,CLPSO,22,300000,54000,3758.05590670932
9,CLPSO,22,300000,57000,3312.13207588237
9,CLPSO,22,300000,60000,2999.29548136704
9,CLPSO,22,300000,63000,2999.29548136704
9,CLPSO,22,300000,66000,2244.1367577295
9,CLPSO,22,300000,69000,2244.1367577295
9,CLPSO,22,300000,72000,2244.1367577295
9,CLPSO,22,300000,75000,2244.1367577295
9,CLPSO,22,300000,78000,2244.1367577295
9,CLPSO,22,300000,81000,1912.27358477793
9,CLPSO,22,300000,84000,1456.57036422593
9,CLPSO,22,300000,87000,1456.57036422593
9,CLPSO,22,300000,90000,1456.57036422593
9,CLPSO,22,300000,93000,1418.93981834359
9,CLPSO,22,300000,96000,1204.26694476622
9,CLPSO,22,300000,99000,1003.57101291678
9,CLPSO,22,300000,102000,1003.57101291678
9,CLPSO,22,300000,105000,985.480257583706
9,CLPSO,22,300000,108000,553.619013184523
9,CLPSO,22,300000,111000,553.619013184523
9,CLPSO,22,300000,114000,553.619013184523
9,CLPSO,22,300000,117000,553.619013184523
9,CLPSO,22,300000,120000,553.619013184523
9,CLPSO,22,300000,123000,553.619013184523
9,CLPSO,22,300000,126000,553.619013184523
9,CLPSO,22,300000,129000,553.619013184523
9,CLPSO,22,300000,132000,553.619013184523
9,CLPSO,22,300000,135000,553.619013184523
9,CLPSO,22,300000,138000,479.119531505547
9,CLPSO,22,300000,141000,479.119531505547
9,CLPSO,22,300000,144000,479.119531505547
9,CLPSO,22,300000,147000,324.77777867507
9,CLPSO,22,300000,150000,324.77777867507
9,CLPSO,22,300000,153000,250.904939620932
9,CLPSO,22,300000,156000,250.717433716085
9,CLPSO,22,300000,159000,250.717433716085
9,CLPSO,22,300000,162000,250.717433716085
9,CLPSO,22,300000,165000,226.559488062843
9,CLPSO,22,300000,168000,214.878981492734
9,CLPSO,22,300000,171000,214.878981492734
9,CLPSO,22,300000,174000,212.948687020231
9,CLPSO,22,300000,177000,192.526368598117
9,CLPSO,22,300000,180000,158.437059784092
9,CLPSO,22,300000,183000,144.890355036333
9,CLPSO,22,300000,186000,144.890355036333
9,CLPSO,22,300000,189000,142.840910769742
9,CLPSO,22,300000,192000,132.281883194767
9,CLPSO,22,300000,195000,132.281883194767
9,CLPSO,22,300000,198000,132.281883194767
9,CLPSO,22,300000,201000,132.281883194767
9,CLPSO,22,300000,204000,132.281883194767
9,CLPSO,22,300000,207000,132.155656989348
9,CLPSO,22,300000,210000,132.155656989348
9,CLPSO,22,300000,213000,117.864880089561
9,CLPSO,22,300000,216000,117.864880089561
9,CLPSO,22,300000,219000,117.864880089561
9,CLPSO,22,300000,222000,117.864880089561
9,CLPSO,22,300000,225000,73.3356549157061
9,CLPSO,22,300000,228000,73.3356549157061
9,CLPSO,22,300000,231000,73.3356549157061
9,CLPSO,22,300000,234000,73.3356549157061
9,CLPSO,22,300000,237000,73.3356549157061
9,CLPSO,22,300000,240000,73.3356549157061
9,CLPSO,22,300000,243000,73.3356549157061
9,CLPSO,22,300000,246000,73.3356549157061
9,CLPSO,22,300000,249000,63.8366884250675
9,CLPSO,22,300000,252000,63.5223013792545
9,CLPSO,22,300000,255000,63.5223013792545
9,CLPSO,22,300000,258000,57.0450708469186
9,CLPSO,22,300000,261000,57.0450708469186
9,CLPSO,22,300000,264000,57.0450708469186
9,CLPSO,22,300000,267000,53.7508897994182
9,CLPSO,22,300000,270000,53.7508897994182
9,CLPSO,22,300000,273000,50.3804152120307
9,CLPSO,22,300000,276000,42.8537327363942
9,CLPSO,22,300000,279000,34.7418249330563
9,CLPSO,22,300000,282000,34.7418249330563
9,CLPSO,22,300000,285000,31.7171039672273
9,CLPSO,22,300000,288000,30.8809435311416
9,CLPSO,22,300000,291000,28.4545276421067
9,CLPSO,22,300000,294000,28.4545276421067
9,CLPSO,22,300000,297000,28.4545276421067
9,CLPSO,22,300000,300000,24.9911604112406
9,V1-Elite,23,60000,3000,3639.51958545143
9,V1-Elite,23,60000,6000,3639.51958545143
9,V1-Elite,23,60000,9000,3504.03907962693
9,V1-Elite,23,60000,12000,3481.36073878445
9,V1-Elite,23,60000,15000,3481.36073878445
9,V1-Elite,23,60000,18000,3468.39746121485
9,V1-Elite,23,60000,21000,3207.38781604891
9,V1-Elite,23,60000,24000,3078.86604377587
9,V1-Elite,23,60000,27000,3078.86604377587
9,V1-Elite,23,60000,30000,3078.86604377587
9,V1-Elite,23,60000,33000,3078.86604377587
9,V1-Elite,23,60000,36000,3078.86604377587
9,V1-Elite,23,60000,39000,2932.42854848942
9,V1-Elite,23,60000,42000,2479.38583065301
9,V1-Elite,23,60000,45000,2479.38583065301
9,V1-Elite,23,60000,48000,2457.00425687367
9,V1-Elite,23,60000,51000,2295.06869570849
9,V1-Elite,23,60000,54000,2240.75508312743
9,V1-Elite,23,60000,57000,2154.61492490857
9,V1-Elite,23,60000,60000,1974.20119189414
9,V1-Elite,23,150000,3000,4818.01691145371
9,V1-Elite,23,150000,6000,4818.01691145371
9,V1-Elite,23,150000,9000,4482.55165159765
9,V1-Elite,23,150000,12000,4482.55165159765
9,V1-Elite,23,150000,15000,4115.08544878063
9,V1-Elite,23,150000,18000,3358.04093429676
9,V1-Elite,23,150000,21000,2407.26030519538
9,V1-Elite,23,150000,24000,2407.26030519538
9,V1-Elite,23,150000,27000,2407.26030519538
9,V1-Elite,23,150000,30000,2299.25680676887
9,V1-Elite,23,150000,33000,2299.25680676887
9,V1-Elite,23,150000,36000,2299.25680676887
9,V1-Elite,23,150000,39000,1953.21498246258
9,V1-Elite,23,150000,42000,1800.14458938505
9,V1-Elite,23,150000,45000,1683.28298238578
9,V1-Elite,23,150000,48000,1669.07595868177
9,V1-Elite,23,150000,51000,1669.07595868177
9,V1-Elite,23,150000,54000,1563.07156274085
9,V1-Elite,23,150000,57000,1563.07156274085
9,V1-Elite,23,150000,60000,1501.12321067181
9,V1-Elite,23,150000,63000,1469.8555839677
9,V1-Elite,23,150000,66000,1469.8555839677
9,V1-Elite,23,150000,69000,1431.84266694968
9,V1-Elite,23,150000,72000,1405.76328086944
9,V1-Elite,23,150000,75000,1405.76328086944
9,V1-Elite,23,150000,78000,1405.76328086944
9,V1-Elite,23,150000,81000,1405.76328086944
9,V1-Elite,23,150000,84000,1296.18958101669
9,V1-Elite,23,150000,87000,1296.18958101669
9,V1-Elite,23,150000,90000,1238.83789891366
9,V1-Elite,23,150000,93000,1198.06933966137
9,V1-Elite,23,150000,96000,982.505515442564
9,V1-Elite,23,150000,99000,915.592478443425
9,V1-Elite,23,150000,102000,784.053868542055
9,V1-Elite,23,150000,105000,782.364901229382
9,V1-Elite,23,150000,108000,782.364901229382
9,V1-Elite,23,150000,111000,775.929651255396
9,V1-Elite,23,150000,114000,706.964555620185
9,V1-Elite,23,150000,117000,706.964555620185
9,V1-Elite,23,150000,120000,698.874915687781
9,V1-Elite,23,150000,123000,662.616523740955
9,V1-Elite,23,150000,126000,574.946847218721
9,V1-Elite,23,150000,129000,567.232831288619
9,V1-Elite,23,150000,132000,525.605794836788
9,V1-Elite,23,150000,135000,454.855346689691
9,V1-Elite,23,150000,138000,444.567238706225
9,V1-Elite,23,150000,141000,440.797797965825
9,V1-Elite,23,150000,144000,433.118603358289
9,V1-Elite,23,150000,147000,422.509627778104
9,V1-Elite,23,150000,150000,415.032250473281
9,CLPSO,23,60000,3000,20360.1722271534
9,CLPSO,23,60000,6000,19471.5299995291
9,CLPSO,23,60000,9000,15829.1565423306
9,CLPSO,23,60000,12000,11297.9577309617
9,CLPSO,23,60000,15000,9378.8704279535
9,CLPSO,23,60000,18000,5711.38070900987
9,CLPSO,23,60000,21000,5711.38070900987
9,CLPSO,23,60000,24000,4169.82735565908
9,CLPSO,23,60000,27000,4169.82735565908
9,CLPSO,23,60000,30000,4169.82735565908
9,CLPSO,23,60000,33000,3089.92688974769
9,CLPSO,23,60000,36000,3089.92688974769
9,CLPSO,23,60000,39000,2661.41566617018
9,CLPSO,23,60000,42000,2661.41566617018
9,CLPSO,23,60000,45000,2461.25678037669
9,CLPSO,23,60000,48000,2184.5305573391
9,CLPSO,23,60000,51000,1866.99773981932
9,CLPSO,23,60000,54000,1866.99773981932
9,CLPSO,23,60000,57000,1866.99773981932
9,CLPSO,23,60000,60000,1831.73720523266
9,CLPSO,23,150000,3000,21006.9216565682
9,CLPSO,23,150000,6000,20654.402432549
9,CLPSO,23,150000,9000,15892.2895142259
9,CLPSO,23,150000,12000,12166.5148302741
9,CLPSO,23,150000,15000,10831.9417793879
9,CLPSO,23,150000,18000,10706.7113758047
9,CLPSO,23,150000,21000,7694.5892622455
9,CLPSO,23,150000,24000,6598.8544949782
9,CLPSO,23,150000,27000,6598.8544949782
9,CLPSO,23,150000,30000,6598.8544949782
9,CLPSO,23,150000,33000,4767.22919629502
9,CLPSO,23,150000,36000,4767.22919629502
9,CLPSO,23,150000,39000,3949.10506624709
9,CLPSO,23,150000,42000,3704.30099380752
9,CLPSO,23,150000,45000,3704.30099380752
9,CLPSO,23,150000,48000,3704.30099380752
9,CLPSO,23,150000,51000,3704.30099380752
9,CLPSO,23,150000,54000,2760.72027947454
9,CLPSO,23,150000,57000,2760.72027947454
9,CLPSO,23,150000,60000,2760.72027947454
9,CLPSO,23,150000,63000,2413.37949972529
9,CLPSO,23,150000,66000,1638.54711372839
9,CLPSO,23,150000,69000,1638.54711372839
9,CLPSO,23,150000,72000,1638.54711372839
9,CLPSO,23,150000,75000,1638.54711372839
9,CLPSO,23,150000,78000,1638.54711372839
9,CLPSO,23,150000,81000,1638.54711372839
9,CLPSO,23,150000,84000,1397.5376955825
9,CLPSO,23,150000,87000,1062.43611547289
9,CLPSO,23,150000,90000,1033.76700219245
9,CLPSO,23,150000,93000,1033.76700219245
9,CLPSO,23,150000,96000,812.776365095458
9,CLPSO,23,150000,99000,789.448538468041
9,CLPSO,23,150000,102000,665.757003893592
9,CLPSO,23,150000,105000,665.757003893592
9,CLPSO,23,150000,108000,645.338550547203
9,CLPSO,23,150000,111000,560.602918032717
9,CLPSO,23,150000,114000,551.735151201872
9,CLPSO,23,150000,117000,501.19812132492
9,CLPSO,23,150000,120000,501.19812132492
9,CLPSO,23,150000,123000,463.832378495912
9,CLPSO,23,150000,126000,407.880547929004
9,CLPSO,23,150000,129000,378.151821670748
9,CLPSO,23,150000,132000,378.151821670748
9,CLPSO,23,150000,135000,358.272907080419
9,CLPSO,23,150000,138000,339.119122912092
9,CLPSO,23,150000,141000,319.085399193754
9,CLPSO,23,150000,144000,319.085399193754
9,CLPSO,23,150000,147000,255.506199143509
9,CLPSO,23,150000,150000,247.206485036746
9,CLPSO,23,300000,3000,21589.0142806741
9,CLPSO,23,300000,6000,16491.5061022978
9,CLPSO,23,300000,9000,10295.887647148
9,CLPSO,23,300000,12000,10295.887647148
9,CLPSO,23,300000,15000,7527.74919185946
9,CLPSO,23,300000,18000,7527.74919185946
9,CLPSO,23,300000,21000,7527.74919185946
9,CLPSO,23,300000,24000,7527.74919185946
9,CLPSO,23,300000,27000,5294.61559029512
9,CLPSO,23,300000,30000,5294.61559029512
9,CLPSO,23,300000,33000,5139.12269047805
9,CLPSO,23,300000,36000,5139.12269047805
9,CLPSO,23,300000,39000,4915.57432355884
9,CLPSO,23,300000,42000,4162.52946494295
9,CLPSO,23,300000,45000,4162.52946494295
9,CLPSO,23,300000,48000,4162.52946494295
9,CLPSO,23,300000,51000,3537.25223216362
9,CLPSO,23,300000,54000,3537.25223216362
9,CLPSO,23,300000,57000,1993.91251948443
9,CLPSO,23,300000,60000,1993.91251948443
9,CLPSO,23,300000,63000,1993.91251948443
9,CLPSO,23,300000,66000,1993.91251948443
9,CLPSO,23,300000,69000,1993.91251948443
9,CLPSO,23,300000,72000,1993.91251948443
9,CLPSO,23,300000,75000,1704.60033763661
9,CLPSO,23,300000,78000,1704.60033763661
9,CLPSO,23,300000,81000,1704.60033763661
9,CLPSO,23,300000,84000,1704.60033763661
9,CLPSO,23,300000,87000,1704.60033763661
9,CLPSO,23,300000,90000,1704.60033763661
9,CLPSO,23,300000,93000,1704.60033763661
9,CLPSO,23,300000,96000,1156.46506039793
9,CLPSO,23,300000,99000,1156.46506039793
9,CLPSO,23,300000,102000,1156.46506039793
9,CLPSO,23,300000,105000,1156.46506039793
9,CLPSO,23,300000,108000,1156.46506039793
9,CLPSO,23,300000,111000,1118.49000687244
9,CLPSO,23,300000,114000,1118.49000687244
9,CLPSO,23,300000,117000,1118.49000687244
9,CLPSO,23,300000,120000,1088.47169650369
9,CLPSO,23,300000,123000,1088.47169650369
9,CLPSO,23,300000,126000,1031.62820939562
9,CLPSO,23,300000,129000,801.880507555833
9,CLPSO,23,300000,132000,801.880507555833
9,CLPSO,23,300000,135000,801.880507555833
9,CLPSO,23,300000,138000,801.880507555833
9,CLPSO,23,300000,141000,489.687270179465
9,CLPSO,23,300000,144000,489.687270179465
9,CLPSO,23,300000,147000,489.687270179465
9,CLPSO,23,300000,150000,489.687270179465
9,CLPSO,23,300000,153000,489.687270179465
9,CLPSO,23,300000,156000,489.687270179465
9,CLPSO,23,300000,159000,468.223073910603
9,CLPSO,23,300000,162000,468.223073910603
9,CLPSO,23,300000,165000,468.223073910603
9,CLPSO,23,300000,168000,309.525934210606
9,CLPSO,23,300000,171000,309.525934210606
9,CLPSO,23,300000,174000,309.525934210606
9,CLPSO,23,300000,177000,309.525934210606
9,CLPSO,23,300000,180000,309.525934210606
9,CLPSO,23,300000,183000,245.643496637495
9,CLPSO,23,300000,186000,245.643496637495
9,CLPSO,23,300000,189000,177.097497892766
9,CLPSO,23,300000,192000,177.097497892766
9,CLPSO,23,300000,195000,177.097497892766
9,CLPSO,23,300000,198000,177.097497892766
9,CLPSO,23,300000,201000,177.097497892766
9,CLPSO,23,300000,204000,177.097497892766
9,CLPSO,23,300000,207000,177.097497892766
9,CLPSO,23,300000,210000,177.097497892766
9,CLPSO,23,300000,213000,177.097497892766
9,CLPSO,23,300000,216000,177.097497892766
9,CLPSO,23,300000,219000,177.097497892766
9,CLPSO,23,300000,222000,177.097497892766
9,CLPSO,23,300000,225000,177.097497892766
9,CLPSO,23,300000,228000,149.157377158027
9,CLPSO,23,300000,231000,146.761220906464
9,CLPSO,23,300000,234000,146.640560562165
9,CLPSO,23,300000,237000,103.517357069657
9,CLPSO,23,300000,240000,103.517357069657
9,CLPSO,23,300000,243000,103.517357069657
9,CLPSO,23,300000,246000,103.517357069657
9,CLPSO,23,300000,249000,93.0149757591789
9,CLPSO,23,300000,252000,86.8886681961967
9,CLPSO,23,300000,255000,75.20059187578
9,CLPSO,23,300000,258000,75.20059187578
9,CLPSO,23,300000,261000,75.20059187578
9,CLPSO,23,300000,264000,75.20059187578
9,CLPSO,23,300000,267000,75.20059187578
9,CLPSO,23,300000,270000,60.5343046449624
9,CLPSO,23,300000,273000,60.5343046449624
9,CLPSO,23,300000,276000,47.1146364607914
9,CLPSO,23,300000,279000,47.0145788196701
9,CLPSO,23,300000,282000,47.0145788196701
9,CLPSO,23,300000,285000,47.0145788196701
9,CLPSO,23,300000,288000,47.0145788196701
9,CLPSO,23,300000,291000,47.0145788196701
9,CLPSO,23,300000,294000,46.8477563466114
9,CLPSO,23,300000,297000,39.0561755560905
9,CLPSO,23,300000,300000,39.0561755560905
12,V1-Elite,21,60000,3000,17588779.9725151
12,V1-Elite,21,60000,6000,3826609.92890851
12,V1-Elite,21,60000,9000,2354940.34000646
12,V1-Elite,21,60000,12000,2316148.3399121
12,V1-Elite,21,60000,15000,1754525.85150871
12,V1-Elite,21,60000,18000,1724613.58570322
12,V1-Elite,21,60000,21000,1592240.6994217
12,V1-Elite,21,60000,24000,1508196.97768293
12,V1-Elite,21,60000,27000,1484105.18131337
12,V1-Elite,21,60000,30000,1320586.4893488
12,V1-Elite,21,60000,33000,1316504.86371262
12,V1-Elite,21,60000,36000,1279742.76972878
12,V1-Elite,21,60000,39000,1279315.91839439
12,V1-Elite,21,60000,42000,1258222.10724076
12,V1-Elite,21,60000,45000,1197941.52799613
12,V1-Elite,21,60000,48000,1062010.90776942
12,V1-Elite,21,60000,51000,981953.164628082
12,V1-Elite,21,60000,54000,894950.285487462
12,V1-Elite,21,60000,57000,821162.268649927
12,V1-Elite,21,60000,60000,803253.648938355
12,V1-Elite,21,150000,3000,45721748.7769208
12,V1-Elite,21,150000,6000,5703979.7518517
12,V1-Elite,21,150000,9000,2987968.27699873
12,V1-Elite,21,150000,12000,1445582.35278466
12,V1-Elite,21,150000,15000,890750.683181791
12,V1-Elite,21,150000,18000,835606.273520252
12,V1-Elite,21,150000,21000,826162.783976571
12,V1-Elite,21,150000,24000,733768.837728488
12,V1-Elite,21,150000,27000,700470.35059522
12,V1-Elite,21,150000,30000,700470.35059522
12,V1-Elite,21,150000,33000,654890.687022129
12,V1-Elite,21,150000,36000,654890.687022129
12,V1-Elite,21,150000,39000,654890.687022129
12,V1-Elite,21,150000,42000,613569.771915867
12,V1-Elite,21,150000,45000,506508.518539143
12,V1-Elite,21,150000,48000,462147.166881107
12,V1-Elite,21,150000,51000,462147.166881107
12,V1-Elite,21,150000,54000,462147.166881107
12,V1-Elite,21,150000,57000,462147.166881107
12,V1-Elite,21,150000,60000,462147.166881107
12,V1-Elite,21,150000,63000,442208.827431396
12,V1-Elite,21,150000,66000,442208.827431396
12,V1-Elite,21,150000,69000,415511.335179114
12,V1-Elite,21,150000,72000,401050.634305963
12,V1-Elite,21,150000,75000,401050.634305963
12,V1-Elite,21,150000,78000,372709.184675911
12,V1-Elite,21,150000,81000,372709.184675911
12,V1-Elite,21,150000,84000,350339.4585809
12,V1-Elite,21,150000,87000,350339.4585809
12,V1-Elite,21,150000,90000,350339.4585809
12,V1-Elite,21,150000,93000,329141.548216045
12,V1-Elite,21,150000,96000,322540.279111879
12,V1-Elite,21,150000,99000,319507.708643706
12,V1-Elite,21,150000,102000,318964.202063261
12,V1-Elite,21,150000,105000,295062.567094232
12,V1-Elite,21,150000,108000,287278.519533092
12,V1-Elite,21,150000,111000,250294.113060108
12,V1-Elite,21,150000,114000,249962.101723197
12,V1-Elite,21,150000,117000,246361.921512708
12,V1-Elite,21,150000,120000,243785.821754818
12,V1-Elite,21,150000,123000,243023.108400954
12,V1-Elite,21,150000,126000,229776.698314364
12,V1-Elite,21,150000,129000,229021.040215405
12,V1-Elite,21,150000,132000,226387.700648375
12,V1-Elite,21,150000,135000,209681.041877338
12,V1-Elite,21,150000,138000,207733.740300461
12,V1-Elite,21,150000,141000,180441.813866259
12,V1-Elite,21,150000,144000,156812.591453157
12,V1-Elite,21,150000,147000,145609.962771667
12,V1-Elite,21,150000,150000,134818.191090036
12,CLPSO,21,60000,3000,12172837158.4176
12,CLPSO,21,60000,6000,6727740531.9242
12,CLPSO,21,60000,9000,3251329573.68368
12,CLPSO,21,60000,12000,2708377214.31547
12,CLPSO,21,60000,15000,1843427600.3949
12,CLPSO,21,60000,18000,495470591.698607
12,CLPSO,21,60000,21000,495470591.698607
12,CLPSO,21,60000,24000,445256974.864636
12,CLPSO,21,60000,27000,445256974.864636
12,CLPSO,21,60000,30000,337082697.16788
12,CLPSO,21,60000,33000,207640218.566063
12,CLPSO,21,60000,36000,92202295.9802392
12,CLPSO,21,60000,39000,45941682.2503187
12,CLPSO,21,60000,42000,40390108.8421433
12,CLPSO,21,60000,45000,40390068.1759728
12,CLPSO,21,60000,48000,34435632.0149502
12,CLPSO,21,60000,51000,31315680.2865534
12,CLPSO,21,60000,54000,31315680.2865534
12,CLPSO,21,60000,57000,24704947.6604208
12,CLPSO,21,60000,60000,24704947.6604208
12,CLPSO,21,150000,3000,11769775267.3565
12,CLPSO,21,150000,6000,4174500482.3999
12,CLPSO,21,150000,9000,4174500482.3999
12,CLPSO,21,150000,12000,1649738601.40741
12,CLPSO,21,150000,15000,1649738601.40741
12,CLPSO,21,150000,18000,952625149.324526
12,CLPSO,21,150000,21000,913557999.758699
12,CLPSO,21,150000,24000,439718780.919204
12,CLPSO,21,150000,27000,439718780.919204
12,CLPSO,21,150000,30000,289433585.45387
12,CLPSO,21,150000,33000,249070740.16116
12,CLPSO,21,150000,36000,111882090.601751
12,CLPSO,21,150000,39000,90554284.6366929
12,CLPSO,21,150000,42000,78827256.8842002
12,CLPSO,21,150000,45000,78827256.8842002
12,CLPSO,21,150000,48000,78827256.8842002
12,CLPSO,21,150000,51000,74042910.8392769
12,CLPSO,21,150000,54000,55387938.9309704
12,CLPSO,21,150000,57000,49539134.6368339
12,CLPSO,21,150000,60000,38917345.7936444
12,CLPSO,21,150000,63000,35893937.5064748
12,CLPSO,21,150000,66000,28612698.7931888
12,CLPSO,21,150000,69000,26882460.2724986
12,CLPSO,21,150000,72000,21896935.1398367
12,CLPSO,21,150000,75000,21895523.4058866
12,CLPSO,21,150000,78000,21142436.5954735
12,CLPSO,21,150000,81000,19065147.9545454
12,CLPSO,21,150000,84000,18521340.9602596
12,CLPSO,21,150000,87000,18521340.9602596
12,CLPSO,21,150000,90000,16011600.2763446
12,CLPSO,21,150000,93000,7749288.51564598
12,CLPSO,21,150000,96000,7749287.70464057
12,CLPSO,21,150000,99000,7717511.63837205
12,CLPSO,21,150000,102000,7717511.63837205
12,CLPSO,21,150000,105000,5502820.46123319
12,CLPSO,21,150000,108000,4244030.93462099
12,CLPSO,21,150000,111000,4244030.93462099
12,CLPSO,21,150000,114000,4244030.93462099
12,CLPSO,21,150000,117000,4152486.09618863
12,CLPSO,21,150000,120000,4152486.09618852
12,CLPSO,21,150000,123000,4152486.09618852
12,CLPSO,21,150000,126000,3742878.32371148
12,CLPSO,21,150000,129000,3542813.10977854
12,CLPSO,21,150000,132000,3504793.34458002
12,CLPSO,21,150000,135000,3504793.34448229
12,CLPSO,21,150000,138000,3504793.34448229
12,CLPSO,21,150000,141000,3504793.34448229
12,CLPSO,21,150000,144000,3484961.2583374
12,CLPSO,21,150000,147000,3484961.2583374
12,CLPSO,21,150000,150000,3484961.2583374
12,CLPSO,21,300000,3000,8648645853.93332
12,CLPSO,21,300000,6000,4749548385.56957
12,CLPSO,21,300000,9000,3879849634.23254
12,CLPSO,21,300000,12000,1541344782.65292
12,CLPSO,21,300000,15000,1541344782.65292
12,CLPSO,21,300000,18000,1541344782.65292
12,CLPSO,21,300000,21000,1403681777.24518
12,CLPSO,21,300000,24000,1047983500.83942
12,CLPSO,21,300000,27000,781911081.113729
12,CLPSO,21,300000,30000,455712433.802657
12,CLPSO,21,300000,33000,223019934.566545
12,CLPSO,21,300000,36000,221582777.183016
12,CLPSO,21,300000,39000,209606704.508207
12,CLPSO,21,300000,42000,207941534.636575
12,CLPSO,21,300000,45000,142755649.184938
12,CLPSO,21,300000,48000,131585653.598757
12,CLPSO,21,300000,51000,43640861.8523121
12,CLPSO,21,300000,54000,36584794.8025097
12,CLPSO,21,300000,57000,35842918.287539
12,CLPSO,21,300000,60000,35842918.287539
12,CLPSO,21,300000,63000,35842918.287539
12,CLPSO,21,300000,66000,35842918.287539
12,CLPSO,21,300000,69000,32900919.2810795
12,CLPSO,21,300000,72000,27711330.7988796
12,CLPSO,21,300000,75000,25628747.3132292
12,CLPSO,21,300000,78000,23647831.2535445
12,CLPSO,21,300000,81000,23647831.2535445
12,CLPSO,21,300000,84000,14601054.0937544
12,CLPSO,21,300000,87000,14570982.994023
12,CLPSO,21,300000,90000,14570982.994023
12,CLPSO,21,300000,93000,11867103.9621476
12,CLPSO,21,300000,96000,11169618.5744884
12,CLPSO,21,300000,99000,11169618.5744884
12,CLPSO,21,300000,102000,11169618.5744884
12,CLPSO,21,300000,105000,11169618.5744884
12,CLPSO,21,300000,108000,10250083.4991459
12,CLPSO,21,300000,111000,8014556.70565564
12,CLPSO,21,300000,114000,8014556.70565564
12,CLPSO,21,300000,117000,8014556.70565564
12,CLPSO,21,300000,120000,8014556.70565564
12,CLPSO,21,300000,123000,6712879.42253909
12,CLPSO,21,300000,126000,6706321.1739257
12,CLPSO,21,300000,129000,6591095.40761711
12,CLPSO,21,300000,132000,6591095.40761711
12,CLPSO,21,300000,135000,6376189.10800098
12,CLPSO,21,300000,138000,6210009.27969528
12,CLPSO,21,300000,141000,5157634.01313607
12,CLPSO,21,300000,144000,5143575.96203763
12,CLPSO,21,300000,147000,4772200.72323828
12,CLPSO,21,300000,150000,4730478.89440664
12,CLPSO,21,300000,153000,4730478.89440664
12,CLPSO,21,300000,156000,4201155.64575942
12,CLPSO,21,300000,159000,4015256.0772919
12,CLPSO,21,300000,162000,3990146.1253156
12,CLPSO,21,300000,165000,3317760.92033061
12,CLPSO,21,300000,168000,3317760.92033061
12,CLPSO,21,300000,171000,3256571.69923964
12,CLPSO,21,300000,174000,3148682.57585683
12,CLPSO,21,300000,177000,3148602.52743785
12,CLPSO,21,300000,180000,3148602.52743785
12,CLPSO,21,300000,183000,2966593.9654182
12,CLPSO,21,300000,186000,2822804.33586036
12,CLPSO,21,300000,189000,2637434.21228088
12,CLPSO,21,300000,192000,2357920.06061901
12,CLPSO,21,300000,195000,2354919.61346676
12,CLPSO,21,300000,198000,2066521.04678706
12,CLPSO,21,300000,201000,2066521.04678706
12,CLPSO,21,300000,204000,2066521.04678706
12,CLPSO,21,300000,207000,2053439.01162003
12,CLPSO,21,300000,210000,2053439.01162003
12,CLPSO,21,300000,213000,1421650.93577451
12,CLPSO,21,300000,216000,1421650.93577451
12,CLPSO,21,300000,219000,1421650.93577451
12,CLPSO,21,300000,222000,1421650.93577451
12,CLPSO,21,300000,225000,1421650.93577451
12,CLPSO,21,300000,228000,1421650.93577451
12,CLPSO,21,300000,231000,1421650.93577451
12,CLPSO,21,300000,234000,1381190.42982244
12,CLPSO,21,300000,237000,1379613.11761026
12,CLPSO,21,300000,240000,1379613.11761026
12,CLPSO,21,300000,243000,857956.158030872
12,CLPSO,21,300000,246000,857229.132860978
12,CLPSO,21,300000,249000,791359.665241409
12,CLPSO,21,300000,252000,791256.25148784
12,CLPSO,21,300000,255000,784946.458813883
12,CLPSO,21,300000,258000,761835.764445737
12,CLPSO,21,300000,261000,759190.804564614
12,CLPSO,21,300000,264000,759190.804564614
12,CLPSO,21,300000,267000,752665.650576509
12,CLPSO,21,300000,270000,752665.650576509
12,CLPSO,21,300000,273000,752665.650576509
12,CLPSO,21,300000,276000,752665.650576509
12,CLPSO,21,300000,279000,752665.650576509
12,CLPSO,21,300000,282000,746422.084062053
12,CLPSO,21,300000,285000,684015.055342851
12,CLPSO,21,300000,288000,655761.144642769
12,CLPSO,21,300000,291000,639057.59919398
12,CLPSO,21,300000,294000,638984.411474307
12,CLPSO,21,300000,297000,638984.411474307
12,CLPSO,21,300000,300000,637318.380599504
12,V1-Elite,22,60000,3000,22112023.7535005
12,V1-Elite,22,60000,6000,9838055.25310355
12,V1-Elite,22,60000,9000,6393393.79487896
12,V1-Elite,22,60000,12000,6006612.74831312
12,V1-Elite,22,60000,15000,5783916.57185614
12,V1-Elite,22,60000,18000,4931110.18243362
12,V1-Elite,22,60000,21000,4818437.79583429
12,V1-Elite,22,60000,24000,4782948.14792886
12,V1-Elite,22,60000,27000,4172225.71312418
12,V1-Elite,22,60000,30000,3885961.03307628
12,V1-Elite,22,60000,33000,3848741.67703313
12,V1-Elite,22,60000,36000,3581161.15039816
12,V1-Elite,22,60000,39000,3474181.11487099
12,V1-Elite,22,60000,42000,3340772.62713478
12,V1-Elite,22,60000,45000,3317530.58332666
12,V1-Elite,22,60000,48000,3316267.86182819
12,V1-Elite,22,60000,51000,3293847.33215235
12,V1-Elite,22,60000,54000,3213548.45312835
12,V1-Elite,22,60000,57000,3185903.04849537
12,V1-Elite,22,60000,60000,3130631.32062161
12,V1-Elite,22,150000,3000,68781298.1343945
12,V1-Elite,22,150000,6000,26908802.708699
12,V1-Elite,22,150000,9000,16279090.1117691
12,V1-Elite,22,150000,12000,10269424.2527446
12,V1-Elite,22,150000,15000,9679692.53638441
12,V1-Elite,22,150000,18000,8828408.45353587
12,V1-Elite,22,150000,21000,7880202.81461036
12,V1-Elite,22,150000,24000,4613308.20788585
12,V1-Elite,22,150000,27000,4247001.64111307
12,V1-Elite,22,150000,30000,3017664.56557405
12,V1-Elite,22,150000,33000,2964977.94771572
12,V1-Elite,22,150000,36000,2555518.94497375
12,V1-Elite,22,150000,39000,2538870.17106172
12,V1-Elite,22,150000,42000,2205149.2518985
12,V1-Elite,22,150000,45000,2151407.47987118
12,V1-Elite,22,150000,48000,2071262.83908457
12,V1-Elite,22,150000,51000,2071262.83908457
12,V1-Elite,22,150000,54000,1919470.31683294
12,V1-Elite,22,150000,57000,1919470.31683294
12,V1-Elite,22,150000,60000,1919470.31683294
12,V1-Elite,22,150000,63000,1910836.05396372
12,V1-Elite,22,150000,66000,1898714.50328507
12,V1-Elite,22,150000,69000,1898714.50328507
12,V1-Elite,22,150000,72000,1833720.34036265
12,V1-Elite,22,150000,75000,1833423.19504479
12,V1-Elite,22,150000,78000,1808365.49127594
12,V1-Elite,22,150000,81000,1770814.58647098
12,V1-Elite,22,150000,84000,1770814.58647098
12,V1-Elite,22,150000,87000,1743831.11642362
12,V1-Elite,22,150000,90000,1743831.11642362
12,V1-Elite,22,150000,93000,1740473.1845902
12,V1-Elite,22,150000,96000,1740473.1845902
12,V1-Elite,22,150000,99000,1721082.54647247
12,V1-Elite,22,150000,102000,1696849.34326566
12,V1-Elite,22,150000,105000,1696849.34326566
12,V1-Elite,22,150000,108000,1667683.79293727
12,V1-Elite,22,150000,111000,1662405.85795249
12,V1-Elite,22,150000,114000,1654568.73591371
12,V1-Elite,22,150000,117000,1575478.10343355
12,V1-Elite,22,150000,120000,1559394.10669599
12,V1-Elite,22,150000,123000,1548940.0614007
12,V1-Elite,22,150000,126000,1534406.66680732
12,V1-Elite,22,150000,129000,1506117.42552384
12,V1-Elite,22,150000,132000,1503351.79024241
12,V1-Elite,22,150000,135000,1500341.72907173
12,V1-Elite,22,150000,138000,1489936.14350809
12,V1-Elite,22,150000,141000,1481234.24953779
12,V1-Elite,22,150000,144000,1466660.41642693
12,V1-Elite,22,150000,147000,1454025.56887874
12,V1-Elite,22,150000,150000,1446696.82148558
12,CLPSO,22,60000,3000,11096977112.9755
12,CLPSO,22,60000,6000,7691851141.07202
12,CLPSO,22,60000,9000,3343873792.11569
12,CLPSO,22,60000,12000,2361089154.56415
12,CLPSO,22,60000,15000,1329007493.07227
12,CLPSO,22,60000,18000,1145229368.15656
12,CLPSO,22,60000,21000,952140921.156419
12,CLPSO,22,60000,24000,457801682.01778
12,CLPSO,22,60000,27000,392563502.145981
12,CLPSO,22,60000,30000,160772243.225069
12,CLPSO,22,60000,33000,160772243.225069
12,CLPSO,22,60000,36000,160772243.225069
12,CLPSO,22,60000,39000,160772243.225069
12,CLPSO,22,60000,42000,160772243.225069
12,CLPSO,22,60000,45000,107782160.515114
12,CLPSO,22,60000,48000,21527212.2189862
12,CLPSO,22,60000,51000,17048831.3768112
12,CLPSO,22,60000,54000,17048831.3768112
12,CLPSO,22,60000,57000,17048831.3768112
12,CLPSO,22,60000,60000,13868157.5845262
12,CLPSO,22,150000,3000,10115724207.7867
12,CLPSO,22,150000,6000,5069139244.54832
12,CLPSO,22,150000,9000,3385402340.3587
12,CLPSO,22,150000,12000,3385402340.3587
12,CLPSO,22,150000,15000,1840498871.92908
12,CLPSO,22,150000,18000,660230097.316857
12,CLPSO,22,150000,21000,488928187.576907
12,CLPSO,22,150000,24000,488928187.576907
12,CLPSO,22,150000,27000,412708018.102257
12,CLPSO,22,150000,30000,412708018.102257
12,CLPSO,22,150000,33000,279229930.771273
12,CLPSO,22,150000,36000,246312120.847907
12,CLPSO,22,150000,39000,199856166.875735
12,CLPSO,22,150000,42000,176623000.941807
12,CLPSO,22,150000,45000,144667588.933309
12,CLPSO,22,150000,48000,144663741.210761
12,CLPSO,22,150000,51000,144663741.210761
12,CLPSO,22,150000,54000,136266697.885838
12,CLPSO,22,150000,57000,110932404.502194
12,CLPSO,22,150000,60000,77702291.3068526
12,CLPSO,22,150000,63000,77069937.1901354
12,CLPSO,22,150000,66000,77069937.1901354
12,CLPSO,22,150000,69000,77069937.1901354
12,CLPSO,22,150000,72000,37534752.6516926
12,CLPSO,22,150000,75000,32090017.0792896
12,CLPSO,22,150000,78000,32031658.8998159
12,CLPSO,22,150000,81000,27946238.2345565
12,CLPSO,22,150000,84000,22200123.811692
12,CLPSO,22,150000,87000,20846835.5372389
12,CLPSO,22,150000,90000,20846835.5372389
12,CLPSO,22,150000,93000,20846835.5372389
12,CLPSO,22,150000,96000,13000103.8477969
12,CLPSO,22,150000,99000,12996726.2276544
12,CLPSO,22,150000,102000,12996726.2276544
12,CLPSO,22,150000,105000,11900583.3749556
12,CLPSO,22,150000,108000,11900583.3656437
12,CLPSO,22,150000,111000,10344306.3407548
12,CLPSO,22,150000,114000,10249835.9606371
12,CLPSO,22,150000,117000,9436606.78991144
12,CLPSO,22,150000,120000,8825783.00446123
12,CLPSO,22,150000,123000,8643015.3537397
12,CLPSO,22,150000,126000,8267184.33104766
12,CLPSO,22,150000,129000,5949359.07808945
12,CLPSO,22,150000,132000,5557313.68666661
12,CLPSO,22,150000,135000,5205915.34798631
12,CLPSO,22,150000,138000,5205700.44489456
12,CLPSO,22,150000,141000,5205700.44489456
12,CLPSO,22,150000,144000,5193312.18745982
12,CLPSO,22,150000,147000,5125551.98011452
12,CLPSO,22,150000,150000,5125352.00085538
12,CLPSO,22,300000,3000,9932318633.16866
12,CLPSO,22,300000,6000,7646490092.5986
12,CLPSO,22,300000,9000,5447758789.51998
12,CLPSO,22,300000,12000,2640040881.91614
12,CLPSO,22,300000,15000,2640040881.91614
12,CLPSO,22,300000,18000,2640040881.91614
12,CLPSO,22,300000,21000,1705061242.36958
12,CLPSO,22,300000,24000,828768491.253552
12,CLPSO,22,300000,27000,445472440.887338
12,CLPSO,22,300000,30000,421166285.863505
12,CLPSO,22,300000,33000,373343916.577618
12,CLPSO,22,300000,36000,352810116.853229
12,CLPSO,22,300000,39000,217430174.933797
12,CLPSO,22,300000,42000,217430174.933797
12,CLPSO,22,300000,45000,128836964.098723
12,CLPSO,22,300000,48000,65818095.9570206
12,CLPSO,22,300000,51000,57365212.5167973
12,CLPSO,22,300000,54000,51235055.2960449
12,CLPSO,22,300000,57000,43630131.7135981
12,CLPSO,22,300000,60000,43630131.7135981
12,CLPSO,22,300000,63000,43528758.960052
12,CLPSO,22,300000,66000,40284730.0650708
12,CLPSO,22,300000,69000,31062429.2843488
12,CLPSO,22,300000,72000,29212388.454697
12,CLPSO,22,300000,75000,29212388.454697
12,CLPSO,22,300000,78000,26134356.3922122
12,CLPSO,22,300000,81000,24750756.8769439
12,CLPSO,22,300000,84000,17445582.6619924
12,CLPSO,22,300000,87000,17445582.6619924
12,CLPSO,22,300000,90000,17445582.6619924
12,CLPSO,22,300000,93000,12151637.281031
12,CLPSO,22,300000,96000,11938810.20311
12,CLPSO,22,300000,99000,11938810.20311
12,CLPSO,22,300000,102000,11522937.521564
12,CLPSO,22,300000,105000,11522937.521564
12,CLPSO,22,300000,108000,11522937.521564
12,CLPSO,22,300000,111000,10042337.7979251
12,CLPSO,22,300000,114000,9597226.59517713
12,CLPSO,22,300000,117000,5283918.65259808
12,CLPSO,22,300000,120000,5283918.65259808
12,CLPSO,22,300000,123000,4898495.84696736
12,CLPSO,22,300000,126000,4766415.92339368
12,CLPSO,22,300000,129000,4766415.92339368
12,CLPSO,22,300000,132000,4630480.7737077
12,CLPSO,22,300000,135000,4630480.7737077
12,CLPSO,22,300000,138000,4630480.7737077
12,CLPSO,22,300000,141000,4630480.7737077
12,CLPSO,22,300000,144000,4630480.7737077
12,CLPSO,22,300000,147000,4630480.7737077
12,CLPSO,22,300000,150000,4630480.7737077
12,CLPSO,22,300000,153000,4630480.7737077
12,CLPSO,22,300000,156000,4630480.7737077
12,CLPSO,22,300000,159000,4630480.7737077
12,CLPSO,22,300000,162000,4299526.40761895
12,CLPSO,22,300000,165000,3015364.2558839
12,CLPSO,22,300000,168000,3015364.2558839
12,CLPSO,22,300000,171000,3015364.2558839
12,CLPSO,22,300000,174000,3015364.2558839
12,CLPSO,22,300000,177000,2872686.98676794
12,CLPSO,22,300000,180000,2872668.11749735
12,CLPSO,22,300000,183000,2847324.39484184
12,CLPSO,22,300000,186000,2821638.42160191
12,CLPSO,22,300000,189000,2821638.42160191
12,CLPSO,22,300000,192000,2821638.42160191
12,CLPSO,22,300000,195000,2728021.54204812
12,CLPSO,22,300000,198000,2728021.54204812
12,CLPSO,22,300000,201000,2708600.05618431
12,CLPSO,22,300000,204000,2581697.90576329
12,CLPSO,22,300000,207000,2431703.20903897
12,CLPSO,22,300000,210000,2417043.72692142
12,CLPSO,22,300000,213000,2322577.44758014
12,CLPSO,22,300000,216000,2238087.69402928
12,CLPSO,22,300000,219000,2238005.78615131
12,CLPSO,22,300000,222000,2238005.78615131
12,CLPSO,22,300000,225000,1820873.21115545
12,CLPSO,22,300000,228000,1820873.21115545
12,CLPSO,22,300000,231000,1820873.21115545
12,CLPSO,22,300000,234000,1806837.95424199
12,CLPSO,22,300000,237000,1806837.95424199
12,CLPSO,22,300000,240000,1632307.28088967
12,CLPSO,22,300000,243000,1627341.44932958
12,CLPSO,22,300000,246000,1627341.44932958
12,CLPSO,22,300000,249000,1627341.44932958
12,CLPSO,22,300000,252000,1627341.44932958
12,CLPSO,22,300000,255000,1627341.44932958
12,CLPSO,22,300000,258000,1627341.44932958
12,CLPSO,22,300000,261000,1396967.69420078
12,CLPSO,22,300000,264000,1396967.69420078
12,CLPSO,22,300000,267000,1239263.99176444
12,CLPSO,22,300000,270000,1239263.99176444
12,CLPSO,22,300000,273000,1239263.99176444
12,CLPSO,22,300000,276000,1229164.97886703
12,CLPSO,22,300000,279000,1175716.16612401
12,CLPSO,22,300000,282000,995110.74323854
12,CLPSO,22,300000,285000,990479.242628099
12,CLPSO,22,300000,288000,990467.618837435
12,CLPSO,22,300000,291000,976941.876214751
12,CLPSO,22,300000,294000,976941.876214751
12,CLPSO,22,300000,297000,976939.528682811
12,CLPSO,22,300000,300000,976939.528682811
12,V1-Elite,23,60000,3000,11838776.8616014
12,V1-Elite,23,60000,6000,7123098.98496055
12,V1-Elite,23,60000,9000,5307483.0003071
12,V1-Elite,23,60000,12000,5028901.14983332
12,V1-Elite,23,60000,15000,3835609.916194
12,V1-Elite,23,60000,18000,3490638.46047926
12,V1-Elite,23,60000,21000,2736326.24644399
12,V1-Elite,23,60000,24000,2732405.83243298
12,V1-Elite,23,60000,27000,2672924.94544287
12,V1-Elite,23,60000,30000,2488392.23208228
12,V1-Elite,23,60000,33000,2488392.23208228
12,V1-Elite,23,60000,36000,2394572.21001649
12,V1-Elite,23,60000,39000,2388580.41440349
12,V1-Elite,23,60000,42000,2320778.60964234
12,V1-Elite,23,60000,45000,2309585.76657919
12,V1-Elite,23,60000,48000,2282373.65962973
12,V1-Elite,23,60000,51000,2234103.32960739
12,V1-Elite,23,60000,54000,2208131.82284297
12,V1-Elite,23,60000,57000,2133150.97180408
12,V1-Elite,23,60000,60000,2111221.55374298
12,V1-Elite,23,150000,3000,23124290.3977977
12,V1-Elite,23,150000,6000,7226100.33556663
12,V1-Elite,23,150000,9000,4528709.04309514
12,V1-Elite,23,150000,12000,4414925.93397132
12,V1-Elite,23,150000,15000,3463470.7144661
12,V1-Elite,23,150000,18000,3336657.36596339
12,V1-Elite,23,150000,21000,3336657.36596339
12,V1-Elite,23,150000,24000,3091110.89524631
12,V1-Elite,23,150000,27000,3029567.82049763
12,V1-Elite,23,150000,30000,2982039.26419144
12,V1-Elite,23,150000,33000,2982039.26419144
12,V1-Elite,23,150000,36000,2974023.69310018
12,V1-Elite,23,150000,39000,2974023.69310018
12,V1-Elite,23,150000,42000,2973099.24226127
12,V1-Elite,23,150000,45000,2973099.24226127
12,V1-Elite,23,150000,48000,2973099.24226127
12,V1-Elite,23,150000,51000,2939971.40428432
12,V1-Elite,23,150000,54000,2939971.40428432
12,V1-Elite,23,150000,57000,2937430.91936601
12,V1-Elite,23,150000,60000,2869768.80285027
12,V1-Elite,23,150000,63000,2794823.82384586
12,V1-Elite,23,150000,66000,2717030.87035565
12,V1-Elite,23,150000,69000,2683725.65018401
12,V1-Elite,23,150000,72000,2683725.65018401
12,V1-Elite,23,150000,75000,2683725.65018401
12,V1-Elite,23,150000,78000,2669159.09466712
12,V1-Elite,23,150000,81000,2586595.59216982
12,V1-Elite,23,150000,84000,2586595.59216982
12,V1-Elite,23,150000,87000,2536381.87327569
12,V1-Elite,23,150000,90000,2533722.93820054
12,V1-Elite,23,150000,93000,2446042.60186235
12,V1-Elite,23,150000,96000,2415956.22021473
12,V1-Elite,23,150000,99000,2415459.12848623
12,V1-Elite,23,150000,102000,2412168.08121898
12,V1-Elite,23,150000,105000,2412168.08121898
12,V1-Elite,23,150000,108000,2408361.3402252
12,V1-Elite,23,150000,111000,2408361.3402252
12,V1-Elite,23,150000,114000,2404438.57783507
12,V1-Elite,23,150000,117000,2401574.40658712
12,V1-Elite,23,150000,120000,2401035.84285531
12,V1-Elite,23,150000,123000,2401035.84285531
12,V1-Elite,23,150000,126000,2385527.21551507
12,V1-Elite,23,150000,129000,2359632.49825504
12,V1-Elite,23,150000,132000,2334287.82271364
12,V1-Elite,23,150000,135000,2315312.40162197
12,V1-Elite,23,150000,138000,2275613.57160738
12,V1-Elite,23,150000,141000,2260891.03821004
12,V1-Elite,23,150000,144000,2252946.50896282
12,V1-Elite,23,150000,147000,2243033.4193179
12,V1-Elite,23,150000,150000,2225677.0372681
12,CLPSO,23,60000,3000,9412662710.01963
12,CLPSO,23,60000,6000,4744731967.85208
12,CLPSO,23,60000,9000,2708121615.90187
12,CLPSO,23,60000,12000,2022412892.52027
12,CLPSO,23,60000,15000,873049122.626066
12,CLPSO,23,60000,18000,562662136.119121
12,CLPSO,23,60000,21000,551234147.026767
12,CLPSO,23,60000,24000,504647380.488346
12,CLPSO,23,60000,27000,368264924.847746
12,CLPSO,23,60000,30000,204887671.320493
12,CLPSO,23,60000,33000,176299452.244466
12,CLPSO,23,60000,36000,127662157.572291
12,CLPSO,23,60000,39000,127109181.505172
12,CLPSO,23,60000,42000,101761737.200672
12,CLPSO,23,60000,45000,87713267.9345728
12,CLPSO,23,60000,48000,82108567.954496
12,CLPSO,23,60000,51000,54548143.1732711
12,CLPSO,23,60000,54000,38092127.5796365
12,CLPSO,23,60000,57000,37997167.0225701
12,CLPSO,23,60000,60000,37997167.0225701
12,CLPSO,23,150000,3000,10246747566.5486
12,CLPSO,23,150000,6000,7601261462.22301
12,CLPSO,23,150000,9000,5589650149.4158
12,CLPSO,23,150000,12000,3103038709.42015
12,CLPSO,23,150000,15000,2021801723.40365
12,CLPSO,23,150000,18000,1293285397.44644
12,CLPSO,23,150000,21000,766183145.686383
12,CLPSO,23,150000,24000,607782687.100394
12,CLPSO,23,150000,27000,186047727.354703
12,CLPSO,23,150000,30000,186047727.354703
12,CLPSO,23,150000,33000,184560449.936898
12,CLPSO,23,150000,36000,149108243.661608
12,CLPSO,23,150000,39000,98309208.4133534
12,CLPSO,23,150000,42000,98309208.4133534
12,CLPSO,23,150000,45000,98309208.4133534
12,CLPSO,23,150000,48000,98309208.4133534
12,CLPSO,23,150000,51000,77478359.6024585
12,CLPSO,23,150000,54000,72934787.4755631
12,CLPSO,23,150000,57000,64734978.7155804
12,CLPSO,23,150000,60000,57004776.5848707
12,CLPSO,23,150000,63000,56386158.3172676
12,CLPSO,23,150000,66000,39088956.3824437
12,CLPSO,23,150000,69000,28949590.9323639
12,CLPSO,23,150000,72000,21870265.7801338
12,CLPSO,23,150000,75000,12976318.4976968
12,CLPSO,23,150000,78000,12976148.0759562
12,CLPSO,23,150000,81000,12976148.0759562
12,CLPSO,23,150000,84000,11770949.706517
12,CLPSO,23,150000,87000,11538704.0132424
12,CLPSO,23,150000,90000,11535485.8756871
12,CLPSO,23,150000,93000,11285360.9615324
12,CLPSO,23,150000,96000,9251219.28430437
12,CLPSO,23,150000,99000,5971948.81150247
12,CLPSO,23,150000,102000,5971948.81150247
12,CLPSO,23,150000,105000,5971948.81150247
12,CLPSO,23,150000,108000,5971948.81150247
12,CLPSO,23,150000,111000,5107483.96407539
12,CLPSO,23,150000,114000,5107483.96407539
12,CLPSO,23,150000,117000,5107483.96407539
12,CLPSO,23,150000,120000,4861029.7593539
12,CLPSO,23,150000,123000,4824534.39449879
12,CLPSO,23,150000,126000,4556788.97397458
12,CLPSO,23,150000,129000,3991007.82407931
12,CLPSO,23,150000,132000,3722401.91606404
12,CLPSO,23,150000,135000,3272860.17296461
12,CLPSO,23,150000,138000,3272456.07139904
12,CLPSO,23,150000,141000,3123932.00515737
12,CLPSO,23,150000,144000,3123932.00515737
12,CLPSO,23,150000,147000,2284983.51924016
12,CLPSO,23,150000,150000,2284983.51924016
12,CLPSO,23,300000,3000,9320817924.98716
12,CLPSO,23,300000,6000,7827589420.36305
12,CLPSO,23,300000,9000,2398264914.00712
12,CLPSO,23,300000,12000,1955602923.51863
12,CLPSO,23,300000,15000,1679886786.97757
12,CLPSO,23,300000,18000,1453445613.35845
12,CLPSO,23,300000,21000,851244398.275613
12,CLPSO,23,300000,24000,808778433.646253
12,CLPSO,23,300000,27000,546483894.171847
12,CLPSO,23,300000,30000,289059354.889915
12,CLPSO,23,300000,33000,289059354.889915
12,CLPSO,23,300000,36000,289059354.889915
12,CLPSO,23,300000,39000,220038938.426654
12,CLPSO,23,300000,42000,190585987.844932
12,CLPSO,23,300000,45000,113191879.091327
12,CLPSO,23,300000,48000,109408335.726758
12,CLPSO,23,300000,51000,96704605.9949376
12,CLPSO,23,300000,54000,90743411.6668929
12,CLPSO,23,300000,57000,81288689.299229
12,CLPSO,23,300000,60000,45179817.9887838
12,CLPSO,23,300000,63000,40574161.6672323
12,CLPSO,23,300000,66000,39215842.2596395
12,CLPSO,23,300000,69000,39215842.2596395
12,CLPSO,23,300000,72000,39215842.2596395
12,CLPSO,23,300000,75000,30475412.0917774
12,CLPSO,23,300000,78000,27396045.2854513
12,CLPSO,23,300000,81000,26711139.4712017
12,CLPSO,23,300000,84000,17123944.8058745
12,CLPSO,23,300000,87000,17123944.8058745
12,CLPSO,23,300000,90000,17123944.8058745
12,CLPSO,23,300000,93000,17123944.8058745
12,CLPSO,23,300000,96000,15196233.3371644
12,CLPSO,23,300000,99000,12481305.5095174
12,CLPSO,23,300000,102000,12481305.5095174
12,CLPSO,23,300000,105000,10593474.0268791
12,CLPSO,23,300000,108000,8254252.06399118
12,CLPSO,23,300000,111000,7804915.84397309
12,CLPSO,23,300000,114000,7804711.64035461
12,CLPSO,23,300000,117000,6371858.95903431
12,CLPSO,23,300000,120000,6371858.95903431
12,CLPSO,23,300000,123000,5306543.84164731
12,CLPSO,23,300000,126000,5306543.84164731
12,CLPSO,23,300000,129000,5306543.84164731
12,CLPSO,23,300000,132000,4102250.95213063
12,CLPSO,23,300000,135000,4102250.82624869
12,CLPSO,23,300000,138000,3693153.77742169
12,CLPSO,23,300000,141000,3693153.77742169
12,CLPSO,23,300000,144000,3499463.9139448
12,CLPSO,23,300000,147000,3499463.9139448
12,CLPSO,23,300000,150000,3439571.67933534
12,CLPSO,23,300000,153000,3439571.67933534
12,CLPSO,23,300000,156000,3284196.34961227
12,CLPSO,23,300000,159000,3284196.34961227
12,CLPSO,23,300000,162000,2961482.02717401
12,CLPSO,23,300000,165000,2961482.02717401
12,CLPSO,23,300000,168000,2961482.02717401
12,CLPSO,23,300000,171000,2678227.10071144
12,CLPSO,23,300000,174000,2678227.10071144
12,CLPSO,23,300000,177000,2403118.82031757
12,CLPSO,23,300000,180000,2403118.78919753
12,CLPSO,23,300000,183000,2403118.78919753
12,CLPSO,23,300000,186000,2403118.78919753
12,CLPSO,23,300000,189000,2249639.23420223
12,CLPSO,23,300000,192000,2249639.23335309
12,CLPSO,23,300000,195000,2056930.73131358
12,CLPSO,23,300000,198000,1548997.32106003
12,CLPSO,23,300000,201000,1548997.32106003
12,CLPSO,23,300000,204000,1452126.4466321
12,CLPSO,23,300000,207000,1346594.64704895
12,CLPSO,23,300000,210000,1326923.3755735
12,CLPSO,23,300000,213000,1326923.3755735
12,CLPSO,23,300000,216000,1176753.88412401
12,CLPSO,23,300000,219000,1141485.23186629
12,CLPSO,23,300000,222000,1141482.71410615
12,CLPSO,23,300000,225000,1141482.71410615
12,CLPSO,23,300000,228000,1045842.59060413
12,CLPSO,23,300000,231000,1045842.58940622
12,CLPSO,23,300000,234000,995037.881252048
12,CLPSO,23,300000,237000,995037.881252048
12,CLPSO,23,300000,240000,825958.42103901
12,CLPSO,23,300000,243000,813874.025534254
12,CLPSO,23,300000,246000,720625.157800569
12,CLPSO,23,300000,249000,623841.544522183
12,CLPSO,23,300000,252000,623841.544522183
12,CLPSO,23,300000,255000,614633.063516554
12,CLPSO,23,300000,258000,614627.759285532
12,CLPSO,23,300000,261000,614627.759285532
12,CLPSO,23,300000,264000,614627.759285532
12,CLPSO,23,300000,267000,611062.337352229
12,CLPSO,23,300000,270000,611062.337352229
12,CLPSO,23,300000,273000,611062.337352229
12,CLPSO,23,300000,276000,611062.337352229
12,CLPSO,23,300000,279000,611062.337352229
12,CLPSO,23,300000,282000,609422.669611953
12,CLPSO,23,300000,285000,603390.183015906
12,CLPSO,23,300000,288000,589080.432696017
12,CLPSO,23,300000,291000,521265.843311071
12,CLPSO,23,300000,294000,521265.843311071
12,CLPSO,23,300000,297000,466707.846093667
12,CLPSO,23,300000,300000,466707.846093667
22,V1-Elite,21,60000,3000,5426.20204461051
22,V1-Elite,21,60000,6000,4980.85455742858
22,V1-Elite,21,60000,9000,4790.98635408071
22,V1-Elite,21,60000,12000,4416.09078315257
22,V1-Elite,21,60000,15000,4185.93645072439
22,V1-Elite,21,60000,18000,4131.86945586364
22,V1-Elite,21,60000,21000,3885.12174807722
22,V1-Elite,21,60000,24000,3856.31039446733
22,V1-Elite,21,60000,27000,3856.31039446733
22,V1-Elite,21,60000,30000,3825.41289086219
22,V1-Elite,21,60000,33000,3721.41264667666
22,V1-Elite,21,60000,36000,3721.41264667666
22,V1-Elite,21,60000,39000,3672.20627730299
22,V1-Elite,21,60000,42000,3658.24502629656
22,V1-Elite,21,60000,45000,3658.24502629656
22,V1-Elite,21,60000,48000,3631.86406004236
22,V1-Elite,21,60000,51000,3617.39217323486
22,V1-Elite,21,60000,54000,3598.45640325776
22,V1-Elite,21,60000,57000,3582.87473216092
22,V1-Elite,21,60000,60000,3577.20789499987
22,V1-Elite,21,150000,3000,5817.76348661557
22,V1-Elite,21,150000,6000,4985.42445351865
22,V1-Elite,21,150000,9000,4919.81626357867
22,V1-Elite,21,150000,12000,4635.09952611854
22,V1-Elite,21,150000,15000,4499.50330158446
22,V1-Elite,21,150000,18000,4475.6204220011
22,V1-Elite,21,150000,21000,4409.40954990478
22,V1-Elite,21,150000,24000,4409.40954990478
22,V1-Elite,21,150000,27000,4389.54863375326
22,V1-Elite,21,150000,30000,4389.54863375326
22,V1-Elite,21,150000,33000,4308.22071264618
22,V1-Elite,21,150000,36000,4267.36462502589
22,V1-Elite,21,150000,39000,4267.36462502589
22,V1-Elite,21,150000,42000,4267.36462502589
22,V1-Elite,21,150000,45000,4232.37388361305
22,V1-Elite,21,150000,48000,4209.44449145302
22,V1-Elite,21,150000,51000,4133.31070050702
22,V1-Elite,21,150000,54000,4125.46962756412
22,V1-Elite,21,150000,57000,4125.46962756412
22,V1-Elite,21,150000,60000,4125.46962756412
22,V1-Elite,21,150000,63000,4125.46962756412
22,V1-Elite,21,150000,66000,4125.46962756412
22,V1-Elite,21,150000,69000,4125.46962756412
22,V1-Elite,21,150000,72000,4106.85365161423
22,V1-Elite,21,150000,75000,4101.26889455392
22,V1-Elite,21,150000,78000,4101.26889455392
22,V1-Elite,21,150000,81000,4101.26889455392
22,V1-Elite,21,150000,84000,4101.26889455392
22,V1-Elite,21,150000,87000,4062.26598207558
22,V1-Elite,21,150000,90000,4062.26598207558
22,V1-Elite,21,150000,93000,4041.99403459043
22,V1-Elite,21,150000,96000,4026.12457363736
22,V1-Elite,21,150000,99000,4026.12457363736
22,V1-Elite,21,150000,102000,4026.12457363736
22,V1-Elite,21,150000,105000,4014.35012489933
22,V1-Elite,21,150000,108000,4006.25285966022
22,V1-Elite,21,150000,111000,4003.75492394173
22,V1-Elite,21,150000,114000,3996.94598120278
22,V1-Elite,21,150000,117000,3983.8292113613
22,V1-Elite,21,150000,120000,3983.8292113613
22,V1-Elite,21,150000,123000,3971.70702009183
22,V1-Elite,21,150000,126000,3957.40766732892
22,V1-Elite,21,150000,129000,3953.38249835241
22,V1-Elite,21,150000,132000,3945.05723856471
22,V1-Elite,21,150000,135000,3939.35381851338
22,V1-Elite,21,150000,138000,3937.82469720573
22,V1-Elite,21,150000,141000,3931.71262669998
22,V1-Elite,21,150000,144000,3928.60083140256
22,V1-Elite,21,150000,147000,3925.04639544792
22,V1-Elite,21,150000,150000,3923.34305110852
22,CLPSO,21,60000,3000,7461.17864451358
22,CLPSO,21,60000,6000,6273.32294664921
22,CLPSO,21,60000,9000,4041.7223124855
22,CLPSO,21,60000,12000,3661.39875226157
22,CLPSO,21,60000,15000,3591.02939872265
22,CLPSO,21,60000,18000,3388.56195200028
22,CLPSO,21,60000,21000,2292.44777450417
22,CLPSO,21,60000,24000,2273.27575833586
22,CLPSO,21,60000,27000,2273.27575833586
22,CLPSO,21,60000,30000,2258.115509884
22,CLPSO,21,60000,33000,1948.51002256444
22,CLPSO,21,60000,36000,1494.41926536195
22,CLPSO,21,60000,39000,1144.62270414856
22,CLPSO,21,60000,42000,1041.53727413315
22,CLPSO,21,60000,45000,1021.46133856367
22,CLPSO,21,60000,48000,767.937822178632
22,CLPSO,21,60000,51000,767.937822178632
22,CLPSO,21,60000,54000,767.937822178632
22,CLPSO,21,60000,57000,635.018426093122
22,CLPSO,21,60000,60000,579.09807058434
22,CLPSO,21,150000,3000,8708.49343580035
22,CLPSO,21,150000,6000,7450.17244620018
22,CLPSO,21,150000,9000,6031.55413224534
22,CLPSO,21,150000,12000,3979.40170380713
22,CLPSO,21,150000,15000,3051.74464581215
22,CLPSO,21,150000,18000,2615.24119106763
22,CLPSO,21,150000,21000,2286.17207640985
22,CLPSO,21,150000,24000,1861.47109702334
22,CLPSO,21,150000,27000,1861.47109702334
22,CLPSO,21,150000,30000,1744.31514627445
22,CLPSO,21,150000,33000,1286.54561003899
22,CLPSO,21,150000,36000,1257.00112335063
22,CLPSO,21,150000,39000,1108.9433002211
22,CLPSO,21,150000,42000,974.132899651721
22,CLPSO,21,150000,45000,934.637608816771
22,CLPSO,21,150000,48000,873.350596226214
22,CLPSO,21,150000,51000,451.285571402343
22,CLPSO,21,150000,54000,436.611890926888
22,CLPSO,21,150000,57000,436.611890926888
22,CLPSO,21,150000,60000,436.611890926888
22,CLPSO,21,150000,63000,391.289980756693
22,CLPSO,21,150000,66000,391.289980756693
22,CLPSO,21,150000,69000,348.669018734748
22,CLPSO,21,150000,72000,339.957459698385
22,CLPSO,21,150000,75000,328.177850089074
22,CLPSO,21,150000,78000,328.177850089074
22,CLPSO,21,150000,81000,307.46656943789
22,CLPSO,21,150000,84000,294.832327870009
22,CLPSO,21,150000,87000,288.935129868973
22,CLPSO,21,150000,90000,274.754777982833
22,CLPSO,21,150000,93000,274.754777982833
22,CLPSO,21,150000,96000,260.287645279723
22,CLPSO,21,150000,99000,249.841585014807
22,CLPSO,21,150000,102000,248.133134507952
22,CLPSO,21,150000,105000,241.848762112999
22,CLPSO,21,150000,108000,216.819526485695
22,CLPSO,21,150000,111000,207.024101714901
22,CLPSO,21,150000,114000,204.850790880324
22,CLPSO,21,150000,117000,200.534009426268
22,CLPSO,21,150000,120000,192.396856328098
22,CLPSO,21,150000,123000,176.940645331271
22,CLPSO,21,150000,126000,176.940645331271
22,CLPSO,21,150000,129000,169.309787806706
22,CLPSO,21,150000,132000,168.963804283313
22,CLPSO,21,150000,135000,168.963721950572
22,CLPSO,21,150000,138000,158.95132700825
22,CLPSO,21,150000,141000,158.95132700825
22,CLPSO,21,150000,144000,158.452453903569
22,CLPSO,21,150000,147000,157.23391545256
22,CLPSO,21,150000,150000,153.160195305858
22,CLPSO,21,300000,3000,8705.30787628184
22,CLPSO,21,300000,6000,7732.07530566652
22,CLPSO,21,300000,9000,6053.95262889341
22,CLPSO,21,300000,12000,5658.77889068973
22,CLPSO,21,300000,15000,4143.90959492348
22,CLPSO,21,300000,18000,3030.26509023467
22,CLPSO,21,300000,21000,3030.26509023467
22,CLPSO,21,300000,24000,2487.27721166768
22,CLPSO,21,300000,27000,2454.47293443177
22,CLPSO,21,300000,30000,2257.00062631384
22,CLPSO,21,300000,33000,1914.28086422092
22,CLPSO,21,300000,36000,1609.63476839602
22,CLPSO,21,300000,39000,1583.95168373695
22,CLPSO,21,300000,42000,1359.70092997931
22,CLPSO,21,300000,45000,1224.17009276644
22,CLPSO,21,300000,48000,1208.63627648872
22,CLPSO,21,300000,51000,1041.48076021746
22,CLPSO,21,300000,54000,911.84940395875
22,CLPSO,21,300000,57000,808.313300505679
22,CLPSO,21,300000,60000,706.689409167839
22,CLPSO,21,300000,63000,688.707811812764
22,CLPSO,21,300000,66000,688.707811812764
22,CLPSO,21,300000,69000,506.281838892268
22,CLPSO,21,300000,72000,491.150968545664
22,CLPSO,21,300000,75000,461.326725844317
22,CLPSO,21,300000,78000,427.410880456993
22,CLPSO,21,300000,81000,427.410880456993
22,CLPSO,21,300000,84000,420.990794191411
22,CLPSO,21,300000,87000,406.994959156573
22,CLPSO,21,300000,90000,398.595140504701
22,CLPSO,21,300000,93000,389.810196732038
22,CLPSO,21,300000,96000,383.232084556088
22,CLPSO,21,300000,99000,383.232084556088
22,CLPSO,21,300000,102000,288.65681246419
22,CLPSO,21,300000,105000,288.65681246419
22,CLPSO,21,300000,108000,288.65681246419
22,CLPSO,21,300000,111000,249.095009703693
22,CLPSO,21,300000,114000,218.421871509755
22,CLPSO,21,300000,117000,218.421871509755
22,CLPSO,21,300000,120000,218.421871509755
22,CLPSO,21,300000,123000,218.421871509755
22,CLPSO,21,300000,126000,218.362028341041
22,CLPSO,21,300000,129000,211.845456436222
22,CLPSO,21,300000,132000,211.845456436222
22,CLPSO,21,300000,135000,211.845456436222
22,CLPSO,21,300000,138000,210.764987834607
22,CLPSO,21,300000,141000,204.917439623648
22,CLPSO,21,300000,144000,204.917439623648
22,CLPSO,21,300000,147000,200.239055513812
22,CLPSO,21,300000,150000,194.457610408968
22,CLPSO,21,300000,153000,194.457610408968
22,CLPSO,21,300000,156000,188.168567634208
22,CLPSO,21,300000,159000,179.853829275327
22,CLPSO,21,300000,162000,179.789333046559
22,CLPSO,21,300000,165000,175.064752853706
22,CLPSO,21,300000,168000,175.064752853706
22,CLPSO,21,300000,171000,170.699949964009
22,CLPSO,21,300000,174000,170.699949964009
22,CLPSO,21,300000,177000,170.699949964009
22,CLPSO,21,300000,180000,168.122271071605
22,CLPSO,21,300000,183000,152.989050921816
22,CLPSO,21,300000,186000,152.989050921816
22,CLPSO,21,300000,189000,152.989050921816
22,CLPSO,21,300000,192000,151.558273248214
22,CLPSO,21,300000,195000,150.51813909993
22,CLPSO,21,300000,198000,150.51813909993
22,CLPSO,21,300000,201000,150.51813909993
22,CLPSO,21,300000,204000,147.913290655527
22,CLPSO,21,300000,207000,146.890938754503
22,CLPSO,21,300000,210000,139.503395290452
22,CLPSO,21,300000,213000,138.764271200528
22,CLPSO,21,300000,216000,138.764271200528
22,CLPSO,21,300000,219000,138.63041415478
22,CLPSO,21,300000,222000,138.188053785392
22,CLPSO,21,300000,225000,135.755107688199
22,CLPSO,21,300000,228000,131.951065194409
22,CLPSO,21,300000,231000,131.951065194409
22,CLPSO,21,300000,234000,131.659701006675
22,CLPSO,21,300000,237000,126.726853544328
22,CLPSO,21,300000,240000,126.384439391935
22,CLPSO,21,300000,243000,126.384439391935
22,CLPSO,21,300000,246000,126.384439391935
22,CLPSO,21,300000,249000,126.384439391935
22,CLPSO,21,300000,252000,126.384439391935
22,CLPSO,21,300000,255000,125.9175433781
22,CLPSO,21,300000,258000,125.9175433781
22,CLPSO,21,300000,261000,124.623815021066
22,CLPSO,21,300000,264000,123.100749166806
22,CLPSO,21,300000,267000,123.100749166806
22,CLPSO,21,300000,270000,122.518528262346
22,CLPSO,21,300000,273000,122.518528262346
22,CLPSO,21,300000,276000,121.938678240776
22,CLPSO,21,300000,279000,121.938678240776
22,CLPSO,21,300000,282000,121.45550649565
22,CLPSO,21,300000,285000,121.45550649565
22,CLPSO,21,300000,288000,121.05491784779
22,CLPSO,21,300000,291000,121.008678992632
22,CLPSO,21,300000,294000,121.008678992632
22,CLPSO,21,300000,297000,121.008678992632
22,CLPSO,21,300000,300000,121.008678992632
22,V1-Elite,22,60000,3000,479.923618288693
22,V1-Elite,22,60000,6000,155.295165548058
22,V1-Elite,22,60000,9000,137.959394179064
22,V1-Elite,22,60000,12000,131.16966262062
22,V1-Elite,22,60000,15000,123.51342161334
22,V1-Elite,22,60000,18000,122.493952901305
22,V1-Elite,22,60000,21000,121.903620163383
22,V1-Elite,22,60000,24000,121.903620163383
22,V1-Elite,22,60000,27000,120.408777912595
22,V1-Elite,22,60000,30000,118.893835812829
22,V1-Elite,22,60000,33000,118.455304065219
22,V1-Elite,22,60000,36000,117.634968306128
22,V1-Elite,22,60000,39000,116.98989120598
22,V1-Elite,22,60000,42000,115.651533954989
22,V1-Elite,22,60000,45000,114.180242741768
22,V1-Elite,22,60000,48000,113.228372077683
22,V1-Elite,22,60000,51000,111.050346168935
22,V1-Elite,22,60000,54000,109.248924459695
22,V1-Elite,22,60000,57000,105.538246602965
22,V1-Elite,22,60000,60000,100.692328884733
22,V1-Elite,22,150000,3000,1111.79745463731
22,V1-Elite,22,150000,6000,148.112866419262
22,V1-Elite,22,150000,9000,137.225937742415
22,V1-Elite,22,150000,12000,130.639043290819
22,V1-Elite,22,150000,15000,125.977173527805
22,V1-Elite,22,150000,18000,125.420639551185
22,V1-Elite,22,150000,21000,124.477316405732
22,V1-Elite,22,150000,24000,122.875987966203
22,V1-Elite,22,150000,27000,122.875987966203
22,V1-Elite,22,150000,30000,121.424469942061
22,V1-Elite,22,150000,33000,121.186725952054
22,V1-Elite,22,150000,36000,121.186725952054
22,V1-Elite,22,150000,39000,121.186725952054
22,V1-Elite,22,150000,42000,120.656391253282
22,V1-Elite,22,150000,45000,120.054023832802
22,V1-Elite,22,150000,48000,119.66483997407
22,V1-Elite,22,150000,51000,118.762138521219
22,V1-Elite,22,150000,54000,118.21526026165
22,V1-Elite,22,150000,57000,118.21526026165
22,V1-Elite,22,150000,60000,117.336621580393
22,V1-Elite,22,150000,63000,117.336621580393
22,V1-Elite,22,150000,66000,117.336621580393
22,V1-Elite,22,150000,69000,116.351306926203
22,V1-Elite,22,150000,72000,116.351306926203
22,V1-Elite,22,150000,75000,116.351306926203
22,V1-Elite,22,150000,78000,116.335251280064
22,V1-Elite,22,150000,81000,116.005011217541
22,V1-Elite,22,150000,84000,116.005011217541
22,V1-Elite,22,150000,87000,115.67302704238
22,V1-Elite,22,150000,90000,115.67302704238
22,V1-Elite,22,150000,93000,115.67302704238
22,V1-Elite,22,150000,96000,115.168084124007
22,V1-Elite,22,150000,99000,114.208130264837
22,V1-Elite,22,150000,102000,114.208130264837
22,V1-Elite,22,150000,105000,114.208130264837
22,V1-Elite,22,150000,108000,113.564131163771
22,V1-Elite,22,150000,111000,113.564131163771
22,V1-Elite,22,150000,114000,113.381125746244
22,V1-Elite,22,150000,117000,112.542701887357
22,V1-Elite,22,150000,120000,112.328174732763
22,V1-Elite,22,150000,123000,110.746869891218
22,V1-Elite,22,150000,126000,109.068689489059
22,V1-Elite,22,150000,129000,108.173884904982
22,V1-Elite,22,150000,132000,108.15918515975
22,V1-Elite,22,150000,135000,107.354687903745
22,V1-Elite,22,150000,138000,105.574173000092
22,V1-Elite,22,150000,141000,104.708789438063
22,V1-Elite,22,150000,144000,103.028556938415
22,V1-Elite,22,150000,147000,101.475447192748
22,V1-Elite,22,150000,150000,100.133070477166
22,CLPSO,22,60000,3000,8478.69400535428
22,CLPSO,22,60000,6000,7431.01833410532
22,CLPSO,22,60000,9000,7313.63452898658
22,CLPSO,22,60000,12000,7153.42932083729
22,CLPSO,22,60000,15000,5606.96404708434
22,CLPSO,22,60000,18000,5569.14506555315
22,CLPSO,22,60000,21000,3992.27509077145
22,CLPSO,22,60000,24000,3431.66622937943
22,CLPSO,22,60000,27000,3175.83626095886
22,CLPSO,22,60000,30000,3175.83626095886
22,CLPSO,22,60000,33000,2962.24455919476
22,CLPSO,22,60000,36000,2927.91224553227
22,CLPSO,22,60000,39000,2270.79203996208
22,CLPSO,22,60000,42000,1890.6342628447
22,CLPSO,22,60000,45000,1461.68869810677
22,CLPSO,22,60000,48000,1461.68869810677
22,CLPSO,22,60000,51000,1128.3255511563
22,CLPSO,22,60000,54000,1128.3255511563
22,CLPSO,22,60000,57000,1097.64183498879
22,CLPSO,22,60000,60000,1097.64183498879
22,CLPSO,22,150000,3000,7836.34506415833
22,CLPSO,22,150000,6000,7836.34506415833
22,CLPSO,22,150000,9000,7836.34506415833
22,CLPSO,22,150000,12000,7695.94050739881
22,CLPSO,22,150000,15000,7695.94050739881
22,CLPSO,22,150000,18000,5930.9113662708
22,CLPSO,22,150000,21000,5616.90308512936
22,CLPSO,22,150000,24000,5237.82721570515
22,CLPSO,22,150000,27000,5077.48267669444
22,CLPSO,22,150000,30000,4633.88758507123
22,CLPSO,22,150000,33000,4348.14074943129
22,CLPSO,22,150000,36000,3561.24434973041
22,CLPSO,22,150000,39000,3114.00916008475
22,CLPSO,22,150000,42000,2922.70405250813
22,CLPSO,22,150000,45000,2813.13557467735
22,CLPSO,22,150000,48000,2176.51004458821
22,CLPSO,22,150000,51000,1585.30397320457
22,CLPSO,22,150000,54000,1352.17951439212
22,CLPSO,22,150000,57000,1283.82818803244
22,CLPSO,22,150000,60000,1110.26036677773
22,CLPSO,22,150000,63000,1049.96542807578
22,CLPSO,22,150000,66000,1049.96542807578
22,CLPSO,22,150000,69000,985.070232031701
22,CLPSO,22,150000,72000,609.643017524363
22,CLPSO,22,150000,75000,594.910376155214
22,CLPSO,22,150000,78000,568.036305789789
22,CLPSO,22,150000,81000,538.324524380812
22,CLPSO,22,150000,84000,479.690155274061
22,CLPSO,22,150000,87000,479.690155274061
22,CLPSO,22,150000,90000,468.422615491088
22,CLPSO,22,150000,93000,436.01906768603
22,CLPSO,22,150000,96000,436.01906768603
22,CLPSO,22,150000,99000,433.664098651529
22,CLPSO,22,150000,102000,384.637541727381
22,CLPSO,22,150000,105000,372.537028062704
22,CLPSO,22,150000,108000,334.04018487439
22,CLPSO,22,150000,111000,319.15315050734
22,CLPSO,22,150000,114000,319.15315050734
22,CLPSO,22,150000,117000,319.15315050734
22,CLPSO,22,150000,120000,319.15315050734
22,CLPSO,22,150000,123000,319.15315050734
22,CLPSO,22,150000,126000,319.15315050734
22,CLPSO,22,150000,129000,308.599466496862
22,CLPSO,22,150000,132000,284.418654912344
22,CLPSO,22,150000,135000,284.418654912344
22,CLPSO,22,150000,138000,281.536213255909
22,CLPSO,22,150000,141000,264.611817513909
22,CLPSO,22,150000,144000,248.273836682833
22,CLPSO,22,150000,147000,248.273836682833
22,CLPSO,22,150000,150000,245.820501300638
22,CLPSO,22,300000,3000,8439.18499616349
22,CLPSO,22,300000,6000,7016.02147485965
22,CLPSO,22,300000,9000,7016.02147485965
22,CLPSO,22,300000,12000,7016.02147485965
22,CLPSO,22,300000,15000,7016.02147485965
22,CLPSO,22,300000,18000,7016.02147485965
22,CLPSO,22,300000,21000,7016.02147485965
22,CLPSO,22,300000,24000,7016.02147485965
22,CLPSO,22,300000,27000,7016.02147485965
22,CLPSO,22,300000,30000,7016.02147485965
22,CLPSO,22,300000,33000,7016.02147485965
22,CLPSO,22,300000,36000,6286.5497280318
22,CLPSO,22,300000,39000,6286.5497280318
22,CLPSO,22,300000,42000,6286.5497280318
22,CLPSO,22,300000,45000,6286.5497280318
22,CLPSO,22,300000,48000,6286.5497280318
22,CLPSO,22,300000,51000,6205.20835667421
22,CLPSO,22,300000,54000,6205.20835667421
22,CLPSO,22,300000,57000,6205.20835667421
22,CLPSO,22,300000,60000,6205.20835667421
22,CLPSO,22,300000,63000,6205.20835667421
22,CLPSO,22,300000,66000,5894.70489565081
22,CLPSO,22,300000,69000,5376.57756328069
22,CLPSO,22,300000,72000,5376.57756328069
22,CLPSO,22,300000,75000,5376.57756328069
22,CLPSO,22,300000,78000,5376.57756328069
22,CLPSO,22,300000,81000,5376.57756328069
22,CLPSO,22,300000,84000,5376.57756328069
22,CLPSO,22,300000,87000,5376.57756328069
22,CLPSO,22,300000,90000,5193.28949482104
22,CLPSO,22,300000,93000,5193.28949482104
22,CLPSO,22,300000,96000,5193.28949482104
22,CLPSO,22,300000,99000,5193.28949482104
22,CLPSO,22,300000,102000,5193.28949482104
22,CLPSO,22,300000,105000,5193.28949482104
22,CLPSO,22,300000,108000,5193.28949482104
22,CLPSO,22,300000,111000,5193.28949482104
22,CLPSO,22,300000,114000,4783.63906106889
22,CLPSO,22,300000,117000,4783.63906106889
22,CLPSO,22,300000,120000,4783.63906106889
22,CLPSO,22,300000,123000,4616.2113212424
22,CLPSO,22,300000,126000,4616.2113212424
22,CLPSO,22,300000,129000,4616.2113212424
22,CLPSO,22,300000,132000,4616.2113212424
22,CLPSO,22,300000,135000,4616.2113212424
22,CLPSO,22,300000,138000,4616.2113212424
22,CLPSO,22,300000,141000,4616.2113212424
22,CLPSO,22,300000,144000,4616.2113212424
22,CLPSO,22,300000,147000,4616.2113212424
22,CLPSO,22,300000,150000,4616.2113212424
22,CLPSO,22,300000,153000,4616.2113212424
22,CLPSO,22,300000,156000,4616.2113212424
22,CLPSO,22,300000,159000,4616.2113212424
22,CLPSO,22,300000,162000,4616.2113212424
22,CLPSO,22,300000,165000,4616.2113212424
22,CLPSO,22,300000,168000,4514.2816178472
22,CLPSO,22,300000,171000,4514.2816178472
22,CLPSO,22,300000,174000,4514.2816178472
22,CLPSO,22,300000,177000,4514.2816178472
22,CLPSO,22,300000,180000,4514.2816178472
22,CLPSO,22,300000,183000,4514.2816178472
22,CLPSO,22,300000,186000,4391.98570065522
22,CLPSO,22,300000,189000,4391.98566170216
22,CLPSO,22,300000,192000,4391.98566170216
22,CLPSO,22,300000,195000,4391.98566170216
22,CLPSO,22,300000,198000,4391.98566170216
22,CLPSO,22,300000,201000,4391.98566170216
22,CLPSO,22,300000,204000,4391.98566170216
22,CLPSO,22,300000,207000,4391.98566170216
22,CLPSO,22,300000,210000,4254.66596140042
22,CLPSO,22,300000,213000,4254.66596140042
22,CLPSO,22,300000,216000,4254.66596140042
22,CLPSO,22,300000,219000,4254.66596140042
22,CLPSO,22,300000,222000,4254.66596140042
22,CLPSO,22,300000,225000,4254.66596140042
22,CLPSO,22,300000,228000,4254.66596140042
22,CLPSO,22,300000,231000,4254.66596140042
22,CLPSO,22,300000,234000,4136.11486246198
22,CLPSO,22,300000,237000,4136.11486246198
22,CLPSO,22,300000,240000,4136.11486246198
22,CLPSO,22,300000,243000,3958.6896677954
22,CLPSO,22,300000,246000,3958.6896677954
22,CLPSO,22,300000,249000,3958.6896677954
22,CLPSO,22,300000,252000,3958.6896677954
22,CLPSO,22,300000,255000,3958.6896677954
22,CLPSO,22,300000,258000,3892.67991288495
22,CLPSO,22,300000,261000,3892.67991288495
22,CLPSO,22,300000,264000,3892.67991288495
22,CLPSO,22,300000,267000,3880.65556747922
22,CLPSO,22,300000,270000,3748.48682686253
22,CLPSO,22,300000,273000,3650.11943373474
22,CLPSO,22,300000,276000,3649.93643243197
22,CLPSO,22,300000,279000,3649.93643243197
22,CLPSO,22,300000,282000,3649.93643243197
22,CLPSO,22,300000,285000,3649.93643243197
22,CLPSO,22,300000,288000,3649.93643243197
22,CLPSO,22,300000,291000,3649.93643243197
22,CLPSO,22,300000,294000,3649.93643243197
22,CLPSO,22,300000,297000,3649.93643243197
22,CLPSO,22,300000,300000,3649.93643243197
22,V1-Elite,23,60000,3000,6638.98972359875
22,V1-Elite,23,60000,6000,315.871729653148
22,V1-Elite,23,60000,9000,146.968408802489
22,V1-Elite,23,60000,12000,131.253537014494
22,V1-Elite,23,60000,15000,126.470848350003
22,V1-Elite,23,60000,18000,123.432940237525
22,V1-Elite,23,60000,21000,121.972421357252
22,V1-Elite,23,60000,24000,120.13082438182
22,V1-Elite,23,60000,27000,119.407663425881
22,V1-Elite,23,60000,30000,118.897119825292
22,V1-Elite,23,60000,33000,118.862179234218
22,V1-Elite,23,60000,36000,117.786821991192
22,V1-Elite,23,60000,39000,116.536240724373
22,V1-Elite,23,60000,42000,116.325765907401
22,V1-Elite,23,60000,45000,115.234902238799
22,V1-Elite,23,60000,48000,113.868222030797
22,V1-Elite,23,60000,51000,112.923502940495
22,V1-Elite,23,60000,54000,109.284094437425
22,V1-Elite,23,60000,57000,105.192673065808
22,V1-Elite,23,60000,60000,100.291866972534
22,V1-Elite,23,150000,3000,5830.32380978876
22,V1-Elite,23,150000,6000,270.905618965337
22,V1-Elite,23,150000,9000,150.687316014528
22,V1-Elite,23,150000,12000,136.139297522461
22,V1-Elite,23,150000,15000,127.900939926994
22,V1-Elite,23,150000,18000,126.992664143717
22,V1-Elite,23,150000,21000,126.476693348628
22,V1-Elite,23,150000,24000,125.27685952123
22,V1-Elite,23,150000,27000,123.207493966334
22,V1-Elite,23,150000,30000,123.207493966334
22,V1-Elite,23,150000,33000,122.563825184269
22,V1-Elite,23,150000,36000,121.418365871554
22,V1-Elite,23,150000,39000,121.418365871554
22,V1-Elite,23,150000,42000,120.284557793776
22,V1-Elite,23,150000,45000,118.993551704976
22,V1-Elite,23,150000,48000,118.993551704976
22,V1-Elite,23,150000,51000,118.993551704976
22,V1-Elite,23,150000,54000,118.799697299525
22,V1-Elite,23,150000,57000,118.799697299525
22,V1-Elite,23,150000,60000,118.799697299525
22,V1-Elite,23,150000,63000,118.562445264539
22,V1-Elite,23,150000,66000,118.562445264539
22,V1-Elite,23,150000,69000,117.776881581696
22,V1-Elite,23,150000,72000,117.423469294321
22,V1-Elite,23,150000,75000,116.805956977224
22,V1-Elite,23,150000,78000,116.640421808738
22,V1-Elite,23,150000,81000,116.640421808738
22,V1-Elite,23,150000,84000,116.321408721815
22,V1-Elite,23,150000,87000,116.321408721815
22,V1-Elite,23,150000,90000,116.321408721815
22,V1-Elite,23,150000,93000,116.321408721815
22,V1-Elite,23,150000,96000,115.260106541134
22,V1-Elite,23,150000,99000,114.845437254491
22,V1-Elite,23,150000,102000,114.135146602013
22,V1-Elite,23,150000,105000,113.74598527949
22,V1-Elite,23,150000,108000,113.74598527949
22,V1-Elite,23,150000,111000,113.74598527949
22,V1-Elite,23,150000,114000,113.061313188547
22,V1-Elite,23,150000,117000,112.885877690042
22,V1-Elite,23,150000,120000,111.559502278501
22,V1-Elite,23,150000,123000,111.559502278501
22,V1-Elite,23,150000,126000,110.711522480265
22,V1-Elite,23,150000,129000,110.711522480265
22,V1-Elite,23,150000,132000,110.175786963991
22,V1-Elite,23,150000,135000,107.666907898149
22,V1-Elite,23,150000,138000,107.666907898149
22,V1-Elite,23,150000,141000,104.801662489544
22,V1-Elite,23,150000,144000,102.753567082521
22,V1-Elite,23,150000,147000,101.221631951564
22,V1-Elite,23,150000,150000,100.185659642457
22,CLPSO,23,60000,3000,9135.74049090339
22,CLPSO,23,60000,6000,8081.53577004412
22,CLPSO,23,60000,9000,7750.03092935467
22,CLPSO,23,60000,12000,6596.96423144378
22,CLPSO,23,60000,15000,6596.96423144378
22,CLPSO,23,60000,18000,6277.05671170573
22,CLPSO,23,60000,21000,5456.53203502262
22,CLPSO,23,60000,24000,3989.555549276
22,CLPSO,23,60000,27000,2879.05882471185
22,CLPSO,23,60000,30000,2709.54153043335
22,CLPSO,23,60000,33000,2637.32799186372
22,CLPSO,23,60000,36000,2341.18377626959
22,CLPSO,23,60000,39000,2252.01754235716
22,CLPSO,23,60000,42000,2252.01754235716
22,CLPSO,23,60000,45000,1954.67762674939
22,CLPSO,23,60000,48000,1949.51117969807
22,CLPSO,23,60000,51000,1712.14772682161
22,CLPSO,23,60000,54000,1712.14772682161
22,CLPSO,23,60000,57000,1695.30912274902
22,CLPSO,23,60000,60000,1695.30912274902
22,CLPSO,23,150000,3000,8182.63028913897
22,CLPSO,23,150000,6000,8182.63028913897
22,CLPSO,23,150000,9000,6934.83593242958
22,CLPSO,23,150000,12000,5244.39626053464
22,CLPSO,23,150000,15000,5169.38915759914
22,CLPSO,23,150000,18000,4317.61896661949
22,CLPSO,23,150000,21000,4111.59800387144
22,CLPSO,23,150000,24000,4111.59800387144
22,CLPSO,23,150000,27000,3375.09133025556
22,CLPSO,23,150000,30000,3085.16719219474
22,CLPSO,23,150000,33000,2579.67937662569
22,CLPSO,23,150000,36000,2579.67937662569
22,CLPSO,23,150000,39000,2237.65245480799
22,CLPSO,23,150000,42000,2183.56571880541
22,CLPSO,23,150000,45000,2031.11406039535
22,CLPSO,23,150000,48000,2031.11406039535
22,CLPSO,23,150000,51000,1912.59094264175
22,CLPSO,23,150000,54000,1857.15267500289
22,CLPSO,23,150000,57000,1736.73029807244
22,CLPSO,23,150000,60000,1523.65136120705
22,CLPSO,23,150000,63000,1483.79743162989
22,CLPSO,23,150000,66000,1389.64553728926
22,CLPSO,23,150000,69000,1389.64553728926
22,CLPSO,23,150000,72000,1389.64553728926
22,CLPSO,23,150000,75000,1313.30176290877
22,CLPSO,23,150000,78000,1215.76145295662
22,CLPSO,23,150000,81000,1046.54675688123
22,CLPSO,23,150000,84000,757.989280962993
22,CLPSO,23,150000,87000,757.989280962993
22,CLPSO,23,150000,90000,646.405969035297
22,CLPSO,23,150000,93000,602.688206132822
22,CLPSO,23,150000,96000,512.249791077393
22,CLPSO,23,150000,99000,456.839251585741
22,CLPSO,23,150000,102000,456.839251585741
22,CLPSO,23,150000,105000,456.839251585741
22,CLPSO,23,150000,108000,447.253201514412
22,CLPSO,23,150000,111000,443.178246210784
22,CLPSO,23,150000,114000,443.178246210784
22,CLPSO,23,150000,117000,442.53282878501
22,CLPSO,23,150000,120000,366.612272797899
22,CLPSO,23,150000,123000,355.479496340478
22,CLPSO,23,150000,126000,355.479496340478
22,CLPSO,23,150000,129000,355.479496340478
22,CLPSO,23,150000,132000,355.479496340478
22,CLPSO,23,150000,135000,355.479496340478
22,CLPSO,23,150000,138000,351.949491088697
22,CLPSO,23,150000,141000,351.949491088697
22,CLPSO,23,150000,144000,351.949491088697
22,CLPSO,23,150000,147000,351.949491088697
22,CLPSO,23,150000,150000,351.949491088697
22,CLPSO,23,300000,3000,8515.49778333238
22,CLPSO,23,300000,6000,7583.27676530728
22,CLPSO,23,300000,9000,7087.14306273486
22,CLPSO,23,300000,12000,4889.29347782559
22,CLPSO,23,300000,15000,4329.69510143566
22,CLPSO,23,300000,18000,4270.0818480984
22,CLPSO,23,300000,21000,4270.0818480984
22,CLPSO,23,300000,24000,3328.36665817935
22,CLPSO,23,300000,27000,3328.36665817935
22,CLPSO,23,300000,30000,2921.64692573292
22,CLPSO,23,300000,33000,2921.64692573292
22,CLPSO,23,300000,36000,2648.54674088627
22,CLPSO,23,300000,39000,2282.23312345015
22,CLPSO,23,300000,42000,1965.70393017108
22,CLPSO,23,300000,45000,1904.14161598082
22,CLPSO,23,300000,48000,1622.92097762565
22,CLPSO,23,300000,51000,1455.4018099471
22,CLPSO,23,300000,54000,1325.88052828012
22,CLPSO,23,300000,57000,1203.02522155842
22,CLPSO,23,300000,60000,1203.02522155842
22,CLPSO,23,300000,63000,1036.8741854676
22,CLPSO,23,300000,66000,1036.8741854676
22,CLPSO,23,300000,69000,711.813611653769
22,CLPSO,23,300000,72000,670.471007131885
22,CLPSO,23,300000,75000,670.471007131885
22,CLPSO,23,300000,78000,582.940922815837
22,CLPSO,23,300000,81000,579.196631686626
22,CLPSO,23,300000,84000,457.880076833457
22,CLPSO,23,300000,87000,439.41940169549
22,CLPSO,23,300000,90000,437.038943651172
22,CLPSO,23,300000,93000,437.038943651172
22,CLPSO,23,300000,96000,437.038943651172
22,CLPSO,23,300000,99000,437.038943651172
22,CLPSO,23,300000,102000,421.105051004035
22,CLPSO,23,300000,105000,421.105051004035
22,CLPSO,23,300000,108000,421.105051004035
22,CLPSO,23,300000,111000,421.105051004035
22,CLPSO,23,300000,114000,421.105051004035
22,CLPSO,23,300000,117000,417.3005162996
22,CLPSO,23,300000,120000,417.3005162996
22,CLPSO,23,300000,123000,417.3005162996
22,CLPSO,23,300000,126000,390.96175882692
22,CLPSO,23,300000,129000,390.958960480794
22,CLPSO,23,300000,132000,386.049444333505
22,CLPSO,23,300000,135000,386.049444333505
22,CLPSO,23,300000,138000,386.049444333505
22,CLPSO,23,300000,141000,386.049444333505
22,CLPSO,23,300000,144000,316.669941969553
22,CLPSO,23,300000,147000,316.669941969553
22,CLPSO,23,300000,150000,316.669941969553
22,CLPSO,23,300000,153000,316.669941969553
22,CLPSO,23,300000,156000,316.669941969553
22,CLPSO,23,300000,159000,316.669941969553
22,CLPSO,23,300000,162000,316.669941969553
22,CLPSO,23,300000,165000,316.669941969553
22,CLPSO,23,300000,168000,316.669941969553
22,CLPSO,23,300000,171000,313.86500899331
22,CLPSO,23,300000,174000,313.86500899331
22,CLPSO,23,300000,177000,313.86500899331
22,CLPSO,23,300000,180000,313.86500899331
22,CLPSO,23,300000,183000,292.26177997227
22,CLPSO,23,300000,186000,292.26177997227
22,CLPSO,23,300000,189000,292.26177997227
22,CLPSO,23,300000,192000,269.431330667111
22,CLPSO,23,300000,195000,269.431330667111
22,CLPSO,23,300000,198000,253.932330055351
22,CLPSO,23,300000,201000,253.929405187622
22,CLPSO,23,300000,204000,253.929405187622
22,CLPSO,23,300000,207000,253.929405187622
22,CLPSO,23,300000,210000,253.929405187622
22,CLPSO,23,300000,213000,253.929405187622
22,CLPSO,23,300000,216000,253.929405187622
22,CLPSO,23,300000,219000,244.969087202078
22,CLPSO,23,300000,222000,244.969087202078
22,CLPSO,23,300000,225000,244.969087202078
22,CLPSO,23,300000,228000,238.390871451532
22,CLPSO,23,300000,231000,238.390871451532
22,CLPSO,23,300000,234000,231.682284343848
22,CLPSO,23,300000,237000,216.248041218113
22,CLPSO,23,300000,240000,216.248041218113
22,CLPSO,23,300000,243000,212.005700360443
22,CLPSO,23,300000,246000,206.73817637918
22,CLPSO,23,300000,249000,206.650761480129
22,CLPSO,23,300000,252000,206.650761480129
22,CLPSO,23,300000,255000,206.650761480129
22,CLPSO,23,300000,258000,206.650761480129
22,CLPSO,23,300000,261000,206.650761480129
22,CLPSO,23,300000,264000,206.650761480129
22,CLPSO,23,300000,267000,200.502686270701
22,CLPSO,23,300000,270000,200.502686270701
22,CLPSO,23,300000,273000,199.208285314074
22,CLPSO,23,300000,276000,187.689814210084
22,CLPSO,23,300000,279000,184.396268225633
22,CLPSO,23,300000,282000,183.653253583462
22,CLPSO,23,300000,285000,183.373213153747
22,CLPSO,23,300000,288000,180.329033754355
22,CLPSO,23,300000,291000,180.329033754355
22,CLPSO,23,300000,294000,180.329033754355
22,CLPSO,23,300000,297000,180.329033754355
22,CLPSO,23,300000,300000,180.329033754355
