FunctionID,Algorithm,Run,FE,BestError
1,LSHADE-N540,41,3000,39485102759.7568
1,LSHADE-N540,41,6000,22240179048.4792
1,LSHADE-N540,41,9000,11021506754.7821
1,LSHADE-N540,41,12000,8262436215.51791
1,LSHADE-N540,41,15000,4724485190.98618
1,LSHADE-N540,41,18000,1885593588.45397
1,LSHADE-N540,41,21000,671296647.322811
1,LSHADE-N540,41,24000,192207240.693074
1,LSHADE-N540,41,27000,60600394.0193397
1,LSHADE-N540,41,30000,11060437.044889
1,LSHADE-N540,41,33000,2785012.19636761
1,LSHADE-N540,41,36000,544744.225767485
1,LSHADE-N540,41,39000,77808.137536807
1,LSHADE-N540,41,42000,10136.5161454687
1,LSHADE-N540,41,45000,1944.52464108517
1,LSHADE-N540,41,48000,1443.60690527911
1,LSHADE-N540,41,51000,1411.55274638124
1,LSHADE-N540,41,54000,526.02738912686
1,LSHADE-N540,41,57000,26.9782132799087
1,LSHADE-N540,41,60000,2.24124036413869
1,LSHADE-N540,42,3000,34734526181.9708
1,LSHADE-N540,42,6000,26696249545.1874
1,LSHADE-N540,42,9000,10460543668.7853
1,LSHADE-N540,42,12000,7645878143.45325
1,LSHADE-N540,42,15000,4158242554.9889
1,LSHADE-N540,42,18000,2092889495.37732
1,LSHADE-N540,42,21000,631932597.299749
1,LSHADE-N540,42,24000,236029034.19547
1,LSHADE-N540,42,27000,72091435.5075721
1,LSHADE-N540,42,30000,12887030.6845725
1,LSHADE-N540,42,33000,2711669.34664821
1,LSHADE-N540,42,36000,572859.743600074
1,LSHADE-N540,42,39000,80719.3801012582
1,LSHADE-N540,42,42000,10126.6458867293
1,LSHADE-N540,42,45000,1786.87423718929
1,LSHADE-N540,42,48000,798.46477497304
1,LSHADE-N540,42,51000,734.850235343202
1,LSHADE-N540,42,54000,600.675999596187
1,LSHADE-N540,42,57000,69.2408154172513
1,LSHADE-N540,42,60000,9.38363003910698
1,LSHADE-N540,43,3000,39666622035.3574
1,LSHADE-N540,43,6000,25419017028.8478
1,LSHADE-N540,43,9000,14718170333.0968
1,LSHADE-N540,43,12000,7371151359.27503
1,LSHADE-N540,43,15000,4496133920.16313
1,LSHADE-N540,43,18000,1792748293.54343
1,LSHADE-N540,43,21000,624965997.217421
1,LSHADE-N540,43,24000,166475751.125189
1,LSHADE-N540,43,27000,42877131.8191252
1,LSHADE-N540,43,30000,9965403.00420493
1,LSHADE-N540,43,33000,2685976.65640604
1,LSHADE-N540,43,36000,397351.000329568
1,LSHADE-N540,43,39000,56839.1555144364
1,LSHADE-N540,43,42000,12839.2867745517
1,LSHADE-N540,43,45000,6614.22673512492
1,LSHADE-N540,43,48000,6120.34785424192
1,LSHADE-N540,43,51000,6036.10396900417
1,LSHADE-N540,43,54000,4101.65138620939
1,LSHADE-N540,43,57000,300.386674152531
1,LSHADE-N540,43,60000,17.4992770307792
1,LSHADE-N540,44,3000,48580760678.6077
1,LSHADE-N540,44,6000,21348436907.5058
1,LSHADE-N540,44,9000,13032295509.0871
1,LSHADE-N540,44,12000,8427828591.40538
1,LSHADE-N540,44,15000,4646749672.28764
1,LSHADE-N540,44,18000,2281492488.90674
1,LSHADE-N540,44,21000,605760595.224308
1,LSHADE-N540,44,24000,172902521.252485
1,LSHADE-N540,44,27000,51539414.832529
1,LSHADE-N540,44,30000,9441381.14736393
1,LSHADE-N540,44,33000,2015128.95172714
1,LSHADE-N540,44,36000,361208.454315444
1,LSHADE-N540,44,39000,53621.5529366215
1,LSHADE-N540,44,42000,4605.59846973398
1,LSHADE-N540,44,45000,867.211102632803
1,LSHADE-N540,44,48000,525.010326713195
1,LSHADE-N540,44,51000,485.408086032773
1,LSHADE-N540,44,54000,171.412187973239
1,LSHADE-N540,44,57000,9.90094245719376
1,LSHADE-N540,44,60000,0.669455451147485
1,LSHADE-N540,45,3000,42104479604.0743
1,LSHADE-N540,45,6000,26001051249.4934
1,LSHADE-N540,45,9000,16060820000.0952
1,LSHADE-N540,45,12000,8141661083.44156
1,LSHADE-N540,45,15000,4170911137.17339
1,LSHADE-N540,45,18000,1987235587.7359
1,LSHADE-N540,45,21000,544646259.064504
1,LSHADE-N540,45,24000,150658787.61635
1,LSHADE-N540,45,27000,41283193.9526686
1,LSHADE-N540,45,30000,11718187.7585962
1,LSHADE-N540,45,33000,1915673.02371576
1,LSHADE-N540,45,36000,475111.065868857
1,LSHADE-N540,45,39000,45029.1207435515
1,LSHADE-N540,45,42000,6586.90817027543
1,LSHADE-N540,45,45000,2417.26939607179
1,LSHADE-N540,45,48000,1822.87082919757
1,LSHADE-N540,45,51000,1745.65180547496
1,LSHADE-N540,45,54000,707.843007417932
1,LSHADE-N540,45,57000,20.8862907158097
1,LSHADE-N540,45,60000,0.911329425911106
3,LSHADE-N540,41,3000,127319.559522183
3,LSHADE-N540,41,6000,127319.559522183
3,LSHADE-N540,41,9000,127319.559522183
3,LSHADE-N540,41,12000,127319.559522183
3,LSHADE-N540,41,15000,127319.559522183
3,LSHADE-N540,41,18000,127319.559522183
3,LSHADE-N540,41,21000,127319.559522183
3,LSHADE-N540,41,24000,124879.334355507
3,LSHADE-N540,41,27000,105540.12329082
3,LSHADE-N540,41,30000,82701.065993143
3,LSHADE-N540,41,33000,82701.065993143
3,LSHADE-N540,41,36000,74373.0408675915
3,LSHADE-N540,41,39000,26263.0768678691
3,LSHADE-N540,41,42000,6797.79994698426
3,LSHADE-N540,41,45000,1040.21383540351
3,LSHADE-N540,41,48000,165.990226094048
3,LSHADE-N540,41,51000,17.0420268156217
3,LSHADE-N540,41,54000,1.62372212426351
3,LSHADE-N540,41,57000,0.439087084749531
3,LSHADE-N540,41,60000,0.0811642722254646
3,LSHADE-N540,42,3000,161992.165788929
3,LSHADE-N540,42,6000,161992.165788929
3,LSHADE-N540,42,9000,147412.591248596
3,LSHADE-N540,42,12000,147412.591248596
3,LSHADE-N540,42,15000,147412.591248596
3,LSHADE-N540,42,18000,113297.210809495
3,LSHADE-N540,42,21000,113297.210809495
3,LSHADE-N540,42,24000,89311.5529320736
3,LSHADE-N540,42,27000,68434.2744437785
3,LSHADE-N540,42,30000,24824.4280833081
3,LSHADE-N540,42,33000,9702.32927731805
3,LSHADE-N540,42,36000,3420.00816892635
3,LSHADE-N540,42,39000,830.041472076217
3,LSHADE-N540,42,42000,191.425255324134
3,LSHADE-N540,42,45000,30.8264789946902
3,LSHADE-N540,42,48000,4.63575095272489
3,LSHADE-N540,42,51000,0.617035377843308
3,LSHADE-N540,42,54000,0.130313891842093
3,LSHADE-N540,42,57000,0.0338325651263176
3,LSHADE-N540,42,60000,0.00483935969140248
3,LSHADE-N540,43,3000,128207.110433433
3,LSHADE-N540,43,6000,128207.110433433
3,LSHADE-N540,43,9000,128207.110433433
3,LSHADE-N540,43,12000,128207.110433433
3,LSHADE-N540,43,15000,128207.110433433
3,LSHADE-N540,43,18000,128207.110433433
3,LSHADE-N540,43,21000,128207.110433433
3,LSHADE-N540,43,24000,118064.226248394
3,LSHADE-N540,43,27000,87453.4114100375
3,LSHADE-N540,43,30000,47776.5062342267
3,LSHADE-N540,43,33000,17509.8911378032
3,LSHADE-N540,43,36000,7170.03542134557
3,LSHADE-N540,43,39000,1632.19904426513
3,LSHADE-N540,43,42000,458.913370203045
3,LSHADE-N540,43,45000,82.5476929083953
3,LSHADE-N540,43,48000,10.1699480467009
3,LSHADE-N540,43,51000,1.83826009058248
3,LSHADE-N540,43,54000,0.387507514609922
3,LSHADE-N540,43,57000,0.0587417982576426
3,LSHADE-N540,43,60000,0.0244788983994226
3,LSHADE-N540,44,3000,173244.240096063
3,LSHADE-N540,44,6000,173244.240096063
3,LSHADE-N540,44,9000,137651.471316099
3,LSHADE-N540,44,12000,137651.471316099
3,LSHADE-N540,44,15000,133997.297791857
3,LSHADE-N540,44,18000,133997.297791857
3,LSHADE-N540,44,21000,116129.665967367
3,LSHADE-N540,44,24000,107764.355409148
3,LSHADE-N540,44,27000,99933.5144870301
3,LSHADE-N540,44,30000,56818.5240179043
3,LSHADE-N540,44,33000,25834.194368782
3,LSHADE-N540,44,36000,8707.05722254388
3,LSHADE-N540,44,39000,2407.84884058812
3,LSHADE-N540,44,42000,342.74912325556
3,LSHADE-N540,44,45000,81.3295559065665
3,LSHADE-N540,44,48000,9.40543873484285
3,LSHADE-N540,44,51000,1.01771889809606
3,LSHADE-N540,44,54000,0.155084837729078
3,LSHADE-N540,44,57000,0.0369659270429565
3,LSHADE-N540,44,60000,0.00675842191918719
3,LSHADE-N540,45,3000,189192.230115571
3,LSHADE-N540,45,6000,156333.745054516
3,LSHADE-N540,45,9000,103066.810608793
3,LSHADE-N540,45,12000,103066.810608793
3,LSHADE-N540,45,15000,103066.810608793
3,LSHADE-N540,45,18000,103066.810608793
3,LSHADE-N540,45,21000,103066.810608793
3,LSHADE-N540,45,24000,103066.810608793
3,LSHADE-N540,45,27000,90058.8348788607
3,LSHADE-N540,45,30000,38826.3397865049
3,LSHADE-N540,45,33000,16727.7920079414
3,LSHADE-N540,45,36000,4149.70235467096
3,LSHADE-N540,45,39000,1632.00921356671
3,LSHADE-N540,45,42000,272.876437256405
3,LSHADE-N540,45,45000,46.1723369651691
3,LSHADE-N540,45,48000,10.8173729079622
3,LSHADE-N540,45,51000,2.29543231715871
3,LSHADE-N540,45,54000,0.824663837169226
3,LSHADE-N540,45,57000,0.254432001316502
3,LSHADE-N540,45,60000,0.0518305895018329
4,LSHADE-N540,41,3000,7158.46287425964
4,LSHADE-N540,41,6000,2275.02104682845
4,LSHADE-N540,41,9000,1146.32153732741
4,LSHADE-N540,41,12000,786.207348216963
4,LSHADE-N540,41,15000,444.624499945313
4,LSHADE-N540,41,18000,329.444844348982
4,LSHADE-N540,41,21000,211.825757196051
4,LSHADE-N540,41,24000,158.661055778512
4,LSHADE-N540,41,27000,117.133193854736
4,LSHADE-N540,41,30000,101.386548655112
4,LSHADE-N540,41,33000,93.1144403765369
4,LSHADE-N540,41,36000,91.3713805668183
4,LSHADE-N540,41,39000,90.3446628666973
4,LSHADE-N540,41,42000,89.7409246581464
4,LSHADE-N540,41,45000,88.3243533206028
4,LSHADE-N540,41,48000,87.6293220818479
4,LSHADE-N540,41,51000,86.878175434226
4,LSHADE-N540,41,54000,86.3047835824702
4,LSHADE-N540,41,57000,85.7384803456183
4,LSHADE-N540,41,60000,84.3543688873887
4,LSHADE-N540,42,3000,11380.2517130177
4,LSHADE-N540,42,6000,2108.45122698394
4,LSHADE-N540,42,9000,1270.86819717976
4,LSHADE-N540,42,12000,849.016882872874
4,LSHADE-N540,42,15000,398.514508899506
4,LSHADE-N540,42,18000,247.821247112272
4,LSHADE-N540,42,21000,210.267766803753
4,LSHADE-N540,42,24000,147.020813155161
4,LSHADE-N540,42,27000,119.033559671685
4,LSHADE-N540,42,30000,101.376359317017
4,LSHADE-N540,42,33000,94.1567625045847
4,LSHADE-N540,42,36000,90.9494409591891
4,LSHADE-N540,42,39000,90.2717772003611
4,LSHADE-N540,42,42000,89.67686702452
4,LSHADE-N540,42,45000,88.5970889737494
4,LSHADE-N540,42,48000,87.9290331805405
4,LSHADE-N540,42,51000,87.3515684496411
4,LSHADE-N540,42,54000,86.5538608912657
4,LSHADE-N540,42,57000,86.3391732606962
4,LSHADE-N540,42,60000,85.7933213053813
4,LSHADE-N540,43,3000,8689.48585803179
4,LSHADE-N540,43,6000,3346.38724555299
4,LSHADE-N540,43,9000,1582.63912322325
4,LSHADE-N540,43,12000,639.993374766938
4,LSHADE-N540,43,15000,431.222950089744
4,LSHADE-N540,43,18000,253.573270230443
4,LSHADE-N540,43,21000,198.289393403533
4,LSHADE-N540,43,24000,133.951633711169
4,LSHADE-N540,43,27000,109.653665432157
4,LSHADE-N540,43,30000,96.8323909592654
4,LSHADE-N540,43,33000,92.521054805464
4,LSHADE-N540,43,36000,90.3139424840813
4,LSHADE-N540,43,39000,88.9148942559075
4,LSHADE-N540,43,42000,87.9522592270011
4,LSHADE-N540,43,45000,86.9843855575144
4,LSHADE-N540,43,48000,86.4310803464754
4,LSHADE-N540,43,51000,86.107041365836
4,LSHADE-N540,43,54000,85.2025762778031
4,LSHADE-N540,43,57000,83.454842764343
4,LSHADE-N540,43,60000,78.6786346950718
4,LSHADE-N540,44,3000,9355.80845911453
4,LSHADE-N540,44,6000,2866.73256803191
4,LSHADE-N540,44,9000,1439.96823431808
4,LSHADE-N540,44,12000,707.535278014898
4,LSHADE-N540,44,15000,441.771254173748
4,LSHADE-N540,44,18000,225.05428166156
4,LSHADE-N540,44,21000,211.44421791115
4,LSHADE-N540,44,24000,149.643005371235
4,LSHADE-N540,44,27000,118.927790670103
4,LSHADE-N540,44,30000,103.959506874059
4,LSHADE-N540,44,33000,98.9735645065299
4,LSHADE-N540,44,36000,92.7112332116371
4,LSHADE-N540,44,39000,90.7436594045463
4,LSHADE-N540,44,42000,90.3562381422893
4,LSHADE-N540,44,45000,90.0950689013192
4,LSHADE-N540,44,48000,88.6274054844396
4,LSHADE-N540,44,51000,88.0434959020927
4,LSHADE-N540,44,54000,87.8400237353729
4,LSHADE-N540,44,57000,86.7059203927366
4,LSHADE-N540,44,60000,86.3789145609334
4,LSHADE-N540,45,3000,12438.0646376455
4,LSHADE-N540,45,6000,3761.41630250781
4,LSHADE-N540,45,9000,1812.72729822723
4,LSHADE-N540,45,12000,894.996311136535
4,LSHADE-N540,45,15000,471.34170240184
4,LSHADE-N540,45,18000,315.247666103167
4,LSHADE-N540,45,21000,195.887543413395
4,LSHADE-N540,45,24000,140.637649496723
4,LSHADE-N540,45,27000,114.474159473904
4,LSHADE-N540,45,30000,98.0188062147764
4,LSHADE-N540,45,33000,91.6899453885802
4,LSHADE-N540,45,36000,90.3219368722717
4,LSHADE-N540,45,39000,89.5718844186975
4,LSHADE-N540,45,42000,88.3100160161475
4,LSHADE-N540,45,45000,88.0205167644264
4,LSHADE-N540,45,48000,87.7205862166024
4,LSHADE-N540,45,51000,86.5718783502904
4,LSHADE-N540,45,54000,86.3575510609586
4,LSHADE-N540,45,57000,86.3149075808931
4,LSHADE-N540,45,60000,85.7965074027472
5,LSHADE-N540,41,3000,433.871323548955
5,LSHADE-N540,41,6000,345.384175461691
5,LSHADE-N540,41,9000,270.734362107792
5,LSHADE-N540,41,12000,254.079561806997
5,LSHADE-N540,41,15000,254.079561806997
5,LSHADE-N540,41,18000,237.547139278092
5,LSHADE-N540,41,21000,230.628337054931
5,LSHADE-N540,41,24000,230.628337054931
5,LSHADE-N540,41,27000,195.510114786234
5,LSHADE-N540,41,30000,195.510114786234
5,LSHADE-N540,41,33000,195.510114786234
5,LSHADE-N540,41,36000,195.510114786234
5,LSHADE-N540,41,39000,193.626444511935
5,LSHADE-N540,41,42000,166.417982745318
5,LSHADE-N540,41,45000,164.535269326985
5,LSHADE-N540,41,48000,117.858334650294
5,LSHADE-N540,41,51000,114.118737258479
5,LSHADE-N540,41,54000,104.083802013772
5,LSHADE-N540,41,57000,89.9604604685151
5,LSHADE-N540,41,60000,33.2690952215187
5,LSHADE-N540,42,3000,433.042940076169
5,LSHADE-N540,42,6000,279.738690476025
5,LSHADE-N540,42,9000,273.991456676345
5,LSHADE-N540,42,12000,273.991456676345
5,LSHADE-N540,42,15000,225.742114516933
5,LSHADE-N540,42,18000,225.742114516933
5,LSHADE-N540,42,21000,225.742114516933
5,LSHADE-N540,42,24000,225.742114516933
5,LSHADE-N540,42,27000,225.742114516933
5,LSHADE-N540,42,30000,190.327705271804
5,LSHADE-N540,42,33000,190.327705271804
5,LSHADE-N540,42,36000,190.327705271804
5,LSHADE-N540,42,39000,162.557800331556
5,LSHADE-N540,42,42000,157.475439567075
5,LSHADE-N540,42,45000,151.323644124212
5,LSHADE-N540,42,48000,149.598116291202
5,LSHADE-N540,42,51000,131.585244169596
5,LSHADE-N540,42,54000,131.126412683607
5,LSHADE-N540,42,57000,111.161402534663
5,LSHADE-N540,42,60000,34.9462047886266
5,LSHADE-N540,43,3000,371.319590184997
5,LSHADE-N540,43,6000,304.230061969383
5,LSHADE-N540,43,9000,283.820042742772
5,LSHADE-N540,43,12000,268.605019698506
5,LSHADE-N540,43,15000,242.233055732878
5,LSHADE-N540,43,18000,232.040244876467
5,LSHADE-N540,43,21000,228.699353099227
5,LSHADE-N540,43,24000,228.699353099227
5,LSHADE-N540,43,27000,221.560302180983
5,LSHADE-N540,43,30000,201.039365870474
5,LSHADE-N540,43,33000,192.916675176223
5,LSHADE-N540,43,36000,192.916675176223
5,LSHADE-N540,43,39000,169.981725202443
5,LSHADE-N540,43,42000,169.981725202443
5,LSHADE-N540,43,45000,154.769300038602
5,LSHADE-N540,43,48000,151.506979653474
5,LSHADE-N540,43,51000,131.432567123139
5,LSHADE-N540,43,54000,110.595097687344
5,LSHADE-N540,43,57000,82.5480930071431
5,LSHADE-N540,43,60000,30.0061151559166
5,LSHADE-N540,44,3000,397.224807987618
5,LSHADE-N540,44,6000,315.900413252988
5,LSHADE-N540,44,9000,281.928377792103
5,LSHADE-N540,44,12000,280.495237496426
5,LSHADE-N540,44,15000,250.597004753011
5,LSHADE-N540,44,18000,245.421297687731
5,LSHADE-N540,44,21000,198.129244945516
5,LSHADE-N540,44,24000,198.129244945516
5,LSHADE-N540,44,27000,192.9063153887
5,LSHADE-N540,44,30000,189.272147768127
5,LSHADE-N540,44,33000,189.272147768127
5,LSHADE-N540,44,36000,172.496269637819
5,LSHADE-N540,44,39000,172.496269637819
5,LSHADE-N540,44,42000,172.496269637819
5,LSHADE-N540,44,45000,164.893238176576
5,LSHADE-N540,44,48000,164.70145078076
5,LSHADE-N540,44,51000,139.768266305464
5,LSHADE-N540,44,54000,126.101454103522
5,LSHADE-N540,44,57000,100.060229926283
5,LSHADE-N540,44,60000,41.3370915892826
5,LSHADE-N540,45,3000,423.865506377702
5,LSHADE-N540,45,6000,313.574933124077
5,LSHADE-N540,45,9000,297.650743361248
5,LSHADE-N540,45,12000,261.21514780058
5,LSHADE-N540,45,15000,261.21514780058
5,LSHADE-N540,45,18000,200.044086187498
5,LSHADE-N540,45,21000,200.044086187498
5,LSHADE-N540,45,24000,200.044086187498
5,LSHADE-N540,45,27000,200.044086187498
5,LSHADE-N540,45,30000,200.044086187498
5,LSHADE-N540,45,33000,185.792574787775
5,LSHADE-N540,45,36000,185.792574787775
5,LSHADE-N540,45,39000,145.079678713038
5,LSHADE-N540,45,42000,142.715503416039
5,LSHADE-N540,45,45000,142.715503416039
5,LSHADE-N540,45,48000,142.715503416039
5,LSHADE-N540,45,51000,112.244817541528
5,LSHADE-N540,45,54000,110.789164247616
5,LSHADE-N540,45,57000,76.2007067395589
5,LSHADE-N540,45,60000,37.9446624150352
6,LSHADE-N540,41,3000,88.2227082044425
6,LSHADE-N540,41,6000,54.2093314405462
6,LSHADE-N540,41,9000,48.5388009979426
6,LSHADE-N540,41,12000,42.4101736220022
6,LSHADE-N540,41,15000,32.8969347964207
6,LSHADE-N540,41,18000,27.4462143648739
6,LSHADE-N540,41,21000,23.8525422463864
6,LSHADE-N540,41,24000,15.7511218552364
6,LSHADE-N540,41,27000,10.2344685999058
6,LSHADE-N540,41,30000,8.20326225148779
6,LSHADE-N540,41,33000,4.26716231763226
6,LSHADE-N540,41,36000,2.58544654485831
6,LSHADE-N540,41,39000,1.77467033485891
6,LSHADE-N540,41,42000,0.743709403681805
6,LSHADE-N540,41,45000,0.238711459468277
6,LSHADE-N540,41,48000,0.102058799806173
6,LSHADE-N540,41,51000,0.0459751214174275
6,LSHADE-N540,41,54000,0.0139835983765124
6,LSHADE-N540,41,57000,0.00343199107658165
6,LSHADE-N540,41,60000,0.000725903898000979
6,LSHADE-N540,42,3000,89.2780155195493
6,LSHADE-N540,42,6000,53.6264247728603
6,LSHADE-N540,42,9000,53.6264247728603
6,LSHADE-N540,42,12000,41.1319911841629
6,LSHADE-N540,42,15000,34.5658584384282
6,LSHADE-N540,42,18000,29.2448822173742
6,LSHADE-N540,42,21000,25.4932757225268
6,LSHADE-N540,42,24000,14.9667144370832
6,LSHADE-N540,42,27000,11.7315510177219
6,LSHADE-N540,42,30000,6.72948644560734
6,LSHADE-N540,42,33000,4.51740348135411
6,LSHADE-N540,42,36000,2.49507692248176
6,LSHADE-N540,42,39000,1.34634175681845
6,LSHADE-N540,42,42000,0.608010137906035
6,LSHADE-N540,42,45000,0.304031700235896
6,LSHADE-N540,42,48000,0.112858659232529
6,LSHADE-N540,42,51000,0.0307417380843162
6,LSHADE-N540,42,54000,0.00864212077556203
6,LSHADE-N540,42,57000,0.00110060875636009
6,LSHADE-N540,42,60000,0.000487166290440655
6,LSHADE-N540,43,3000,74.0651299775361
6,LSHADE-N540,43,6000,62.1831975431571
6,LSHADE-N540,43,9000,48.0405861117483
6,LSHADE-N540,43,12000,46.4488601925672
6,LSHADE-N540,43,15000,33.0519129099065
6,LSHADE-N540,43,18000,24.1124056632681
6,LSHADE-N540,43,21000,19.7108468270305
6,LSHADE-N540,43,24000,14.1258008409557
6,LSHADE-N540,43,27000,8.49809824831016
6,LSHADE-N540,43,30000,6.0338753394667
6,LSHADE-N540,43,33000,3.46119299482768
6,LSHADE-N540,43,36000,1.84024398186045
6,LSHADE-N540,43,39000,0.944412538356914
6,LSHADE-N540,43,42000,0.441153280408003
6,LSHADE-N540,43,45000,0.196065192127662
6,LSHADE-N540,43,48000,0.0590067863626018
6,LSHADE-N540,43,51000,0.018850072799637
6,LSHADE-N540,43,54000,0.00506870046274344
6,LSHADE-N540,43,57000,0.000954544992509909
6,LSHADE-N540,43,60000,0.000695118736416589
6,LSHADE-N540,44,3000,84.8272695969844
6,LSHADE-N540,44,6000,60.4150233567276
6,LSHADE-N540,44,9000,51.2293324381835
6,LSHADE-N540,44,12000,42.2096613443611
6,LSHADE-N540,44,15000,38.5185617817328
6,LSHADE-N540,44,18000,32.0787457062672
6,LSHADE-N540,44,21000,22.3702745793582
6,LSHADE-N540,44,24000,15.9187570644556
6,LSHADE-N540,44,27000,9.13439341055278
6,LSHADE-N540,44,30000,7.46832279218415
6,LSHADE-N540,44,33000,3.91599527796882
6,LSHADE-N540,44,36000,1.7370557089464
6,LSHADE-N540,44,39000,1.04303703241339
6,LSHADE-N540,44,42000,0.578411529610889
6,LSHADE-N540,44,45000,0.252705303692665
6,LSHADE-N540,44,48000,0.089222592036549
6,LSHADE-N540,44,51000,0.0304565359570006
6,LSHADE-N540,44,54000,0.0061077618638592
6,LSHADE-N540,44,57000,0.00232378128566779
6,LSHADE-N540,44,60000,0.0010540560225536
6,LSHADE-N540,45,3000,85.1658598180934
6,LSHADE-N540,45,6000,62.3858621270988
6,LSHADE-N540,45,9000,54.2888961948852
6,LSHADE-N540,45,12000,46.1522484908563
6,LSHADE-N540,45,15000,38.6647816285828
6,LSHADE-N540,45,18000,24.7104479984156
6,LSHADE-N540,45,21000,21.0785104505284
6,LSHADE-N540,45,24000,15.0365132978484
6,LSHADE-N540,45,27000,11.0409004506695
6,LSHADE-N540,45,30000,6.0979881257648
6,LSHADE-N540,45,33000,4.13449920550909
6,LSHADE-N540,45,36000,2.16903905561514
6,LSHADE-N540,45,39000,0.89888296606739
6,LSHADE-N540,45,42000,0.465095378028423
6,LSHADE-N540,45,45000,0.195907411272287
6,LSHADE-N540,45,48000,0.0635262693774621
6,LSHADE-N540,45,51000,0.0188788492941967
6,LSHADE-N540,45,54000,0.00568626144490736
6,LSHADE-N540,45,57000,0.00190743791290515
6,LSHADE-N540,45,60000,0.000533762324494091
7,LSHADE-N540,41,3000,1282.64858134989
7,LSHADE-N540,41,6000,903.490337838894
7,LSHADE-N540,41,9000,700.161506051708
7,LSHADE-N540,41,12000,508.275263868371
7,LSHADE-N540,41,15000,400.039998293115
7,LSHADE-N540,41,18000,315.894055843578
7,LSHADE-N540,41,21000,273.425847642051
7,LSHADE-N540,41,24000,273.425847642051
7,LSHADE-N540,41,27000,232.612982151285
7,LSHADE-N540,41,30000,232.612982151285
7,LSHADE-N540,41,33000,220.178902177069
7,LSHADE-N540,41,36000,220.178902177069
7,LSHADE-N540,41,39000,204.190313148488
7,LSHADE-N540,41,42000,204.190313148488
7,LSHADE-N540,41,45000,188.06616105594
7,LSHADE-N540,41,48000,185.539537009405
7,LSHADE-N540,41,51000,159.995064756398
7,LSHADE-N540,41,54000,157.033125389448
7,LSHADE-N540,41,57000,123.532128872651
7,LSHADE-N540,41,60000,67.2396571847224
7,LSHADE-N540,42,3000,1352.52996453501
7,LSHADE-N540,42,6000,926.38989748019
7,LSHADE-N540,42,9000,574.438097460884
7,LSHADE-N540,42,12000,503.799339456107
7,LSHADE-N540,42,15000,369.043664547249
7,LSHADE-N540,42,18000,314.967482978128
7,LSHADE-N540,42,21000,272.917111236859
7,LSHADE-N540,42,24000,242.617840799144
7,LSHADE-N540,42,27000,234.861180213188
7,LSHADE-N540,42,30000,218.017711164257
7,LSHADE-N540,42,33000,218.017711164257
7,LSHADE-N540,42,36000,215.164632695749
7,LSHADE-N540,42,39000,215.164632695749
7,LSHADE-N540,42,42000,215.164632695749
7,LSHADE-N540,42,45000,184.918020651947
7,LSHADE-N540,42,48000,182.500330744895
7,LSHADE-N540,42,51000,165.573626475419
7,LSHADE-N540,42,54000,144.737929035206
7,LSHADE-N540,42,57000,112.799378283632
7,LSHADE-N540,42,60000,70.3270886781502
7,LSHADE-N540,43,3000,1240.79461390936
7,LSHADE-N540,43,6000,913.041196573315
7,LSHADE-N540,43,9000,638.80273321412
7,LSHADE-N540,43,12000,456.975065788891
7,LSHADE-N540,43,15000,366.766209676836
7,LSHADE-N540,43,18000,326.296598262621
7,LSHADE-N540,43,21000,265.283007426968
7,LSHADE-N540,43,24000,265.283007426968
7,LSHADE-N540,43,27000,240.354579201103
7,LSHADE-N540,43,30000,240.354579201103
7,LSHADE-N540,43,33000,206.897159105884
7,LSHADE-N540,43,36000,206.897159105884
7,LSHADE-N540,43,39000,192.883064752649
7,LSHADE-N540,43,42000,192.883064752649
7,LSHADE-N540,43,45000,169.805310010709
7,LSHADE-N540,43,48000,169.805310010709
7,LSHADE-N540,43,51000,165.322073519883
7,LSHADE-N540,43,54000,163.287628297736
7,LSHADE-N540,43,57000,131.329216638726
7,LSHADE-N540,43,60000,74.1935205054846
7,LSHADE-N540,44,3000,1306.8909269892
7,LSHADE-N540,44,6000,843.55103419909
7,LSHADE-N540,44,9000,644.928680762687
7,LSHADE-N540,44,12000,512.421998306414
7,LSHADE-N540,44,15000,300.547285382435
7,LSHADE-N540,44,18000,300.547285382435
7,LSHADE-N540,44,21000,295.35873716165
7,LSHADE-N540,44,24000,258.422361245999
7,LSHADE-N540,44,27000,250.15551872869
7,LSHADE-N540,44,30000,220.921180933668
7,LSHADE-N540,44,33000,220.921180933668
7,LSHADE-N540,44,36000,220.921180933668
7,LSHADE-N540,44,39000,213.457123093974
7,LSHADE-N540,44,42000,193.749571313246
7,LSHADE-N540,44,45000,182.797188734261
7,LSHADE-N540,44,48000,182.797188734261
7,LSHADE-N540,44,51000,171.03336402919
7,LSHADE-N540,44,54000,167.989573867532
7,LSHADE-N540,44,57000,134.104822868167
7,LSHADE-N540,44,60000,80.008672431659
7,LSHADE-N540,45,3000,1467.23695094816
7,LSHADE-N540,45,6000,861.752538389377
7,LSHADE-N540,45,9000,660.746915402642
7,LSHADE-N540,45,12000,485.298203117391
7,LSHADE-N540,45,15000,373.855377553338
7,LSHADE-N540,45,18000,316.664185742446
7,LSHADE-N540,45,21000,287.115653396155
7,LSHADE-N540,45,24000,258.106416590611
7,LSHADE-N540,45,27000,250.743252628706
7,LSHADE-N540,45,30000,234.466458523591
7,LSHADE-N540,45,33000,234.466458523591
7,LSHADE-N540,45,36000,201.206900456741
7,LSHADE-N540,45,39000,201.206900456741
7,LSHADE-N540,45,42000,201.206900456741
7,LSHADE-N540,45,45000,179.879262632548
7,LSHADE-N540,45,48000,178.539248720239
7,LSHADE-N540,45,51000,173.722510027148
7,LSHADE-N540,45,54000,163.498865325626
7,LSHADE-N540,45,57000,154.361440641303
7,LSHADE-N540,45,60000,78.4403595907622
8,LSHADE-N540,41,3000,410.382095321664
8,LSHADE-N540,41,6000,319.986584870289
8,LSHADE-N540,41,9000,282.784969463014
8,LSHADE-N540,41,12000,257.486089377292
8,LSHADE-N540,41,15000,221.691104396556
8,LSHADE-N540,41,18000,221.691104396556
8,LSHADE-N540,41,21000,221.691104396556
8,LSHADE-N540,41,24000,221.691104396556
8,LSHADE-N540,41,27000,190.552504971535
8,LSHADE-N540,41,30000,190.552504971535
8,LSHADE-N540,41,33000,184.199615443331
8,LSHADE-N540,41,36000,184.199615443331
8,LSHADE-N540,41,39000,170.913871785393
8,LSHADE-N540,41,42000,161.938159892984
8,LSHADE-N540,41,45000,159.223840568167
8,LSHADE-N540,41,48000,155.265999526002
8,LSHADE-N540,41,51000,125.935486983432
8,LSHADE-N540,41,54000,101.784842339459
8,LSHADE-N540,41,57000,82.7085447180087
8,LSHADE-N540,41,60000,43.569813067968
8,LSHADE-N540,42,3000,390.96929100092
8,LSHADE-N540,42,6000,290.861476596012
8,LSHADE-N540,42,9000,290.861476596012
8,LSHADE-N540,42,12000,258.184179191224
8,LSHADE-N540,42,15000,257.381311831179
8,LSHADE-N540,42,18000,236.367953573775
8,LSHADE-N540,42,21000,224.811475565615
8,LSHADE-N540,42,24000,214.208640027513
8,LSHADE-N540,42,27000,195.696417136103
8,LSHADE-N540,42,30000,195.696417136103
8,LSHADE-N540,42,33000,195.696417136103
8,LSHADE-N540,42,36000,195.696417136103
8,LSHADE-N540,42,39000,195.198915787868
8,LSHADE-N540,42,42000,188.637008115277
8,LSHADE-N540,42,45000,179.646863063991
8,LSHADE-N540,42,48000,152.855079901977
8,LSHADE-N540,42,51000,129.058245715417
8,LSHADE-N540,42,54000,124.794509850494
8,LSHADE-N540,42,57000,76.2152415690066
8,LSHADE-N540,42,60000,32.5962417556567
8,LSHADE-N540,43,3000,354.306251826024
8,LSHADE-N540,43,6000,310.017072807416
8,LSHADE-N540,43,9000,307.255319726353
8,LSHADE-N540,43,12000,208.894980882793
8,LSHADE-N540,43,15000,208.894980882793
8,LSHADE-N540,43,18000,208.894980882793
8,LSHADE-N540,43,21000,208.894980882793
8,LSHADE-N540,43,24000,208.894980882793
8,LSHADE-N540,43,27000,205.266074185137
8,LSHADE-N540,43,30000,205.266074185137
8,LSHADE-N540,43,33000,202.672036718351
8,LSHADE-N540,43,36000,193.664173358818
8,LSHADE-N540,43,39000,183.426968569422
8,LSHADE-N540,43,42000,173.129257736938
8,LSHADE-N540,43,45000,164.206048023148
8,LSHADE-N540,43,48000,158.658089513963
8,LSHADE-N540,43,51000,147.377056632825
8,LSHADE-N540,43,54000,134.576674597026
8,LSHADE-N540,43,57000,99.2456491978728
8,LSHADE-N540,43,60000,26.2408001660604
8,LSHADE-N540,44,3000,403.450498442493
8,LSHADE-N540,44,6000,333.103934648181
8,LSHADE-N540,44,9000,268.661371210779
8,LSHADE-N540,44,12000,268.661371210779
8,LSHADE-N540,44,15000,246.077323212432
8,LSHADE-N540,44,18000,245.52466873311
8,LSHADE-N540,44,21000,217.685555612831
8,LSHADE-N540,44,24000,217.685555612831
8,LSHADE-N540,44,27000,216.564785802641
8,LSHADE-N540,44,30000,196.976649675034
8,LSHADE-N540,44,33000,196.976649675034
8,LSHADE-N540,44,36000,193.960771248371
8,LSHADE-N540,44,39000,175.698148791957
8,LSHADE-N540,44,42000,175.070349712766
8,LSHADE-N540,44,45000,136.851586045492
8,LSHADE-N540,44,48000,136.851586045492
8,LSHADE-N540,44,51000,129.258446171972
8,LSHADE-N540,44,54000,126.506761196073
8,LSHADE-N540,44,57000,94.031908863529
8,LSHADE-N540,44,60000,34.0734484942453
8,LSHADE-N540,45,3000,377.437912020285
8,LSHADE-N540,45,6000,309.256905052648
8,LSHADE-N540,45,9000,294.771330427227
8,LSHADE-N540,45,12000,253.155220854751
8,LSHADE-N540,45,15000,253.155220854751
8,LSHADE-N540,45,18000,239.384087536863
8,LSHADE-N540,45,21000,239.384087536863
8,LSHADE-N540,45,24000,229.997676587745
8,LSHADE-N540,45,27000,163.677812495679
8,LSHADE-N540,45,30000,163.677812495679
8,LSHADE-N540,45,33000,163.677812495679
8,LSHADE-N540,45,36000,163.677812495679
8,LSHADE-N540,45,39000,156.95106992126
8,LSHADE-N540,45,42000,156.95106992126
8,LSHADE-N540,45,45000,142.790564847553
8,LSHADE-N540,45,48000,101.837461313096
8,LSHADE-N540,45,51000,101.837461313096
8,LSHADE-N540,45,54000,99.4595861645404
8,LSHADE-N540,45,57000,94.17231627623
8,LSHADE-N540,45,60000,31.755740817354
9,LSHADE-N540,41,3000,14620.393170214
9,LSHADE-N540,41,6000,9842.19856197046
9,LSHADE-N540,41,9000,5055.47869720163
9,LSHADE-N540,41,12000,4169.98305434972
9,LSHADE-N540,41,15000,4169.98305434972
9,LSHADE-N540,41,18000,2534.56691351531
9,LSHADE-N540,41,21000,1361.64062493394
9,LSHADE-N540,41,24000,743.402942890058
9,LSHADE-N540,41,27000,378.658913708643
9,LSHADE-N540,41,30000,82.2536898648357
9,LSHADE-N540,41,33000,53.4596137052496
9,LSHADE-N540,41,36000,10.1073243441554
9,LSHADE-N540,41,39000,2.20474814961619
9,LSHADE-N540,41,42000,0.627829143035456
9,LSHADE-N540,41,45000,0.0643652916565998
9,LSHADE-N540,41,48000,0.0024701007563408
9,LSHADE-N540,41,51000,8.25744535859485e-05
9,LSHADE-N540,41,54000,1.71560327544285e-06
9,LSHADE-N540,41,57000,9.79298420134e-09
9,LSHADE-N540,41,60000,2.94448909698986e-11
9,LSHADE-N540,42,3000,9408.8446786806
9,LSHADE-N540,42,6000,9408.8446786806
9,LSHADE-N540,42,9000,5378.75413266435
9,LSHADE-N540,42,12000,4701.24140093682
9,LSHADE-N540,42,15000,3515.75844956795
9,LSHADE-N540,42,18000,2092.02065681753
9,LSHADE-N540,42,21000,716.594338462084
9,LSHADE-N540,42,24000,607.061287465814
9,LSHADE-N540,42,27000,188.53885127579
9,LSHADE-N540,42,30000,36.3250345703265
9,LSHADE-N540,42,33000,21.9065073302188
9,LSHADE-N540,42,36000,7.98113258684759
9,LSHADE-N540,42,39000,1.4930286224494
9,LSHADE-N540,42,42000,0.510028197599922
9,LSHADE-N540,42,45000,0.0445980404148258
9,LSHADE-N540,42,48000,0.00153659392935879
9,LSHADE-N540,42,51000,4.23321156404199e-05
9,LSHADE-N540,42,54000,4.42991790805536e-07
9,LSHADE-N540,42,57000,2.97018232231494e-09
9,LSHADE-N540,42,60000,8.86757334228605e-12
9,LSHADE-N540,43,3000,11181.5594728069
9,LSHADE-N540,43,6000,6713.3506065743
9,LSHADE-N540,43,9000,6713.3506065743
9,LSHADE-N540,43,12000,4578.31162165438
9,LSHADE-N540,43,15000,3195.74890790518
9,LSHADE-N540,43,18000,1794.41634050821
9,LSHADE-N540,43,21000,1327.1240734073
9,LSHADE-N540,43,24000,478.283650101356
9,LSHADE-N540,43,27000,334.487613950593
9,LSHADE-N540,43,30000,123.471790497581
9,LSHADE-N540,43,33000,30.7678404080114
9,LSHADE-N540,43,36000,9.60963100456013
9,LSHADE-N540,43,39000,3.04417997177359
9,LSHADE-N540,43,42000,0.67525355293526
9,LSHADE-N540,43,45000,0.108689738781209
9,LSHADE-N540,43,48000,0.00375422272657033
9,LSHADE-N540,43,51000,7.45918588336281e-05
9,LSHADE-N540,43,54000,1.2261929214219e-06
9,LSHADE-N540,43,57000,1.0766143532237e-08
9,LSHADE-N540,43,60000,3.2855496101547e-11
9,LSHADE-N540,44,3000,15353.4787557073
9,LSHADE-N540,44,6000,7223.71124039142
9,LSHADE-N540,44,9000,6615.1293814328
9,LSHADE-N540,44,12000,4779.53043635677
9,LSHADE-N540,44,15000,3004.66282270036
9,LSHADE-N540,44,18000,1772.08327009393
9,LSHADE-N540,44,21000,1002.99856143409
9,LSHADE-N540,44,24000,484.849295392366
9,LSHADE-N540,44,27000,216.683105560478
9,LSHADE-N540,44,30000,62.2849445269418
9,LSHADE-N540,44,33000,17.2837991235386
9,LSHADE-N540,44,36000,7.92825430611731
9,LSHADE-N540,44,39000,1.38334831315672
9,LSHADE-N540,44,42000,0.415736288009384
9,LSHADE-N540,44,45000,0.0537139135698226
9,LSHADE-N540,44,48000,0.00248615886550851
9,LSHADE-N540,44,51000,7.18246903943509e-05
9,LSHADE-N540,44,54000,1.29380646285426e-06
9,LSHADE-N540,44,57000,2.02619503397727e-08
9,LSHADE-N540,44,60000,9.36779542826116e-11
9,LSHADE-N540,45,3000,15185.7138496449
9,LSHADE-N540,45,6000,8419.48483824878
9,LSHADE-N540,45,9000,7566.54846593335
9,LSHADE-N540,45,12000,5975.55209954582
9,LSHADE-N540,45,15000,4054.51293880988
9,LSHADE-N540,45,18000,2614.79890358059
9,LSHADE-N540,45,21000,1392.61619091116
9,LSHADE-N540,45,24000,1046.09269107048
9,LSHADE-N540,45,27000,351.301307176705
9,LSHADE-N540,45,30000,97.9408423646015
9,LSHADE-N540,45,33000,53.8570076071945
9,LSHADE-N540,45,36000,14.6296130308458
9,LSHADE-N540,45,39000,2.85024790279328
9,LSHADE-N540,45,42000,1.03720349948264
9,LSHADE-N540,45,45000,0.162845767226258
9,LSHADE-N540,45,48000,0.00721677819808519
9,LSHADE-N540,45,51000,0.00017972062323679
9,LSHADE-N540,45,54000,2.51013386787236e-06
9,LSHADE-N540,45,57000,1.01748582892469e-08
9,LSHADE-N540,45,60000,4.44515535491519e-11
10,LSHADE-N540,41,3000,7651.6935631238
10,LSHADE-N540,41,6000,7651.6935631238
10,LSHADE-N540,41,9000,7651.6935631238
10,LSHADE-N540,41,12000,7651.6935631238
10,LSHADE-N540,41,15000,7651.6935631238
10,LSHADE-N540,41,18000,7651.6935631238
10,LSHADE-N540,41,21000,7630.44681989528
10,LSHADE-N540,41,24000,7630.44681989528
10,LSHADE-N540,41,27000,7630.44681989528
10,LSHADE-N540,41,30000,7630.44681989528
10,LSHADE-N540,41,33000,7630.44681989528
10,LSHADE-N540,41,36000,7552.5799938002
10,LSHADE-N540,41,39000,7552.5799938002
10,LSHADE-N540,41,42000,7385.05202466922
10,LSHADE-N540,41,45000,6329.99451017244
10,LSHADE-N540,41,48000,5867.32416836601
10,LSHADE-N540,41,51000,5867.32416836601
10,LSHADE-N540,41,54000,5606.20531202963
10,LSHADE-N540,41,57000,5029.62468319103
10,LSHADE-N540,41,60000,3337.30637131733
10,LSHADE-N540,42,3000,7791.20177626948
10,LSHADE-N540,42,6000,7791.20177626948
10,LSHADE-N540,42,9000,7791.20177626948
10,LSHADE-N540,42,12000,7791.20177626948
10,LSHADE-N540,42,15000,7791.20177626948
10,LSHADE-N540,42,18000,7791.20177626948
10,LSHADE-N540,42,21000,7574.77613088326
10,LSHADE-N540,42,24000,7574.77613088326
10,LSHADE-N540,42,27000,7574.77613088326
10,LSHADE-N540,42,30000,7574.77613088326
10,LSHADE-N540,42,33000,7574.77613088326
10,LSHADE-N540,42,36000,6345.18510058174
10,LSHADE-N540,42,39000,6281.24033836754
10,LSHADE-N540,42,42000,6281.24033836754
10,LSHADE-N540,42,45000,6216.81218730102
10,LSHADE-N540,42,48000,5863.29286695408
10,LSHADE-N540,42,51000,5598.15892262746
10,LSHADE-N540,42,54000,5457.53940975137
10,LSHADE-N540,42,57000,4730.58128898264
10,LSHADE-N540,42,60000,3107.61173642139
10,LSHADE-N540,43,3000,8320.68616625488
10,LSHADE-N540,43,6000,7770.65376597296
10,LSHADE-N540,43,9000,7770.65376597296
10,LSHADE-N540,43,12000,7770.65376597296
10,LSHADE-N540,43,15000,7770.65376597296
10,LSHADE-N540,43,18000,7770.65376597296
10,LSHADE-N540,43,21000,7770.65376597296
10,LSHADE-N540,43,24000,7770.65376597296
10,LSHADE-N540,43,27000,7770.65376597296
10,LSHADE-N540,43,30000,7770.65376597296
10,LSHADE-N540,43,33000,7639.52244676295
10,LSHADE-N540,43,36000,7639.52244676295
10,LSHADE-N540,43,39000,6590.58121651453
10,LSHADE-N540,43,42000,6590.58121651453
10,LSHADE-N540,43,45000,6005.05679950953
10,LSHADE-N540,43,48000,6005.05679950953
10,LSHADE-N540,43,51000,5558.0967834737
10,LSHADE-N540,43,54000,5188.69722601882
10,LSHADE-N540,43,57000,4406.96877138709
10,LSHADE-N540,43,60000,3095.33337006324
10,LSHADE-N540,44,3000,8292.59114738796
10,LSHADE-N540,44,6000,8292.59114738796
10,LSHADE-N540,44,9000,8115.2636351328
10,LSHADE-N540,44,12000,8115.2636351328
10,LSHADE-N540,44,15000,7547.55846996591
10,LSHADE-N540,44,18000,7547.55846996591
10,LSHADE-N540,44,21000,7547.55846996591
10,LSHADE-N540,44,24000,7547.55846996591
10,LSHADE-N540,44,27000,7547.55846996591
10,LSHADE-N540,44,30000,7547.55846996591
10,LSHADE-N540,44,33000,7547.55846996591
10,LSHADE-N540,44,36000,7547.55846996591
10,LSHADE-N540,44,39000,7211.87276737576
10,LSHADE-N540,44,42000,7211.87276737576
10,LSHADE-N540,44,45000,6917.03484300409
10,LSHADE-N540,44,48000,6805.70262078193
10,LSHADE-N540,44,51000,6805.70262078193
10,LSHADE-N540,44,54000,6527.98324227478
10,LSHADE-N540,44,57000,5712.27942284287
10,LSHADE-N540,44,60000,3986.75654176085
10,LSHADE-N540,45,3000,8441.76900539804
10,LSHADE-N540,45,6000,8162.42980532275
10,LSHADE-N540,45,9000,8008.34609983517
10,LSHADE-N540,45,12000,8008.34609983517
10,LSHADE-N540,45,15000,7617.43171639787
10,LSHADE-N540,45,18000,7617.43171639787
10,LSHADE-N540,45,21000,7617.43171639787
10,LSHADE-N540,45,24000,7617.43171639787
10,LSHADE-N540,45,27000,7617.43171639787
10,LSHADE-N540,45,30000,7617.43171639787
10,LSHADE-N540,45,33000,7617.43171639787
10,LSHADE-N540,45,36000,7617.43171639787
10,LSHADE-N540,45,39000,7189.40526692422
10,LSHADE-N540,45,42000,6768.12713938986
10,LSHADE-N540,45,45000,6601.04494037417
10,LSHADE-N540,45,48000,6517.37083715913
10,LSHADE-N540,45,51000,5732.88534186289
10,LSHADE-N540,45,54000,5312.65573509888
10,LSHADE-N540,45,57000,4587.43049140837
10,LSHADE-N540,45,60000,3185.40475308633
11,LSHADE-N540,41,3000,9512.94167171441
11,LSHADE-N540,41,6000,8394.65302417087
11,LSHADE-N540,41,9000,7301.87048744508
11,LSHADE-N540,41,12000,6814.30868284872
11,LSHADE-N540,41,15000,4084.5020403335
11,LSHADE-N540,41,18000,2688.35466893352
11,LSHADE-N540,41,21000,1093.42918085625
11,LSHADE-N540,41,24000,627.0922623953
11,LSHADE-N540,41,27000,383.799797012723
11,LSHADE-N540,41,30000,242.37982209702
11,LSHADE-N540,41,33000,170.590945239476
11,LSHADE-N540,41,36000,164.610362957733
11,LSHADE-N540,41,39000,124.486768307894
11,LSHADE-N540,41,42000,124.486768307894
11,LSHADE-N540,41,45000,120.103958563645
11,LSHADE-N540,41,48000,110.906379006615
11,LSHADE-N540,41,51000,99.7276795498749
11,LSHADE-N540,41,54000,94.1877901446962
11,LSHADE-N540,41,57000,88.7588757664455
11,LSHADE-N540,41,60000,77.6339384255655
11,LSHADE-N540,42,3000,12993.3736962746
11,LSHADE-N540,42,6000,8250.27503030146
11,LSHADE-N540,42,9000,6952.14349658301
11,LSHADE-N540,42,12000,5161.98771350196
11,LSHADE-N540,42,15000,3574.44650848528
11,LSHADE-N540,42,18000,2199.29550876417
11,LSHADE-N540,42,21000,989.586187903687
11,LSHADE-N540,42,24000,615.580274633697
11,LSHADE-N540,42,27000,386.646431181452
11,LSHADE-N540,42,30000,233.264574749133
11,LSHADE-N540,42,33000,188.066189696448
11,LSHADE-N540,42,36000,161.987889436441
11,LSHADE-N540,42,39000,136.462470009787
11,LSHADE-N540,42,42000,120.261110557261
11,LSHADE-N540,42,45000,112.589203849533
11,LSHADE-N540,42,48000,109.618854978036
11,LSHADE-N540,42,51000,96.4355752583574
11,LSHADE-N540,42,54000,89.2448825564261
11,LSHADE-N540,42,57000,77.7710876975057
11,LSHADE-N540,42,60000,68.9751097873564
11,LSHADE-N540,43,3000,12334.3675325106
11,LSHADE-N540,43,6000,6246.98999965366
11,LSHADE-N540,43,9000,6246.98999965366
11,LSHADE-N540,43,12000,4086.20425355736
11,LSHADE-N540,43,15000,3728.89669601547
11,LSHADE-N540,43,18000,1901.46736874622
11,LSHADE-N540,43,21000,1017.71896337698
11,LSHADE-N540,43,24000,499.424278661223
11,LSHADE-N540,43,27000,321.068627986125
11,LSHADE-N540,43,30000,203.71543143409
11,LSHADE-N540,43,33000,162.607469783597
11,LSHADE-N540,43,36000,142.355211009276
11,LSHADE-N540,43,39000,131.555302041602
11,LSHADE-N540,43,42000,121.036500331707
11,LSHADE-N540,43,45000,102.51285238621
11,LSHADE-N540,43,48000,100.893753161767
11,LSHADE-N540,43,51000,89.3293611585007
11,LSHADE-N540,43,54000,79.3928414253924
11,LSHADE-N540,43,57000,71.1447349179189
11,LSHADE-N540,43,60000,47.7486906130428
11,LSHADE-N540,44,3000,11161.3332508706
11,LSHADE-N540,44,6000,8057.56273516456
11,LSHADE-N540,44,9000,5953.55207528803
11,LSHADE-N540,44,12000,5953.55207528803
11,LSHADE-N540,44,15000,3582.42612839094
11,LSHADE-N540,44,18000,3474.64290478506
11,LSHADE-N540,44,21000,1889.89713275431
11,LSHADE-N540,44,24000,782.261310332125
11,LSHADE-N540,44,27000,432.714779715322
11,LSHADE-N540,44,30000,241.351359160341
11,LSHADE-N540,44,33000,182.848171203299
11,LSHADE-N540,44,36000,148.350362599027
11,LSHADE-N540,44,39000,148.320941686922
11,LSHADE-N540,44,42000,140.480979861646
11,LSHADE-N540,44,45000,106.206199386156
11,LSHADE-N540,44,48000,106.206199386156
11,LSHADE-N540,44,51000,100.685432255228
11,LSHADE-N540,44,54000,92.0464597764581
11,LSHADE-N540,44,57000,77.0121453902943
11,LSHADE-N540,44,60000,69.5357414566186
11,LSHADE-N540,45,3000,9979.98797414544
11,LSHADE-N540,45,6000,8046.56537826555
11,LSHADE-N540,45,9000,7569.16909259842
11,LSHADE-N540,45,12000,5436.45170474595
11,LSHADE-N540,45,15000,4592.39015826731
11,LSHADE-N540,45,18000,2714.58153039338
11,LSHADE-N540,45,21000,1306.04311805039
11,LSHADE-N540,45,24000,645.045688280842
11,LSHADE-N540,45,27000,329.03319403669
11,LSHADE-N540,45,30000,277.251226149838
11,LSHADE-N540,45,33000,202.903985949267
11,LSHADE-N540,45,36000,159.86927306042
11,LSHADE-N540,45,39000,138.673129152401
11,LSHADE-N540,45,42000,136.907787983633
11,LSHADE-N540,45,45000,122.779601500848
11,LSHADE-N540,45,48000,96.6748783375397
11,LSHADE-N540,45,51000,96.6748783375397
11,LSHADE-N540,45,54000,93.9911623494709
11,LSHADE-N540,45,57000,87.2385431821263
11,LSHADE-N540,45,60000,75.5276803610511
12,LSHADE-N540,41,3000,6538859711.39064
12,LSHADE-N540,41,6000,2687545628.23573
12,LSHADE-N540,41,9000,1742001223.30176
12,LSHADE-N540,41,12000,828028186.8372
12,LSHADE-N540,41,15000,270000634.166053
12,LSHADE-N540,41,18000,270000634.166053
12,LSHADE-N540,41,21000,97817710.0613322
12,LSHADE-N540,41,24000,43854315.204855
12,LSHADE-N540,41,27000,11346988.8531544
12,LSHADE-N540,41,30000,4367821.19457134
12,LSHADE-N540,41,33000,1011650.89763545
12,LSHADE-N540,41,36000,191545.282540508
12,LSHADE-N540,41,39000,83128.1712960732
12,LSHADE-N540,41,42000,18676.2697519447
12,LSHADE-N540,41,45000,5278.47220641877
12,LSHADE-N540,41,48000,3776.43937356092
12,LSHADE-N540,41,51000,3226.21282582003
12,LSHADE-N540,41,54000,2999.99712869941
12,LSHADE-N540,41,57000,2783.15953559319
12,LSHADE-N540,41,60000,2665.5014632606
12,LSHADE-N540,42,3000,4427586290.23221
12,LSHADE-N540,42,6000,2111221931.81339
12,LSHADE-N540,42,9000,1671050509.49141
12,LSHADE-N540,42,12000,705050489.44899
12,LSHADE-N540,42,15000,705050489.44899
12,LSHADE-N540,42,18000,300161829.728643
12,LSHADE-N540,42,21000,168599549.448314
12,LSHADE-N540,42,24000,41668965.1984096
12,LSHADE-N540,42,27000,13608185.6442198
12,LSHADE-N540,42,30000,4443924.11477025
12,LSHADE-N540,42,33000,1625834.45114818
12,LSHADE-N540,42,36000,467254.704099952
12,LSHADE-N540,42,39000,105473.599614876
12,LSHADE-N540,42,42000,25936.1993331939
12,LSHADE-N540,42,45000,11021.1409017208
12,LSHADE-N540,42,48000,6192.77486524447
12,LSHADE-N540,42,51000,4339.68139302881
12,LSHADE-N540,42,54000,2732.32124597273
12,LSHADE-N540,42,57000,2090.42493195203
12,LSHADE-N540,42,60000,1703.78146661744
12,LSHADE-N540,43,3000,7402687987.87543
12,LSHADE-N540,43,6000,2400619804.46689
12,LSHADE-N540,43,9000,1731396702.00747
12,LSHADE-N540,43,12000,619406820.391564
12,LSHADE-N540,43,15000,619406820.391564
12,LSHADE-N540,43,18000,343476708.451845
12,LSHADE-N540,43,21000,99756320.0305247
12,LSHADE-N540,43,24000,41527397.2119374
12,LSHADE-N540,43,27000,15049654.1995419
12,LSHADE-N540,43,30000,4483589.86853294
12,LSHADE-N540,43,33000,1397488.46879168
12,LSHADE-N540,43,36000,669040.161009979
12,LSHADE-N540,43,39000,249682.781474626
12,LSHADE-N540,43,42000,83318.5631975269
12,LSHADE-N540,43,45000,35922.3335349039
12,LSHADE-N540,43,48000,13566.778669244
12,LSHADE-N540,43,51000,9206.7958415059
12,LSHADE-N540,43,54000,7616.25124801637
12,LSHADE-N540,43,57000,6752.55167212854
12,LSHADE-N540,43,60000,5495.53238652456
12,LSHADE-N540,44,3000,7716442367.49121
12,LSHADE-N540,44,6000,2807453605.74676
12,LSHADE-N540,44,9000,1727034737.55952
12,LSHADE-N540,44,12000,1086567097.05656
12,LSHADE-N540,44,15000,617138135.197158
12,LSHADE-N540,44,18000,251404382.27461
12,LSHADE-N540,44,21000,87955119.9023904
12,LSHADE-N540,44,24000,24894609.936567
12,LSHADE-N540,44,27000,13234712.4297181
12,LSHADE-N540,44,30000,3814118.90378809
12,LSHADE-N540,44,33000,1082671.12952016
12,LSHADE-N540,44,36000,279734.846651409
12,LSHADE-N540,44,39000,84337.173412849
12,LSHADE-N540,44,42000,28421.8403219493
12,LSHADE-N540,44,45000,15066.4703211189
12,LSHADE-N540,44,48000,9331.47020674328
12,LSHADE-N540,44,51000,4776.42731150777
12,LSHADE-N540,44,54000,3089.6648808585
12,LSHADE-N540,44,57000,2592.03419433102
12,LSHADE-N540,44,60000,2382.65289989728
12,LSHADE-N540,45,3000,6078410113.39461
12,LSHADE-N540,45,6000,3127998470.6702
12,LSHADE-N540,45,9000,1547521866.07307
12,LSHADE-N540,45,12000,968058361.864599
12,LSHADE-N540,45,15000,396092424.825299
12,LSHADE-N540,45,18000,234428868.482996
12,LSHADE-N540,45,21000,124341600.738953
12,LSHADE-N540,45,24000,30958566.2597806
12,LSHADE-N540,45,27000,11040672.0698402
12,LSHADE-N540,45,30000,3557738.28773982
12,LSHADE-N540,45,33000,662081.814264461
12,LSHADE-N540,45,36000,261363.56900721
12,LSHADE-N540,45,39000,76623.7642727226
12,LSHADE-N540,45,42000,20525.7557691334
12,LSHADE-N540,45,45000,11922.1182307525
12,LSHADE-N540,45,48000,9307.38225702907
12,LSHADE-N540,45,51000,7882.92958113061
12,LSHADE-N540,45,54000,6901.55578164175
12,LSHADE-N540,45,57000,5962.55326399743
12,LSHADE-N540,45,60000,4669.44927351397
13,LSHADE-N540,41,3000,3396776257.81446
13,LSHADE-N540,41,6000,961032123.53438
13,LSHADE-N540,41,9000,483749850.291361
13,LSHADE-N540,41,12000,388381910.855929
13,LSHADE-N540,41,15000,207697977.988185
13,LSHADE-N540,41,18000,85409928.7553003
13,LSHADE-N540,41,21000,25681542.5027325
13,LSHADE-N540,41,24000,15724538.7431111
13,LSHADE-N540,41,27000,4047403.85082107
13,LSHADE-N540,41,30000,1616782.72903049
13,LSHADE-N540,41,33000,288094.276796922
13,LSHADE-N540,41,36000,136308.162812042
13,LSHADE-N540,41,39000,42893.1526279519
13,LSHADE-N540,41,42000,6985.88434365745
13,LSHADE-N540,41,45000,2814.76078334005
13,LSHADE-N540,41,48000,925.488299228828
13,LSHADE-N540,41,51000,447.912867750742
13,LSHADE-N540,41,54000,309.717916327429
13,LSHADE-N540,41,57000,218.729931398814
13,LSHADE-N540,41,60000,164.202618080802
13,LSHADE-N540,42,3000,2691874699.89986
13,LSHADE-N540,42,6000,1644499570.67121
13,LSHADE-N540,42,9000,551364124.79406
13,LSHADE-N540,42,12000,421651653.067806
13,LSHADE-N540,42,15000,80330533.3150524
13,LSHADE-N540,42,18000,77776468.8188315
13,LSHADE-N540,42,21000,23893686.8388625
13,LSHADE-N540,42,24000,13480631.8250695
13,LSHADE-N540,42,27000,7050537.61437756
13,LSHADE-N540,42,30000,1780700.79364541
13,LSHADE-N540,42,33000,425557.765675071
13,LSHADE-N540,42,36000,85469.3589984741
13,LSHADE-N540,42,39000,31517.385376708
13,LSHADE-N540,42,42000,7413.28932778942
13,LSHADE-N540,42,45000,3129.32708443445
13,LSHADE-N540,42,48000,1162.00301258669
13,LSHADE-N540,42,51000,332.440337937298
13,LSHADE-N540,42,54000,210.175518159261
13,LSHADE-N540,42,57000,177.911127239219
13,LSHADE-N540,42,60000,141.336415486914
13,LSHADE-N540,43,3000,2650975308.6817
13,LSHADE-N540,43,6000,1319244597.67941
13,LSHADE-N540,43,9000,674162517.607724
13,LSHADE-N540,43,12000,297964915.497336
13,LSHADE-N540,43,15000,249526138.399339
13,LSHADE-N540,43,18000,28315443.6072767
13,LSHADE-N540,43,21000,24166912.8989174
13,LSHADE-N540,43,24000,16851122.5126862
13,LSHADE-N540,43,27000,5424449.49093188
13,LSHADE-N540,43,30000,840727.148503269
13,LSHADE-N540,43,33000,243863.14094506
13,LSHADE-N540,43,36000,72713.3000213991
13,LSHADE-N540,43,39000,27688.1434663934
13,LSHADE-N540,43,42000,9483.23995623194
13,LSHADE-N540,43,45000,4134.9070182159
13,LSHADE-N540,43,48000,661.64903870592
13,LSHADE-N540,43,51000,322.170080928609
13,LSHADE-N540,43,54000,211.611751342911
13,LSHADE-N540,43,57000,182.487530419953
13,LSHADE-N540,43,60000,158.644663077205
13,LSHADE-N540,44,3000,5090796873.96756
13,LSHADE-N540,44,6000,1131297400.96615
13,LSHADE-N540,44,9000,580813824.32321
13,LSHADE-N540,44,12000,376807103.040198
13,LSHADE-N540,44,15000,146917018.221253
13,LSHADE-N540,44,18000,107660953.054599
13,LSHADE-N540,44,21000,56787344.8704977
13,LSHADE-N540,44,24000,11853123.6434058
13,LSHADE-N540,44,27000,4964147.66919905
13,LSHADE-N540,44,30000,1934795.78615949
13,LSHADE-N540,44,33000,266876.472614081
13,LSHADE-N540,44,36000,137949.912963114
13,LSHADE-N540,44,39000,60238.4265129491
13,LSHADE-N540,44,42000,11439.7786600365
13,LSHADE-N540,44,45000,3079.17900574649
13,LSHADE-N540,44,48000,803.871649337113
13,LSHADE-N540,44,51000,308.949788379653
13,LSHADE-N540,44,54000,225.898452251929
13,LSHADE-N540,44,57000,191.470721355737
13,LSHADE-N540,44,60000,143.547563969673
13,LSHADE-N540,45,3000,4387250468.96234
13,LSHADE-N540,45,6000,1089393823.10353
13,LSHADE-N540,45,9000,340384752.897855
13,LSHADE-N540,45,12000,285949421.369901
13,LSHADE-N540,45,15000,52586404.7269731
13,LSHADE-N540,45,18000,52586404.7269731
13,LSHADE-N540,45,21000,36153785.4516948
13,LSHADE-N540,45,24000,24276936.0610498
13,LSHADE-N540,45,27000,7210556.02907654
13,LSHADE-N540,45,30000,2170523.90850232
13,LSHADE-N540,45,33000,379093.095985516
13,LSHADE-N540,45,36000,152171.988703302
13,LSHADE-N540,45,39000,26625.4538871324
13,LSHADE-N540,45,42000,10621.4009749402
13,LSHADE-N540,45,45000,3365.59879570951
13,LSHADE-N540,45,48000,816.235235922538
13,LSHADE-N540,45,51000,299.895708822866
13,LSHADE-N540,45,54000,187.179207486387
13,LSHADE-N540,45,57000,135.171012530592
13,LSHADE-N540,45,60000,82.026341113432
14,LSHADE-N540,41,3000,1363161.70138576
14,LSHADE-N540,41,6000,1363161.70138576
14,LSHADE-N540,41,9000,1363161.70138576
14,LSHADE-N540,41,12000,851530.768923964
14,LSHADE-N540,41,15000,333745.334032796
14,LSHADE-N540,41,18000,72391.3736620736
14,LSHADE-N540,41,21000,39742.4060727878
14,LSHADE-N540,41,24000,18536.5903886358
14,LSHADE-N540,41,27000,13883.4212067628
14,LSHADE-N540,41,30000,5146.16434200786
14,LSHADE-N540,41,33000,807.439651182624
14,LSHADE-N540,41,36000,476.40468579009
14,LSHADE-N540,41,39000,203.149413800997
14,LSHADE-N540,41,42000,120.52098335285
14,LSHADE-N540,41,45000,92.1283011377916
14,LSHADE-N540,41,48000,82.2760660404401
14,LSHADE-N540,41,51000,72.3109637530665
14,LSHADE-N540,41,54000,60.4521451500634
14,LSHADE-N540,41,57000,42.4369169795432
14,LSHADE-N540,41,60000,28.3802711373212
14,LSHADE-N540,42,3000,3293057.35699331
14,LSHADE-N540,42,6000,779449.031441347
14,LSHADE-N540,42,9000,779449.031441347
14,LSHADE-N540,42,12000,779449.031441347
14,LSHADE-N540,42,15000,457184.511595051
14,LSHADE-N540,42,18000,380750.843056843
14,LSHADE-N540,42,21000,229959.33746153
14,LSHADE-N540,42,24000,24687.2838593571
14,LSHADE-N540,42,27000,14725.3468831186
14,LSHADE-N540,42,30000,4812.26780841312
14,LSHADE-N540,42,33000,2377.78827084072
14,LSHADE-N540,42,36000,1040.12052593894
14,LSHADE-N540,42,39000,291.712722616521
14,LSHADE-N540,42,42000,179.738063547413
14,LSHADE-N540,42,45000,100.475240363182
14,LSHADE-N540,42,48000,93.5656857012661
14,LSHADE-N540,42,51000,85.9338002313982
14,LSHADE-N540,42,54000,69.9286161286764
14,LSHADE-N540,42,57000,55.2540194004628
14,LSHADE-N540,42,60000,39.8488865824734
14,LSHADE-N540,43,3000,1871176.55873765
14,LSHADE-N540,43,6000,1473905.99964765
14,LSHADE-N540,43,9000,1197985.62897676
14,LSHADE-N540,43,12000,655583.422377081
14,LSHADE-N540,43,15000,655583.422377081
14,LSHADE-N540,43,18000,348069.317779247
14,LSHADE-N540,43,21000,124529.112540889
14,LSHADE-N540,43,24000,87166.3722169585
14,LSHADE-N540,43,27000,34200.5211931311
14,LSHADE-N540,43,30000,6714.20606669727
14,LSHADE-N540,43,33000,1369.84587581331
14,LSHADE-N540,43,36000,733.357517613832
14,LSHADE-N540,43,39000,369.675764885294
14,LSHADE-N540,43,42000,160.63899908792
14,LSHADE-N540,43,45000,111.652218192045
14,LSHADE-N540,43,48000,84.9172990618501
14,LSHADE-N540,43,51000,69.8952790485296
14,LSHADE-N540,43,54000,52.3673125228238
14,LSHADE-N540,43,57000,50.6105130580688
14,LSHADE-N540,43,60000,29.6378282188452
14,LSHADE-N540,44,3000,1118801.69826404
14,LSHADE-N540,44,6000,1118801.69826404
14,LSHADE-N540,44,9000,1118801.69826404
14,LSHADE-N540,44,12000,1118801.69826404
14,LSHADE-N540,44,15000,563233.927848532
14,LSHADE-N540,44,18000,435595.141357649
14,LSHADE-N540,44,21000,136599.128693414
14,LSHADE-N540,44,24000,94535.2348227178
14,LSHADE-N540,44,27000,25491.0719359449
14,LSHADE-N540,44,30000,3852.90175715981
14,LSHADE-N540,44,33000,1204.06958814523
14,LSHADE-N540,44,36000,599.629989045095
14,LSHADE-N540,44,39000,267.027651352204
14,LSHADE-N540,44,42000,190.994812726221
14,LSHADE-N540,44,45000,122.673027237734
14,LSHADE-N540,44,48000,99.4358080803599
14,LSHADE-N540,44,51000,75.4179672922605
14,LSHADE-N540,44,54000,65.0692614608404
14,LSHADE-N540,44,57000,56.3484517994832
14,LSHADE-N540,44,60000,29.3430097921746
14,LSHADE-N540,45,3000,802352.965398898
14,LSHADE-N540,45,6000,802352.965398898
14,LSHADE-N540,45,9000,802352.965398898
14,LSHADE-N540,45,12000,802352.965398898
14,LSHADE-N540,45,15000,680680.629695453
14,LSHADE-N540,45,18000,385136.371987066
14,LSHADE-N540,45,21000,35038.9207450723
14,LSHADE-N540,45,24000,35038.9207450723
14,LSHADE-N540,45,27000,12561.0957666249
14,LSHADE-N540,45,30000,6384.07226455031
14,LSHADE-N540,45,33000,1610.28801237087
14,LSHADE-N540,45,36000,454.838099559561
14,LSHADE-N540,45,39000,296.74895594502
14,LSHADE-N540,45,42000,157.439360371747
14,LSHADE-N540,45,45000,106.723635657932
14,LSHADE-N540,45,48000,88.1742484350589
14,LSHADE-N540,45,51000,86.6654717945125
14,LSHADE-N540,45,54000,53.800327977784
14,LSHADE-N540,45,57000,47.7365254376466
14,LSHADE-N540,45,60000,31.0826963826828
15,LSHADE-N540,41,3000,734116078.104153
15,LSHADE-N540,41,6000,499922145.671735
15,LSHADE-N540,41,9000,114595794.926144
15,LSHADE-N540,41,12000,114595794.926144
15,LSHADE-N540,41,15000,69693999.6892916
15,LSHADE-N540,41,18000,26290102.3696118
15,LSHADE-N540,41,21000,12729021.8153783
15,LSHADE-N540,41,24000,3252495.42312567
15,LSHADE-N540,41,27000,876704.724214923
15,LSHADE-N540,41,30000,349733.851188846
15,LSHADE-N540,41,33000,117967.128153152
15,LSHADE-N540,41,36000,26901.303379311
15,LSHADE-N540,41,39000,5788.96010024511
15,LSHADE-N540,41,42000,1519.52117779006
15,LSHADE-N540,41,45000,551.09281249565
15,LSHADE-N540,41,48000,167.48739016674
15,LSHADE-N540,41,51000,81.6597166391912
15,LSHADE-N540,41,54000,70.0603036377395
15,LSHADE-N540,41,57000,63.3674801154721
15,LSHADE-N540,41,60000,39.6292529774287
15,LSHADE-N540,42,3000,848789351.384787
15,LSHADE-N540,42,6000,297634137.807941
15,LSHADE-N540,42,9000,275225201.367286
15,LSHADE-N540,42,12000,96319220.8007299
15,LSHADE-N540,42,15000,96319220.8007299
15,LSHADE-N540,42,18000,17900843.01807
15,LSHADE-N540,42,21000,7763197.97161484
15,LSHADE-N540,42,24000,870351.353031231
15,LSHADE-N540,42,27000,870351.353031231
15,LSHADE-N540,42,30000,311426.951934979
15,LSHADE-N540,42,33000,47796.9823337624
15,LSHADE-N540,42,36000,16887.0433258415
15,LSHADE-N540,42,39000,4834.30058397015
15,LSHADE-N540,42,42000,984.966918116903
15,LSHADE-N540,42,45000,640.378430203398
15,LSHADE-N540,42,48000,322.686521042774
15,LSHADE-N540,42,51000,191.642989087691
15,LSHADE-N540,42,54000,69.7135996252298
15,LSHADE-N540,42,57000,50.641755104748
15,LSHADE-N540,42,60000,25.7763107467522
15,LSHADE-N540,43,3000,602009265.325118
15,LSHADE-N540,43,6000,130900529.182882
15,LSHADE-N540,43,9000,100953825.590863
15,LSHADE-N540,43,12000,80394649.6250597
15,LSHADE-N540,43,15000,35714878.7613722
15,LSHADE-N540,43,18000,24627915.7301896
15,LSHADE-N540,43,21000,8635815.53033127
15,LSHADE-N540,43,24000,3518767.38009736
15,LSHADE-N540,43,27000,373059.903250559
15,LSHADE-N540,43,30000,111491.721250563
15,LSHADE-N540,43,33000,57783.6613811822
15,LSHADE-N540,43,36000,21398.7047303603
15,LSHADE-N540,43,39000,5541.32754831492
15,LSHADE-N540,43,42000,1415.08682527292
15,LSHADE-N540,43,45000,477.445015905373
15,LSHADE-N540,43,48000,154.926658110332
15,LSHADE-N540,43,51000,72.7613645969207
15,LSHADE-N540,43,54000,55.8977670320473
15,LSHADE-N540,43,57000,30.9595417226619
15,LSHADE-N540,43,60000,18.887202377932
15,LSHADE-N540,44,3000,1053313736.34476
15,LSHADE-N540,44,6000,253353752.635446
15,LSHADE-N540,44,9000,171688075.050325
15,LSHADE-N540,44,12000,36937811.6016718
15,LSHADE-N540,44,15000,36937811.6016718
15,LSHADE-N540,44,18000,23883217.0161841
15,LSHADE-N540,44,21000,9199918.46039555
15,LSHADE-N540,44,24000,3682881.8407188
15,LSHADE-N540,44,27000,479558.848592402
15,LSHADE-N540,44,30000,50831.6138336383
15,LSHADE-N540,44,33000,50831.6138336383
15,LSHADE-N540,44,36000,12838.2216287747
15,LSHADE-N540,44,39000,5559.90471407475
15,LSHADE-N540,44,42000,921.95225197036
15,LSHADE-N540,44,45000,249.529989027957
15,LSHADE-N540,44,48000,97.2463840507842
15,LSHADE-N540,44,51000,77.693067401156
15,LSHADE-N540,44,54000,60.9846417197491
15,LSHADE-N540,44,57000,44.3116216023175
15,LSHADE-N540,44,60000,29.9189826406591
15,LSHADE-N540,45,3000,968776959.973743
15,LSHADE-N540,45,6000,485683017.276147
15,LSHADE-N540,45,9000,167848957.29993
15,LSHADE-N540,45,12000,103207856.15622
15,LSHADE-N540,45,15000,24292098.8745541
15,LSHADE-N540,45,18000,9032452.48789942
15,LSHADE-N540,45,21000,9032452.48789942
15,LSHADE-N540,45,24000,1548322.11162197
15,LSHADE-N540,45,27000,454866.856746611
15,LSHADE-N540,45,30000,283388.39173066
15,LSHADE-N540,45,33000,68649.3577872085
15,LSHADE-N540,45,36000,21632.1459883795
15,LSHADE-N540,45,39000,5482.5443237961
15,LSHADE-N540,45,42000,999.419216033235
15,LSHADE-N540,45,45000,355.374580100822
15,LSHADE-N540,45,48000,154.148953060943
15,LSHADE-N540,45,51000,104.35834935256
15,LSHADE-N540,45,54000,84.2584608575337
15,LSHADE-N540,45,57000,72.3951279024511
15,LSHADE-N540,45,60000,54.4152209469521
16,LSHADE-N540,41,3000,3341.40083331895
16,LSHADE-N540,41,6000,2274.46807076534
16,LSHADE-N540,41,9000,2274.46807076534
16,LSHADE-N540,41,12000,2274.46807076534
16,LSHADE-N540,41,15000,2274.46807076534
16,LSHADE-N540,41,18000,2028.2978586844
16,LSHADE-N540,41,21000,2028.2978586844
16,LSHADE-N540,41,24000,2028.2978586844
16,LSHADE-N540,41,27000,2028.2978586844
16,LSHADE-N540,41,30000,1883.61989567862
16,LSHADE-N540,41,33000,1883.61989567862
16,LSHADE-N540,41,36000,1484.55126002488
16,LSHADE-N540,41,39000,1484.55126002488
16,LSHADE-N540,41,42000,1484.55126002488
16,LSHADE-N540,41,45000,1484.55126002488
16,LSHADE-N540,41,48000,1390.54959212359
16,LSHADE-N540,41,51000,737.014713006787
16,LSHADE-N540,41,54000,659.157686609204
16,LSHADE-N540,41,57000,620.956266357965
16,LSHADE-N540,41,60000,427.331933155552
16,LSHADE-N540,42,3000,3047.23721867075
16,LSHADE-N540,42,6000,2449.12407104328
16,LSHADE-N540,42,9000,2314.56788514965
16,LSHADE-N540,42,12000,2280.70435831541
16,LSHADE-N540,42,15000,2035.7517252257
16,LSHADE-N540,42,18000,2035.7517252257
16,LSHADE-N540,42,21000,1845.5197928505
16,LSHADE-N540,42,24000,1845.5197928505
16,LSHADE-N540,42,27000,1845.5197928505
16,LSHADE-N540,42,30000,1845.5197928505
16,LSHADE-N540,42,33000,1845.5197928505
16,LSHADE-N540,42,36000,1449.4526965433
16,LSHADE-N540,42,39000,1438.50107503102
16,LSHADE-N540,42,42000,1316.87405409022
16,LSHADE-N540,42,45000,1139.07160601358
16,LSHADE-N540,42,48000,962.881523832412
16,LSHADE-N540,42,51000,947.004299894227
16,LSHADE-N540,42,54000,677.518601863939
16,LSHADE-N540,42,57000,403.819845353132
16,LSHADE-N540,42,60000,223.800513253758
16,LSHADE-N540,43,3000,3189.79793848825
16,LSHADE-N540,43,6000,2734.41653386436
16,LSHADE-N540,43,9000,2279.68101275058
16,LSHADE-N540,43,12000,2279.68101275058
16,LSHADE-N540,43,15000,1950.34970015127
16,LSHADE-N540,43,18000,1950.34970015127
16,LSHADE-N540,43,21000,1950.34970015127
16,LSHADE-N540,43,24000,1824.3812981974
16,LSHADE-N540,43,27000,1824.3812981974
16,LSHADE-N540,43,30000,1151.6863402245
16,LSHADE-N540,43,33000,1151.6863402245
16,LSHADE-N540,43,36000,1151.6863402245
16,LSHADE-N540,43,39000,1151.6863402245
16,LSHADE-N540,43,42000,1078.1859777758
16,LSHADE-N540,43,45000,1055.19752528288
16,LSHADE-N540,43,48000,1044.49347289396
16,LSHADE-N540,43,51000,832.643512465707
16,LSHADE-N540,43,54000,797.057191116139
16,LSHADE-N540,43,57000,628.179029239528
16,LSHADE-N540,43,60000,507.525475125518
16,LSHADE-N540,44,3000,3658.77689008877
16,LSHADE-N540,44,6000,2707.67582259246
16,LSHADE-N540,44,9000,2659.96310966409
16,LSHADE-N540,44,12000,2080.27803477224
16,LSHADE-N540,44,15000,2080.27803477224
16,LSHADE-N540,44,18000,2080.27803477224
16,LSHADE-N540,44,21000,2080.27803477224
16,LSHADE-N540,44,24000,2080.27803477224
16,LSHADE-N540,44,27000,2080.27803477224
16,LSHADE-N540,44,30000,2080.27803477224
16,LSHADE-N540,44,33000,1947.26478956478
16,LSHADE-N540,44,36000,1677.32589080083
16,LSHADE-N540,44,39000,1657.15840490322
16,LSHADE-N540,44,42000,1482.98734783414
16,LSHADE-N540,44,45000,1279.38272366293
16,LSHADE-N540,44,48000,1015.02156893045
16,LSHADE-N540,44,51000,887.830288723187
16,LSHADE-N540,44,54000,665.17842172482
16,LSHADE-N540,44,57000,483.742316863687
16,LSHADE-N540,44,60000,261.756810357455
16,LSHADE-N540,45,3000,3243.96089905972
16,LSHADE-N540,45,6000,2588.6095945412
16,LSHADE-N540,45,9000,2588.6095945412
16,LSHADE-N540,45,12000,2347.39333201772
16,LSHADE-N540,45,15000,2184.99089387608
16,LSHADE-N540,45,18000,2156.06763414918
16,LSHADE-N540,45,21000,2156.06763414918
16,LSHADE-N540,45,24000,2156.06763414918
16,LSHADE-N540,45,27000,1274.76683238495
16,LSHADE-N540,45,30000,1274.76683238495
16,LSHADE-N540,45,33000,1274.76683238495
16,LSHADE-N540,45,36000,1274.76683238495
16,LSHADE-N540,45,39000,1274.76683238495
16,LSHADE-N540,45,42000,1274.76683238495
16,LSHADE-N540,45,45000,1274.76683238495
16,LSHADE-N540,45,48000,1048.2958957034
16,LSHADE-N540,45,51000,1031.42832314122
16,LSHADE-N540,45,54000,978.335100045118
16,LSHADE-N540,45,57000,830.349377625968
16,LSHADE-N540,45,60000,510.788036060743
17,LSHADE-N540,41,3000,1579.69345360648
17,LSHADE-N540,41,6000,1133.39488512621
17,LSHADE-N540,41,9000,1133.39488512621
17,LSHADE-N540,41,12000,1097.3059553798
17,LSHADE-N540,41,15000,1097.3059553798
17,LSHADE-N540,41,18000,1002.34569274792
17,LSHADE-N540,41,21000,901.995349061322
17,LSHADE-N540,41,24000,583.425095969707
17,LSHADE-N540,41,27000,583.425095969707
17,LSHADE-N540,41,30000,583.425095969707
17,LSHADE-N540,41,33000,561.157337585994
17,LSHADE-N540,41,36000,505.828266979361
17,LSHADE-N540,41,39000,505.828266979361
17,LSHADE-N540,41,42000,326.724378553636
17,LSHADE-N540,41,45000,322.537265640447
17,LSHADE-N540,41,48000,265.055247263279
17,LSHADE-N540,41,51000,244.911341110676
17,LSHADE-N540,41,54000,241.780258042533
17,LSHADE-N540,41,57000,197.152990092933
17,LSHADE-N540,41,60000,105.638578772323
17,LSHADE-N540,42,3000,1963.79975828139
17,LSHADE-N540,42,6000,1180.74817957886
17,LSHADE-N540,42,9000,1180.74817957886
17,LSHADE-N540,42,12000,1056.96355094887
17,LSHADE-N540,42,15000,1056.96355094887
17,LSHADE-N540,42,18000,806.197836668799
17,LSHADE-N540,42,21000,784.207902033031
17,LSHADE-N540,42,24000,784.207902033031
17,LSHADE-N540,42,27000,554.116676626541
17,LSHADE-N540,42,30000,554.116676626541
17,LSHADE-N540,42,33000,554.116676626541
17,LSHADE-N540,42,36000,554.116676626541
17,LSHADE-N540,42,39000,554.116676626541
17,LSHADE-N540,42,42000,542.595996264475
17,LSHADE-N540,42,45000,532.7740510774
17,LSHADE-N540,42,48000,360.052266111878
17,LSHADE-N540,42,51000,284.234592237284
17,LSHADE-N540,42,54000,246.364816895557
17,LSHADE-N540,42,57000,213.747554540241
17,LSHADE-N540,42,60000,140.754857879284
17,LSHADE-N540,43,3000,1516.32915852252
17,LSHADE-N540,43,6000,1419.28166831328
17,LSHADE-N540,43,9000,1241.30716691949
17,LSHADE-N540,43,12000,1104.38786096761
17,LSHADE-N540,43,15000,1094.05507626535
17,LSHADE-N540,43,18000,999.743224317594
17,LSHADE-N540,43,21000,999.177547749442
17,LSHADE-N540,43,24000,945.70178221499
17,LSHADE-N540,43,27000,841.809884617146
17,LSHADE-N540,43,30000,710.615161520294
17,LSHADE-N540,43,33000,710.615161520294
17,LSHADE-N540,43,36000,710.615161520294
17,LSHADE-N540,43,39000,599.409350901856
17,LSHADE-N540,43,42000,513.557046109612
17,LSHADE-N540,43,45000,498.146434818437
17,LSHADE-N540,43,48000,448.427033945602
17,LSHADE-N540,43,51000,446.809043543301
17,LSHADE-N540,43,54000,397.086572051957
17,LSHADE-N540,43,57000,255.224535490757
17,LSHADE-N540,43,60000,114.190457781034
17,LSHADE-N540,44,3000,1757.35913424612
17,LSHADE-N540,44,6000,1293.37452055773
17,LSHADE-N540,44,9000,998.068992234068
17,LSHADE-N540,44,12000,937.216209296183
17,LSHADE-N540,44,15000,937.216209296183
17,LSHADE-N540,44,18000,690.12920623959
17,LSHADE-N540,44,21000,690.12920623959
17,LSHADE-N540,44,24000,690.12920623959
17,LSHADE-N540,44,27000,690.12920623959
17,LSHADE-N540,44,30000,690.12920623959
17,LSHADE-N540,44,33000,690.12920623959
17,LSHADE-N540,44,36000,634.796327268361
17,LSHADE-N540,44,39000,634.796327268361
17,LSHADE-N540,44,42000,617.608633269704
17,LSHADE-N540,44,45000,509.235686563666
17,LSHADE-N540,44,48000,417.793271131809
17,LSHADE-N540,44,51000,389.239472940239
17,LSHADE-N540,44,54000,343.319575573506
17,LSHADE-N540,44,57000,326.606670891622
17,LSHADE-N540,44,60000,182.661631286701
17,LSHADE-N540,45,3000,1483.91686389639
17,LSHADE-N540,45,6000,974.278002421077
17,LSHADE-N540,45,9000,974.278002421077
17,LSHADE-N540,45,12000,948.914076892759
17,LSHADE-N540,45,15000,948.914076892759
17,LSHADE-N540,45,18000,825.349707245326
17,LSHADE-N540,45,21000,825.349707245326
17,LSHADE-N540,45,24000,823.101349045497
17,LSHADE-N540,45,27000,823.101349045497
17,LSHADE-N540,45,30000,562.629812357291
17,LSHADE-N540,45,33000,562.629812357291
17,LSHADE-N540,45,36000,562.629812357291
17,LSHADE-N540,45,39000,562.629812357291
17,LSHADE-N540,45,42000,481.861517763004
17,LSHADE-N540,45,45000,396.873364473516
17,LSHADE-N540,45,48000,367.60729700102
17,LSHADE-N540,45,51000,367.369937589064
17,LSHADE-N540,45,54000,254.254885450973
17,LSHADE-N540,45,57000,226.84516360711
17,LSHADE-N540,45,60000,137.512460998861
18,LSHADE-N540,41,3000,30390510.6396442
18,LSHADE-N540,41,6000,30390510.6396442
18,LSHADE-N540,41,9000,30390510.6396442
18,LSHADE-N540,41,12000,19341805.1966675
18,LSHADE-N540,41,15000,9561796.63880861
18,LSHADE-N540,41,18000,6041208.59387436
18,LSHADE-N540,41,21000,3368420.29070592
18,LSHADE-N540,41,24000,1405129.53096681
18,LSHADE-N540,41,27000,416599.141365071
18,LSHADE-N540,41,30000,157504.146983587
18,LSHADE-N540,41,33000,57640.3881542282
18,LSHADE-N540,41,36000,43657.1192359755
18,LSHADE-N540,41,39000,8782.08406158188
18,LSHADE-N540,41,42000,1427.84871724403
18,LSHADE-N540,41,45000,237.611508842365
18,LSHADE-N540,41,48000,126.229309259177
18,LSHADE-N540,41,51000,92.0135314415693
18,LSHADE-N540,41,54000,69.5508370080804
18,LSHADE-N540,41,57000,44.9927000777823
18,LSHADE-N540,41,60000,42.0784312568194
18,LSHADE-N540,42,3000,56677301.966066
18,LSHADE-N540,42,6000,24250196.0171784
18,LSHADE-N540,42,9000,3998178.98475445
18,LSHADE-N540,42,12000,3998178.98475445
18,LSHADE-N540,42,15000,3998178.98475445
18,LSHADE-N540,42,18000,2946332.31067413
18,LSHADE-N540,42,21000,2946332.31067413
18,LSHADE-N540,42,24000,586424.38773885
18,LSHADE-N540,42,27000,286287.388624545
18,LSHADE-N540,42,30000,171698.277184293
18,LSHADE-N540,42,33000,71892.6415962583
18,LSHADE-N540,42,36000,23892.1744252476
18,LSHADE-N540,42,39000,3424.09484906434
18,LSHADE-N540,42,42000,1179.42449319078
18,LSHADE-N540,42,45000,367.855688774674
18,LSHADE-N540,42,48000,213.512649709623
18,LSHADE-N540,42,51000,166.533105271618
18,LSHADE-N540,42,54000,142.86710879343
18,LSHADE-N540,42,57000,112.132447332158
18,LSHADE-N540,42,60000,107.999624908776
18,LSHADE-N540,43,3000,35040052.6051706
18,LSHADE-N540,43,6000,20959379.7690515
18,LSHADE-N540,43,9000,10718205.8469204
18,LSHADE-N540,43,12000,10718205.8469204
18,LSHADE-N540,43,15000,8029243.40970027
18,LSHADE-N540,43,18000,930005.913300419
18,LSHADE-N540,43,21000,930005.913300419
18,LSHADE-N540,43,24000,520133.670043955
18,LSHADE-N540,43,27000,227677.516485733
18,LSHADE-N540,43,30000,72188.4080108765
18,LSHADE-N540,43,33000,40211.6310815471
18,LSHADE-N540,43,36000,13128.531726548
18,LSHADE-N540,43,39000,2384.45240432707
18,LSHADE-N540,43,42000,576.225380390455
18,LSHADE-N540,43,45000,324.667466535923
18,LSHADE-N540,43,48000,115.480495720699
18,LSHADE-N540,43,51000,78.9557580989831
18,LSHADE-N540,43,54000,62.0481707669674
18,LSHADE-N540,43,57000,43.181905986929
18,LSHADE-N540,43,60000,33.555501060594
18,LSHADE-N540,44,3000,24807541.1775296
18,LSHADE-N540,44,6000,24807541.1775296
18,LSHADE-N540,44,9000,19540321.0633699
18,LSHADE-N540,44,12000,9352887.8368064
18,LSHADE-N540,44,15000,9352887.8368064
18,LSHADE-N540,44,18000,8155838.04633294
18,LSHADE-N540,44,21000,2316116.50655601
18,LSHADE-N540,44,24000,940099.449659421
18,LSHADE-N540,44,27000,325554.926918859
18,LSHADE-N540,44,30000,99123.4894108199
18,LSHADE-N540,44,33000,41348.2077413377
18,LSHADE-N540,44,36000,20775.7488766762
18,LSHADE-N540,44,39000,5523.44720338326
18,LSHADE-N540,44,42000,884.755671700418
18,LSHADE-N540,44,45000,353.136204238902
18,LSHADE-N540,44,48000,186.5765140671
18,LSHADE-N540,44,51000,121.344808783994
18,LSHADE-N540,44,54000,89.5882625204918
18,LSHADE-N540,44,57000,61.9983279272481
18,LSHADE-N540,44,60000,51.2252288836096
18,LSHADE-N540,45,3000,9872711.97309395
18,LSHADE-N540,45,6000,9872711.97309395
18,LSHADE-N540,45,9000,9872711.97309395
18,LSHADE-N540,45,12000,9872711.97309395
18,LSHADE-N540,45,15000,5094561.40144902
18,LSHADE-N540,45,18000,5094561.40144902
18,LSHADE-N540,45,21000,1209105.41924518
18,LSHADE-N540,45,24000,563549.918234027
18,LSHADE-N540,45,27000,324040.363369053
18,LSHADE-N540,45,30000,145670.572602353
18,LSHADE-N540,45,33000,74723.5004714299
18,LSHADE-N540,45,36000,25882.7200480551
18,LSHADE-N540,45,39000,5047.21684711544
18,LSHADE-N540,45,42000,680.544125782736
18,LSHADE-N540,45,45000,349.667775345753
18,LSHADE-N540,45,48000,200.996482295023
18,LSHADE-N540,45,51000,126.644269984083
18,LSHADE-N540,45,54000,96.0265057459715
18,LSHADE-N540,45,57000,86.8130211752336
18,LSHADE-N540,45,60000,79.2157827667545
19,LSHADE-N540,41,3000,916369322.929413
19,LSHADE-N540,41,6000,460798275.707203
19,LSHADE-N540,41,9000,137897990.829519
19,LSHADE-N540,41,12000,56953983.9311339
19,LSHADE-N540,41,15000,56953983.9311339
19,LSHADE-N540,41,18000,19143261.0869469
19,LSHADE-N540,41,21000,6978319.2182397
19,LSHADE-N540,41,24000,3319226.69498267
19,LSHADE-N540,41,27000,1334218.14332765
19,LSHADE-N540,41,30000,147906.839703148
19,LSHADE-N540,41,33000,62343.2464904415
19,LSHADE-N540,41,36000,12675.7471346585
19,LSHADE-N540,41,39000,2129.41097991102
19,LSHADE-N540,41,42000,513.153224868827
19,LSHADE-N540,41,45000,101.613662194347
19,LSHADE-N540,41,48000,54.856716192651
19,LSHADE-N540,41,51000,47.3154870028554
19,LSHADE-N540,41,54000,34.218011789631
19,LSHADE-N540,41,57000,27.2094447301652
19,LSHADE-N540,41,60000,18.2658463760006
19,LSHADE-N540,42,3000,566050056.265734
19,LSHADE-N540,42,6000,463853067.734024
19,LSHADE-N540,42,9000,83930382.9105718
19,LSHADE-N540,42,12000,57460728.6859629
19,LSHADE-N540,42,15000,49044048.5681508
19,LSHADE-N540,42,18000,22583255.2607726
19,LSHADE-N540,42,21000,9419858.65077592
19,LSHADE-N540,42,24000,3826175.91302126
19,LSHADE-N540,42,27000,830151.919459292
19,LSHADE-N540,42,30000,258024.923604483
19,LSHADE-N540,42,33000,65530.6872279005
19,LSHADE-N540,42,36000,6280.84835791861
19,LSHADE-N540,42,39000,1839.53655942025
19,LSHADE-N540,42,42000,485.413823838377
19,LSHADE-N540,42,45000,144.070409084164
19,LSHADE-N540,42,48000,66.6191425994639
19,LSHADE-N540,42,51000,48.9201098069097
19,LSHADE-N540,42,54000,34.2958980410285
19,LSHADE-N540,42,57000,25.5005464580524
19,LSHADE-N540,42,60000,19.269539740754
19,LSHADE-N540,43,3000,309052246.820498
19,LSHADE-N540,43,6000,229282229.232331
19,LSHADE-N540,43,9000,119666014.275215
19,LSHADE-N540,43,12000,102207609.805411
19,LSHADE-N540,43,15000,70025192.7506372
19,LSHADE-N540,43,18000,18011852.4838378
19,LSHADE-N540,43,21000,18011852.4838378
19,LSHADE-N540,43,24000,3769332.3803755
19,LSHADE-N540,43,27000,810454.846086212
19,LSHADE-N540,43,30000,164265.606013198
19,LSHADE-N540,43,33000,90518.5523718665
19,LSHADE-N540,43,36000,23703.7929608967
19,LSHADE-N540,43,39000,3779.75630862353
19,LSHADE-N540,43,42000,580.505602064662
19,LSHADE-N540,43,45000,117.245011703577
19,LSHADE-N540,43,48000,66.5757880916517
19,LSHADE-N540,43,51000,55.4020307498049
19,LSHADE-N540,43,54000,37.7602905456731
19,LSHADE-N540,43,57000,29.7720156784217
19,LSHADE-N540,43,60000,22.805549032405
19,LSHADE-N540,44,3000,761556755.159002
19,LSHADE-N540,44,6000,355197830.560089
19,LSHADE-N540,44,9000,355197830.560089
19,LSHADE-N540,44,12000,185559720.05729
19,LSHADE-N540,44,15000,40098023.0712194
19,LSHADE-N540,44,18000,21878028.5096333
19,LSHADE-N540,44,21000,14049154.2009845
19,LSHADE-N540,44,24000,4229926.74750652
19,LSHADE-N540,44,27000,378569.034638688
19,LSHADE-N540,44,30000,124255.201695444
19,LSHADE-N540,44,33000,40412.2116415792
19,LSHADE-N540,44,36000,5288.51629048119
19,LSHADE-N540,44,39000,1648.34419333917
19,LSHADE-N540,44,42000,358.340684478684
19,LSHADE-N540,44,45000,86.9890064245556
19,LSHADE-N540,44,48000,49.1595215711709
19,LSHADE-N540,44,51000,40.7408306347972
19,LSHADE-N540,44,54000,34.2575702656154
19,LSHADE-N540,44,57000,28.988147768514
19,LSHADE-N540,44,60000,21.4596600538803
19,LSHADE-N540,45,3000,953758729.200666
19,LSHADE-N540,45,6000,569745725.983676
19,LSHADE-N540,45,9000,186120831.991856
19,LSHADE-N540,45,12000,121173072.441099
19,LSHADE-N540,45,15000,44887982.0174965
19,LSHADE-N540,45,18000,29220266.557923
19,LSHADE-N540,45,21000,13419259.4722768
19,LSHADE-N540,45,24000,853717.135326216
19,LSHADE-N540,45,27000,853717.135326216
19,LSHADE-N540,45,30000,159332.86485148
19,LSHADE-N540,45,33000,60602.3353231844
19,LSHADE-N540,45,36000,4589.6525933915
19,LSHADE-N540,45,39000,917.927890795386
19,LSHADE-N540,45,42000,339.503955829448
19,LSHADE-N540,45,45000,142.202742851978
19,LSHADE-N540,45,48000,61.9649381773563
19,LSHADE-N540,45,51000,40.8496766634978
19,LSHADE-N540,45,54000,35.3616945556491
19,LSHADE-N540,45,57000,31.029354888346
19,LSHADE-N540,45,60000,27.4976462698667
20,LSHADE-N540,41,3000,1126.01249033053
20,LSHADE-N540,41,6000,1126.01249033053
20,LSHADE-N540,41,9000,1126.01249033053
20,LSHADE-N540,41,12000,978.08722422696
20,LSHADE-N540,41,15000,978.08722422696
20,LSHADE-N540,41,18000,978.08722422696
20,LSHADE-N540,41,21000,953.819185613958
20,LSHADE-N540,41,24000,642.107839215966
20,LSHADE-N540,41,27000,642.107839215966
20,LSHADE-N540,41,30000,642.107839215966
20,LSHADE-N540,41,33000,598.499973686726
20,LSHADE-N540,41,36000,598.499973686726
20,LSHADE-N540,41,39000,485.593210963802
20,LSHADE-N540,41,42000,485.593210963802
20,LSHADE-N540,41,45000,437.58530807042
20,LSHADE-N540,41,48000,375.176086389624
20,LSHADE-N540,41,51000,355.495930436328
20,LSHADE-N540,41,54000,344.292237257578
20,LSHADE-N540,41,57000,330.052143971008
20,LSHADE-N540,41,60000,226.338000204163
20,LSHADE-N540,42,3000,1269.32284074537
20,LSHADE-N540,42,6000,1206.59324888497
20,LSHADE-N540,42,9000,816.760609292865
20,LSHADE-N540,42,12000,816.760609292865
20,LSHADE-N540,42,15000,816.760609292865
20,LSHADE-N540,42,18000,816.760609292865
20,LSHADE-N540,42,21000,816.760609292865
20,LSHADE-N540,42,24000,816.760609292865
20,LSHADE-N540,42,27000,816.760609292865
20,LSHADE-N540,42,30000,816.760609292865
20,LSHADE-N540,42,33000,505.491241118045
20,LSHADE-N540,42,36000,497.826142213764
20,LSHADE-N540,42,39000,497.826142213764
20,LSHADE-N540,42,42000,414.775654888632
20,LSHADE-N540,42,45000,393.720528976227
20,LSHADE-N540,42,48000,342.146554893272
20,LSHADE-N540,42,51000,316.325811873194
20,LSHADE-N540,42,54000,278.744925220041
20,LSHADE-N540,42,57000,204.160599702494
20,LSHADE-N540,42,60000,120.109869387466
20,LSHADE-N540,43,3000,1276.02410464878
20,LSHADE-N540,43,6000,996.328387475622
20,LSHADE-N540,43,9000,996.328387475622
20,LSHADE-N540,43,12000,996.328387475622
20,LSHADE-N540,43,15000,996.328387475622
20,LSHADE-N540,43,18000,996.328387475622
20,LSHADE-N540,43,21000,826.977711260216
20,LSHADE-N540,43,24000,826.977711260216
20,LSHADE-N540,43,27000,826.977711260216
20,LSHADE-N540,43,30000,820.012203186985
20,LSHADE-N540,43,33000,742.867761545891
20,LSHADE-N540,43,36000,742.867761545891
20,LSHADE-N540,43,39000,742.867761545891
20,LSHADE-N540,43,42000,594.619142847953
20,LSHADE-N540,43,45000,541.491492394142
20,LSHADE-N540,43,48000,349.221615769754
20,LSHADE-N540,43,51000,335.679243524333
20,LSHADE-N540,43,54000,226.087211877529
20,LSHADE-N540,43,57000,201.804074172788
20,LSHADE-N540,43,60000,113.743402707093
20,LSHADE-N540,44,3000,1123.94052071725
20,LSHADE-N540,44,6000,1123.94052071725
20,LSHADE-N540,44,9000,976.616047884988
20,LSHADE-N540,44,12000,976.616047884988
20,LSHADE-N540,44,15000,976.616047884988
20,LSHADE-N540,44,18000,976.616047884988
20,LSHADE-N540,44,21000,976.616047884988
20,LSHADE-N540,44,24000,976.616047884988
20,LSHADE-N540,44,27000,960.200344585362
20,LSHADE-N540,44,30000,960.200344585362
20,LSHADE-N540,44,33000,806.274801547479
20,LSHADE-N540,44,36000,775.773567023122
20,LSHADE-N540,44,39000,766.811239210671
20,LSHADE-N540,44,42000,625.215765407969
20,LSHADE-N540,44,45000,591.238474419255
20,LSHADE-N540,44,48000,518.271858969887
20,LSHADE-N540,44,51000,445.087491819205
20,LSHADE-N540,44,54000,292.877974276789
20,LSHADE-N540,44,57000,204.455948031179
20,LSHADE-N540,44,60000,121.588549085175
20,LSHADE-N540,45,3000,1298.76526043086
20,LSHADE-N540,45,6000,1234.65496805787
20,LSHADE-N540,45,9000,1234.65496805787
20,LSHADE-N540,45,12000,937.500758494537
20,LSHADE-N540,45,15000,937.500758494537
20,LSHADE-N540,45,18000,937.500758494537
20,LSHADE-N540,45,21000,937.500758494537
20,LSHADE-N540,45,24000,907.257396979083
20,LSHADE-N540,45,27000,902.576450893551
20,LSHADE-N540,45,30000,902.576450893551
20,LSHADE-N540,45,33000,851.19990229223
20,LSHADE-N540,45,36000,737.015714882808
20,LSHADE-N540,45,39000,720.130674751106
20,LSHADE-N540,45,42000,566.131908324789
20,LSHADE-N540,45,45000,529.741331836521
20,LSHADE-N540,45,48000,423.058298827149
20,LSHADE-N540,45,51000,423.058298827149
20,LSHADE-N540,45,54000,417.405465959004
20,LSHADE-N540,45,57000,398.692022090819
20,LSHADE-N540,45,60000,210.930011340497
21,LSHADE-N540,41,3000,591.838043119903
21,LSHADE-N540,41,6000,496.421117562836
21,LSHADE-N540,41,9000,460.98632454349
21,LSHADE-N540,41,12000,459.311265851827
21,LSHADE-N540,41,15000,459.311265851827
21,LSHADE-N540,41,18000,412.086592099079
21,LSHADE-N540,41,21000,412.086592099079
21,LSHADE-N540,41,24000,412.086592099079
21,LSHADE-N540,41,27000,412.086592099079
21,LSHADE-N540,41,30000,412.086592099079
21,LSHADE-N540,41,33000,395.309076219969
21,LSHADE-N540,41,36000,395.309076219969
21,LSHADE-N540,41,39000,365.014554683001
21,LSHADE-N540,41,42000,365.014554683001
21,LSHADE-N540,41,45000,349.561236235159
21,LSHADE-N540,41,48000,328.965563127855
21,LSHADE-N540,41,51000,323.052847310572
21,LSHADE-N540,41,54000,319.425124880619
21,LSHADE-N540,41,57000,308.883585064209
21,LSHADE-N540,41,60000,239.806703317582
21,LSHADE-N540,42,3000,609.398759332717
21,LSHADE-N540,42,6000,506.933009187788
21,LSHADE-N540,42,9000,472.780448423612
21,LSHADE-N540,42,12000,456.896309914851
21,LSHADE-N540,42,15000,426.044773274089
21,LSHADE-N540,42,18000,426.044773274089
21,LSHADE-N540,42,21000,417.623325032408
21,LSHADE-N540,42,24000,417.623325032408
21,LSHADE-N540,42,27000,412.851168529151
21,LSHADE-N540,42,30000,405.074300986002
21,LSHADE-N540,42,33000,391.919041058731
21,LSHADE-N540,42,36000,391.919041058731
21,LSHADE-N540,42,39000,390.266160145322
21,LSHADE-N540,42,42000,375.390316966428
21,LSHADE-N540,42,45000,355.7205008029
21,LSHADE-N540,42,48000,324.801238497799
21,LSHADE-N540,42,51000,323.623033951661
21,LSHADE-N540,42,54000,321.254770572669
21,LSHADE-N540,42,57000,298.502773454201
21,LSHADE-N540,42,60000,240.951631952489
21,LSHADE-N540,43,3000,571.657810782813
21,LSHADE-N540,43,6000,478.680751782597
21,LSHADE-N540,43,9000,470.248900836265
21,LSHADE-N540,43,12000,438.887316282981
21,LSHADE-N540,43,15000,428.394771327155
21,LSHADE-N540,43,18000,428.394771327155
21,LSHADE-N540,43,21000,425.586036277901
21,LSHADE-N540,43,24000,425.586036277901
21,LSHADE-N540,43,27000,419.724989234138
21,LSHADE-N540,43,30000,400.379375625921
21,LSHADE-N540,43,33000,391.552663492111
21,LSHADE-N540,43,36000,372.539611118702
21,LSHADE-N540,43,39000,372.539611118702
21,LSHADE-N540,43,42000,351.381187590464
21,LSHADE-N540,43,45000,351.381187590464
21,LSHADE-N540,43,48000,321.998199980309
21,LSHADE-N540,43,51000,318.198655929748
21,LSHADE-N540,43,54000,317.494541062401
21,LSHADE-N540,43,57000,306.701731177911
21,LSHADE-N540,43,60000,241.398765300243
21,LSHADE-N540,44,3000,571.039484462486
21,LSHADE-N540,44,6000,497.19601199462
21,LSHADE-N540,44,9000,481.530965980742
21,LSHADE-N540,44,12000,415.633725124749
21,LSHADE-N540,44,15000,415.633725124749
21,LSHADE-N540,44,18000,415.633725124749
21,LSHADE-N540,44,21000,415.633725124749
21,LSHADE-N540,44,24000,396.172931874447
21,LSHADE-N540,44,27000,396.172931874447
21,LSHADE-N540,44,30000,390.278934445515
21,LSHADE-N540,44,33000,390.278934445515
21,LSHADE-N540,44,36000,384.112123684698
21,LSHADE-N540,44,39000,371.034408748721
21,LSHADE-N540,44,42000,349.012185370903
21,LSHADE-N540,44,45000,346.680070181374
21,LSHADE-N540,44,48000,331.300336563768
21,LSHADE-N540,44,51000,325.843074429968
21,LSHADE-N540,44,54000,314.006378749369
21,LSHADE-N540,44,57000,298.913771402324
21,LSHADE-N540,44,60000,249.38642625635
21,LSHADE-N540,45,3000,606.162061825717
21,LSHADE-N540,45,6000,534.408134208201
21,LSHADE-N540,45,9000,486.154824869217
21,LSHADE-N540,45,12000,459.433414311055
21,LSHADE-N540,45,15000,458.028296886356
21,LSHADE-N540,45,18000,457.272020515189
21,LSHADE-N540,45,21000,428.765367256111
21,LSHADE-N540,45,24000,397.202814101152
21,LSHADE-N540,45,27000,397.202814101152
21,LSHADE-N540,45,30000,397.202814101152
21,LSHADE-N540,45,33000,397.202814101152
21,LSHADE-N540,45,36000,397.202814101152
21,LSHADE-N540,45,39000,391.077868297333
21,LSHADE-N540,45,42000,381.96016608051
21,LSHADE-N540,45,45000,381.96016608051
21,LSHADE-N540,45,48000,364.595619971695
21,LSHADE-N540,45,51000,340.362724485672
21,LSHADE-N540,45,54000,327.904119626292
21,LSHADE-N540,45,57000,317.964471648787
21,LSHADE-N540,45,60000,250.907348005647
22,LSHADE-N540,41,3000,7563.12392826986
22,LSHADE-N540,41,6000,4081.89130474867
22,LSHADE-N540,41,9000,2863.17417161606
22,LSHADE-N540,41,12000,2091.44391081644
22,LSHADE-N540,41,15000,1500.8989840161
22,LSHADE-N540,41,18000,814.558953913002
22,LSHADE-N540,41,21000,465.12199489209
22,LSHADE-N540,41,24000,259.257716735895
22,LSHADE-N540,41,27000,178.436607948911
22,LSHADE-N540,41,30000,132.728215544077
22,LSHADE-N540,41,33000,122.297622304714
22,LSHADE-N540,41,36000,114.480271258733
22,LSHADE-N540,41,39000,105.868845695263
22,LSHADE-N540,41,42000,101.163352028909
22,LSHADE-N540,41,45000,100.200665202003
22,LSHADE-N540,41,48000,100.034428870921
22,LSHADE-N540,41,51000,100.0039329277
22,LSHADE-N540,41,54000,100.000298061525
22,LSHADE-N540,41,57000,100.000019487419
22,LSHADE-N540,41,60000,100.000001280252
22,LSHADE-N540,42,3000,7052.74128555584
22,LSHADE-N540,42,6000,5646.51183610946
22,LSHADE-N540,42,9000,3389.90499323901
22,LSHADE-N540,42,12000,2297.27568471136
22,LSHADE-N540,42,15000,1671.59770410143
22,LSHADE-N540,42,18000,945.87510839672
22,LSHADE-N540,42,21000,501.133033768851
22,LSHADE-N540,42,24000,289.353639061492
22,LSHADE-N540,42,27000,194.564201381217
22,LSHADE-N540,42,30000,141.091398486065
22,LSHADE-N540,42,33000,124.095323218163
22,LSHADE-N540,42,36000,114.836756596243
22,LSHADE-N540,42,39000,106.405691927829
22,LSHADE-N540,42,42000,101.280794463881
22,LSHADE-N540,42,45000,100.271014667649
22,LSHADE-N540,42,48000,100.039399443577
22,LSHADE-N540,42,51000,100.006606764849
22,LSHADE-N540,42,54000,100.000812901411
22,LSHADE-N540,42,57000,100.000065749307
22,LSHADE-N540,42,60000,100.000007825912
22,LSHADE-N540,43,3000,7202.04184324975
22,LSHADE-N540,43,6000,4467.59303379239
22,LSHADE-N540,43,9000,2803.90235049062
22,LSHADE-N540,43,12000,2070.58424114659
22,LSHADE-N540,43,15000,1488.63219200016
22,LSHADE-N540,43,18000,736.523724693608
22,LSHADE-N540,43,21000,447.835438054835
22,LSHADE-N540,43,24000,276.479298425563
22,LSHADE-N540,43,27000,185.147918743438
22,LSHADE-N540,43,30000,134.910238165857
22,LSHADE-N540,43,33000,122.421585421494
22,LSHADE-N540,43,36000,114.496553201784
22,LSHADE-N540,43,39000,106.190048742719
22,LSHADE-N540,43,42000,101.097461694749
22,LSHADE-N540,43,45000,100.197010609565
22,LSHADE-N540,43,48000,100.034231794265
22,LSHADE-N540,43,51000,100.003979338528
22,LSHADE-N540,43,54000,100.000427811061
22,LSHADE-N540,43,57000,100.000047469897
22,LSHADE-N540,43,60000,100.00000306764
22,LSHADE-N540,44,3000,7843.21446392404
22,LSHADE-N540,44,6000,5548.56666813319
22,LSHADE-N540,44,9000,4140.42109943023
22,LSHADE-N540,44,12000,2768.7579851079
22,LSHADE-N540,44,15000,1635.59840408617
22,LSHADE-N540,44,18000,928.278563057565
22,LSHADE-N540,44,21000,572.368712144183
22,LSHADE-N540,44,24000,307.269078607168
22,LSHADE-N540,44,27000,185.742304333231
22,LSHADE-N540,44,30000,144.64087579024
22,LSHADE-N540,44,33000,124.198072376028
22,LSHADE-N540,44,36000,114.769118320537
22,LSHADE-N540,44,39000,106.196911753472
22,LSHADE-N540,44,42000,101.104395321961
22,LSHADE-N540,44,45000,100.264148794653
22,LSHADE-N540,44,48000,100.044278455598
22,LSHADE-N540,44,51000,100.006835176483
22,LSHADE-N540,44,54000,100.001021865033
22,LSHADE-N540,44,57000,100.00006829737
22,LSHADE-N540,44,60000,100.000005999448
22,LSHADE-N540,45,3000,7390.39654233378
22,LSHADE-N540,45,6000,5876.88709094013
22,LSHADE-N540,45,9000,2445.85475737677
22,LSHADE-N540,45,12000,1919.8061781614
22,LSHADE-N540,45,15000,1817.07401888258
22,LSHADE-N540,45,18000,990.958503469436
22,LSHADE-N540,45,21000,568.44165456589
22,LSHADE-N540,45,24000,305.683931115414
22,LSHADE-N540,45,27000,186.258941803678
22,LSHADE-N540,45,30000,143.666847756778
22,LSHADE-N540,45,33000,123.380410372646
22,LSHADE-N540,45,36000,113.655193777793
22,LSHADE-N540,45,39000,106.501571852938
22,LSHADE-N540,45,42000,101.129561871954
22,LSHADE-N540,45,45000,100.2104609848
22,LSHADE-N540,45,48000,100.034023712523
22,LSHADE-N540,45,51000,100.005553256014
22,LSHADE-N540,45,54000,100.000484420375
22,LSHADE-N540,45,57000,100.000046473174
22,LSHADE-N540,45,60000,100.00000265429
23,LSHADE-N540,41,3000,831.62094111537
23,LSHADE-N540,41,6000,693.918720511918
23,LSHADE-N540,41,9000,645.778820063289
23,LSHADE-N540,41,12000,627.03990417521
23,LSHADE-N540,41,15000,604.802648088556
23,LSHADE-N540,41,18000,595.574786332679
23,LSHADE-N540,41,21000,577.719740474916
23,LSHADE-N540,41,24000,577.719740474916
23,LSHADE-N540,41,27000,572.96559822745
23,LSHADE-N540,41,30000,563.770070404035
23,LSHADE-N540,41,33000,549.691483721431
23,LSHADE-N540,41,36000,521.412660031373
23,LSHADE-N540,41,39000,521.412660031373
23,LSHADE-N540,41,42000,507.193745411012
23,LSHADE-N540,41,45000,504.619359132714
23,LSHADE-N540,41,48000,497.417572997465
23,LSHADE-N540,41,51000,482.412151147294
23,LSHADE-N540,41,54000,471.985075466087
23,LSHADE-N540,41,57000,452.534131439279
23,LSHADE-N540,41,60000,391.211936197995
23,LSHADE-N540,42,3000,907.633191728239
23,LSHADE-N540,42,6000,717.935610076412
23,LSHADE-N540,42,9000,646.806063141909
23,LSHADE-N540,42,12000,619.747627928991
23,LSHADE-N540,42,15000,603.396225864956
23,LSHADE-N540,42,18000,589.892841118343
23,LSHADE-N540,42,21000,589.760815449366
23,LSHADE-N540,42,24000,586.219514314183
23,LSHADE-N540,42,27000,570.293836770928
23,LSHADE-N540,42,30000,561.266660982806
23,LSHADE-N540,42,33000,535.05057690077
23,LSHADE-N540,42,36000,532.851070565137
23,LSHADE-N540,42,39000,532.550123854201
23,LSHADE-N540,42,42000,516.122365365607
23,LSHADE-N540,42,45000,491.898685694509
23,LSHADE-N540,42,48000,488.011624608733
23,LSHADE-N540,42,51000,481.70894292512
23,LSHADE-N540,42,54000,473.40555113826
23,LSHADE-N540,42,57000,460.223171296879
23,LSHADE-N540,42,60000,396.799749072559
23,LSHADE-N540,43,3000,951.496280459172
23,LSHADE-N540,43,6000,729.422876795433
23,LSHADE-N540,43,9000,647.808731817711
23,LSHADE-N540,43,12000,620.970961718088
23,LSHADE-N540,43,15000,608.979687767094
23,LSHADE-N540,43,18000,586.413501530434
23,LSHADE-N540,43,21000,574.613553357546
23,LSHADE-N540,43,24000,574.613553357546
23,LSHADE-N540,43,27000,574.613553357546
23,LSHADE-N540,43,30000,562.334493004989
23,LSHADE-N540,43,33000,556.821296714638
23,LSHADE-N540,43,36000,535.656773353379
23,LSHADE-N540,43,39000,535.656773353379
23,LSHADE-N540,43,42000,529.681655760244
23,LSHADE-N540,43,45000,493.596577184744
23,LSHADE-N540,43,48000,493.277092540375
23,LSHADE-N540,43,51000,475.81059027111
23,LSHADE-N540,43,54000,454.994013705666
23,LSHADE-N540,43,57000,450.626681997413
23,LSHADE-N540,43,60000,386.997971098893
23,LSHADE-N540,44,3000,968.843128617156
23,LSHADE-N540,44,6000,724.588574507098
23,LSHADE-N540,44,9000,653.818362008785
23,LSHADE-N540,44,12000,614.424052584488
23,LSHADE-N540,44,15000,612.682956458942
23,LSHADE-N540,44,18000,603.429908361676
23,LSHADE-N540,44,21000,590.161087910895
23,LSHADE-N540,44,24000,550.726344940954
23,LSHADE-N540,44,27000,550.726344940954
23,LSHADE-N540,44,30000,550.726344940954
23,LSHADE-N540,44,33000,550.726344940954
23,LSHADE-N540,44,36000,545.066371445135
23,LSHADE-N540,44,39000,522.914908074507
23,LSHADE-N540,44,42000,522.914908074507
23,LSHADE-N540,44,45000,514.171996233798
23,LSHADE-N540,44,48000,486.953892131048
23,LSHADE-N540,44,51000,481.172570960987
23,LSHADE-N540,44,54000,476.656778469308
23,LSHADE-N540,44,57000,460.733952021362
23,LSHADE-N540,44,60000,391.357024053137
23,LSHADE-N540,45,3000,914.492683008236
23,LSHADE-N540,45,6000,730.035208522776
23,LSHADE-N540,45,9000,666.087485443563
23,LSHADE-N540,45,12000,645.542397020869
23,LSHADE-N540,45,15000,623.223187823835
23,LSHADE-N540,45,18000,597.78352205742
23,LSHADE-N540,45,21000,594.631822503823
23,LSHADE-N540,45,24000,572.744180627665
23,LSHADE-N540,45,27000,572.744180627665
23,LSHADE-N540,45,30000,565.788249553839
23,LSHADE-N540,45,33000,547.363239949628
23,LSHADE-N540,45,36000,547.363239949628
23,LSHADE-N540,45,39000,529.451382026631
23,LSHADE-N540,45,42000,523.073967911162
23,LSHADE-N540,45,45000,523.073967911162
23,LSHADE-N540,45,48000,477.857862704695
23,LSHADE-N540,45,51000,475.652739815817
23,LSHADE-N540,45,54000,457.787733363571
23,LSHADE-N540,45,57000,435.167172770114
23,LSHADE-N540,45,60000,396.136664267703
24,LSHADE-N540,41,3000,993.222624865157
24,LSHADE-N540,41,6000,719.472413222163
24,LSHADE-N540,41,9000,686.930901871852
24,LSHADE-N540,41,12000,633.558071801925
24,LSHADE-N540,41,15000,633.558071801925
24,LSHADE-N540,41,18000,633.558071801925
24,LSHADE-N540,41,21000,633.558071801925
24,LSHADE-N540,41,24000,633.558071801925
24,LSHADE-N540,41,27000,633.558071801925
24,LSHADE-N540,41,30000,627.229687988337
24,LSHADE-N540,41,33000,624.104809658872
24,LSHADE-N540,41,36000,624.104809658872
24,LSHADE-N540,41,39000,609.72045332254
24,LSHADE-N540,41,42000,594.14227515356
24,LSHADE-N540,41,45000,592.365507711498
24,LSHADE-N540,41,48000,578.735038876649
24,LSHADE-N540,41,51000,567.056000814951
24,LSHADE-N540,41,54000,548.434086270855
24,LSHADE-N540,41,57000,533.789513248047
24,LSHADE-N540,41,60000,480.180227562813
24,LSHADE-N540,42,3000,1003.41413158902
24,LSHADE-N540,42,6000,774.525653512261
24,LSHADE-N540,42,9000,681.197389076013
24,LSHADE-N540,42,12000,668.417903499495
24,LSHADE-N540,42,15000,666.131703473297
24,LSHADE-N540,42,18000,666.131703473297
24,LSHADE-N540,42,21000,650.356599996007
24,LSHADE-N540,42,24000,650.356599996007
24,LSHADE-N540,42,27000,646.398465785397
24,LSHADE-N540,42,30000,622.539624201863
24,LSHADE-N540,42,33000,620.517669991182
24,LSHADE-N540,42,36000,607.471450261063
24,LSHADE-N540,42,39000,607.471450261063
24,LSHADE-N540,42,42000,586.880461350009
24,LSHADE-N540,42,45000,577.50034420608
24,LSHADE-N540,42,48000,557.894899551984
24,LSHADE-N540,42,51000,557.894899551984
24,LSHADE-N540,42,54000,539.615974168432
24,LSHADE-N540,42,57000,510.55928887992
24,LSHADE-N540,42,60000,451.113423783898
24,LSHADE-N540,43,3000,977.606895576434
24,LSHADE-N540,43,6000,788.083463653907
24,LSHADE-N540,43,9000,706.033150479963
24,LSHADE-N540,43,12000,673.863223174979
24,LSHADE-N540,43,15000,645.238467988138
24,LSHADE-N540,43,18000,645.238467988138
24,LSHADE-N540,43,21000,645.238467988138
24,LSHADE-N540,43,24000,628.192801806708
24,LSHADE-N540,43,27000,628.192801806708
24,LSHADE-N540,43,30000,628.192801806708
24,LSHADE-N540,43,33000,628.192801806708
24,LSHADE-N540,43,36000,617.957755214931
24,LSHADE-N540,43,39000,613.787563344212
24,LSHADE-N540,43,42000,597.259616642234
24,LSHADE-N540,43,45000,570.325944774752
24,LSHADE-N540,43,48000,562.410142007504
24,LSHADE-N540,43,51000,558.961933703928
24,LSHADE-N540,43,54000,548.625598401302
24,LSHADE-N540,43,57000,517.770216055516
24,LSHADE-N540,43,60000,470.811570064714
24,LSHADE-N540,44,3000,1005.60123255341
24,LSHADE-N540,44,6000,740.906419612171
24,LSHADE-N540,44,9000,695.515096348986
24,LSHADE-N540,44,12000,672.529343192709
24,LSHADE-N540,44,15000,637.432010530599
24,LSHADE-N540,44,18000,637.432010530599
24,LSHADE-N540,44,21000,637.432010530599
24,LSHADE-N540,44,24000,624.482104663395
24,LSHADE-N540,44,27000,622.245176736833
24,LSHADE-N540,44,30000,622.245176736833
24,LSHADE-N540,44,33000,622.245176736833
24,LSHADE-N540,44,36000,622.245176736833
24,LSHADE-N540,44,39000,600.439282349922
24,LSHADE-N540,44,42000,589.974585488699
24,LSHADE-N540,44,45000,573.537820296917
24,LSHADE-N540,44,48000,573.15316769769
24,LSHADE-N540,44,51000,571.720981691998
24,LSHADE-N540,44,54000,519.366560271484
24,LSHADE-N540,44,57000,499.772657133693
24,LSHADE-N540,44,60000,462.095591292765
24,LSHADE-N540,45,3000,1000.36740438815
24,LSHADE-N540,45,6000,752.344363998903
24,LSHADE-N540,45,9000,705.053277801096
24,LSHADE-N540,45,12000,665.130428725807
24,LSHADE-N540,45,15000,636.309869994029
24,LSHADE-N540,45,18000,636.309869994029
24,LSHADE-N540,45,21000,636.309869994029
24,LSHADE-N540,45,24000,636.309869994029
24,LSHADE-N540,45,27000,636.309869994029
24,LSHADE-N540,45,30000,633.296020575989
24,LSHADE-N540,45,33000,623.941688290484
24,LSHADE-N540,45,36000,623.941688290484
24,LSHADE-N540,45,39000,602.327888506538
24,LSHADE-N540,45,42000,593.468654971088
24,LSHADE-N540,45,45000,580.767993066715
24,LSHADE-N540,45,48000,543.293928554323
24,LSHADE-N540,45,51000,532.430132674665
24,LSHADE-N540,45,54000,531.581064932768
24,LSHADE-N540,45,57000,510.25225870979
24,LSHADE-N540,45,60000,453.963112312674
25,LSHADE-N540,41,3000,3233.53997041475
25,LSHADE-N540,41,6000,1795.34694848041
25,LSHADE-N540,41,9000,1296.74472077441
25,LSHADE-N540,41,12000,932.755424191273
25,LSHADE-N540,41,15000,628.845512510381
25,LSHADE-N540,41,18000,553.288782757713
25,LSHADE-N540,41,21000,465.427324834065
25,LSHADE-N540,41,24000,435.795454692907
25,LSHADE-N540,41,27000,413.35917809538
25,LSHADE-N540,41,30000,393.842756329781
25,LSHADE-N540,41,33000,390.048345355286
25,LSHADE-N540,41,36000,388.438669396842
25,LSHADE-N540,41,39000,387.72663134685
25,LSHADE-N540,41,42000,387.18990352945
25,LSHADE-N540,41,45000,387.061638063746
25,LSHADE-N540,41,48000,386.870211073659
25,LSHADE-N540,41,51000,386.845804522379
25,LSHADE-N540,41,54000,386.838740280989
25,LSHADE-N540,41,57000,386.837167120395
25,LSHADE-N540,41,60000,386.837141602506
25,LSHADE-N540,42,3000,4618.20492529841
25,LSHADE-N540,42,6000,1828.28175881732
25,LSHADE-N540,42,9000,1310.55650270649
25,LSHADE-N540,42,12000,941.728040054008
25,LSHADE-N540,42,15000,710.931321195994
25,LSHADE-N540,42,18000,562.998486106766
25,LSHADE-N540,42,21000,477.644175714818
25,LSHADE-N540,42,24000,428.848728655184
25,LSHADE-N540,42,27000,405.459436193853
25,LSHADE-N540,42,30000,391.967436902661
25,LSHADE-N540,42,33000,388.697759548731
25,LSHADE-N540,42,36000,387.662478761339
25,LSHADE-N540,42,39000,387.225179251049
25,LSHADE-N540,42,42000,387.104850861507
25,LSHADE-N540,42,45000,386.905489564017
25,LSHADE-N540,42,48000,386.806271088725
25,LSHADE-N540,42,51000,386.791987032334
25,LSHADE-N540,42,54000,386.791015307224
25,LSHADE-N540,42,57000,386.790908860981
25,LSHADE-N540,42,60000,386.790907514681
25,LSHADE-N540,43,3000,3877.91279586156
25,LSHADE-N540,43,6000,1523.66169023409
25,LSHADE-N540,43,9000,1455.45439166162
25,LSHADE-N540,43,12000,853.205662432956
25,LSHADE-N540,43,15000,677.031903747187
25,LSHADE-N540,43,18000,537.522479667879
25,LSHADE-N540,43,21000,451.396853822636
25,LSHADE-N540,43,24000,428.142984131269
25,LSHADE-N540,43,27000,400.085331595935
25,LSHADE-N540,43,30000,391.390321914087
25,LSHADE-N540,43,33000,388.743494638787
25,LSHADE-N540,43,36000,387.563994861011
25,LSHADE-N540,43,39000,387.166162472148
25,LSHADE-N540,43,42000,387.028118390583
25,LSHADE-N540,43,45000,386.914330457227
25,LSHADE-N540,43,48000,386.776368698386
25,LSHADE-N540,43,51000,386.742736565547
25,LSHADE-N540,43,54000,386.739107017469
25,LSHADE-N540,43,57000,386.739048884418
25,LSHADE-N540,43,60000,386.739048493433
25,LSHADE-N540,44,3000,5130.6850321109
25,LSHADE-N540,44,6000,1914.19020953823
25,LSHADE-N540,44,9000,1244.59446620365
25,LSHADE-N540,44,12000,964.854603168375
25,LSHADE-N540,44,15000,650.340395316533
25,LSHADE-N540,44,18000,516.208282243679
25,LSHADE-N540,44,21000,472.884418994872
25,LSHADE-N540,44,24000,419.672247991668
25,LSHADE-N540,44,27000,401.228809784546
25,LSHADE-N540,44,30000,391.405715492663
25,LSHADE-N540,44,33000,388.719178461401
25,LSHADE-N540,44,36000,387.686545545832
25,LSHADE-N540,44,39000,387.273327178921
25,LSHADE-N540,44,42000,387.122715327659
25,LSHADE-N540,44,45000,386.972259854004
25,LSHADE-N540,44,48000,386.80978086744
25,LSHADE-N540,44,51000,386.787780510566
25,LSHADE-N540,44,54000,386.781505715421
25,LSHADE-N540,44,57000,386.78025788862
25,LSHADE-N540,44,60000,386.780234257282
25,LSHADE-N540,45,3000,4355.07974263326
25,LSHADE-N540,45,6000,1498.58627793782
25,LSHADE-N540,45,9000,1033.10521129764
25,LSHADE-N540,45,12000,881.795202260354
25,LSHADE-N540,45,15000,646.376635063264
25,LSHADE-N540,45,18000,491.474423944627
25,LSHADE-N540,45,21000,449.857785054474
25,LSHADE-N540,45,24000,423.016671175658
25,LSHADE-N540,45,27000,399.800120413157
25,LSHADE-N540,45,30000,391.000637511841
25,LSHADE-N540,45,33000,388.951916410351
25,LSHADE-N540,45,36000,387.959701533377
25,LSHADE-N540,45,39000,387.322280210133
25,LSHADE-N540,45,42000,387.096438279383
25,LSHADE-N540,45,45000,386.998449907684
25,LSHADE-N540,45,48000,386.868898677842
25,LSHADE-N540,45,51000,386.844588975916
25,LSHADE-N540,45,54000,386.842975079373
25,LSHADE-N540,45,57000,386.842940838801
25,LSHADE-N540,45,60000,386.842940463182
26,LSHADE-N540,41,3000,7670.4492867253
26,LSHADE-N540,41,6000,5045.3263856726
26,LSHADE-N540,41,9000,3882.4174886308
26,LSHADE-N540,41,12000,3707.09186463379
26,LSHADE-N540,41,15000,3707.09186463379
26,LSHADE-N540,41,18000,3481.22880075318
26,LSHADE-N540,41,21000,3334.1798900278
26,LSHADE-N540,41,24000,3282.2201838003
26,LSHADE-N540,41,27000,3089.50229198713
26,LSHADE-N540,41,30000,3048.94644061302
26,LSHADE-N540,41,33000,2732.69244631022
26,LSHADE-N540,41,36000,2732.69244631022
26,LSHADE-N540,41,39000,2732.69244631022
26,LSHADE-N540,41,42000,2458.93509359738
26,LSHADE-N540,41,45000,2293.75995968027
26,LSHADE-N540,41,48000,2285.14581672713
26,LSHADE-N540,41,51000,2271.443634806
26,LSHADE-N540,41,54000,2176.39526047296
26,LSHADE-N540,41,57000,1853.01354899402
26,LSHADE-N540,41,60000,1310.14296466389
26,LSHADE-N540,42,3000,6965.58692798999
26,LSHADE-N540,42,6000,4733.44389003696
26,LSHADE-N540,42,9000,4187.9319306522
26,LSHADE-N540,42,12000,4124.8791985776
26,LSHADE-N540,42,15000,3510.13915332088
26,LSHADE-N540,42,18000,3510.13915332088
26,LSHADE-N540,42,21000,3510.13915332088
26,LSHADE-N540,42,24000,3302.27847194706
26,LSHADE-N540,42,27000,3302.27847194706
26,LSHADE-N540,42,30000,2665.29942832923
26,LSHADE-N540,42,33000,2665.29942832923
26,LSHADE-N540,42,36000,2665.29942832923
26,LSHADE-N540,42,39000,2665.29942832923
26,LSHADE-N540,42,42000,2660.27479701055
26,LSHADE-N540,42,45000,2583.4265710151
26,LSHADE-N540,42,48000,2393.51429879039
26,LSHADE-N540,42,51000,2317.52551968569
26,LSHADE-N540,42,54000,2240.9126002186
26,LSHADE-N540,42,57000,1849.49225719474
26,LSHADE-N540,42,60000,1302.50651648903
26,LSHADE-N540,43,3000,7040.43973712697
26,LSHADE-N540,43,6000,4445.53275332912
26,LSHADE-N540,43,9000,4163.12064264014
26,LSHADE-N540,43,12000,3889.58123789863
26,LSHADE-N540,43,15000,3709.25793887693
26,LSHADE-N540,43,18000,3168.38606625159
26,LSHADE-N540,43,21000,3168.38606625159
26,LSHADE-N540,43,24000,3168.38606625159
26,LSHADE-N540,43,27000,3168.38606625159
26,LSHADE-N540,43,30000,3165.43607790084
26,LSHADE-N540,43,33000,2937.54370666123
26,LSHADE-N540,43,36000,2650.27641128243
26,LSHADE-N540,43,39000,2553.2608923441
26,LSHADE-N540,43,42000,2509.57723533392
26,LSHADE-N540,43,45000,2236.55722943995
26,LSHADE-N540,43,48000,2230.09941203612
26,LSHADE-N540,43,51000,2119.52479534011
26,LSHADE-N540,43,54000,1899.56358788929
26,LSHADE-N540,43,57000,1614.9003407993
26,LSHADE-N540,43,60000,1222.32298072208
26,LSHADE-N540,44,3000,7233.73044314233
26,LSHADE-N540,44,6000,5352.25790985498
26,LSHADE-N540,44,9000,4299.17376668055
26,LSHADE-N540,44,12000,4125.79767764774
26,LSHADE-N540,44,15000,3955.85911015994
26,LSHADE-N540,44,18000,3390.62317915935
26,LSHADE-N540,44,21000,3390.62317915935
26,LSHADE-N540,44,24000,3275.61766939932
26,LSHADE-N540,44,27000,2952.97118986737
26,LSHADE-N540,44,30000,2952.97118986737
26,LSHADE-N540,44,33000,2527.88584892158
26,LSHADE-N540,44,36000,2527.88584892158
26,LSHADE-N540,44,39000,2525.18430069447
26,LSHADE-N540,44,42000,2525.18430069447
26,LSHADE-N540,44,45000,2428.55979056868
26,LSHADE-N540,44,48000,2094.42053006709
26,LSHADE-N540,44,51000,1893.63889090952
26,LSHADE-N540,44,54000,1884.29899595141
26,LSHADE-N540,44,57000,1338.67232486167
26,LSHADE-N540,44,60000,966.766802250479
26,LSHADE-N540,45,3000,6763.61360407789
26,LSHADE-N540,45,6000,4700.38948528443
26,LSHADE-N540,45,9000,4087.45928371071
26,LSHADE-N540,45,12000,3944.57709455988
26,LSHADE-N540,45,15000,3635.36181920577
26,LSHADE-N540,45,18000,3591.00260837142
26,LSHADE-N540,45,21000,3503.7979984048
26,LSHADE-N540,45,24000,3343.03963566717
26,LSHADE-N540,45,27000,3133.73379433009
26,LSHADE-N540,45,30000,3023.7336754394
26,LSHADE-N540,45,33000,2958.53749438079
26,LSHADE-N540,45,36000,2858.75100658502
26,LSHADE-N540,45,39000,2837.52163191349
26,LSHADE-N540,45,42000,2651.69615675534
26,LSHADE-N540,45,45000,2487.21260143911
26,LSHADE-N540,45,48000,2432.77208522042
26,LSHADE-N540,45,51000,2337.6041590329
26,LSHADE-N540,45,54000,2080.09154173196
26,LSHADE-N540,45,57000,1803.83515371114
26,LSHADE-N540,45,60000,1246.0919310577
27,LSHADE-N540,41,3000,1166.25285919837
27,LSHADE-N540,41,6000,814.280268925107
27,LSHADE-N540,41,9000,682.785574378112
27,LSHADE-N540,41,12000,635.209429576936
27,LSHADE-N540,41,15000,601.241884563695
27,LSHADE-N540,41,18000,588.71054028658
27,LSHADE-N540,41,21000,565.983760839676
27,LSHADE-N540,41,24000,542.044440381865
27,LSHADE-N540,41,27000,537.477222676303
27,LSHADE-N540,41,30000,527.32609927457
27,LSHADE-N540,41,33000,525.751686990945
27,LSHADE-N540,41,36000,521.767309695519
27,LSHADE-N540,41,39000,518.897392311111
27,LSHADE-N540,41,42000,516.489814945013
27,LSHADE-N540,41,45000,514.540534158876
27,LSHADE-N540,41,48000,513.658904375567
27,LSHADE-N540,41,51000,513.327271637897
27,LSHADE-N540,41,54000,513.25326773227
27,LSHADE-N540,41,57000,513.196839913817
27,LSHADE-N540,41,60000,513.183128699647
27,LSHADE-N540,42,3000,1142.26184480193
27,LSHADE-N540,42,6000,864.659794298967
27,LSHADE-N540,42,9000,683.748369737543
27,LSHADE-N540,42,12000,673.121910366498
27,LSHADE-N540,42,15000,623.222106781279
27,LSHADE-N540,42,18000,605.028624274102
27,LSHADE-N540,42,21000,562.528547709355
27,LSHADE-N540,42,24000,554.572730285058
27,LSHADE-N540,42,27000,539.168305025134
27,LSHADE-N540,42,30000,533.665136125192
27,LSHADE-N540,42,33000,527.551551139097
27,LSHADE-N540,42,36000,526.94031501005
27,LSHADE-N540,42,39000,520.920582377831
27,LSHADE-N540,42,42000,516.223946271072
27,LSHADE-N540,42,45000,514.04537180739
27,LSHADE-N540,42,48000,512.189549764219
27,LSHADE-N540,42,51000,511.874657571931
27,LSHADE-N540,42,54000,511.842604997801
27,LSHADE-N540,42,57000,511.841922899895
27,LSHADE-N540,42,60000,511.84191331773
27,LSHADE-N540,43,3000,1326.34666134286
27,LSHADE-N540,43,6000,832.707232950473
27,LSHADE-N540,43,9000,676.840974448639
27,LSHADE-N540,43,12000,646.247336388213
27,LSHADE-N540,43,15000,617.650968344989
27,LSHADE-N540,43,18000,579.34703401256
27,LSHADE-N540,43,21000,561.706594604903
27,LSHADE-N540,43,24000,548.69102081889
27,LSHADE-N540,43,27000,540.577164558988
27,LSHADE-N540,43,30000,529.661315547037
27,LSHADE-N540,43,33000,521.946166754979
27,LSHADE-N540,43,36000,513.029374716516
27,LSHADE-N540,43,39000,508.497537401389
27,LSHADE-N540,43,42000,502.558478348291
27,LSHADE-N540,43,45000,496.560782194877
27,LSHADE-N540,43,48000,495.148147247501
27,LSHADE-N540,43,51000,494.698937425121
27,LSHADE-N540,43,54000,494.53980960407
27,LSHADE-N540,43,57000,494.505465177442
27,LSHADE-N540,43,60000,494.496098110026
27,LSHADE-N540,44,3000,1319.44359815265
27,LSHADE-N540,44,6000,861.031069775728
27,LSHADE-N540,44,9000,771.921537637912
27,LSHADE-N540,44,12000,667.891923980766
27,LSHADE-N540,44,15000,609.8138870475
27,LSHADE-N540,44,18000,580.666914963862
27,LSHADE-N540,44,21000,554.135893843137
27,LSHADE-N540,44,24000,540.341161172091
27,LSHADE-N540,44,27000,534.09191854434
27,LSHADE-N540,44,30000,525.202669866267
27,LSHADE-N540,44,33000,523.211774369273
27,LSHADE-N540,44,36000,519.736830872283
27,LSHADE-N540,44,39000,517.390483244841
27,LSHADE-N540,44,42000,513.131124598031
27,LSHADE-N540,44,45000,509.514103370997
27,LSHADE-N540,44,48000,507.813164343154
27,LSHADE-N540,44,51000,507.342041120608
27,LSHADE-N540,44,54000,507.260769105926
27,LSHADE-N540,44,57000,507.24855750479
27,LSHADE-N540,44,60000,507.247264969689
27,LSHADE-N540,45,3000,1340.45187906183
27,LSHADE-N540,45,6000,810.243425253676
27,LSHADE-N540,45,9000,738.388270432622
27,LSHADE-N540,45,12000,628.825932569801
27,LSHADE-N540,45,15000,613.909590321951
27,LSHADE-N540,45,18000,593.450820946634
27,LSHADE-N540,45,21000,565.672400129926
27,LSHADE-N540,45,24000,543.837123438901
27,LSHADE-N540,45,27000,532.051053474709
27,LSHADE-N540,45,30000,528.54881153008
27,LSHADE-N540,45,33000,522.813334079976
27,LSHADE-N540,45,36000,518.539567552347
27,LSHADE-N540,45,39000,513.130471292963
27,LSHADE-N540,45,42000,511.536413789273
27,LSHADE-N540,45,45000,510.556998449469
27,LSHADE-N540,45,48000,510.176440570935
27,LSHADE-N540,45,51000,510.117033937251
27,LSHADE-N540,45,54000,510.106335155468
27,LSHADE-N540,45,57000,510.104552352899
27,LSHADE-N540,45,60000,510.1043110389
28,LSHADE-N540,41,3000,4063.17454125685
28,LSHADE-N540,41,6000,1657.34841006688
28,LSHADE-N540,41,9000,1607.85834723474
28,LSHADE-N540,41,12000,993.142350997507
28,LSHADE-N540,41,15000,774.051451540814
28,LSHADE-N540,41,18000,689.699729677322
28,LSHADE-N540,41,21000,590.395591506852
28,LSHADE-N540,41,24000,551.829762814752
28,LSHADE-N540,41,27000,507.982644775997
28,LSHADE-N540,41,30000,477.064318953547
28,LSHADE-N540,41,33000,464.955143998275
28,LSHADE-N540,41,36000,458.812591502057
28,LSHADE-N540,41,39000,455.893528669094
28,LSHADE-N540,41,42000,455.036303630385
28,LSHADE-N540,41,45000,454.821184508537
28,LSHADE-N540,41,48000,454.579086590443
28,LSHADE-N540,41,51000,454.379129610555
28,LSHADE-N540,41,54000,454.193248442562
28,LSHADE-N540,41,57000,454.011193663573
28,LSHADE-N540,41,60000,453.947087881414
28,LSHADE-N540,42,3000,4150.089723711
28,LSHADE-N540,42,6000,2657.68129822487
28,LSHADE-N540,42,9000,1583.60506577703
28,LSHADE-N540,42,12000,1084.11713868787
28,LSHADE-N540,42,15000,1004.61494395907
28,LSHADE-N540,42,18000,740.916538924759
28,LSHADE-N540,42,21000,623.377935087194
28,LSHADE-N540,42,24000,547.584495795775
28,LSHADE-N540,42,27000,492.328625441032
28,LSHADE-N540,42,30000,478.540834682189
28,LSHADE-N540,42,33000,468.337872342664
28,LSHADE-N540,42,36000,460.569975092375
28,LSHADE-N540,42,39000,456.699374898285
28,LSHADE-N540,42,42000,455.199438103092
28,LSHADE-N540,42,45000,454.715490183777
28,LSHADE-N540,42,48000,454.552942483218
28,LSHADE-N540,42,51000,454.390293138229
28,LSHADE-N540,42,54000,454.186444884437
28,LSHADE-N540,42,57000,454.011762369097
28,LSHADE-N540,42,60000,453.96418905612
28,LSHADE-N540,43,3000,3555.00551260885
28,LSHADE-N540,43,6000,2156.02279197099
28,LSHADE-N540,43,9000,1667.57029897429
28,LSHADE-N540,43,12000,1243.34178960001
28,LSHADE-N540,43,15000,876.338271263896
28,LSHADE-N540,43,18000,694.190801151196
28,LSHADE-N540,43,21000,618.132665955357
28,LSHADE-N540,43,24000,545.967215284202
28,LSHADE-N540,43,27000,500.495800069887
28,LSHADE-N540,43,30000,472.813470565065
28,LSHADE-N540,43,33000,457.749940615556
28,LSHADE-N540,43,36000,449.540798618445
28,LSHADE-N540,43,39000,418.075697337541
28,LSHADE-N540,43,42000,408.654795463746
28,LSHADE-N540,43,45000,403.105618728223
28,LSHADE-N540,43,48000,395.211702156705
28,LSHADE-N540,43,51000,379.022581735668
28,LSHADE-N540,43,54000,320.76866414044
28,LSHADE-N540,43,57000,301.333247342766
28,LSHADE-N540,43,60000,300.042101293621
28,LSHADE-N540,44,3000,3631.31131295717
28,LSHADE-N540,44,6000,2804.30367668729
28,LSHADE-N540,44,9000,1693.37219425534
28,LSHADE-N540,44,12000,1068.8831022341
28,LSHADE-N540,44,15000,924.094101214449
28,LSHADE-N540,44,18000,663.721432589901
28,LSHADE-N540,44,21000,597.534448965489
28,LSHADE-N540,44,24000,544.766035751113
28,LSHADE-N540,44,27000,508.515364111496
28,LSHADE-N540,44,30000,478.888539568082
28,LSHADE-N540,44,33000,459.811475601981
28,LSHADE-N540,44,36000,436.404961787153
28,LSHADE-N540,44,39000,425.303740557516
28,LSHADE-N540,44,42000,422.265287354265
28,LSHADE-N540,44,45000,419.48586497322
28,LSHADE-N540,44,48000,416.17844445148
28,LSHADE-N540,44,51000,402.884067772703
28,LSHADE-N540,44,54000,400.946903479085
28,LSHADE-N540,44,57000,400.900190837483
28,LSHADE-N540,44,60000,398.529762970945
28,LSHADE-N540,45,3000,3155.29277305592
28,LSHADE-N540,45,6000,2352.11664752986
28,LSHADE-N540,45,9000,1556.17987790397
28,LSHADE-N540,45,12000,1160.00796682731
28,LSHADE-N540,45,15000,867.119108370759
28,LSHADE-N540,45,18000,696.562107081893
28,LSHADE-N540,45,21000,582.287079659889
28,LSHADE-N540,45,24000,516.679905903892
28,LSHADE-N540,45,27000,483.609749764519
28,LSHADE-N540,45,30000,469.468149419692
28,LSHADE-N540,45,33000,441.759593843309
28,LSHADE-N540,45,36000,425.958533226203
28,LSHADE-N540,45,39000,418.787314885513
28,LSHADE-N540,45,42000,416.520525994828
28,LSHADE-N540,45,45000,413.731109388336
28,LSHADE-N540,45,48000,411.545500430518
28,LSHADE-N540,45,51000,409.815928583655
28,LSHADE-N540,45,54000,407.927422805158
28,LSHADE-N540,45,57000,406.57658743695
28,LSHADE-N540,45,60000,406.272970951053
29,LSHADE-N540,41,3000,3001.04996282877
29,LSHADE-N540,41,6000,2707.64673879451
29,LSHADE-N540,41,9000,2184.58780128279
29,LSHADE-N540,41,12000,2105.97950480265
29,LSHADE-N540,41,15000,1927.77884553405
29,LSHADE-N540,41,18000,1667.73464679186
29,LSHADE-N540,41,21000,1399.88645033194
29,LSHADE-N540,41,24000,1209.48506430216
29,LSHADE-N540,41,27000,1103.11191942095
29,LSHADE-N540,41,30000,1091.93197548699
29,LSHADE-N540,41,33000,1091.93197548699
29,LSHADE-N540,41,36000,957.402321905242
29,LSHADE-N540,41,39000,957.402321905242
29,LSHADE-N540,41,42000,957.402321905242
29,LSHADE-N540,41,45000,809.329704099327
29,LSHADE-N540,41,48000,764.13406462575
29,LSHADE-N540,41,51000,744.82253622401
29,LSHADE-N540,41,54000,702.591725824775
29,LSHADE-N540,41,57000,625.215350398357
29,LSHADE-N540,41,60000,526.256554999018
29,LSHADE-N540,42,3000,3664.37340603041
29,LSHADE-N540,42,6000,2954.32499143427
29,LSHADE-N540,42,9000,2661.18688716206
29,LSHADE-N540,42,12000,2386.76492515875
29,LSHADE-N540,42,15000,1994.51921238018
29,LSHADE-N540,42,18000,1750.49019593039
29,LSHADE-N540,42,21000,1495.65402778558
29,LSHADE-N540,42,24000,1430.99679423357
29,LSHADE-N540,42,27000,1430.99679423357
29,LSHADE-N540,42,30000,1213.82981547984
29,LSHADE-N540,42,33000,1213.82981547984
29,LSHADE-N540,42,36000,1213.82981547984
29,LSHADE-N540,42,39000,1003.653851578
29,LSHADE-N540,42,42000,1003.653851578
29,LSHADE-N540,42,45000,858.309581586039
29,LSHADE-N540,42,48000,842.466756056619
29,LSHADE-N540,42,51000,803.534321730459
29,LSHADE-N540,42,54000,696.081487893026
29,LSHADE-N540,42,57000,631.291946288362
29,LSHADE-N540,42,60000,535.687787646699
29,LSHADE-N540,43,3000,3248.54644270819
29,LSHADE-N540,43,6000,2413.34727944511
29,LSHADE-N540,43,9000,2405.01051110714
29,LSHADE-N540,43,12000,2298.45413920455
29,LSHADE-N540,43,15000,2246.00174280908
29,LSHADE-N540,43,18000,1937.33533240601
29,LSHADE-N540,43,21000,1732.87727781641
29,LSHADE-N540,43,24000,1288.82752592157
29,LSHADE-N540,43,27000,1035.98897689286
29,LSHADE-N540,43,30000,1035.98897689286
29,LSHADE-N540,43,33000,1035.98897689286
29,LSHADE-N540,43,36000,1035.98897689286
29,LSHADE-N540,43,39000,1035.98897689286
29,LSHADE-N540,43,42000,995.388047685945
29,LSHADE-N540,43,45000,819.527026710874
29,LSHADE-N540,43,48000,799.726758768164
29,LSHADE-N540,43,51000,710.916292040117
29,LSHADE-N540,43,54000,695.005382702956
29,LSHADE-N540,43,57000,667.15470931517
29,LSHADE-N540,43,60000,539.023755589476
29,LSHADE-N540,44,3000,3538.66810420932
29,LSHADE-N540,44,6000,2518.57199445959
29,LSHADE-N540,44,9000,2447.36987171799
29,LSHADE-N540,44,12000,2065.72893300862
29,LSHADE-N540,44,15000,1621.11363001172
29,LSHADE-N540,44,18000,1570.8825387726
29,LSHADE-N540,44,21000,1471.98209375072
29,LSHADE-N540,44,24000,1295.55663115241
29,LSHADE-N540,44,27000,1295.55663115241
29,LSHADE-N540,44,30000,1295.55663115241
29,LSHADE-N540,44,33000,1151.34977703429
29,LSHADE-N540,44,36000,1088.17852659673
29,LSHADE-N540,44,39000,1088.17852659673
29,LSHADE-N540,44,42000,1088.17852659673
29,LSHADE-N540,44,45000,988.267454738006
29,LSHADE-N540,44,48000,860.788560308928
29,LSHADE-N540,44,51000,759.932187340062
29,LSHADE-N540,44,54000,725.168242541892
29,LSHADE-N540,44,57000,614.118945893235
29,LSHADE-N540,44,60000,485.345536126079
29,LSHADE-N540,45,3000,3962.88070568244
29,LSHADE-N540,45,6000,2646.66641533827
29,LSHADE-N540,45,9000,2344.80792394707
29,LSHADE-N540,45,12000,1990.07414952972
29,LSHADE-N540,45,15000,1795.29495623082
29,LSHADE-N540,45,18000,1552.25362318776
29,LSHADE-N540,45,21000,1552.25362318776
29,LSHADE-N540,45,24000,1475.70090270404
29,LSHADE-N540,45,27000,1387.33213985085
29,LSHADE-N540,45,30000,1061.77477979412
29,LSHADE-N540,45,33000,1061.77477979412
29,LSHADE-N540,45,36000,1061.77477979412
29,LSHADE-N540,45,39000,1020.1928457509
29,LSHADE-N540,45,42000,1020.1928457509
29,LSHADE-N540,45,45000,895.967008724418
29,LSHADE-N540,45,48000,830.989251781597
29,LSHADE-N540,45,51000,665.875097218837
29,LSHADE-N540,45,54000,638.872050657021
29,LSHADE-N540,45,57000,623.875221599313
29,LSHADE-N540,45,60000,531.26160898403
30,LSHADE-N540,41,3000,592695506.859404
30,LSHADE-N540,41,6000,235281525.115507
30,LSHADE-N540,41,9000,161420637.039388
30,LSHADE-N540,41,12000,53516280.8850193
30,LSHADE-N540,41,15000,38921176.8217864
30,LSHADE-N540,41,18000,29494521.6030959
30,LSHADE-N540,41,21000,11195026.0484
30,LSHADE-N540,41,24000,4212755.18630125
30,LSHADE-N540,41,27000,1835113.03845195
30,LSHADE-N540,41,30000,511534.871080767
30,LSHADE-N540,41,33000,106686.154026104
30,LSHADE-N540,41,36000,35214.7713738279
30,LSHADE-N540,41,39000,10413.241388484
30,LSHADE-N540,41,42000,5127.12830314257
30,LSHADE-N540,41,45000,3090.65725641882
30,LSHADE-N540,41,48000,2441.88585512265
30,LSHADE-N540,41,51000,2293.98336479128
30,LSHADE-N540,41,54000,2250.23707074725
30,LSHADE-N540,41,57000,2239.35430786057
30,LSHADE-N540,41,60000,2234.38136099481
30,LSHADE-N540,42,3000,470336144.695925
30,LSHADE-N540,42,6000,160743396.236921
30,LSHADE-N540,42,9000,155192044.908049
30,LSHADE-N540,42,12000,84252501.9926226
30,LSHADE-N540,42,15000,54925173.913534
30,LSHADE-N540,42,18000,24851430.9639627
30,LSHADE-N540,42,21000,5839871.5164596
30,LSHADE-N540,42,24000,4389723.86192771
30,LSHADE-N540,42,27000,1933484.32040713
30,LSHADE-N540,42,30000,405752.893036583
30,LSHADE-N540,42,33000,148300.995436826
30,LSHADE-N540,42,36000,35987.6133734057
30,LSHADE-N540,42,39000,11968.1128451323
30,LSHADE-N540,42,42000,4255.2723169002
30,LSHADE-N540,42,45000,3129.20557491381
30,LSHADE-N540,42,48000,2663.45759841661
30,LSHADE-N540,42,51000,2301.6594713039
30,LSHADE-N540,42,54000,2132.16200265009
30,LSHADE-N540,42,57000,2043.59157397579
30,LSHADE-N540,42,60000,2026.41120143545
30,LSHADE-N540,43,3000,374934077.262851
30,LSHADE-N540,43,6000,271315100.699832
30,LSHADE-N540,43,9000,119598368.687157
30,LSHADE-N540,43,12000,94551085.4748287
30,LSHADE-N540,43,15000,41051306.3612915
30,LSHADE-N540,43,18000,28895645.8307615
30,LSHADE-N540,43,21000,16477133.7826749
30,LSHADE-N540,43,24000,5619666.91455253
30,LSHADE-N540,43,27000,1925070.35557806
30,LSHADE-N540,43,30000,630886.006187784
30,LSHADE-N540,43,33000,203846.376510874
30,LSHADE-N540,43,36000,84498.6022218774
30,LSHADE-N540,43,39000,25586.4051429313
30,LSHADE-N540,43,42000,9804.94409957949
30,LSHADE-N540,43,45000,5379.02929123944
30,LSHADE-N540,43,48000,3268.10514669782
30,LSHADE-N540,43,51000,2562.26086004526
30,LSHADE-N540,43,54000,2392.63227743615
30,LSHADE-N540,43,57000,2327.85886864226
30,LSHADE-N540,43,60000,2321.25146728123
30,LSHADE-N540,44,3000,347727759.904226
30,LSHADE-N540,44,6000,256291413.456988
30,LSHADE-N540,44,9000,72560283.5404945
30,LSHADE-N540,44,12000,69188623.7512085
30,LSHADE-N540,44,15000,23696396.1788802
30,LSHADE-N540,44,18000,23696396.1788802
30,LSHADE-N540,44,21000,5293726.63965061
30,LSHADE-N540,44,24000,4947398.37398776
30,LSHADE-N540,44,27000,1638866.00063166
30,LSHADE-N540,44,30000,436755.128067057
30,LSHADE-N540,44,33000,150452.129018462
30,LSHADE-N540,44,36000,50431.8801913456
30,LSHADE-N540,44,39000,18659.3835755845
30,LSHADE-N540,44,42000,9618.0921612043
30,LSHADE-N540,44,45000,4523.91570984255
30,LSHADE-N540,44,48000,3261.34706618941
30,LSHADE-N540,44,51000,2689.57739092967
30,LSHADE-N540,44,54000,2377.53018679895
30,LSHADE-N540,44,57000,2295.08065215367
30,LSHADE-N540,44,60000,2268.61545051661
30,LSHADE-N540,45,3000,325221845.32233
30,LSHADE-N540,45,6000,325221845.32233
30,LSHADE-N540,45,9000,205977828.933433
30,LSHADE-N540,45,12000,56158362.6188473
30,LSHADE-N540,45,15000,56158362.6188473
30,LSHADE-N540,45,18000,19255994.4392224
30,LSHADE-N540,45,21000,9432559.50966667
30,LSHADE-N540,45,24000,3921793.27522916
30,LSHADE-N540,45,27000,1310392.08215584
30,LSHADE-N540,45,30000,241851.637435171
30,LSHADE-N540,45,33000,94778.0599795637
30,LSHADE-N540,45,36000,28068.1613381805
30,LSHADE-N540,45,39000,13286.9394117786
30,LSHADE-N540,45,42000,6086.02439852572
30,LSHADE-N540,45,45000,4207.47710618584
30,LSHADE-N540,45,48000,3045.76500807075
30,LSHADE-N540,45,51000,2486.01133523207
30,LSHADE-N540,45,54000,2184.29044172868
30,LSHADE-N540,45,57000,2144.84199896062
30,LSHADE-N540,45,60000,2135.43656438519
