FunctionID,Algorithm,Run,FE,BestError
1,V1-A-TracingOnly,21,3000,579317734.120581
1,V1-A-TracingOnly,21,6000,40268146.66699
1,V1-A-TracingOnly,21,9000,33041721.6124673
1,V1-A-TracingOnly,21,12000,32932673.992029
1,V1-A-TracingOnly,21,15000,32932673.992029
1,V1-A-TracingOnly,21,18000,24249202.8204172
1,V1-A-TracingOnly,21,21000,17761726.8751344
1,V1-A-TracingOnly,21,24000,17761726.8751344
1,V1-A-TracingOnly,21,27000,17383001.4901524
1,V1-A-TracingOnly,21,30000,16903943.0357672
1,V1-A-TracingOnly,21,33000,11820719.7550786
1,V1-A-TracingOnly,21,36000,11820719.7550786
1,V1-A-TracingOnly,21,39000,11820719.7550786
1,V1-A-TracingOnly,21,42000,11820719.7550786
1,V1-A-TracingOnly,21,45000,11820719.7550786
1,V1-A-TracingOnly,21,48000,11820719.7550786
1,V1-A-TracingOnly,21,51000,11820719.7550786
1,V1-A-TracingOnly,21,54000,11820719.7550786
1,V1-A-TracingOnly,21,57000,11820719.7550786
1,V1-A-TracingOnly,21,60000,11820719.7550786
1,V1-A-TracingOnly,21,63000,11820719.7550786
1,V1-A-TracingOnly,21,66000,11820719.7550786
1,V1-A-TracingOnly,21,69000,11820719.7550786
1,V1-A-TracingOnly,21,72000,11820719.7550786
1,V1-A-TracingOnly,21,75000,11820719.7550786
1,V1-A-TracingOnly,21,78000,10641548.5510557
1,V1-A-TracingOnly,21,81000,10641548.5510557
1,V1-A-TracingOnly,21,84000,9146336.44700139
1,V1-A-TracingOnly,21,87000,9146336.44700139
1,V1-A-TracingOnly,21,90000,8654917.81960697
1,V1-A-TracingOnly,21,93000,8654917.81960697
1,V1-A-TracingOnly,21,96000,7130333.74535283
1,V1-A-TracingOnly,21,99000,7130333.74535283
1,V1-A-TracingOnly,21,102000,7130333.74535283
1,V1-A-TracingOnly,21,105000,7130333.74535283
1,V1-A-TracingOnly,21,108000,7130333.74535283
1,V1-A-TracingOnly,21,111000,5245043.08123096
1,V1-A-TracingOnly,21,114000,5245043.08123096
1,V1-A-TracingOnly,21,117000,5245043.08123096
1,V1-A-TracingOnly,21,120000,3871494.96874181
1,V1-A-TracingOnly,21,123000,3871494.96874181
1,V1-A-TracingOnly,21,126000,3871494.96874181
1,V1-A-TracingOnly,21,129000,3871494.96874181
1,V1-A-TracingOnly,21,132000,3871494.96874181
1,V1-A-TracingOnly,21,135000,3871494.96874181
1,V1-A-TracingOnly,21,138000,3692934.4711974
1,V1-A-TracingOnly,21,141000,3692934.4711974
1,V1-A-TracingOnly,21,144000,3692934.4711974
1,V1-A-TracingOnly,21,147000,3649749.9957889
1,V1-A-TracingOnly,21,150000,3649749.9957889
1,V1-A-TracingOnly,21,153000,3649749.9957889
1,V1-A-TracingOnly,21,156000,3649749.9957889
1,V1-A-TracingOnly,21,159000,3649749.9957889
1,V1-A-TracingOnly,21,162000,3649749.9957889
1,V1-A-TracingOnly,21,165000,3457510.78410698
1,V1-A-TracingOnly,21,168000,3365659.61182562
1,V1-A-TracingOnly,21,171000,3365659.61182562
1,V1-A-TracingOnly,21,174000,2919830.8763474
1,V1-A-TracingOnly,21,177000,2772348.52961738
1,V1-A-TracingOnly,21,180000,2772348.52961738
1,V1-A-TracingOnly,21,183000,2772348.52961738
1,V1-A-TracingOnly,21,186000,2497910.54235098
1,V1-A-TracingOnly,21,189000,2405999.86640087
1,V1-A-TracingOnly,21,192000,2320702.82367127
1,V1-A-TracingOnly,21,195000,2002730.51800781
1,V1-A-TracingOnly,21,198000,2002730.51800781
1,V1-A-TracingOnly,21,201000,2002730.51800781
1,V1-A-TracingOnly,21,204000,1848523.62162126
1,V1-A-TracingOnly,21,207000,1698371.09648619
1,V1-A-TracingOnly,21,210000,1698371.09648619
1,V1-A-TracingOnly,21,213000,1698371.09648619
1,V1-A-TracingOnly,21,216000,1698371.09648619
1,V1-A-TracingOnly,21,219000,1698371.09648619
1,V1-A-TracingOnly,21,222000,1496923.26936526
1,V1-A-TracingOnly,21,225000,1496923.26936526
1,V1-A-TracingOnly,21,228000,1465377.87727781
1,V1-A-TracingOnly,21,231000,1225876.42873822
1,V1-A-TracingOnly,21,234000,1176583.92813023
1,V1-A-TracingOnly,21,237000,1176583.92813023
1,V1-A-TracingOnly,21,240000,1153758.34134056
1,V1-A-TracingOnly,21,243000,697048.775776744
1,V1-A-TracingOnly,21,246000,697048.775776744
1,V1-A-TracingOnly,21,249000,677983.47193317
1,V1-A-TracingOnly,21,252000,629380.693529974
1,V1-A-TracingOnly,21,255000,629380.693529974
1,V1-A-TracingOnly,21,258000,586365.624608635
1,V1-A-TracingOnly,21,261000,514495.510989839
1,V1-A-TracingOnly,21,264000,402285.070327707
1,V1-A-TracingOnly,21,267000,346421.141305629
1,V1-A-TracingOnly,21,270000,340050.551156059
1,V1-A-TracingOnly,21,273000,256034.264158668
1,V1-A-TracingOnly,21,276000,239852.059835188
1,V1-A-TracingOnly,21,279000,212000.523234772
1,V1-A-TracingOnly,21,282000,173624.840585166
1,V1-A-TracingOnly,21,285000,101443.10698812
1,V1-A-TracingOnly,21,288000,78931.6879444335
1,V1-A-TracingOnly,21,291000,64761.6162988741
1,V1-A-TracingOnly,21,294000,40369.2771191173
1,V1-A-TracingOnly,21,297000,27972.1745996135
1,V1-A-TracingOnly,21,300000,20070.5379961987
1,V1-B-EliteOnly,21,3000,3058008839.72323
1,V1-B-EliteOnly,21,6000,190974086.355878
1,V1-B-EliteOnly,21,9000,70338970.5248378
1,V1-B-EliteOnly,21,12000,37475833.59681
1,V1-B-EliteOnly,21,15000,30479262.0507712
1,V1-B-EliteOnly,21,18000,28192745.1477343
1,V1-B-EliteOnly,21,21000,27603787.8947288
1,V1-B-EliteOnly,21,24000,27603787.8947288
1,V1-B-EliteOnly,21,27000,27603787.8947288
1,V1-B-EliteOnly,21,30000,25635434.2693623
1,V1-B-EliteOnly,21,33000,25635434.2693623
1,V1-B-EliteOnly,21,36000,25635434.2693623
1,V1-B-EliteOnly,21,39000,23980331.0134231
1,V1-B-EliteOnly,21,42000,20096170.7789274
1,V1-B-EliteOnly,21,45000,20096170.7789274
1,V1-B-EliteOnly,21,48000,18848088.7372246
1,V1-B-EliteOnly,21,51000,16659295.1741529
1,V1-B-EliteOnly,21,54000,16659295.1741529
1,V1-B-EliteOnly,21,57000,14895061.5197583
1,V1-B-EliteOnly,21,60000,12465480.269902
1,V1-B-EliteOnly,21,63000,11849745.8513363
1,V1-B-EliteOnly,21,66000,11849745.8513363
1,V1-B-EliteOnly,21,69000,11849745.8513363
1,V1-B-EliteOnly,21,72000,8455601.75150096
1,V1-B-EliteOnly,21,75000,7812997.1879507
1,V1-B-EliteOnly,21,78000,7812997.1879507
1,V1-B-EliteOnly,21,81000,7812997.1879507
1,V1-B-EliteOnly,21,84000,7812997.1879507
1,V1-B-EliteOnly,21,87000,7812997.1879507
1,V1-B-EliteOnly,21,90000,7812997.1879507
1,V1-B-EliteOnly,21,93000,7812997.1879507
1,V1-B-EliteOnly,21,96000,7812997.1879507
1,V1-B-EliteOnly,21,99000,7812997.1879507
1,V1-B-EliteOnly,21,102000,7812997.1879507
1,V1-B-EliteOnly,21,105000,7812997.1879507
1,V1-B-EliteOnly,21,108000,7812997.1879507
1,V1-B-EliteOnly,21,111000,6674009.85253316
1,V1-B-EliteOnly,21,114000,6112117.09739445
1,V1-B-EliteOnly,21,117000,6112117.09739445
1,V1-B-EliteOnly,21,120000,6112117.09739445
1,V1-B-EliteOnly,21,123000,5179577.51218189
1,V1-B-EliteOnly,21,126000,5179577.51218189
1,V1-B-EliteOnly,21,129000,5179577.51218189
1,V1-B-EliteOnly,21,132000,5179577.51218189
1,V1-B-EliteOnly,21,135000,4319304.99757441
1,V1-B-EliteOnly,21,138000,4319304.99757441
1,V1-B-EliteOnly,21,141000,4319304.99757441
1,V1-B-EliteOnly,21,144000,4319304.99757441
1,V1-B-EliteOnly,21,147000,3998910.31713182
1,V1-B-EliteOnly,21,150000,3998910.31713182
1,V1-B-EliteOnly,21,153000,3998910.31713182
1,V1-B-EliteOnly,21,156000,3998910.31713182
1,V1-B-EliteOnly,21,159000,3771819.87241736
1,V1-B-EliteOnly,21,162000,3722498.19270269
1,V1-B-EliteOnly,21,165000,3722498.19270269
1,V1-B-EliteOnly,21,168000,3722498.19270269
1,V1-B-EliteOnly,21,171000,3566773.50177162
1,V1-B-EliteOnly,21,174000,3566773.50177162
1,V1-B-EliteOnly,21,177000,3327148.20203797
1,V1-B-EliteOnly,21,180000,3327148.20203797
1,V1-B-EliteOnly,21,183000,3327148.20203797
1,V1-B-EliteOnly,21,186000,2553434.97327357
1,V1-B-EliteOnly,21,189000,2553434.97327357
1,V1-B-EliteOnly,21,192000,2553434.97327357
1,V1-B-EliteOnly,21,195000,2553434.97327357
1,V1-B-EliteOnly,21,198000,2553434.97327357
1,V1-B-EliteOnly,21,201000,2292665.65586634
1,V1-B-EliteOnly,21,204000,2212668.66029153
1,V1-B-EliteOnly,21,207000,2174805.30834121
1,V1-B-EliteOnly,21,210000,2168562.34017591
1,V1-B-EliteOnly,21,213000,2168562.34017591
1,V1-B-EliteOnly,21,216000,2087849.30822025
1,V1-B-EliteOnly,21,219000,1784108.93023383
1,V1-B-EliteOnly,21,222000,1678111.30926011
1,V1-B-EliteOnly,21,225000,1535560.86172109
1,V1-B-EliteOnly,21,228000,1339930.29701752
1,V1-B-EliteOnly,21,231000,1311846.41189878
1,V1-B-EliteOnly,21,234000,1192937.97589579
1,V1-B-EliteOnly,21,237000,1146342.08822473
1,V1-B-EliteOnly,21,240000,1146342.08822473
1,V1-B-EliteOnly,21,243000,894298.43016066
1,V1-B-EliteOnly,21,246000,644843.895473563
1,V1-B-EliteOnly,21,249000,641247.830765314
1,V1-B-EliteOnly,21,252000,578335.312609575
1,V1-B-EliteOnly,21,255000,578335.312609575
1,V1-B-EliteOnly,21,258000,562679.511167342
1,V1-B-EliteOnly,21,261000,450667.723813287
1,V1-B-EliteOnly,21,264000,404963.936430506
1,V1-B-EliteOnly,21,267000,400000.732197734
1,V1-B-EliteOnly,21,270000,376970.106298846
1,V1-B-EliteOnly,21,273000,361582.132029751
1,V1-B-EliteOnly,21,276000,209022.122751613
1,V1-B-EliteOnly,21,279000,173675.547070384
1,V1-B-EliteOnly,21,282000,145073.110657605
1,V1-B-EliteOnly,21,285000,109638.021243681
1,V1-B-EliteOnly,21,288000,92091.7639768068
1,V1-B-EliteOnly,21,291000,39899.9323064627
1,V1-B-EliteOnly,21,294000,27993.9828532677
1,V1-B-EliteOnly,21,297000,11291.0054317232
1,V1-B-EliteOnly,21,300000,610.63901310384
1,V1-A-TracingOnly,22,3000,930921664.663208
1,V1-A-TracingOnly,22,6000,39449580.9178918
1,V1-A-TracingOnly,22,9000,24756208.7250836
1,V1-A-TracingOnly,22,12000,24756208.7250836
1,V1-A-TracingOnly,22,15000,23769358.5107728
1,V1-A-TracingOnly,22,18000,23769358.5107728
1,V1-A-TracingOnly,22,21000,23769358.5107728
1,V1-A-TracingOnly,22,24000,23282009.0344937
1,V1-A-TracingOnly,22,27000,23282009.0344937
1,V1-A-TracingOnly,22,30000,18918865.4344751
1,V1-A-TracingOnly,22,33000,18315352.083549
1,V1-A-TracingOnly,22,36000,18275865.2636374
1,V1-A-TracingOnly,22,39000,18275865.2636374
1,V1-A-TracingOnly,22,42000,18275865.2636374
1,V1-A-TracingOnly,22,45000,18275865.2636374
1,V1-A-TracingOnly,22,48000,18275865.2636374
1,V1-A-TracingOnly,22,51000,17573990.8553567
1,V1-A-TracingOnly,22,54000,16842842.5585679
1,V1-A-TracingOnly,22,57000,13030101.8604603
1,V1-A-TracingOnly,22,60000,13030101.8604603
1,V1-A-TracingOnly,22,63000,13030101.8604603
1,V1-A-TracingOnly,22,66000,12031308.5418583
1,V1-A-TracingOnly,22,69000,11784574.8665376
1,V1-A-TracingOnly,22,72000,10768732.1166557
1,V1-A-TracingOnly,22,75000,10768732.1166557
1,V1-A-TracingOnly,22,78000,10201683.0171653
1,V1-A-TracingOnly,22,81000,8123147.36608826
1,V1-A-TracingOnly,22,84000,8123147.36608826
1,V1-A-TracingOnly,22,87000,8070032.48959537
1,V1-A-TracingOnly,22,90000,8070032.48959537
1,V1-A-TracingOnly,22,93000,8070032.48959537
1,V1-A-TracingOnly,22,96000,8070032.48959537
1,V1-A-TracingOnly,22,99000,7954927.16594078
1,V1-A-TracingOnly,22,102000,6221232.40254257
1,V1-A-TracingOnly,22,105000,6221232.40254257
1,V1-A-TracingOnly,22,108000,6221232.40254257
1,V1-A-TracingOnly,22,111000,6221232.40254257
1,V1-A-TracingOnly,22,114000,6221232.40254257
1,V1-A-TracingOnly,22,117000,6221232.40254257
1,V1-A-TracingOnly,22,120000,5057697.74899685
1,V1-A-TracingOnly,22,123000,5057697.74899685
1,V1-A-TracingOnly,22,126000,4864332.17580444
1,V1-A-TracingOnly,22,129000,4864332.17580444
1,V1-A-TracingOnly,22,132000,4864332.17580444
1,V1-A-TracingOnly,22,135000,4864332.17580444
1,V1-A-TracingOnly,22,138000,4864129.71022129
1,V1-A-TracingOnly,22,141000,4864129.71022129
1,V1-A-TracingOnly,22,144000,4838043.69210382
1,V1-A-TracingOnly,22,147000,3810957.75130566
1,V1-A-TracingOnly,22,150000,3278827.87609181
1,V1-A-TracingOnly,22,153000,3278827.87609181
1,V1-A-TracingOnly,22,156000,3208414.44190836
1,V1-A-TracingOnly,22,159000,3208414.44190836
1,V1-A-TracingOnly,22,162000,2054245.43625737
1,V1-A-TracingOnly,22,165000,2054245.43625737
1,V1-A-TracingOnly,22,168000,2054245.43625737
1,V1-A-TracingOnly,22,171000,2054245.43625737
1,V1-A-TracingOnly,22,174000,2054245.43625737
1,V1-A-TracingOnly,22,177000,2033084.46343969
1,V1-A-TracingOnly,22,180000,2033084.46343969
1,V1-A-TracingOnly,22,183000,2033084.46343969
1,V1-A-TracingOnly,22,186000,1983527.41445379
1,V1-A-TracingOnly,22,189000,1983527.41445379
1,V1-A-TracingOnly,22,192000,1983527.41445379
1,V1-A-TracingOnly,22,195000,1858211.53855026
1,V1-A-TracingOnly,22,198000,1858211.53855026
1,V1-A-TracingOnly,22,201000,1858211.53855026
1,V1-A-TracingOnly,22,204000,1521173.09141371
1,V1-A-TracingOnly,22,207000,1521173.09141371
1,V1-A-TracingOnly,22,210000,1521173.09141371
1,V1-A-TracingOnly,22,213000,1280241.54166732
1,V1-A-TracingOnly,22,216000,1149352.35976635
1,V1-A-TracingOnly,22,219000,1149352.35976635
1,V1-A-TracingOnly,22,222000,1149352.35976635
1,V1-A-TracingOnly,22,225000,1149352.35976635
1,V1-A-TracingOnly,22,228000,1079858.94835633
1,V1-A-TracingOnly,22,231000,1020737.07866791
1,V1-A-TracingOnly,22,234000,993670.902342193
1,V1-A-TracingOnly,22,237000,993670.902342193
1,V1-A-TracingOnly,22,240000,993670.902342193
1,V1-A-TracingOnly,22,243000,993670.902342193
1,V1-A-TracingOnly,22,246000,993670.902342193
1,V1-A-TracingOnly,22,249000,960909.549501058
1,V1-A-TracingOnly,22,252000,846698.776386317
1,V1-A-TracingOnly,22,255000,782764.345647271
1,V1-A-TracingOnly,22,258000,506717.556664475
1,V1-A-TracingOnly,22,261000,444201.60668189
1,V1-A-TracingOnly,22,264000,405125.013602368
1,V1-A-TracingOnly,22,267000,405125.013602368
1,V1-A-TracingOnly,22,270000,348738.051866258
1,V1-A-TracingOnly,22,273000,320395.256102033
1,V1-A-TracingOnly,22,276000,265121.822622169
1,V1-A-TracingOnly,22,279000,180401.980301556
1,V1-A-TracingOnly,22,282000,128654.932658058
1,V1-A-TracingOnly,22,285000,101983.517504481
1,V1-A-TracingOnly,22,288000,59748.4255023374
1,V1-A-TracingOnly,22,291000,56254.9613648762
1,V1-A-TracingOnly,22,294000,31677.1078110515
1,V1-A-TracingOnly,22,297000,15877.5454367262
1,V1-A-TracingOnly,22,300000,7123.02291777427
1,V1-B-EliteOnly,22,3000,8676709477.65832
1,V1-B-EliteOnly,22,6000,305751998.085075
1,V1-B-EliteOnly,22,9000,53691940.1446669
1,V1-B-EliteOnly,22,12000,47751893.2471232
1,V1-B-EliteOnly,22,15000,30048159.1669738
1,V1-B-EliteOnly,22,18000,29144568.7167808
1,V1-B-EliteOnly,22,21000,25602760.7423079
1,V1-B-EliteOnly,22,24000,23558668.1288555
1,V1-B-EliteOnly,22,27000,18115191.4667079
1,V1-B-EliteOnly,22,30000,18115191.4667079
1,V1-B-EliteOnly,22,33000,18115191.4667079
1,V1-B-EliteOnly,22,36000,18115191.4667079
1,V1-B-EliteOnly,22,39000,18115191.4667079
1,V1-B-EliteOnly,22,42000,18115191.4667079
1,V1-B-EliteOnly,22,45000,18115191.4667079
1,V1-B-EliteOnly,22,48000,15301081.0893329
1,V1-B-EliteOnly,22,51000,10419457.0028197
1,V1-B-EliteOnly,22,54000,10419457.0028197
1,V1-B-EliteOnly,22,57000,10419457.0028197
1,V1-B-EliteOnly,22,60000,9388633.40894102
1,V1-B-EliteOnly,22,63000,9388633.40894102
1,V1-B-EliteOnly,22,66000,9388633.40894102
1,V1-B-EliteOnly,22,69000,9388633.40894102
1,V1-B-EliteOnly,22,72000,8588330.73998635
1,V1-B-EliteOnly,22,75000,8588330.73998635
1,V1-B-EliteOnly,22,78000,8588330.73998635
1,V1-B-EliteOnly,22,81000,8588330.73998635
1,V1-B-EliteOnly,22,84000,8588330.73998635
1,V1-B-EliteOnly,22,87000,8588330.73998635
1,V1-B-EliteOnly,22,90000,8588330.73998635
1,V1-B-EliteOnly,22,93000,8588330.73998635
1,V1-B-EliteOnly,22,96000,8088497.16107232
1,V1-B-EliteOnly,22,99000,6819348.28982602
1,V1-B-EliteOnly,22,102000,6819348.28982602
1,V1-B-EliteOnly,22,105000,6819348.28982602
1,V1-B-EliteOnly,22,108000,6819348.28982602
1,V1-B-EliteOnly,22,111000,6819348.28982602
1,V1-B-EliteOnly,22,114000,6819348.28982602
1,V1-B-EliteOnly,22,117000,6341276.45218976
1,V1-B-EliteOnly,22,120000,6341276.45218976
1,V1-B-EliteOnly,22,123000,6341276.45218976
1,V1-B-EliteOnly,22,126000,6160633.35401583
1,V1-B-EliteOnly,22,129000,6160633.35401583
1,V1-B-EliteOnly,22,132000,5795501.74195252
1,V1-B-EliteOnly,22,135000,5795501.74195252
1,V1-B-EliteOnly,22,138000,5795501.74195252
1,V1-B-EliteOnly,22,141000,5795501.74195252
1,V1-B-EliteOnly,22,144000,5545136.80872615
1,V1-B-EliteOnly,22,147000,5545136.80872615
1,V1-B-EliteOnly,22,150000,5545136.80872615
1,V1-B-EliteOnly,22,153000,5115523.14596073
1,V1-B-EliteOnly,22,156000,5063809.59012911
1,V1-B-EliteOnly,22,159000,5063809.59012911
1,V1-B-EliteOnly,22,162000,5063809.59012911
1,V1-B-EliteOnly,22,165000,4816097.27372964
1,V1-B-EliteOnly,22,168000,4816097.27372964
1,V1-B-EliteOnly,22,171000,4816097.27372964
1,V1-B-EliteOnly,22,174000,4816097.27372964
1,V1-B-EliteOnly,22,177000,4211970.09984357
1,V1-B-EliteOnly,22,180000,4211970.09984357
1,V1-B-EliteOnly,22,183000,4211970.09984357
1,V1-B-EliteOnly,22,186000,3319240.97539893
1,V1-B-EliteOnly,22,189000,2886088.41966101
1,V1-B-EliteOnly,22,192000,1991274.45246722
1,V1-B-EliteOnly,22,195000,1991274.45246722
1,V1-B-EliteOnly,22,198000,1991274.45246722
1,V1-B-EliteOnly,22,201000,1991274.45246722
1,V1-B-EliteOnly,22,204000,1931188.49035405
1,V1-B-EliteOnly,22,207000,1600140.16823884
1,V1-B-EliteOnly,22,210000,1600140.16823884
1,V1-B-EliteOnly,22,213000,1600140.16823884
1,V1-B-EliteOnly,22,216000,1600140.16823884
1,V1-B-EliteOnly,22,219000,1600140.16823884
1,V1-B-EliteOnly,22,222000,1530179.0493122
1,V1-B-EliteOnly,22,225000,1530179.0493122
1,V1-B-EliteOnly,22,228000,1294652.66508872
1,V1-B-EliteOnly,22,231000,1021011.76174363
1,V1-B-EliteOnly,22,234000,1011250.46154546
1,V1-B-EliteOnly,22,237000,1011250.46154546
1,V1-B-EliteOnly,22,240000,891084.110790288
1,V1-B-EliteOnly,22,243000,809755.773139526
1,V1-B-EliteOnly,22,246000,775972.638617866
1,V1-B-EliteOnly,22,249000,641214.377518974
1,V1-B-EliteOnly,22,252000,559489.434066417
1,V1-B-EliteOnly,22,255000,512703.99628802
1,V1-B-EliteOnly,22,258000,323655.270452087
1,V1-B-EliteOnly,22,261000,323655.270452087
1,V1-B-EliteOnly,22,264000,253507.741386868
1,V1-B-EliteOnly,22,267000,253507.741386868
1,V1-B-EliteOnly,22,270000,253507.741386868
1,V1-B-EliteOnly,22,273000,253507.741386868
1,V1-B-EliteOnly,22,276000,183353.888897001
1,V1-B-EliteOnly,22,279000,161196.660044334
1,V1-B-EliteOnly,22,282000,149436.742428241
1,V1-B-EliteOnly,22,285000,121848.200744719
1,V1-B-EliteOnly,22,288000,58958.6714482013
1,V1-B-EliteOnly,22,291000,43416.2629796264
1,V1-B-EliteOnly,22,294000,23483.1756996052
1,V1-B-EliteOnly,22,297000,8052.53378788776
1,V1-B-EliteOnly,22,300000,1883.34453777176
1,V1-A-TracingOnly,23,3000,821979792.299174
1,V1-A-TracingOnly,23,6000,74844461.0388242
1,V1-A-TracingOnly,23,9000,41308592.7101599
1,V1-A-TracingOnly,23,12000,30391002.4260508
1,V1-A-TracingOnly,23,15000,28424427.4630169
1,V1-A-TracingOnly,23,18000,23544139.8613493
1,V1-A-TracingOnly,23,21000,23544139.8613493
1,V1-A-TracingOnly,23,24000,20139053.3447342
1,V1-A-TracingOnly,23,27000,16536420.2211182
1,V1-A-TracingOnly,23,30000,16536420.2211182
1,V1-A-TracingOnly,23,33000,14916327.4081442
1,V1-A-TracingOnly,23,36000,12910958.3273449
1,V1-A-TracingOnly,23,39000,12910958.3273449
1,V1-A-TracingOnly,23,42000,12515728.0472515
1,V1-A-TracingOnly,23,45000,12354079.5011056
1,V1-A-TracingOnly,23,48000,12354079.5011056
1,V1-A-TracingOnly,23,51000,12354079.5011056
1,V1-A-TracingOnly,23,54000,9983239.00250429
1,V1-A-TracingOnly,23,57000,9983239.00250429
1,V1-A-TracingOnly,23,60000,9983239.00250429
1,V1-A-TracingOnly,23,63000,9983239.00250429
1,V1-A-TracingOnly,23,66000,9983239.00250429
1,V1-A-TracingOnly,23,69000,9983239.00250429
1,V1-A-TracingOnly,23,72000,9983239.00250429
1,V1-A-TracingOnly,23,75000,9983239.00250429
1,V1-A-TracingOnly,23,78000,8271292.96033668
1,V1-A-TracingOnly,23,81000,8271292.96033668
1,V1-A-TracingOnly,23,84000,8271292.96033668
1,V1-A-TracingOnly,23,87000,8271292.96033668
1,V1-A-TracingOnly,23,90000,8271292.96033668
1,V1-A-TracingOnly,23,93000,8271292.96033668
1,V1-A-TracingOnly,23,96000,8271292.96033668
1,V1-A-TracingOnly,23,99000,8271292.96033668
1,V1-A-TracingOnly,23,102000,8271292.96033668
1,V1-A-TracingOnly,23,105000,8271292.96033668
1,V1-A-TracingOnly,23,108000,8271292.96033668
1,V1-A-TracingOnly,23,111000,8099777.0861551
1,V1-A-TracingOnly,23,114000,8099777.0861551
1,V1-A-TracingOnly,23,117000,5396263.88491802
1,V1-A-TracingOnly,23,120000,5396263.88491802
1,V1-A-TracingOnly,23,123000,5396263.88491802
1,V1-A-TracingOnly,23,126000,5396263.88491802
1,V1-A-TracingOnly,23,129000,5396263.88491802
1,V1-A-TracingOnly,23,132000,5026471.97662001
1,V1-A-TracingOnly,23,135000,4915034.78850651
1,V1-A-TracingOnly,23,138000,4915034.78850651
1,V1-A-TracingOnly,23,141000,4915034.78850651
1,V1-A-TracingOnly,23,144000,4915034.78850651
1,V1-A-TracingOnly,23,147000,4915034.78850651
1,V1-A-TracingOnly,23,150000,4915034.78850651
1,V1-A-TracingOnly,23,153000,4106899.37609666
1,V1-A-TracingOnly,23,156000,4106899.37609666
1,V1-A-TracingOnly,23,159000,4106899.37609666
1,V1-A-TracingOnly,23,162000,4106899.37609666
1,V1-A-TracingOnly,23,165000,4005780.65770774
1,V1-A-TracingOnly,23,168000,3902671.57002914
1,V1-A-TracingOnly,23,171000,3366382.89131079
1,V1-A-TracingOnly,23,174000,3366382.89131079
1,V1-A-TracingOnly,23,177000,3174093.30826436
1,V1-A-TracingOnly,23,180000,2197352.36794154
1,V1-A-TracingOnly,23,183000,2197352.36794154
1,V1-A-TracingOnly,23,186000,1793974.01425887
1,V1-A-TracingOnly,23,189000,1722779.01824692
1,V1-A-TracingOnly,23,192000,1722779.01824692
1,V1-A-TracingOnly,23,195000,1722779.01824692
1,V1-A-TracingOnly,23,198000,1722779.01824692
1,V1-A-TracingOnly,23,201000,1722779.01824692
1,V1-A-TracingOnly,23,204000,1665699.79056321
1,V1-A-TracingOnly,23,207000,1536028.54619841
1,V1-A-TracingOnly,23,210000,1536028.54619841
1,V1-A-TracingOnly,23,213000,1536028.54619841
1,V1-A-TracingOnly,23,216000,1536028.54619841
1,V1-A-TracingOnly,23,219000,1464080.17602393
1,V1-A-TracingOnly,23,222000,1415126.31933977
1,V1-A-TracingOnly,23,225000,1415126.31933977
1,V1-A-TracingOnly,23,228000,1415126.31933977
1,V1-A-TracingOnly,23,231000,1119267.8846864
1,V1-A-TracingOnly,23,234000,1110972.42280548
1,V1-A-TracingOnly,23,237000,1110972.42280548
1,V1-A-TracingOnly,23,240000,946087.452894064
1,V1-A-TracingOnly,23,243000,946087.452894064
1,V1-A-TracingOnly,23,246000,806431.777542798
1,V1-A-TracingOnly,23,249000,669474.20274926
1,V1-A-TracingOnly,23,252000,480159.030666923
1,V1-A-TracingOnly,23,255000,480159.030666923
1,V1-A-TracingOnly,23,258000,480159.030666923
1,V1-A-TracingOnly,23,261000,480159.030666923
1,V1-A-TracingOnly,23,264000,421286.114160552
1,V1-A-TracingOnly,23,267000,421286.114160552
1,V1-A-TracingOnly,23,270000,363018.301088607
1,V1-A-TracingOnly,23,273000,360605.96786044
1,V1-A-TracingOnly,23,276000,280775.968256395
1,V1-A-TracingOnly,23,279000,223478.919123819
1,V1-A-TracingOnly,23,282000,196332.457938177
1,V1-A-TracingOnly,23,285000,138527.96539158
1,V1-A-TracingOnly,23,288000,72008.8716712856
1,V1-A-TracingOnly,23,291000,36460.957346249
1,V1-A-TracingOnly,23,294000,16064.5826149889
1,V1-A-TracingOnly,23,297000,8681.9879584048
1,V1-A-TracingOnly,23,300000,1959.7252823923
1,V1-B-EliteOnly,23,3000,3347758123.75201
1,V1-B-EliteOnly,23,6000,83578226.3680711
1,V1-B-EliteOnly,23,9000,53195190.7142432
1,V1-B-EliteOnly,23,12000,44388494.6891536
1,V1-B-EliteOnly,23,15000,38827563.7942171
1,V1-B-EliteOnly,23,18000,33949037.9581897
1,V1-B-EliteOnly,23,21000,23072450.6033067
1,V1-B-EliteOnly,23,24000,22944120.5949801
1,V1-B-EliteOnly,23,27000,22944120.5949801
1,V1-B-EliteOnly,23,30000,22867022.5414543
1,V1-B-EliteOnly,23,33000,17176636.7338369
1,V1-B-EliteOnly,23,36000,17176636.7338369
1,V1-B-EliteOnly,23,39000,17176636.7338369
1,V1-B-EliteOnly,23,42000,17176636.7338369
1,V1-B-EliteOnly,23,45000,17176636.7338369
1,V1-B-EliteOnly,23,48000,17176636.7338369
1,V1-B-EliteOnly,23,51000,17176636.7338369
1,V1-B-EliteOnly,23,54000,17176636.7338369
1,V1-B-EliteOnly,23,57000,17176636.7338369
1,V1-B-EliteOnly,23,60000,15854391.4900665
1,V1-B-EliteOnly,23,63000,14222172.0491822
1,V1-B-EliteOnly,23,66000,14094736.8416479
1,V1-B-EliteOnly,23,69000,13699535.9951733
1,V1-B-EliteOnly,23,72000,10991931.485029
1,V1-B-EliteOnly,23,75000,10541418.6614575
1,V1-B-EliteOnly,23,78000,10541418.6614575
1,V1-B-EliteOnly,23,81000,10541418.6614575
1,V1-B-EliteOnly,23,84000,10541418.6614575
1,V1-B-EliteOnly,23,87000,10541418.6614575
1,V1-B-EliteOnly,23,90000,10541418.6614575
1,V1-B-EliteOnly,23,93000,9718035.11896863
1,V1-B-EliteOnly,23,96000,9718035.11896863
1,V1-B-EliteOnly,23,99000,9718035.11896863
1,V1-B-EliteOnly,23,102000,9718035.11896863
1,V1-B-EliteOnly,23,105000,9718035.11896863
1,V1-B-EliteOnly,23,108000,9718035.11896863
1,V1-B-EliteOnly,23,111000,9718035.11896863
1,V1-B-EliteOnly,23,114000,9718035.11896863
1,V1-B-EliteOnly,23,117000,9718035.11896863
1,V1-B-EliteOnly,23,120000,9718035.11896863
1,V1-B-EliteOnly,23,123000,9718035.11896863
1,V1-B-EliteOnly,23,126000,8363700.14948623
1,V1-B-EliteOnly,23,129000,8363700.14948623
1,V1-B-EliteOnly,23,132000,8348432.85411749
1,V1-B-EliteOnly,23,135000,8348432.85411749
1,V1-B-EliteOnly,23,138000,8348432.85411749
1,V1-B-EliteOnly,23,141000,7572496.98250535
1,V1-B-EliteOnly,23,144000,6045645.54833288
1,V1-B-EliteOnly,23,147000,5915546.29909277
1,V1-B-EliteOnly,23,150000,5915546.29909277
1,V1-B-EliteOnly,23,153000,5915546.29909277
1,V1-B-EliteOnly,23,156000,5915546.29909277
1,V1-B-EliteOnly,23,159000,5915546.29909277
1,V1-B-EliteOnly,23,162000,5915546.29909277
1,V1-B-EliteOnly,23,165000,5755648.05779115
1,V1-B-EliteOnly,23,168000,5128409.44756655
1,V1-B-EliteOnly,23,171000,5128409.44756655
1,V1-B-EliteOnly,23,174000,4644392.33077574
1,V1-B-EliteOnly,23,177000,4635210.36212355
1,V1-B-EliteOnly,23,180000,4331950.01149901
1,V1-B-EliteOnly,23,183000,4331950.01149901
1,V1-B-EliteOnly,23,186000,4331950.01149901
1,V1-B-EliteOnly,23,189000,3303717.86649707
1,V1-B-EliteOnly,23,192000,3050992.33871254
1,V1-B-EliteOnly,23,195000,2766303.22848521
1,V1-B-EliteOnly,23,198000,2766303.22848521
1,V1-B-EliteOnly,23,201000,2339713.56212375
1,V1-B-EliteOnly,23,204000,2339713.56212375
1,V1-B-EliteOnly,23,207000,2339713.56212375
1,V1-B-EliteOnly,23,210000,2339713.56212375
1,V1-B-EliteOnly,23,213000,2077374.14729268
1,V1-B-EliteOnly,23,216000,1781906.20549635
1,V1-B-EliteOnly,23,219000,1781906.20549635
1,V1-B-EliteOnly,23,222000,1553133.71920053
1,V1-B-EliteOnly,23,225000,1111395.17235233
1,V1-B-EliteOnly,23,228000,1111395.17235233
1,V1-B-EliteOnly,23,231000,1111395.17235233
1,V1-B-EliteOnly,23,234000,1111395.17235233
1,V1-B-EliteOnly,23,237000,1111395.17235233
1,V1-B-EliteOnly,23,240000,1111395.17235233
1,V1-B-EliteOnly,23,243000,1111395.17235233
1,V1-B-EliteOnly,23,246000,1035427.89371747
1,V1-B-EliteOnly,23,249000,701908.296246338
1,V1-B-EliteOnly,23,252000,701845.679733763
1,V1-B-EliteOnly,23,255000,554452.134735357
1,V1-B-EliteOnly,23,258000,554452.134735357
1,V1-B-EliteOnly,23,261000,465670.12732424
1,V1-B-EliteOnly,23,264000,423710.560702129
1,V1-B-EliteOnly,23,267000,340707.306250574
1,V1-B-EliteOnly,23,270000,243902.896620819
1,V1-B-EliteOnly,23,273000,227606.665964673
1,V1-B-EliteOnly,23,276000,227606.665964673
1,V1-B-EliteOnly,23,279000,185686.714554695
1,V1-B-EliteOnly,23,282000,129486.163276738
1,V1-B-EliteOnly,23,285000,94823.0273490726
1,V1-B-EliteOnly,23,288000,71950.0044997716
1,V1-B-EliteOnly,23,291000,48389.8296026768
1,V1-B-EliteOnly,23,294000,32925.9891936631
1,V1-B-EliteOnly,23,297000,16119.6146429898
1,V1-B-EliteOnly,23,300000,2508.10407310297
3,V1-A-TracingOnly,21,3000,125778.635079365
3,V1-A-TracingOnly,21,6000,107443.131561689
3,V1-A-TracingOnly,21,9000,85074.1327123442
3,V1-A-TracingOnly,21,12000,74300.4100782992
3,V1-A-TracingOnly,21,15000,58197.6755656285
3,V1-A-TracingOnly,21,18000,52683.0469262626
3,V1-A-TracingOnly,21,21000,43358.5069774871
3,V1-A-TracingOnly,21,24000,34779.3040410626
3,V1-A-TracingOnly,21,27000,29339.2792284646
3,V1-A-TracingOnly,21,30000,24852.4001108193
3,V1-A-TracingOnly,21,33000,18087.5588735188
3,V1-A-TracingOnly,21,36000,15695.9079463019
3,V1-A-TracingOnly,21,39000,12865.7875994072
3,V1-A-TracingOnly,21,42000,11194.11478685
3,V1-A-TracingOnly,21,45000,8529.79229338147
3,V1-A-TracingOnly,21,48000,6750.4319227346
3,V1-A-TracingOnly,21,51000,5585.56994379733
3,V1-A-TracingOnly,21,54000,4757.10998315909
3,V1-A-TracingOnly,21,57000,3779.51463920299
3,V1-A-TracingOnly,21,60000,2867.42183572889
3,V1-A-TracingOnly,21,63000,2429.46952060462
3,V1-A-TracingOnly,21,66000,1896.79169911368
3,V1-A-TracingOnly,21,69000,1579.89494746171
3,V1-A-TracingOnly,21,72000,1169.21054228193
3,V1-A-TracingOnly,21,75000,1021.85215104053
3,V1-A-TracingOnly,21,78000,857.655352981622
3,V1-A-TracingOnly,21,81000,599.638957066527
3,V1-A-TracingOnly,21,84000,397.642306672733
3,V1-A-TracingOnly,21,87000,330.358027961042
3,V1-A-TracingOnly,21,90000,239.006250489734
3,V1-A-TracingOnly,21,93000,227.997593958163
3,V1-A-TracingOnly,21,96000,149.979470534621
3,V1-A-TracingOnly,21,99000,127.509159341357
3,V1-A-TracingOnly,21,102000,106.452277316012
3,V1-A-TracingOnly,21,105000,92.7316616253119
3,V1-A-TracingOnly,21,108000,92.6380526825223
3,V1-A-TracingOnly,21,111000,87.7162906677523
3,V1-A-TracingOnly,21,114000,75.5265570245206
3,V1-A-TracingOnly,21,117000,50.1618628604998
3,V1-A-TracingOnly,21,120000,50.1618628604998
3,V1-A-TracingOnly,21,123000,50.1618628604998
3,V1-A-TracingOnly,21,126000,45.1159321974342
3,V1-A-TracingOnly,21,129000,42.0815687033974
3,V1-A-TracingOnly,21,132000,42.0815687033974
3,V1-A-TracingOnly,21,135000,37.9843495995661
3,V1-A-TracingOnly,21,138000,37.9843495995661
3,V1-A-TracingOnly,21,141000,37.9843495995661
3,V1-A-TracingOnly,21,144000,37.9843495995661
3,V1-A-TracingOnly,21,147000,37.9843495995661
3,V1-A-TracingOnly,21,150000,37.9843495995661
3,V1-A-TracingOnly,21,153000,36.6080956482508
3,V1-A-TracingOnly,21,156000,36.6080956482508
3,V1-A-TracingOnly,21,159000,32.4861052793946
3,V1-A-TracingOnly,21,162000,26.5143060884412
3,V1-A-TracingOnly,21,165000,26.5143060884412
3,V1-A-TracingOnly,21,168000,24.7159875746758
3,V1-A-TracingOnly,21,171000,21.0018040825506
3,V1-A-TracingOnly,21,174000,21.0018040825506
3,V1-A-TracingOnly,21,177000,21.0018040825506
3,V1-A-TracingOnly,21,180000,20.9407512555281
3,V1-A-TracingOnly,21,183000,20.9407512555281
3,V1-A-TracingOnly,21,186000,20.9407512555281
3,V1-A-TracingOnly,21,189000,18.4052340918354
3,V1-A-TracingOnly,21,192000,15.8556406233903
3,V1-A-TracingOnly,21,195000,13.7464927668505
3,V1-A-TracingOnly,21,198000,13.2955559721188
3,V1-A-TracingOnly,21,201000,12.8241999057265
3,V1-A-TracingOnly,21,204000,12.7253437101056
3,V1-A-TracingOnly,21,207000,9.71940460539417
3,V1-A-TracingOnly,21,210000,9.71940460539417
3,V1-A-TracingOnly,21,213000,7.90070177318432
3,V1-A-TracingOnly,21,216000,7.90070177318432
3,V1-A-TracingOnly,21,219000,7.90070177318432
3,V1-A-TracingOnly,21,222000,6.87771351101367
3,V1-A-TracingOnly,21,225000,6.70815520848407
3,V1-A-TracingOnly,21,228000,5.95461009408166
3,V1-A-TracingOnly,21,231000,4.77020355846616
3,V1-A-TracingOnly,21,234000,4.77020355846616
3,V1-A-TracingOnly,21,237000,3.92666276878487
3,V1-A-TracingOnly,21,240000,3.92666276878487
3,V1-A-TracingOnly,21,243000,3.70133889236388
3,V1-A-TracingOnly,21,246000,3.70133889236388
3,V1-A-TracingOnly,21,249000,3.70133889236388
3,V1-A-TracingOnly,21,252000,3.05945405655149
3,V1-A-TracingOnly,21,255000,3.05945405655149
3,V1-A-TracingOnly,21,258000,3.05945405655149
3,V1-A-TracingOnly,21,261000,2.53309614541865
3,V1-A-TracingOnly,21,264000,2.53309614541865
3,V1-A-TracingOnly,21,267000,2.53309614541865
3,V1-A-TracingOnly,21,270000,2.1721981830118
3,V1-A-TracingOnly,21,273000,1.15117515788069
3,V1-A-TracingOnly,21,276000,1.12523541520585
3,V1-A-TracingOnly,21,279000,1.12523541520585
3,V1-A-TracingOnly,21,282000,0.782429192468214
3,V1-A-TracingOnly,21,285000,0.680539709926563
3,V1-A-TracingOnly,21,288000,0.395212246388837
3,V1-A-TracingOnly,21,291000,0.339853735006102
3,V1-A-TracingOnly,21,294000,0.256819056712231
3,V1-A-TracingOnly,21,297000,0.124286160897498
3,V1-A-TracingOnly,21,300000,0.0465417873465412
3,V1-B-EliteOnly,21,3000,87221.1456323927
3,V1-B-EliteOnly,21,6000,83205.5851299205
3,V1-B-EliteOnly,21,9000,78095.7860782757
3,V1-B-EliteOnly,21,12000,65906.3835268876
3,V1-B-EliteOnly,21,15000,65906.3835268876
3,V1-B-EliteOnly,21,18000,58246.1260073528
3,V1-B-EliteOnly,21,21000,58063.8278040075
3,V1-B-EliteOnly,21,24000,36255.8435710547
3,V1-B-EliteOnly,21,27000,36255.8435710547
3,V1-B-EliteOnly,21,30000,34566.6384936946
3,V1-B-EliteOnly,21,33000,31337.204835673
3,V1-B-EliteOnly,21,36000,26895.7247445694
3,V1-B-EliteOnly,21,39000,24024.1688933627
3,V1-B-EliteOnly,21,42000,21022.7545113389
3,V1-B-EliteOnly,21,45000,20752.0599112838
3,V1-B-EliteOnly,21,48000,20752.0599112838
3,V1-B-EliteOnly,21,51000,19583.8002219411
3,V1-B-EliteOnly,21,54000,15831.3224329025
3,V1-B-EliteOnly,21,57000,14061.1515414497
3,V1-B-EliteOnly,21,60000,14061.1515414497
3,V1-B-EliteOnly,21,63000,13934.3373484628
3,V1-B-EliteOnly,21,66000,13022.5800756633
3,V1-B-EliteOnly,21,69000,11134.7650129776
3,V1-B-EliteOnly,21,72000,11134.7650129776
3,V1-B-EliteOnly,21,75000,10583.2773407612
3,V1-B-EliteOnly,21,78000,10583.2773407612
3,V1-B-EliteOnly,21,81000,10583.2773407612
3,V1-B-EliteOnly,21,84000,9826.72894708219
3,V1-B-EliteOnly,21,87000,8163.01241792845
3,V1-B-EliteOnly,21,90000,7161.37205281374
3,V1-B-EliteOnly,21,93000,5825.20806287679
3,V1-B-EliteOnly,21,96000,5797.00101744322
3,V1-B-EliteOnly,21,99000,5371.8210163027
3,V1-B-EliteOnly,21,102000,4499.33631886774
3,V1-B-EliteOnly,21,105000,3836.26843926608
3,V1-B-EliteOnly,21,108000,3251.69467343959
3,V1-B-EliteOnly,21,111000,3023.31341774284
3,V1-B-EliteOnly,21,114000,2649.83323166822
3,V1-B-EliteOnly,21,117000,2576.13952579786
3,V1-B-EliteOnly,21,120000,2576.13952579786
3,V1-B-EliteOnly,21,123000,2576.13952579786
3,V1-B-EliteOnly,21,126000,2576.13952579786
3,V1-B-EliteOnly,21,129000,2344.77691939235
3,V1-B-EliteOnly,21,132000,2342.98537640466
3,V1-B-EliteOnly,21,135000,2094.43057883845
3,V1-B-EliteOnly,21,138000,1543.14573796065
3,V1-B-EliteOnly,21,141000,1390.12984683696
3,V1-B-EliteOnly,21,144000,1114.67128308539
3,V1-B-EliteOnly,21,147000,988.544470604941
3,V1-B-EliteOnly,21,150000,971.365981901497
3,V1-B-EliteOnly,21,153000,795.613537921785
3,V1-B-EliteOnly,21,156000,728.101811174653
3,V1-B-EliteOnly,21,159000,633.044731696415
3,V1-B-EliteOnly,21,162000,578.254041793641
3,V1-B-EliteOnly,21,165000,564.570290973097
3,V1-B-EliteOnly,21,168000,564.570290973097
3,V1-B-EliteOnly,21,171000,564.570290973097
3,V1-B-EliteOnly,21,174000,564.570290973097
3,V1-B-EliteOnly,21,177000,515.236374546996
3,V1-B-EliteOnly,21,180000,371.33306592337
3,V1-B-EliteOnly,21,183000,347.929982647847
3,V1-B-EliteOnly,21,186000,325.607432076241
3,V1-B-EliteOnly,21,189000,319.199511570529
3,V1-B-EliteOnly,21,192000,295.050201841792
3,V1-B-EliteOnly,21,195000,254.657794565841
3,V1-B-EliteOnly,21,198000,213.969972621376
3,V1-B-EliteOnly,21,201000,210.31631770037
3,V1-B-EliteOnly,21,204000,175.297014891285
3,V1-B-EliteOnly,21,207000,167.093837465235
3,V1-B-EliteOnly,21,210000,164.376318118375
3,V1-B-EliteOnly,21,213000,136.955335581521
3,V1-B-EliteOnly,21,216000,115.883095893588
3,V1-B-EliteOnly,21,219000,102.88138253931
3,V1-B-EliteOnly,21,222000,100.822075417722
3,V1-B-EliteOnly,21,225000,97.4036563214997
3,V1-B-EliteOnly,21,228000,91.8120189184258
3,V1-B-EliteOnly,21,231000,76.9696730489919
3,V1-B-EliteOnly,21,234000,67.9628230781609
3,V1-B-EliteOnly,21,237000,62.5829767122019
3,V1-B-EliteOnly,21,240000,61.9865006972304
3,V1-B-EliteOnly,21,243000,55.9190233766343
3,V1-B-EliteOnly,21,246000,47.1009419015026
3,V1-B-EliteOnly,21,249000,32.7897065980742
3,V1-B-EliteOnly,21,252000,21.7943659167067
3,V1-B-EliteOnly,21,255000,14.9363931531581
3,V1-B-EliteOnly,21,258000,14.7436081810512
3,V1-B-EliteOnly,21,261000,11.9453516785243
3,V1-B-EliteOnly,21,264000,8.41655373615282
3,V1-B-EliteOnly,21,267000,6.59662260047946
3,V1-B-EliteOnly,21,270000,6.54180868052532
3,V1-B-EliteOnly,21,273000,6.1603688358785
3,V1-B-EliteOnly,21,276000,5.97925963808456
3,V1-B-EliteOnly,21,279000,5.75803268814224
3,V1-B-EliteOnly,21,282000,5.38357697481075
3,V1-B-EliteOnly,21,285000,4.97735761636545
3,V1-B-EliteOnly,21,288000,4.46294248076424
3,V1-B-EliteOnly,21,291000,4.08341748405314
3,V1-B-EliteOnly,21,294000,3.63720569078487
3,V1-B-EliteOnly,21,297000,3.34896795909805
3,V1-B-EliteOnly,21,300000,2.97094373653886
3,V1-A-TracingOnly,22,3000,260783.442507917
3,V1-A-TracingOnly,22,6000,192577.413466582
3,V1-A-TracingOnly,22,9000,138993.043315356
3,V1-A-TracingOnly,22,12000,115262.801008457
3,V1-A-TracingOnly,22,15000,95352.2341805042
3,V1-A-TracingOnly,22,18000,82093.0448449178
3,V1-A-TracingOnly,22,21000,69482.0934781926
3,V1-A-TracingOnly,22,24000,60261.7589785244
3,V1-A-TracingOnly,22,27000,51810.4284371565
3,V1-A-TracingOnly,22,30000,46041.1662685897
3,V1-A-TracingOnly,22,33000,38448.3512149869
3,V1-A-TracingOnly,22,36000,34499.7761002699
3,V1-A-TracingOnly,22,39000,28836.2653217196
3,V1-A-TracingOnly,22,42000,24659.969161911
3,V1-A-TracingOnly,22,45000,20772.1383799163
3,V1-A-TracingOnly,22,48000,16666.1045721468
3,V1-A-TracingOnly,22,51000,13865.4951574074
3,V1-A-TracingOnly,22,54000,12367.8040901024
3,V1-A-TracingOnly,22,57000,10337.0071182854
3,V1-A-TracingOnly,22,60000,9240.94910163464
3,V1-A-TracingOnly,22,63000,8636.54963254001
3,V1-A-TracingOnly,22,66000,6958.51232110994
3,V1-A-TracingOnly,22,69000,5756.20633937137
3,V1-A-TracingOnly,22,72000,4721.42197776653
3,V1-A-TracingOnly,22,75000,4279.76344938867
3,V1-A-TracingOnly,22,78000,3280.56732071796
3,V1-A-TracingOnly,22,81000,2693.32912061973
3,V1-A-TracingOnly,22,84000,1848.77263812817
3,V1-A-TracingOnly,22,87000,1221.41238774764
3,V1-A-TracingOnly,22,90000,1127.5958514826
3,V1-A-TracingOnly,22,93000,925.248314894862
3,V1-A-TracingOnly,22,96000,769.589846256988
3,V1-A-TracingOnly,22,99000,426.215457831103
3,V1-A-TracingOnly,22,102000,386.170039255722
3,V1-A-TracingOnly,22,105000,289.463526016563
3,V1-A-TracingOnly,22,108000,199.858155567995
3,V1-A-TracingOnly,22,111000,164.173805702059
3,V1-A-TracingOnly,22,114000,106.519389659307
3,V1-A-TracingOnly,22,117000,92.5760237241512
3,V1-A-TracingOnly,22,120000,86.7537647617378
3,V1-A-TracingOnly,22,123000,71.4700082789008
3,V1-A-TracingOnly,22,126000,71.4700082789008
3,V1-A-TracingOnly,22,129000,62.8744898881039
3,V1-A-TracingOnly,22,132000,57.4503747345678
3,V1-A-TracingOnly,22,135000,53.4299864083104
3,V1-A-TracingOnly,22,138000,37.1838208857891
3,V1-A-TracingOnly,22,141000,37.1838208857891
3,V1-A-TracingOnly,22,144000,37.1838208857891
3,V1-A-TracingOnly,22,147000,37.1838208857891
3,V1-A-TracingOnly,22,150000,35.580852980137
3,V1-A-TracingOnly,22,153000,35.580852980137
3,V1-A-TracingOnly,22,156000,28.6278910199213
3,V1-A-TracingOnly,22,159000,23.8756938083656
3,V1-A-TracingOnly,22,162000,18.3351718181865
3,V1-A-TracingOnly,22,165000,18.3351718181865
3,V1-A-TracingOnly,22,168000,16.4070509999354
3,V1-A-TracingOnly,22,171000,14.5575969940429
3,V1-A-TracingOnly,22,174000,14.5575969940429
3,V1-A-TracingOnly,22,177000,11.2966105370556
3,V1-A-TracingOnly,22,180000,11.2966105370556
3,V1-A-TracingOnly,22,183000,11.2966105370556
3,V1-A-TracingOnly,22,186000,11.2966105370556
3,V1-A-TracingOnly,22,189000,11.2966105370556
3,V1-A-TracingOnly,22,192000,11.2966105370556
3,V1-A-TracingOnly,22,195000,10.0762913587848
3,V1-A-TracingOnly,22,198000,8.39053132982747
3,V1-A-TracingOnly,22,201000,8.39053132982747
3,V1-A-TracingOnly,22,204000,8.39053132982747
3,V1-A-TracingOnly,22,207000,8.39053132982747
3,V1-A-TracingOnly,22,210000,8.09829649982305
3,V1-A-TracingOnly,22,213000,8.09829649982305
3,V1-A-TracingOnly,22,216000,7.58822904884585
3,V1-A-TracingOnly,22,219000,6.85770425169068
3,V1-A-TracingOnly,22,222000,6.19921720646039
3,V1-A-TracingOnly,22,225000,4.99416149036864
3,V1-A-TracingOnly,22,228000,4.99416149036864
3,V1-A-TracingOnly,22,231000,4.99416149036864
3,V1-A-TracingOnly,22,234000,4.99416149036864
3,V1-A-TracingOnly,22,237000,4.99416149036864
3,V1-A-TracingOnly,22,240000,4.99416149036864
3,V1-A-TracingOnly,22,243000,4.29566360594572
3,V1-A-TracingOnly,22,246000,4.29566360594572
3,V1-A-TracingOnly,22,249000,4.29566360594572
3,V1-A-TracingOnly,22,252000,3.99742442417994
3,V1-A-TracingOnly,22,255000,3.99742442417994
3,V1-A-TracingOnly,22,258000,3.36682838404317
3,V1-A-TracingOnly,22,261000,2.8557850889012
3,V1-A-TracingOnly,22,264000,2.60134822337756
3,V1-A-TracingOnly,22,267000,2.43929769070616
3,V1-A-TracingOnly,22,270000,2.36874879611111
3,V1-A-TracingOnly,22,273000,2.29229009688532
3,V1-A-TracingOnly,22,276000,1.88897292937258
3,V1-A-TracingOnly,22,279000,1.29614130655114
3,V1-A-TracingOnly,22,282000,0.988004392019036
3,V1-A-TracingOnly,22,285000,0.672369302876518
3,V1-A-TracingOnly,22,288000,0.400046936394062
3,V1-A-TracingOnly,22,291000,0.317228688087653
3,V1-A-TracingOnly,22,294000,0.254095433956024
3,V1-A-TracingOnly,22,297000,0.161752976729758
3,V1-A-TracingOnly,22,300000,0.0626041997321636
3,V1-B-EliteOnly,22,3000,119962.605164922
3,V1-B-EliteOnly,22,6000,93578.8488602935
3,V1-B-EliteOnly,22,9000,78811.7016110978
3,V1-B-EliteOnly,22,12000,67986.1659666926
3,V1-B-EliteOnly,22,15000,56712.2837114826
3,V1-B-EliteOnly,22,18000,54186.7511346056
3,V1-B-EliteOnly,22,21000,52166.7698970807
3,V1-B-EliteOnly,22,24000,52166.7698970807
3,V1-B-EliteOnly,22,27000,47623.9325993255
3,V1-B-EliteOnly,22,30000,44654.1069097295
3,V1-B-EliteOnly,22,33000,40662.0398245811
3,V1-B-EliteOnly,22,36000,39945.8841464839
3,V1-B-EliteOnly,22,39000,39888.3476267139
3,V1-B-EliteOnly,22,42000,39455.1062683087
3,V1-B-EliteOnly,22,45000,30832.7741577612
3,V1-B-EliteOnly,22,48000,26318.4498851601
3,V1-B-EliteOnly,22,51000,25652.0422597492
3,V1-B-EliteOnly,22,54000,25652.0422597492
3,V1-B-EliteOnly,22,57000,25516.1835175274
3,V1-B-EliteOnly,22,60000,24032.0476012706
3,V1-B-EliteOnly,22,63000,22417.3207441233
3,V1-B-EliteOnly,22,66000,21528.8406785488
3,V1-B-EliteOnly,22,69000,21528.8406785488
3,V1-B-EliteOnly,22,72000,21190.2766827241
3,V1-B-EliteOnly,22,75000,21190.2766827241
3,V1-B-EliteOnly,22,78000,21190.2766827241
3,V1-B-EliteOnly,22,81000,18586.3990489404
3,V1-B-EliteOnly,22,84000,18586.3990489404
3,V1-B-EliteOnly,22,87000,16428.710734534
3,V1-B-EliteOnly,22,90000,16428.710734534
3,V1-B-EliteOnly,22,93000,16292.7680734665
3,V1-B-EliteOnly,22,96000,15603.9322571859
3,V1-B-EliteOnly,22,99000,15458.8832204278
3,V1-B-EliteOnly,22,102000,13136.2343559456
3,V1-B-EliteOnly,22,105000,12667.5361422279
3,V1-B-EliteOnly,22,108000,12152.6885968156
3,V1-B-EliteOnly,22,111000,12152.6885968156
3,V1-B-EliteOnly,22,114000,12152.6885968156
3,V1-B-EliteOnly,22,117000,10840.5878288475
3,V1-B-EliteOnly,22,120000,9765.58949881872
3,V1-B-EliteOnly,22,123000,8693.00676845689
3,V1-B-EliteOnly,22,126000,8693.00676845689
3,V1-B-EliteOnly,22,129000,8693.00676845689
3,V1-B-EliteOnly,22,132000,7937.72191477626
3,V1-B-EliteOnly,22,135000,7529.84885069428
3,V1-B-EliteOnly,22,138000,7529.84885069428
3,V1-B-EliteOnly,22,141000,6848.22822993128
3,V1-B-EliteOnly,22,144000,6284.76190357225
3,V1-B-EliteOnly,22,147000,5856.56270526639
3,V1-B-EliteOnly,22,150000,5485.05299547389
3,V1-B-EliteOnly,22,153000,5109.94435693127
3,V1-B-EliteOnly,22,156000,4760.61395063305
3,V1-B-EliteOnly,22,159000,4645.27528953745
3,V1-B-EliteOnly,22,162000,4575.81293109841
3,V1-B-EliteOnly,22,165000,4353.84322096909
3,V1-B-EliteOnly,22,168000,4271.14981060305
3,V1-B-EliteOnly,22,171000,4174.75141152075
3,V1-B-EliteOnly,22,174000,3962.15392509465
3,V1-B-EliteOnly,22,177000,3872.10647810848
3,V1-B-EliteOnly,22,180000,3549.45186075768
3,V1-B-EliteOnly,22,183000,3489.00710325964
3,V1-B-EliteOnly,22,186000,3409.0670479038
3,V1-B-EliteOnly,22,189000,3396.72826328038
3,V1-B-EliteOnly,22,192000,3154.26408201618
3,V1-B-EliteOnly,22,195000,3001.34814146726
3,V1-B-EliteOnly,22,198000,2971.76954574353
3,V1-B-EliteOnly,22,201000,2971.76954574353
3,V1-B-EliteOnly,22,204000,2857.40477410532
3,V1-B-EliteOnly,22,207000,2729.01436034918
3,V1-B-EliteOnly,22,210000,2533.18620222729
3,V1-B-EliteOnly,22,213000,2470.60297391297
3,V1-B-EliteOnly,22,216000,2338.58754603091
3,V1-B-EliteOnly,22,219000,2167.71183695494
3,V1-B-EliteOnly,22,222000,2162.718510839
3,V1-B-EliteOnly,22,225000,2139.76302963261
3,V1-B-EliteOnly,22,228000,2039.27652219001
3,V1-B-EliteOnly,22,231000,2004.71177535427
3,V1-B-EliteOnly,22,234000,1967.33386021698
3,V1-B-EliteOnly,22,237000,1951.4792161995
3,V1-B-EliteOnly,22,240000,1929.80254627257
3,V1-B-EliteOnly,22,243000,1845.79384486696
3,V1-B-EliteOnly,22,246000,1843.36306180998
3,V1-B-EliteOnly,22,249000,1840.23533503644
3,V1-B-EliteOnly,22,252000,1789.8716343487
3,V1-B-EliteOnly,22,255000,1783.35900592091
3,V1-B-EliteOnly,22,258000,1748.18900580674
3,V1-B-EliteOnly,22,261000,1718.88939854215
3,V1-B-EliteOnly,22,264000,1698.12350324153
3,V1-B-EliteOnly,22,267000,1650.53384333362
3,V1-B-EliteOnly,22,270000,1541.40138094508
3,V1-B-EliteOnly,22,273000,1511.79113298932
3,V1-B-EliteOnly,22,276000,1479.99554405881
3,V1-B-EliteOnly,22,279000,1454.5335913363
3,V1-B-EliteOnly,22,282000,1444.66030535884
3,V1-B-EliteOnly,22,285000,1430.09000714962
3,V1-B-EliteOnly,22,288000,1422.65122161197
3,V1-B-EliteOnly,22,291000,1396.12469992426
3,V1-B-EliteOnly,22,294000,1318.16033096507
3,V1-B-EliteOnly,22,297000,1148.92495832891
3,V1-B-EliteOnly,22,300000,1119.22294144223
3,V1-A-TracingOnly,23,3000,202320.889257285
3,V1-A-TracingOnly,23,6000,163630.00537355
3,V1-A-TracingOnly,23,9000,142672.772886674
3,V1-A-TracingOnly,23,12000,128376.49598695
3,V1-A-TracingOnly,23,15000,115456.876173541
3,V1-A-TracingOnly,23,18000,101034.539310405
3,V1-A-TracingOnly,23,21000,90894.2416704596
3,V1-A-TracingOnly,23,24000,75428.9597330829
3,V1-A-TracingOnly,23,27000,62541.3736345699
3,V1-A-TracingOnly,23,30000,52233.3320140101
3,V1-A-TracingOnly,23,33000,44443.6429066216
3,V1-A-TracingOnly,23,36000,40745.4326652419
3,V1-A-TracingOnly,23,39000,33755.5041399419
3,V1-A-TracingOnly,23,42000,28890.6866062181
3,V1-A-TracingOnly,23,45000,24385.5019527297
3,V1-A-TracingOnly,23,48000,21253.1963544508
3,V1-A-TracingOnly,23,51000,18585.8350455021
3,V1-A-TracingOnly,23,54000,17107.2015786504
3,V1-A-TracingOnly,23,57000,12224.9110197081
3,V1-A-TracingOnly,23,60000,10460.6390880916
3,V1-A-TracingOnly,23,63000,7517.61673244084
3,V1-A-TracingOnly,23,66000,6784.64702764145
3,V1-A-TracingOnly,23,69000,6320.00605065362
3,V1-A-TracingOnly,23,72000,5253.13458681539
3,V1-A-TracingOnly,23,75000,3421.69266150973
3,V1-A-TracingOnly,23,78000,3028.99684703893
3,V1-A-TracingOnly,23,81000,2136.56149307791
3,V1-A-TracingOnly,23,84000,1780.39310889072
3,V1-A-TracingOnly,23,87000,1486.57302221113
3,V1-A-TracingOnly,23,90000,1182.41391792485
3,V1-A-TracingOnly,23,93000,935.139593448545
3,V1-A-TracingOnly,23,96000,856.332651660055
3,V1-A-TracingOnly,23,99000,576.467435969732
3,V1-A-TracingOnly,23,102000,426.316069245677
3,V1-A-TracingOnly,23,105000,322.008408616627
3,V1-A-TracingOnly,23,108000,170.366331998418
3,V1-A-TracingOnly,23,111000,130.662145418653
3,V1-A-TracingOnly,23,114000,111.021253989471
3,V1-A-TracingOnly,23,117000,94.0714141648136
3,V1-A-TracingOnly,23,120000,80.7147793202312
3,V1-A-TracingOnly,23,123000,80.7147793202312
3,V1-A-TracingOnly,23,126000,77.6407107740804
3,V1-A-TracingOnly,23,129000,71.0374208150106
3,V1-A-TracingOnly,23,132000,67.8774056101511
3,V1-A-TracingOnly,23,135000,57.3337481226555
3,V1-A-TracingOnly,23,138000,46.1867821737815
3,V1-A-TracingOnly,23,141000,46.1867821737815
3,V1-A-TracingOnly,23,144000,45.387725685419
3,V1-A-TracingOnly,23,147000,41.1381618913222
3,V1-A-TracingOnly,23,150000,41.1381618913222
3,V1-A-TracingOnly,23,153000,28.1626086482901
3,V1-A-TracingOnly,23,156000,28.1626086482901
3,V1-A-TracingOnly,23,159000,28.1626086482901
3,V1-A-TracingOnly,23,162000,23.1017738957508
3,V1-A-TracingOnly,23,165000,23.1017738957508
3,V1-A-TracingOnly,23,168000,23.1017738957508
3,V1-A-TracingOnly,23,171000,23.1017738957508
3,V1-A-TracingOnly,23,174000,23.1017738957508
3,V1-A-TracingOnly,23,177000,23.1017738957508
3,V1-A-TracingOnly,23,180000,23.1017738957508
3,V1-A-TracingOnly,23,183000,23.1017738957508
3,V1-A-TracingOnly,23,186000,22.1380877203787
3,V1-A-TracingOnly,23,189000,18.8453030022156
3,V1-A-TracingOnly,23,192000,18.8453030022156
3,V1-A-TracingOnly,23,195000,16.9933129256218
3,V1-A-TracingOnly,23,198000,16.9933129256218
3,V1-A-TracingOnly,23,201000,14.7279230238248
3,V1-A-TracingOnly,23,204000,12.7922117934733
3,V1-A-TracingOnly,23,207000,12.7922117934733
3,V1-A-TracingOnly,23,210000,7.20603935887124
3,V1-A-TracingOnly,23,213000,6.00840869701375
3,V1-A-TracingOnly,23,216000,6.00840869701375
3,V1-A-TracingOnly,23,219000,5.80949006771107
3,V1-A-TracingOnly,23,222000,5.80949006771107
3,V1-A-TracingOnly,23,225000,5.80949006771107
3,V1-A-TracingOnly,23,228000,5.78953411969701
3,V1-A-TracingOnly,23,231000,5.78953411969701
3,V1-A-TracingOnly,23,234000,5.51898147486895
3,V1-A-TracingOnly,23,237000,4.90928912968667
3,V1-A-TracingOnly,23,240000,4.41313022716372
3,V1-A-TracingOnly,23,243000,4.41313022716372
3,V1-A-TracingOnly,23,246000,4.41313022716372
3,V1-A-TracingOnly,23,249000,4.26620605604813
3,V1-A-TracingOnly,23,252000,4.26620605604813
3,V1-A-TracingOnly,23,255000,4.26620605604813
3,V1-A-TracingOnly,23,258000,3.72992918809206
3,V1-A-TracingOnly,23,261000,2.91048378686048
3,V1-A-TracingOnly,23,264000,2.31115941164057
3,V1-A-TracingOnly,23,267000,1.7995786655884
3,V1-A-TracingOnly,23,270000,1.49028850911054
3,V1-A-TracingOnly,23,273000,1.46093854187859
3,V1-A-TracingOnly,23,276000,1.06043384773
3,V1-A-TracingOnly,23,279000,0.987992079185403
3,V1-A-TracingOnly,23,282000,0.83134745334246
3,V1-A-TracingOnly,23,285000,0.77370663830169
3,V1-A-TracingOnly,23,288000,0.278424889507903
3,V1-A-TracingOnly,23,291000,0.183838086964727
3,V1-A-TracingOnly,23,294000,0.137210164286614
3,V1-A-TracingOnly,23,297000,0.0978889775978473
3,V1-A-TracingOnly,23,300000,0.0340333403818818
3,V1-B-EliteOnly,23,3000,112396.478826834
3,V1-B-EliteOnly,23,6000,79942.3056303772
3,V1-B-EliteOnly,23,9000,45577.6202997151
3,V1-B-EliteOnly,23,12000,45242.5419806008
3,V1-B-EliteOnly,23,15000,31289.5837138139
3,V1-B-EliteOnly,23,18000,22609.9761327026
3,V1-B-EliteOnly,23,21000,20364.4999770388
3,V1-B-EliteOnly,23,24000,15400.3839534925
3,V1-B-EliteOnly,23,27000,14827.4483131219
3,V1-B-EliteOnly,23,30000,14043.788361336
3,V1-B-EliteOnly,23,33000,14001.7651823875
3,V1-B-EliteOnly,23,36000,13890.3579508444
3,V1-B-EliteOnly,23,39000,13176.8575520373
3,V1-B-EliteOnly,23,42000,11219.1818881885
3,V1-B-EliteOnly,23,45000,9463.63849157393
3,V1-B-EliteOnly,23,48000,9463.63849157393
3,V1-B-EliteOnly,23,51000,8112.19237986966
3,V1-B-EliteOnly,23,54000,7146.66731098665
3,V1-B-EliteOnly,23,57000,7146.66731098665
3,V1-B-EliteOnly,23,60000,6871.49500166415
3,V1-B-EliteOnly,23,63000,5960.69156977308
3,V1-B-EliteOnly,23,66000,5400.33501732502
3,V1-B-EliteOnly,23,69000,5114.56123475159
3,V1-B-EliteOnly,23,72000,5114.56123475159
3,V1-B-EliteOnly,23,75000,4607.85847965548
3,V1-B-EliteOnly,23,78000,3687.28920046839
3,V1-B-EliteOnly,23,81000,3687.28920046839
3,V1-B-EliteOnly,23,84000,3438.18865051153
3,V1-B-EliteOnly,23,87000,2870.65842296378
3,V1-B-EliteOnly,23,90000,2438.53999106129
3,V1-B-EliteOnly,23,93000,2438.53999106129
3,V1-B-EliteOnly,23,96000,2336.14952661357
3,V1-B-EliteOnly,23,99000,2336.14952661357
3,V1-B-EliteOnly,23,102000,2108.6662985132
3,V1-B-EliteOnly,23,105000,1945.34374752492
3,V1-B-EliteOnly,23,108000,1586.77518549652
3,V1-B-EliteOnly,23,111000,1374.81099389299
3,V1-B-EliteOnly,23,114000,1374.81099389299
3,V1-B-EliteOnly,23,117000,1374.81099389299
3,V1-B-EliteOnly,23,120000,980.949054586664
3,V1-B-EliteOnly,23,123000,773.018426427459
3,V1-B-EliteOnly,23,126000,747.896950505756
3,V1-B-EliteOnly,23,129000,747.896950505756
3,V1-B-EliteOnly,23,132000,666.835446648831
3,V1-B-EliteOnly,23,135000,623.758069951664
3,V1-B-EliteOnly,23,138000,438.910038957619
3,V1-B-EliteOnly,23,141000,327.210876376025
3,V1-B-EliteOnly,23,144000,316.099178973808
3,V1-B-EliteOnly,23,147000,265.994973847997
3,V1-B-EliteOnly,23,150000,229.531612535925
3,V1-B-EliteOnly,23,153000,179.327276889343
3,V1-B-EliteOnly,23,156000,143.375403609866
3,V1-B-EliteOnly,23,159000,108.693236042924
3,V1-B-EliteOnly,23,162000,99.5145455406721
3,V1-B-EliteOnly,23,165000,95.296387927283
3,V1-B-EliteOnly,23,168000,92.79466750812
3,V1-B-EliteOnly,23,171000,90.5485493745572
3,V1-B-EliteOnly,23,174000,86.3433698940263
3,V1-B-EliteOnly,23,177000,70.4838585254714
3,V1-B-EliteOnly,23,180000,68.0461489959418
3,V1-B-EliteOnly,23,183000,68.0461489959418
3,V1-B-EliteOnly,23,186000,64.1812751080258
3,V1-B-EliteOnly,23,189000,53.6662073598733
3,V1-B-EliteOnly,23,192000,53.6662073598733
3,V1-B-EliteOnly,23,195000,52.9379219419114
3,V1-B-EliteOnly,23,198000,47.2068810148836
3,V1-B-EliteOnly,23,201000,44.2933736167501
3,V1-B-EliteOnly,23,204000,42.0904712716152
3,V1-B-EliteOnly,23,207000,34.5674011172745
3,V1-B-EliteOnly,23,210000,32.0590145750928
3,V1-B-EliteOnly,23,213000,27.5186028727929
3,V1-B-EliteOnly,23,216000,23.6056770994431
3,V1-B-EliteOnly,23,219000,21.1623092844672
3,V1-B-EliteOnly,23,222000,19.3191655247757
3,V1-B-EliteOnly,23,225000,18.5833531639888
3,V1-B-EliteOnly,23,228000,18.5833531639888
3,V1-B-EliteOnly,23,231000,18.336305666007
3,V1-B-EliteOnly,23,234000,17.0751580197568
3,V1-B-EliteOnly,23,237000,13.9104837383974
3,V1-B-EliteOnly,23,240000,13.9104837383974
3,V1-B-EliteOnly,23,243000,12.6998788573437
3,V1-B-EliteOnly,23,246000,12.6998788573437
3,V1-B-EliteOnly,23,249000,12.6998788573437
3,V1-B-EliteOnly,23,252000,12.6998788573437
3,V1-B-EliteOnly,23,255000,12.6998788573437
3,V1-B-EliteOnly,23,258000,12.6998788573437
3,V1-B-EliteOnly,23,261000,12.6998788573437
3,V1-B-EliteOnly,23,264000,12.6998788573437
3,V1-B-EliteOnly,23,267000,12.6998788573437
3,V1-B-EliteOnly,23,270000,12.6998788573437
3,V1-B-EliteOnly,23,273000,12.6998788573437
3,V1-B-EliteOnly,23,276000,12.6998788573437
3,V1-B-EliteOnly,23,279000,12.6998788573437
3,V1-B-EliteOnly,23,282000,12.6998788573437
3,V1-B-EliteOnly,23,285000,12.6998788573437
3,V1-B-EliteOnly,23,288000,12.6998788573437
3,V1-B-EliteOnly,23,291000,12.6998788573437
3,V1-B-EliteOnly,23,294000,12.6998788573437
3,V1-B-EliteOnly,23,297000,12.6998788573437
3,V1-B-EliteOnly,23,300000,12.6998788573437
9,V1-A-TracingOnly,21,3000,14612.8830545836
9,V1-A-TracingOnly,21,6000,13700.4858240112
9,V1-A-TracingOnly,21,9000,13291.7320277692
9,V1-A-TracingOnly,21,12000,12813.9423345791
9,V1-A-TracingOnly,21,15000,12813.9423345791
9,V1-A-TracingOnly,21,18000,12799.1110054785
9,V1-A-TracingOnly,21,21000,12274.0847401369
9,V1-A-TracingOnly,21,24000,11905.2537413629
9,V1-A-TracingOnly,21,27000,11905.2537413629
9,V1-A-TracingOnly,21,30000,11709.5943029215
9,V1-A-TracingOnly,21,33000,11424.6265163016
9,V1-A-TracingOnly,21,36000,11092.6966235432
9,V1-A-TracingOnly,21,39000,10320.8299106426
9,V1-A-TracingOnly,21,42000,9972.23058845652
9,V1-A-TracingOnly,21,45000,9972.23058845652
9,V1-A-TracingOnly,21,48000,9972.23058845652
9,V1-A-TracingOnly,21,51000,9972.23058845652
9,V1-A-TracingOnly,21,54000,9972.23058845652
9,V1-A-TracingOnly,21,57000,9812.51062895366
9,V1-A-TracingOnly,21,60000,9812.51062895366
9,V1-A-TracingOnly,21,63000,9812.51062895366
9,V1-A-TracingOnly,21,66000,9812.51062895366
9,V1-A-TracingOnly,21,69000,9585.92535868264
9,V1-A-TracingOnly,21,72000,9585.92535868264
9,V1-A-TracingOnly,21,75000,9585.92535868264
9,V1-A-TracingOnly,21,78000,9585.92535868264
9,V1-A-TracingOnly,21,81000,9585.92535868264
9,V1-A-TracingOnly,21,84000,9585.92535868264
9,V1-A-TracingOnly,21,87000,9585.92535868264
9,V1-A-TracingOnly,21,90000,9524.43628931171
9,V1-A-TracingOnly,21,93000,9524.43628931171
9,V1-A-TracingOnly,21,96000,9524.43628931171
9,V1-A-TracingOnly,21,99000,9524.43628931171
9,V1-A-TracingOnly,21,102000,9524.43628931171
9,V1-A-TracingOnly,21,105000,9524.43628931171
9,V1-A-TracingOnly,21,108000,9524.43628931171
9,V1-A-TracingOnly,21,111000,9524.43628931171
9,V1-A-TracingOnly,21,114000,9435.85804546663
9,V1-A-TracingOnly,21,117000,8970.27219818454
9,V1-A-TracingOnly,21,120000,8726.44226789503
9,V1-A-TracingOnly,21,123000,8726.44226789503
9,V1-A-TracingOnly,21,126000,8726.44226789503
9,V1-A-TracingOnly,21,129000,8726.44226789503
9,V1-A-TracingOnly,21,132000,8726.44226789503
9,V1-A-TracingOnly,21,135000,8726.44226789503
9,V1-A-TracingOnly,21,138000,8726.44226789503
9,V1-A-TracingOnly,21,141000,8726.44226789503
9,V1-A-TracingOnly,21,144000,8726.44226789503
9,V1-A-TracingOnly,21,147000,8726.44226789503
9,V1-A-TracingOnly,21,150000,8726.44226789503
9,V1-A-TracingOnly,21,153000,8726.44226789503
9,V1-A-TracingOnly,21,156000,8726.44226789503
9,V1-A-TracingOnly,21,159000,8650.02356120272
9,V1-A-TracingOnly,21,162000,8637.30422587063
9,V1-A-TracingOnly,21,165000,8637.30422587063
9,V1-A-TracingOnly,21,168000,8637.30422587063
9,V1-A-TracingOnly,21,171000,8637.30422587063
9,V1-A-TracingOnly,21,174000,8519.19092823042
9,V1-A-TracingOnly,21,177000,8422.68949406124
9,V1-A-TracingOnly,21,180000,8397.29259630372
9,V1-A-TracingOnly,21,183000,8397.29259630372
9,V1-A-TracingOnly,21,186000,8397.29259630372
9,V1-A-TracingOnly,21,189000,8386.15513097321
9,V1-A-TracingOnly,21,192000,8332.20045718564
9,V1-A-TracingOnly,21,195000,8284.43058510862
9,V1-A-TracingOnly,21,198000,8243.92105516635
9,V1-A-TracingOnly,21,201000,8154.82598111124
9,V1-A-TracingOnly,21,204000,8125.59753461397
9,V1-A-TracingOnly,21,207000,8125.59753461397
9,V1-A-TracingOnly,21,210000,8063.08925508984
9,V1-A-TracingOnly,21,213000,8063.08925508984
9,V1-A-TracingOnly,21,216000,8063.08925508984
9,V1-A-TracingOnly,21,219000,8059.28007061801
9,V1-A-TracingOnly,21,222000,7980.60645238713
9,V1-A-TracingOnly,21,225000,7980.60645238713
9,V1-A-TracingOnly,21,228000,7980.60645238713
9,V1-A-TracingOnly,21,231000,7980.60645238713
9,V1-A-TracingOnly,21,234000,7980.60645238713
9,V1-A-TracingOnly,21,237000,7965.5468859161
9,V1-A-TracingOnly,21,240000,7965.5468859161
9,V1-A-TracingOnly,21,243000,7965.5468859161
9,V1-A-TracingOnly,21,246000,7965.5468859161
9,V1-A-TracingOnly,21,249000,7965.5468859161
9,V1-A-TracingOnly,21,252000,7948.0321049914
9,V1-A-TracingOnly,21,255000,7920.66263111488
9,V1-A-TracingOnly,21,258000,7898.13245454996
9,V1-A-TracingOnly,21,261000,7898.13245454996
9,V1-A-TracingOnly,21,264000,7886.59918370655
9,V1-A-TracingOnly,21,267000,7886.59918370655
9,V1-A-TracingOnly,21,270000,7858.91893290982
9,V1-A-TracingOnly,21,273000,7844.69192870238
9,V1-A-TracingOnly,21,276000,7766.17543634602
9,V1-A-TracingOnly,21,279000,7766.17543634602
9,V1-A-TracingOnly,21,282000,7760.44486318082
9,V1-A-TracingOnly,21,285000,7760.01955274694
9,V1-A-TracingOnly,21,288000,7747.4058285743
9,V1-A-TracingOnly,21,291000,7738.06393256001
9,V1-A-TracingOnly,21,294000,7731.49360956318
9,V1-A-TracingOnly,21,297000,7726.3609369141
9,V1-A-TracingOnly,21,300000,7717.81356460083
9,V1-B-EliteOnly,21,3000,2499.81862331308
9,V1-B-EliteOnly,21,6000,2261.86106966985
9,V1-B-EliteOnly,21,9000,1903.96738008616
9,V1-B-EliteOnly,21,12000,1468.75248417137
9,V1-B-EliteOnly,21,15000,1235.20313191411
9,V1-B-EliteOnly,21,18000,1167.57243282912
9,V1-B-EliteOnly,21,21000,1039.20401423372
9,V1-B-EliteOnly,21,24000,919.280122395784
9,V1-B-EliteOnly,21,27000,919.280122395784
9,V1-B-EliteOnly,21,30000,919.280122395784
9,V1-B-EliteOnly,21,33000,919.280122395784
9,V1-B-EliteOnly,21,36000,919.280122395784
9,V1-B-EliteOnly,21,39000,919.280122395784
9,V1-B-EliteOnly,21,42000,890.230874171061
9,V1-B-EliteOnly,21,45000,890.230874171061
9,V1-B-EliteOnly,21,48000,890.230874171061
9,V1-B-EliteOnly,21,51000,890.230874171061
9,V1-B-EliteOnly,21,54000,890.230874171061
9,V1-B-EliteOnly,21,57000,857.235598443811
9,V1-B-EliteOnly,21,60000,837.577898239821
9,V1-B-EliteOnly,21,63000,837.577898239821
9,V1-B-EliteOnly,21,66000,837.577898239821
9,V1-B-EliteOnly,21,69000,837.577898239821
9,V1-B-EliteOnly,21,72000,739.471500846705
9,V1-B-EliteOnly,21,75000,673.851509020903
9,V1-B-EliteOnly,21,78000,673.851509020903
9,V1-B-EliteOnly,21,81000,673.851509020903
9,V1-B-EliteOnly,21,84000,673.851509020903
9,V1-B-EliteOnly,21,87000,673.851509020903
9,V1-B-EliteOnly,21,90000,673.851509020903
9,V1-B-EliteOnly,21,93000,673.851509020903
9,V1-B-EliteOnly,21,96000,673.851509020903
9,V1-B-EliteOnly,21,99000,673.851509020903
9,V1-B-EliteOnly,21,102000,673.851509020903
9,V1-B-EliteOnly,21,105000,620.554650262739
9,V1-B-EliteOnly,21,108000,620.554650262739
9,V1-B-EliteOnly,21,111000,620.554650262739
9,V1-B-EliteOnly,21,114000,620.554650262739
9,V1-B-EliteOnly,21,117000,620.554650262739
9,V1-B-EliteOnly,21,120000,620.554650262739
9,V1-B-EliteOnly,21,123000,620.554650262739
9,V1-B-EliteOnly,21,126000,620.554650262739
9,V1-B-EliteOnly,21,129000,620.554650262739
9,V1-B-EliteOnly,21,132000,620.554650262739
9,V1-B-EliteOnly,21,135000,620.554650262739
9,V1-B-EliteOnly,21,138000,620.554650262739
9,V1-B-EliteOnly,21,141000,620.554650262739
9,V1-B-EliteOnly,21,144000,620.554650262739
9,V1-B-EliteOnly,21,147000,620.554650262739
9,V1-B-EliteOnly,21,150000,620.554650262739
9,V1-B-EliteOnly,21,153000,620.554650262739
9,V1-B-EliteOnly,21,156000,563.793895184413
9,V1-B-EliteOnly,21,159000,559.963895982945
9,V1-B-EliteOnly,21,162000,559.963895982945
9,V1-B-EliteOnly,21,165000,559.963895982945
9,V1-B-EliteOnly,21,168000,559.963895982945
9,V1-B-EliteOnly,21,171000,485.919914403624
9,V1-B-EliteOnly,21,174000,485.919914403624
9,V1-B-EliteOnly,21,177000,485.919914403624
9,V1-B-EliteOnly,21,180000,485.919914403624
9,V1-B-EliteOnly,21,183000,485.919914403624
9,V1-B-EliteOnly,21,186000,485.919914403624
9,V1-B-EliteOnly,21,189000,485.919914403624
9,V1-B-EliteOnly,21,192000,485.919914403624
9,V1-B-EliteOnly,21,195000,451.68568957104
9,V1-B-EliteOnly,21,198000,451.68568957104
9,V1-B-EliteOnly,21,201000,449.840032628324
9,V1-B-EliteOnly,21,204000,449.840032628324
9,V1-B-EliteOnly,21,207000,449.840032628324
9,V1-B-EliteOnly,21,210000,449.840032628324
9,V1-B-EliteOnly,21,213000,396.847651348034
9,V1-B-EliteOnly,21,216000,396.847651348034
9,V1-B-EliteOnly,21,219000,396.847651348034
9,V1-B-EliteOnly,21,222000,392.093948084281
9,V1-B-EliteOnly,21,225000,386.401849091818
9,V1-B-EliteOnly,21,228000,386.401849091818
9,V1-B-EliteOnly,21,231000,386.401849091818
9,V1-B-EliteOnly,21,234000,381.163084580847
9,V1-B-EliteOnly,21,237000,381.163084580847
9,V1-B-EliteOnly,21,240000,381.163084580847
9,V1-B-EliteOnly,21,243000,381.163084580847
9,V1-B-EliteOnly,21,246000,381.163084580847
9,V1-B-EliteOnly,21,249000,381.163084580847
9,V1-B-EliteOnly,21,252000,381.163084580847
9,V1-B-EliteOnly,21,255000,381.163084580847
9,V1-B-EliteOnly,21,258000,381.163084580847
9,V1-B-EliteOnly,21,261000,381.163084580847
9,V1-B-EliteOnly,21,264000,381.163084580847
9,V1-B-EliteOnly,21,267000,381.163084580847
9,V1-B-EliteOnly,21,270000,381.163084580847
9,V1-B-EliteOnly,21,273000,381.163084580847
9,V1-B-EliteOnly,21,276000,381.163084580847
9,V1-B-EliteOnly,21,279000,381.163084580847
9,V1-B-EliteOnly,21,282000,381.163084580847
9,V1-B-EliteOnly,21,285000,381.163084580847
9,V1-B-EliteOnly,21,288000,377.355060336602
9,V1-B-EliteOnly,21,291000,377.355060336602
9,V1-B-EliteOnly,21,294000,377.355060336602
9,V1-B-EliteOnly,21,297000,377.355060336602
9,V1-B-EliteOnly,21,300000,377.355060336602
9,V1-A-TracingOnly,22,3000,8105.61273954756
9,V1-A-TracingOnly,22,6000,7737.24334058701
9,V1-A-TracingOnly,22,9000,7148.98036213683
9,V1-A-TracingOnly,22,12000,7120.77084870727
9,V1-A-TracingOnly,22,15000,6557.38226973306
9,V1-A-TracingOnly,22,18000,6557.38226973306
9,V1-A-TracingOnly,22,21000,6557.38226973306
9,V1-A-TracingOnly,22,24000,6557.38226973306
9,V1-A-TracingOnly,22,27000,6557.38226973306
9,V1-A-TracingOnly,22,30000,6543.21802993223
9,V1-A-TracingOnly,22,33000,6509.43629440543
9,V1-A-TracingOnly,22,36000,6509.43629440543
9,V1-A-TracingOnly,22,39000,6509.43629440543
9,V1-A-TracingOnly,22,42000,6509.43629440543
9,V1-A-TracingOnly,22,45000,6191.71412869432
9,V1-A-TracingOnly,22,48000,6191.71412869432
9,V1-A-TracingOnly,22,51000,6191.71412869432
9,V1-A-TracingOnly,22,54000,6191.71412869432
9,V1-A-TracingOnly,22,57000,6191.71412869432
9,V1-A-TracingOnly,22,60000,6191.71412869432
9,V1-A-TracingOnly,22,63000,6191.71412869432
9,V1-A-TracingOnly,22,66000,6170.32161785359
9,V1-A-TracingOnly,22,69000,6168.46066980846
9,V1-A-TracingOnly,22,72000,6168.46066980846
9,V1-A-TracingOnly,22,75000,6168.46066980846
9,V1-A-TracingOnly,22,78000,6168.46066980846
9,V1-A-TracingOnly,22,81000,6168.46066980846
9,V1-A-TracingOnly,22,84000,6168.46066980846
9,V1-A-TracingOnly,22,87000,6168.46066980846
9,V1-A-TracingOnly,22,90000,6168.46066980846
9,V1-A-TracingOnly,22,93000,6168.46066980846
9,V1-A-TracingOnly,22,96000,6168.46066980846
9,V1-A-TracingOnly,22,99000,6168.46066980846
9,V1-A-TracingOnly,22,102000,6168.46066980846
9,V1-A-TracingOnly,22,105000,6168.46066980846
9,V1-A-TracingOnly,22,108000,6168.46066980846
9,V1-A-TracingOnly,22,111000,6168.46066980846
9,V1-A-TracingOnly,22,114000,6168.46066980846
9,V1-A-TracingOnly,22,117000,6168.46066980846
9,V1-A-TracingOnly,22,120000,6087.63713242213
9,V1-A-TracingOnly,22,123000,6087.63713242213
9,V1-A-TracingOnly,22,126000,6087.63713242213
9,V1-A-TracingOnly,22,129000,6014.82961678541
9,V1-A-TracingOnly,22,132000,6014.82961678541
9,V1-A-TracingOnly,22,135000,6014.82961678541
9,V1-A-TracingOnly,22,138000,6014.82961678541
9,V1-A-TracingOnly,22,141000,6014.82961678541
9,V1-A-TracingOnly,22,144000,6014.82961678541
9,V1-A-TracingOnly,22,147000,6014.82961678541
9,V1-A-TracingOnly,22,150000,6014.82961678541
9,V1-A-TracingOnly,22,153000,6014.82961678541
9,V1-A-TracingOnly,22,156000,6014.82961678541
9,V1-A-TracingOnly,22,159000,6014.82961678541
9,V1-A-TracingOnly,22,162000,6014.82961678541
9,V1-A-TracingOnly,22,165000,6014.82961678541
9,V1-A-TracingOnly,22,168000,6014.82961678541
9,V1-A-TracingOnly,22,171000,6014.82961678541
9,V1-A-TracingOnly,22,174000,6014.82961678541
9,V1-A-TracingOnly,22,177000,6012.66468200248
9,V1-A-TracingOnly,22,180000,6012.66468200248
9,V1-A-TracingOnly,22,183000,6012.66468200248
9,V1-A-TracingOnly,22,186000,6012.66468200248
9,V1-A-TracingOnly,22,189000,6012.66468200248
9,V1-A-TracingOnly,22,192000,6012.66468200248
9,V1-A-TracingOnly,22,195000,6012.66468200248
9,V1-A-TracingOnly,22,198000,6012.66468200248
9,V1-A-TracingOnly,22,201000,6012.66468200248
9,V1-A-TracingOnly,22,204000,6012.66468200248
9,V1-A-TracingOnly,22,207000,6012.66468200248
9,V1-A-TracingOnly,22,210000,6012.66468200248
9,V1-A-TracingOnly,22,213000,6012.66468200248
9,V1-A-TracingOnly,22,216000,6012.66468200248
9,V1-A-TracingOnly,22,219000,6012.66468200248
9,V1-A-TracingOnly,22,222000,5532.37692333691
9,V1-A-TracingOnly,22,225000,5532.37692333691
9,V1-A-TracingOnly,22,228000,5532.37692333691
9,V1-A-TracingOnly,22,231000,5448.79290201167
9,V1-A-TracingOnly,22,234000,5331.96826280244
9,V1-A-TracingOnly,22,237000,5331.96826280244
9,V1-A-TracingOnly,22,240000,5285.88620793451
9,V1-A-TracingOnly,22,243000,5285.88620793451
9,V1-A-TracingOnly,22,246000,5265.08364234519
9,V1-A-TracingOnly,22,249000,5217.29924355955
9,V1-A-TracingOnly,22,252000,5217.29924355955
9,V1-A-TracingOnly,22,255000,5217.29924355955
9,V1-A-TracingOnly,22,258000,5143.92322887231
9,V1-A-TracingOnly,22,261000,5106.75710439696
9,V1-A-TracingOnly,22,264000,5090.38419596127
9,V1-A-TracingOnly,22,267000,5090.38419596127
9,V1-A-TracingOnly,22,270000,5090.38419596127
9,V1-A-TracingOnly,22,273000,5090.38419596127
9,V1-A-TracingOnly,22,276000,5043.17135175434
9,V1-A-TracingOnly,22,279000,5030.96497828706
9,V1-A-TracingOnly,22,282000,5030.96497828706
9,V1-A-TracingOnly,22,285000,5028.83552818545
9,V1-A-TracingOnly,22,288000,5003.1110668008
9,V1-A-TracingOnly,22,291000,5001.91279296455
9,V1-A-TracingOnly,22,294000,4999.61709285176
9,V1-A-TracingOnly,22,297000,4991.62123083069
9,V1-A-TracingOnly,22,300000,4988.81733815752
9,V1-B-EliteOnly,22,3000,9486.80953421285
9,V1-B-EliteOnly,22,6000,6393.08553901719
9,V1-B-EliteOnly,22,9000,4851.79526244881
9,V1-B-EliteOnly,22,12000,4040.61312868633
9,V1-B-EliteOnly,22,15000,3819.75764926055
9,V1-B-EliteOnly,22,18000,2916.78555652436
9,V1-B-EliteOnly,22,21000,2885.93543285195
9,V1-B-EliteOnly,22,24000,2821.50463366044
9,V1-B-EliteOnly,22,27000,2814.61673000318
9,V1-B-EliteOnly,22,30000,2396.04093566844
9,V1-B-EliteOnly,22,33000,2396.04093566844
9,V1-B-EliteOnly,22,36000,2396.04093566844
9,V1-B-EliteOnly,22,39000,2354.49831324915
9,V1-B-EliteOnly,22,42000,2065.99182644266
9,V1-B-EliteOnly,22,45000,2046.49199677145
9,V1-B-EliteOnly,22,48000,2023.0632735358
9,V1-B-EliteOnly,22,51000,2023.0632735358
9,V1-B-EliteOnly,22,54000,1889.48704324162
9,V1-B-EliteOnly,22,57000,1889.48704324162
9,V1-B-EliteOnly,22,60000,1889.48704324162
9,V1-B-EliteOnly,22,63000,1889.48704324162
9,V1-B-EliteOnly,22,66000,1627.21666925889
9,V1-B-EliteOnly,22,69000,1627.21666925889
9,V1-B-EliteOnly,22,72000,1627.21666925889
9,V1-B-EliteOnly,22,75000,1627.21666925889
9,V1-B-EliteOnly,22,78000,1627.21666925889
9,V1-B-EliteOnly,22,81000,1421.71763272313
9,V1-B-EliteOnly,22,84000,1363.62809468667
9,V1-B-EliteOnly,22,87000,1363.62809468667
9,V1-B-EliteOnly,22,90000,1363.62809468667
9,V1-B-EliteOnly,22,93000,1363.62809468667
9,V1-B-EliteOnly,22,96000,1327.16455891079
9,V1-B-EliteOnly,22,99000,1182.88031323731
9,V1-B-EliteOnly,22,102000,1139.87978883755
9,V1-B-EliteOnly,22,105000,1126.73292088946
9,V1-B-EliteOnly,22,108000,1126.73292088946
9,V1-B-EliteOnly,22,111000,1126.73292088946
9,V1-B-EliteOnly,22,114000,1104.08952812008
9,V1-B-EliteOnly,22,117000,1104.08952812008
9,V1-B-EliteOnly,22,120000,1104.08952812008
9,V1-B-EliteOnly,22,123000,1104.08952812008
9,V1-B-EliteOnly,22,126000,1104.08952812008
9,V1-B-EliteOnly,22,129000,1104.08952812008
9,V1-B-EliteOnly,22,132000,1002.43062728977
9,V1-B-EliteOnly,22,135000,1002.43062728977
9,V1-B-EliteOnly,22,138000,959.576802037622
9,V1-B-EliteOnly,22,141000,938.952022963884
9,V1-B-EliteOnly,22,144000,938.952022963884
9,V1-B-EliteOnly,22,147000,938.952022963884
9,V1-B-EliteOnly,22,150000,938.952022963884
9,V1-B-EliteOnly,22,153000,880.533181263926
9,V1-B-EliteOnly,22,156000,862.113002061529
9,V1-B-EliteOnly,22,159000,862.113002061529
9,V1-B-EliteOnly,22,162000,862.113002061529
9,V1-B-EliteOnly,22,165000,862.113002061529
9,V1-B-EliteOnly,22,168000,862.113002061529
9,V1-B-EliteOnly,22,171000,862.113002061529
9,V1-B-EliteOnly,22,174000,862.113002061529
9,V1-B-EliteOnly,22,177000,770.709592958888
9,V1-B-EliteOnly,22,180000,770.709592958888
9,V1-B-EliteOnly,22,183000,677.927818848141
9,V1-B-EliteOnly,22,186000,677.927818848141
9,V1-B-EliteOnly,22,189000,677.927818848141
9,V1-B-EliteOnly,22,192000,677.927818848141
9,V1-B-EliteOnly,22,195000,613.966106019379
9,V1-B-EliteOnly,22,198000,613.966106019379
9,V1-B-EliteOnly,22,201000,613.966106019379
9,V1-B-EliteOnly,22,204000,613.966106019379
9,V1-B-EliteOnly,22,207000,566.701655705695
9,V1-B-EliteOnly,22,210000,566.701655705695
9,V1-B-EliteOnly,22,213000,566.701655705695
9,V1-B-EliteOnly,22,216000,566.701655705695
9,V1-B-EliteOnly,22,219000,520.241908203431
9,V1-B-EliteOnly,22,222000,507.600977616217
9,V1-B-EliteOnly,22,225000,507.600977616217
9,V1-B-EliteOnly,22,228000,460.449376492567
9,V1-B-EliteOnly,22,231000,448.35360975707
9,V1-B-EliteOnly,22,234000,448.35360975707
9,V1-B-EliteOnly,22,237000,448.35360975707
9,V1-B-EliteOnly,22,240000,448.35360975707
9,V1-B-EliteOnly,22,243000,448.35360975707
9,V1-B-EliteOnly,22,246000,448.35360975707
9,V1-B-EliteOnly,22,249000,448.35360975707
9,V1-B-EliteOnly,22,252000,448.35360975707
9,V1-B-EliteOnly,22,255000,448.35360975707
9,V1-B-EliteOnly,22,258000,448.35360975707
9,V1-B-EliteOnly,22,261000,448.35360975707
9,V1-B-EliteOnly,22,264000,448.35360975707
9,V1-B-EliteOnly,22,267000,448.35360975707
9,V1-B-EliteOnly,22,270000,448.35360975707
9,V1-B-EliteOnly,22,273000,448.35360975707
9,V1-B-EliteOnly,22,276000,448.35360975707
9,V1-B-EliteOnly,22,279000,448.35360975707
9,V1-B-EliteOnly,22,282000,448.35360975707
9,V1-B-EliteOnly,22,285000,448.35360975707
9,V1-B-EliteOnly,22,288000,448.35360975707
9,V1-B-EliteOnly,22,291000,448.35360975707
9,V1-B-EliteOnly,22,294000,448.35360975707
9,V1-B-EliteOnly,22,297000,448.35360975707
9,V1-B-EliteOnly,22,300000,448.35360975707
9,V1-A-TracingOnly,23,3000,11653.2871561077
9,V1-A-TracingOnly,23,6000,11517.0829089359
9,V1-A-TracingOnly,23,9000,10131.6833174109
9,V1-A-TracingOnly,23,12000,10131.6833174109
9,V1-A-TracingOnly,23,15000,9178.07106238161
9,V1-A-TracingOnly,23,18000,9178.07106238161
9,V1-A-TracingOnly,23,21000,9178.07106238161
9,V1-A-TracingOnly,23,24000,9178.07106238161
9,V1-A-TracingOnly,23,27000,9178.07106238161
9,V1-A-TracingOnly,23,30000,9178.07106238161
9,V1-A-TracingOnly,23,33000,9178.07106238161
9,V1-A-TracingOnly,23,36000,9178.07106238161
9,V1-A-TracingOnly,23,39000,9094.86950472693
9,V1-A-TracingOnly,23,42000,9094.86950472693
9,V1-A-TracingOnly,23,45000,9094.86950472693
9,V1-A-TracingOnly,23,48000,9094.86950472693
9,V1-A-TracingOnly,23,51000,9094.86950472693
9,V1-A-TracingOnly,23,54000,9094.86950472693
9,V1-A-TracingOnly,23,57000,9094.86950472693
9,V1-A-TracingOnly,23,60000,9080.30985992802
9,V1-A-TracingOnly,23,63000,9026.66784063914
9,V1-A-TracingOnly,23,66000,8902.21771451391
9,V1-A-TracingOnly,23,69000,8892.45674304296
9,V1-A-TracingOnly,23,72000,8389.37069941381
9,V1-A-TracingOnly,23,75000,8389.37069941381
9,V1-A-TracingOnly,23,78000,8195.59844043231
9,V1-A-TracingOnly,23,81000,8195.59844043231
9,V1-A-TracingOnly,23,84000,8195.59844043231
9,V1-A-TracingOnly,23,87000,8195.59844043231
9,V1-A-TracingOnly,23,90000,8195.59844043231
9,V1-A-TracingOnly,23,93000,8195.59844043231
9,V1-A-TracingOnly,23,96000,8171.10485818633
9,V1-A-TracingOnly,23,99000,8171.10485818633
9,V1-A-TracingOnly,23,102000,8171.10485818633
9,V1-A-TracingOnly,23,105000,8146.41910268653
9,V1-A-TracingOnly,23,108000,7482.84990517428
9,V1-A-TracingOnly,23,111000,7482.84990517428
9,V1-A-TracingOnly,23,114000,7402.72190532705
9,V1-A-TracingOnly,23,117000,7402.72190532705
9,V1-A-TracingOnly,23,120000,7402.72190532705
9,V1-A-TracingOnly,23,123000,7402.72190532705
9,V1-A-TracingOnly,23,126000,7402.72190532705
9,V1-A-TracingOnly,23,129000,7399.08877022797
9,V1-A-TracingOnly,23,132000,6788.13469806706
9,V1-A-TracingOnly,23,135000,6788.13469806706
9,V1-A-TracingOnly,23,138000,6788.13469806706
9,V1-A-TracingOnly,23,141000,6788.13469806706
9,V1-A-TracingOnly,23,144000,6788.13469806706
9,V1-A-TracingOnly,23,147000,6788.13469806706
9,V1-A-TracingOnly,23,150000,6788.13469806706
9,V1-A-TracingOnly,23,153000,6788.13469806706
9,V1-A-TracingOnly,23,156000,6788.13469806706
9,V1-A-TracingOnly,23,159000,6788.13469806706
9,V1-A-TracingOnly,23,162000,6788.13469806706
9,V1-A-TracingOnly,23,165000,6740.07070612748
9,V1-A-TracingOnly,23,168000,6650.06339593225
9,V1-A-TracingOnly,23,171000,6598.39745150352
9,V1-A-TracingOnly,23,174000,6598.39745150352
9,V1-A-TracingOnly,23,177000,6598.39745150352
9,V1-A-TracingOnly,23,180000,6598.39745150352
9,V1-A-TracingOnly,23,183000,6598.39745150352
9,V1-A-TracingOnly,23,186000,6598.39745150352
9,V1-A-TracingOnly,23,189000,6598.39745150352
9,V1-A-TracingOnly,23,192000,6598.39745150352
9,V1-A-TracingOnly,23,195000,6589.32634880373
9,V1-A-TracingOnly,23,198000,6555.90534517424
9,V1-A-TracingOnly,23,201000,6461.1337344687
9,V1-A-TracingOnly,23,204000,6285.51568968183
9,V1-A-TracingOnly,23,207000,6217.69845414758
9,V1-A-TracingOnly,23,210000,6101.63733474433
9,V1-A-TracingOnly,23,213000,5986.22599940751
9,V1-A-TracingOnly,23,216000,5986.22599940751
9,V1-A-TracingOnly,23,219000,5986.22599940751
9,V1-A-TracingOnly,23,222000,5986.22599940751
9,V1-A-TracingOnly,23,225000,5986.22599940751
9,V1-A-TracingOnly,23,228000,5986.22599940751
9,V1-A-TracingOnly,23,231000,5986.22599940751
9,V1-A-TracingOnly,23,234000,5986.22599940751
9,V1-A-TracingOnly,23,237000,5986.22599940751
9,V1-A-TracingOnly,23,240000,5986.22599940751
9,V1-A-TracingOnly,23,243000,5986.22599940751
9,V1-A-TracingOnly,23,246000,5928.35026726623
9,V1-A-TracingOnly,23,249000,5928.35026726623
9,V1-A-TracingOnly,23,252000,5928.35026726623
9,V1-A-TracingOnly,23,255000,5927.70860409562
9,V1-A-TracingOnly,23,258000,5898.22468095783
9,V1-A-TracingOnly,23,261000,5825.16626801185
9,V1-A-TracingOnly,23,264000,5814.3896324199
9,V1-A-TracingOnly,23,267000,5721.45082366333
9,V1-A-TracingOnly,23,270000,5664.75297541277
9,V1-A-TracingOnly,23,273000,5652.55804399046
9,V1-A-TracingOnly,23,276000,5631.14114818217
9,V1-A-TracingOnly,23,279000,5631.14114818217
9,V1-A-TracingOnly,23,282000,5599.84390957043
9,V1-A-TracingOnly,23,285000,5583.26180990564
9,V1-A-TracingOnly,23,288000,5561.82992966295
9,V1-A-TracingOnly,23,291000,5537.21249722855
9,V1-A-TracingOnly,23,294000,5517.85374434151
9,V1-A-TracingOnly,23,297000,5478.52679788468
9,V1-A-TracingOnly,23,300000,5471.51979619398
9,V1-B-EliteOnly,23,3000,4910.69846201384
9,V1-B-EliteOnly,23,6000,2559.21368079632
9,V1-B-EliteOnly,23,9000,1746.28074645622
9,V1-B-EliteOnly,23,12000,1557.06133476853
9,V1-B-EliteOnly,23,15000,1531.30856941107
9,V1-B-EliteOnly,23,18000,1531.30856941107
9,V1-B-EliteOnly,23,21000,1531.30856941107
9,V1-B-EliteOnly,23,24000,1339.51390285487
9,V1-B-EliteOnly,23,27000,1339.51390285487
9,V1-B-EliteOnly,23,30000,1339.51390285487
9,V1-B-EliteOnly,23,33000,1339.51390285487
9,V1-B-EliteOnly,23,36000,1339.51390285487
9,V1-B-EliteOnly,23,39000,1339.51390285487
9,V1-B-EliteOnly,23,42000,1339.51390285487
9,V1-B-EliteOnly,23,45000,1339.51390285487
9,V1-B-EliteOnly,23,48000,1339.51390285487
9,V1-B-EliteOnly,23,51000,1339.51390285487
9,V1-B-EliteOnly,23,54000,1339.51390285487
9,V1-B-EliteOnly,23,57000,1339.51390285487
9,V1-B-EliteOnly,23,60000,1339.51390285487
9,V1-B-EliteOnly,23,63000,1339.51390285487
9,V1-B-EliteOnly,23,66000,1339.51390285487
9,V1-B-EliteOnly,23,69000,1339.51390285487
9,V1-B-EliteOnly,23,72000,1339.51390285487
9,V1-B-EliteOnly,23,75000,1339.51390285487
9,V1-B-EliteOnly,23,78000,1210.71238341723
9,V1-B-EliteOnly,23,81000,1210.71238341723
9,V1-B-EliteOnly,23,84000,1210.71238341723
9,V1-B-EliteOnly,23,87000,1210.71238341723
9,V1-B-EliteOnly,23,90000,1210.71238341723
9,V1-B-EliteOnly,23,93000,1210.71238341723
9,V1-B-EliteOnly,23,96000,1210.71238341723
9,V1-B-EliteOnly,23,99000,1210.71238341723
9,V1-B-EliteOnly,23,102000,1188.0180322602
9,V1-B-EliteOnly,23,105000,1188.0180322602
9,V1-B-EliteOnly,23,108000,1184.73282754929
9,V1-B-EliteOnly,23,111000,1184.73282754929
9,V1-B-EliteOnly,23,114000,1184.73282754929
9,V1-B-EliteOnly,23,117000,1184.73282754929
9,V1-B-EliteOnly,23,120000,1184.73282754929
9,V1-B-EliteOnly,23,123000,1184.73282754929
9,V1-B-EliteOnly,23,126000,1184.73282754929
9,V1-B-EliteOnly,23,129000,1165.19290961714
9,V1-B-EliteOnly,23,132000,1165.19290961714
9,V1-B-EliteOnly,23,135000,1165.19290961714
9,V1-B-EliteOnly,23,138000,1001.13814347887
9,V1-B-EliteOnly,23,141000,1001.13814347887
9,V1-B-EliteOnly,23,144000,1001.13814347887
9,V1-B-EliteOnly,23,147000,1001.13814347887
9,V1-B-EliteOnly,23,150000,1001.13814347887
9,V1-B-EliteOnly,23,153000,1001.13814347887
9,V1-B-EliteOnly,23,156000,1001.13814347887
9,V1-B-EliteOnly,23,159000,1001.13814347887
9,V1-B-EliteOnly,23,162000,1001.13814347887
9,V1-B-EliteOnly,23,165000,1001.13814347887
9,V1-B-EliteOnly,23,168000,1001.13814347887
9,V1-B-EliteOnly,23,171000,1001.13814347887
9,V1-B-EliteOnly,23,174000,1001.13814347887
9,V1-B-EliteOnly,23,177000,1001.13814347887
9,V1-B-EliteOnly,23,180000,925.013355684533
9,V1-B-EliteOnly,23,183000,925.013355684533
9,V1-B-EliteOnly,23,186000,925.013355684533
9,V1-B-EliteOnly,23,189000,925.013355684533
9,V1-B-EliteOnly,23,192000,925.013355684533
9,V1-B-EliteOnly,23,195000,925.013355684533
9,V1-B-EliteOnly,23,198000,925.013355684533
9,V1-B-EliteOnly,23,201000,925.013355684533
9,V1-B-EliteOnly,23,204000,925.013355684533
9,V1-B-EliteOnly,23,207000,925.013355684533
9,V1-B-EliteOnly,23,210000,828.01493707855
9,V1-B-EliteOnly,23,213000,828.01493707855
9,V1-B-EliteOnly,23,216000,828.01493707855
9,V1-B-EliteOnly,23,219000,828.01493707855
9,V1-B-EliteOnly,23,222000,828.01493707855
9,V1-B-EliteOnly,23,225000,828.01493707855
9,V1-B-EliteOnly,23,228000,828.01493707855
9,V1-B-EliteOnly,23,231000,828.01493707855
9,V1-B-EliteOnly,23,234000,828.01493707855
9,V1-B-EliteOnly,23,237000,828.01493707855
9,V1-B-EliteOnly,23,240000,828.01493707855
9,V1-B-EliteOnly,23,243000,828.01493707855
9,V1-B-EliteOnly,23,246000,828.01493707855
9,V1-B-EliteOnly,23,249000,828.01493707855
9,V1-B-EliteOnly,23,252000,828.01493707855
9,V1-B-EliteOnly,23,255000,828.01493707855
9,V1-B-EliteOnly,23,258000,828.01493707855
9,V1-B-EliteOnly,23,261000,828.01493707855
9,V1-B-EliteOnly,23,264000,828.01493707855
9,V1-B-EliteOnly,23,267000,828.01493707855
9,V1-B-EliteOnly,23,270000,828.01493707855
9,V1-B-EliteOnly,23,273000,828.01493707855
9,V1-B-EliteOnly,23,276000,828.01493707855
9,V1-B-EliteOnly,23,279000,828.01493707855
9,V1-B-EliteOnly,23,282000,828.01493707855
9,V1-B-EliteOnly,23,285000,828.01493707855
9,V1-B-EliteOnly,23,288000,828.01493707855
9,V1-B-EliteOnly,23,291000,791.01131910107
9,V1-B-EliteOnly,23,294000,790.658562235931
9,V1-B-EliteOnly,23,297000,790.658562235931
9,V1-B-EliteOnly,23,300000,790.658562235931
12,V1-A-TracingOnly,21,3000,76089907.4806688
12,V1-A-TracingOnly,21,6000,33200799.5801072
12,V1-A-TracingOnly,21,9000,20237679.7005724
12,V1-A-TracingOnly,21,12000,13437979.2337085
12,V1-A-TracingOnly,21,15000,9440474.28546947
12,V1-A-TracingOnly,21,18000,7711810.803623
12,V1-A-TracingOnly,21,21000,5585303.60740475
12,V1-A-TracingOnly,21,24000,3920256.22046509
12,V1-A-TracingOnly,21,27000,3703302.05292921
12,V1-A-TracingOnly,21,30000,3384263.06449168
12,V1-A-TracingOnly,21,33000,2967572.85787824
12,V1-A-TracingOnly,21,36000,2753154.26575935
12,V1-A-TracingOnly,21,39000,2596701.77296494
12,V1-A-TracingOnly,21,42000,1786985.27866634
12,V1-A-TracingOnly,21,45000,1486918.56265282
12,V1-A-TracingOnly,21,48000,1432175.89424614
12,V1-A-TracingOnly,21,51000,1342854.23445238
12,V1-A-TracingOnly,21,54000,1342854.23445238
12,V1-A-TracingOnly,21,57000,1283434.06154323
12,V1-A-TracingOnly,21,60000,1266014.00725868
12,V1-A-TracingOnly,21,63000,1265407.90681404
12,V1-A-TracingOnly,21,66000,1241663.42916469
12,V1-A-TracingOnly,21,69000,1124845.22754907
12,V1-A-TracingOnly,21,72000,1093283.96239381
12,V1-A-TracingOnly,21,75000,1082336.52249936
12,V1-A-TracingOnly,21,78000,1069760.88381753
12,V1-A-TracingOnly,21,81000,1050487.29873764
12,V1-A-TracingOnly,21,84000,1050487.29873764
12,V1-A-TracingOnly,21,87000,1046187.52266134
12,V1-A-TracingOnly,21,90000,1046187.52266134
12,V1-A-TracingOnly,21,93000,1046187.52266134
12,V1-A-TracingOnly,21,96000,1046187.52266134
12,V1-A-TracingOnly,21,99000,1042362.54851172
12,V1-A-TracingOnly,21,102000,1004019.12109855
12,V1-A-TracingOnly,21,105000,993589.816206499
12,V1-A-TracingOnly,21,108000,991747.298746378
12,V1-A-TracingOnly,21,111000,977999.988059787
12,V1-A-TracingOnly,21,114000,949433.057021509
12,V1-A-TracingOnly,21,117000,949433.057021509
12,V1-A-TracingOnly,21,120000,949433.057021509
12,V1-A-TracingOnly,21,123000,949433.057021509
12,V1-A-TracingOnly,21,126000,949433.057021509
12,V1-A-TracingOnly,21,129000,949433.057021509
12,V1-A-TracingOnly,21,132000,926362.332291093
12,V1-A-TracingOnly,21,135000,926362.332291093
12,V1-A-TracingOnly,21,138000,923391.793797819
12,V1-A-TracingOnly,21,141000,923391.793797819
12,V1-A-TracingOnly,21,144000,921685.816170529
12,V1-A-TracingOnly,21,147000,921685.816170529
12,V1-A-TracingOnly,21,150000,915429.395406962
12,V1-A-TracingOnly,21,153000,912058.294652501
12,V1-A-TracingOnly,21,156000,912058.294652501
12,V1-A-TracingOnly,21,159000,908557.926654355
12,V1-A-TracingOnly,21,162000,897938.858847881
12,V1-A-TracingOnly,21,165000,879145.871953344
12,V1-A-TracingOnly,21,168000,879145.871953344
12,V1-A-TracingOnly,21,171000,872494.552545349
12,V1-A-TracingOnly,21,174000,872494.552545349
12,V1-A-TracingOnly,21,177000,872494.552545349
12,V1-A-TracingOnly,21,180000,872494.552545349
12,V1-A-TracingOnly,21,183000,855451.202945958
12,V1-A-TracingOnly,21,186000,843231.143967732
12,V1-A-TracingOnly,21,189000,837911.247967568
12,V1-A-TracingOnly,21,192000,837911.247967568
12,V1-A-TracingOnly,21,195000,832043.651921832
12,V1-A-TracingOnly,21,198000,832043.651921832
12,V1-A-TracingOnly,21,201000,805718.05680853
12,V1-A-TracingOnly,21,204000,804241.467487198
12,V1-A-TracingOnly,21,207000,795876.007415229
12,V1-A-TracingOnly,21,210000,775962.642711208
12,V1-A-TracingOnly,21,213000,763896.066436144
12,V1-A-TracingOnly,21,216000,747234.991278428
12,V1-A-TracingOnly,21,219000,724370.726580868
12,V1-A-TracingOnly,21,222000,713369.47041937
12,V1-A-TracingOnly,21,225000,698703.507807908
12,V1-A-TracingOnly,21,228000,686720.317292987
12,V1-A-TracingOnly,21,231000,681975.248239798
12,V1-A-TracingOnly,21,234000,675262.028295486
12,V1-A-TracingOnly,21,237000,675148.637587026
12,V1-A-TracingOnly,21,240000,673474.545730315
12,V1-A-TracingOnly,21,243000,671381.759325093
12,V1-A-TracingOnly,21,246000,652510.824023103
12,V1-A-TracingOnly,21,249000,646071.679977598
12,V1-A-TracingOnly,21,252000,641839.74221113
12,V1-A-TracingOnly,21,255000,639823.574076093
12,V1-A-TracingOnly,21,258000,639823.574076093
12,V1-A-TracingOnly,21,261000,639823.574076093
12,V1-A-TracingOnly,21,264000,621250.155698703
12,V1-A-TracingOnly,21,267000,619905.11001647
12,V1-A-TracingOnly,21,270000,612083.32872428
12,V1-A-TracingOnly,21,273000,603420.262133872
12,V1-A-TracingOnly,21,276000,603420.262133872
12,V1-A-TracingOnly,21,279000,590357.247788322
12,V1-A-TracingOnly,21,282000,587885.148429344
12,V1-A-TracingOnly,21,285000,577962.403899751
12,V1-A-TracingOnly,21,288000,570810.82383515
12,V1-A-TracingOnly,21,291000,567659.476418767
12,V1-A-TracingOnly,21,294000,562470.585991531
12,V1-A-TracingOnly,21,297000,554489.387811323
12,V1-A-TracingOnly,21,300000,547902.066915854
12,V1-B-EliteOnly,21,3000,207437439.791416
12,V1-B-EliteOnly,21,6000,18250746.2576801
12,V1-B-EliteOnly,21,9000,12425878.5825353
12,V1-B-EliteOnly,21,12000,11189527.9505705
12,V1-B-EliteOnly,21,15000,11189527.9505705
12,V1-B-EliteOnly,21,18000,9504304.68206674
12,V1-B-EliteOnly,21,21000,7581475.05135788
12,V1-B-EliteOnly,21,24000,6447571.75298904
12,V1-B-EliteOnly,21,27000,5246592.83275766
12,V1-B-EliteOnly,21,30000,4629198.30588525
12,V1-B-EliteOnly,21,33000,4495766.83876338
12,V1-B-EliteOnly,21,36000,4235250.0424428
12,V1-B-EliteOnly,21,39000,4083656.65129475
12,V1-B-EliteOnly,21,42000,3902763.37268156
12,V1-B-EliteOnly,21,45000,3902763.37268156
12,V1-B-EliteOnly,21,48000,3754816.42068436
12,V1-B-EliteOnly,21,51000,3584402.73610476
12,V1-B-EliteOnly,21,54000,2953393.48691614
12,V1-B-EliteOnly,21,57000,2689751.28768566
12,V1-B-EliteOnly,21,60000,2689751.28768566
12,V1-B-EliteOnly,21,63000,2688159.88565798
12,V1-B-EliteOnly,21,66000,2688159.88565798
12,V1-B-EliteOnly,21,69000,2688159.88565798
12,V1-B-EliteOnly,21,72000,2688159.88565798
12,V1-B-EliteOnly,21,75000,2688159.88565798
12,V1-B-EliteOnly,21,78000,2688159.88565798
12,V1-B-EliteOnly,21,81000,2688159.88565798
12,V1-B-EliteOnly,21,84000,2688159.88565798
12,V1-B-EliteOnly,21,87000,2688159.88565798
12,V1-B-EliteOnly,21,90000,2682901.14470398
12,V1-B-EliteOnly,21,93000,2556935.85907408
12,V1-B-EliteOnly,21,96000,2468502.11854829
12,V1-B-EliteOnly,21,99000,2264851.08080066
12,V1-B-EliteOnly,21,102000,2188871.39869687
12,V1-B-EliteOnly,21,105000,2171207.35032476
12,V1-B-EliteOnly,21,108000,2171207.35032476
12,V1-B-EliteOnly,21,111000,2171207.35032476
12,V1-B-EliteOnly,21,114000,2171207.35032476
12,V1-B-EliteOnly,21,117000,2171207.35032476
12,V1-B-EliteOnly,21,120000,2171207.35032476
12,V1-B-EliteOnly,21,123000,2171207.35032476
12,V1-B-EliteOnly,21,126000,2006834.4857818
12,V1-B-EliteOnly,21,129000,1846069.15056815
12,V1-B-EliteOnly,21,132000,1712753.77712522
12,V1-B-EliteOnly,21,135000,1712753.77712522
12,V1-B-EliteOnly,21,138000,1510875.74563419
12,V1-B-EliteOnly,21,141000,1396508.53745334
12,V1-B-EliteOnly,21,144000,1396508.53745334
12,V1-B-EliteOnly,21,147000,1396508.53745334
12,V1-B-EliteOnly,21,150000,1396508.53745334
12,V1-B-EliteOnly,21,153000,1183023.02519549
12,V1-B-EliteOnly,21,156000,1179085.40237302
12,V1-B-EliteOnly,21,159000,1166171.73117476
12,V1-B-EliteOnly,21,162000,1153414.5313995
12,V1-B-EliteOnly,21,165000,1036381.17681748
12,V1-B-EliteOnly,21,168000,1033897.18406448
12,V1-B-EliteOnly,21,171000,1017889.72833302
12,V1-B-EliteOnly,21,174000,1001982.42156986
12,V1-B-EliteOnly,21,177000,1001982.42156986
12,V1-B-EliteOnly,21,180000,1001982.42156986
12,V1-B-EliteOnly,21,183000,995073.545689126
12,V1-B-EliteOnly,21,186000,978803.158448617
12,V1-B-EliteOnly,21,189000,966132.539707626
12,V1-B-EliteOnly,21,192000,936702.313671714
12,V1-B-EliteOnly,21,195000,921376.526742577
12,V1-B-EliteOnly,21,198000,921376.526742577
12,V1-B-EliteOnly,21,201000,921376.526742577
12,V1-B-EliteOnly,21,204000,898932.923826256
12,V1-B-EliteOnly,21,207000,898651.497260682
12,V1-B-EliteOnly,21,210000,876084.924982906
12,V1-B-EliteOnly,21,213000,867520.168888895
12,V1-B-EliteOnly,21,216000,858735.11619514
12,V1-B-EliteOnly,21,219000,846031.272322542
12,V1-B-EliteOnly,21,222000,842092.498267154
12,V1-B-EliteOnly,21,225000,833454.164962751
12,V1-B-EliteOnly,21,228000,821071.068871035
12,V1-B-EliteOnly,21,231000,773953.429220995
12,V1-B-EliteOnly,21,234000,771218.363495933
12,V1-B-EliteOnly,21,237000,755853.144471969
12,V1-B-EliteOnly,21,240000,741987.520984867
12,V1-B-EliteOnly,21,243000,722987.352478067
12,V1-B-EliteOnly,21,246000,714404.842080629
12,V1-B-EliteOnly,21,249000,714404.842080629
12,V1-B-EliteOnly,21,252000,714404.842080629
12,V1-B-EliteOnly,21,255000,714404.842080629
12,V1-B-EliteOnly,21,258000,714404.842080629
12,V1-B-EliteOnly,21,261000,714404.842080629
12,V1-B-EliteOnly,21,264000,706271.518197298
12,V1-B-EliteOnly,21,267000,686038.809228902
12,V1-B-EliteOnly,21,270000,662690.038126119
12,V1-B-EliteOnly,21,273000,637022.384917735
12,V1-B-EliteOnly,21,276000,631344.323182369
12,V1-B-EliteOnly,21,279000,613978.990033833
12,V1-B-EliteOnly,21,282000,601936.474227689
12,V1-B-EliteOnly,21,285000,589678.222882362
12,V1-B-EliteOnly,21,288000,579048.047529592
12,V1-B-EliteOnly,21,291000,571028.010768487
12,V1-B-EliteOnly,21,294000,565037.742898612
12,V1-B-EliteOnly,21,297000,564777.560778948
12,V1-B-EliteOnly,21,300000,558201.677120738
12,V1-A-TracingOnly,22,3000,77400698.6167347
12,V1-A-TracingOnly,22,6000,31031287.636539
12,V1-A-TracingOnly,22,9000,13900709.83803
12,V1-A-TracingOnly,22,12000,8987778.71626037
12,V1-A-TracingOnly,22,15000,5508816.32356195
12,V1-A-TracingOnly,22,18000,4242926.07917565
12,V1-A-TracingOnly,22,21000,2870223.72370126
12,V1-A-TracingOnly,22,24000,1933181.63442315
12,V1-A-TracingOnly,22,27000,1628800.69671959
12,V1-A-TracingOnly,22,30000,1185052.88237974
12,V1-A-TracingOnly,22,33000,760393.83066928
12,V1-A-TracingOnly,22,36000,729060.238461075
12,V1-A-TracingOnly,22,39000,729060.238461075
12,V1-A-TracingOnly,22,42000,729060.238461075
12,V1-A-TracingOnly,22,45000,704929.062616924
12,V1-A-TracingOnly,22,48000,704929.062616924
12,V1-A-TracingOnly,22,51000,704929.062616924
12,V1-A-TracingOnly,22,54000,698292.379532746
12,V1-A-TracingOnly,22,57000,698292.379532746
12,V1-A-TracingOnly,22,60000,698292.379532746
12,V1-A-TracingOnly,22,63000,672081.934918021
12,V1-A-TracingOnly,22,66000,671775.492161914
12,V1-A-TracingOnly,22,69000,658368.535677991
12,V1-A-TracingOnly,22,72000,658368.535677991
12,V1-A-TracingOnly,22,75000,658368.535677991
12,V1-A-TracingOnly,22,78000,658368.535677991
12,V1-A-TracingOnly,22,81000,658368.535677991
12,V1-A-TracingOnly,22,84000,658368.535677991
12,V1-A-TracingOnly,22,87000,658368.535677991
12,V1-A-TracingOnly,22,90000,651649.523031298
12,V1-A-TracingOnly,22,93000,638450.182777889
12,V1-A-TracingOnly,22,96000,636436.091648575
12,V1-A-TracingOnly,22,99000,636436.091648575
12,V1-A-TracingOnly,22,102000,636436.091648575
12,V1-A-TracingOnly,22,105000,636436.091648575
12,V1-A-TracingOnly,22,108000,634756.905003531
12,V1-A-TracingOnly,22,111000,634756.905003531
12,V1-A-TracingOnly,22,114000,634756.905003531
12,V1-A-TracingOnly,22,117000,634756.905003531
12,V1-A-TracingOnly,22,120000,629918.122587995
12,V1-A-TracingOnly,22,123000,629052.992717871
12,V1-A-TracingOnly,22,126000,629052.992717871
12,V1-A-TracingOnly,22,129000,629052.992717871
12,V1-A-TracingOnly,22,132000,629052.992717871
12,V1-A-TracingOnly,22,135000,626642.030317103
12,V1-A-TracingOnly,22,138000,626642.030317103
12,V1-A-TracingOnly,22,141000,626642.030317103
12,V1-A-TracingOnly,22,144000,608866.663403726
12,V1-A-TracingOnly,22,147000,605895.202157978
12,V1-A-TracingOnly,22,150000,597470.881071623
12,V1-A-TracingOnly,22,153000,591604.822494044
12,V1-A-TracingOnly,22,156000,588232.10030605
12,V1-A-TracingOnly,22,159000,588232.10030605
12,V1-A-TracingOnly,22,162000,588232.10030605
12,V1-A-TracingOnly,22,165000,588232.10030605
12,V1-A-TracingOnly,22,168000,588232.10030605
12,V1-A-TracingOnly,22,171000,588232.10030605
12,V1-A-TracingOnly,22,174000,588232.10030605
12,V1-A-TracingOnly,22,177000,588232.10030605
12,V1-A-TracingOnly,22,180000,588220.246503299
12,V1-A-TracingOnly,22,183000,587995.512497538
12,V1-A-TracingOnly,22,186000,587995.512497538
12,V1-A-TracingOnly,22,189000,578511.780245744
12,V1-A-TracingOnly,22,192000,578511.780245744
12,V1-A-TracingOnly,22,195000,578511.780245744
12,V1-A-TracingOnly,22,198000,578511.780245744
12,V1-A-TracingOnly,22,201000,576749.58222094
12,V1-A-TracingOnly,22,204000,576749.58222094
12,V1-A-TracingOnly,22,207000,573712.588972661
12,V1-A-TracingOnly,22,210000,573712.588972661
12,V1-A-TracingOnly,22,213000,571694.668599365
12,V1-A-TracingOnly,22,216000,571694.668599365
12,V1-A-TracingOnly,22,219000,565845.342293087
12,V1-A-TracingOnly,22,222000,548777.056917851
12,V1-A-TracingOnly,22,225000,511446.16020977
12,V1-A-TracingOnly,22,228000,491597.359715109
12,V1-A-TracingOnly,22,231000,477264.875679999
12,V1-A-TracingOnly,22,234000,475638.975418247
12,V1-A-TracingOnly,22,237000,465848.358488644
12,V1-A-TracingOnly,22,240000,462929.033083896
12,V1-A-TracingOnly,22,243000,459964.713519027
12,V1-A-TracingOnly,22,246000,459964.713519027
12,V1-A-TracingOnly,22,249000,459964.713519027
12,V1-A-TracingOnly,22,252000,459964.713519027
12,V1-A-TracingOnly,22,255000,459744.743237304
12,V1-A-TracingOnly,22,258000,456900.867365279
12,V1-A-TracingOnly,22,261000,456900.867365279
12,V1-A-TracingOnly,22,264000,456900.867365279
12,V1-A-TracingOnly,22,267000,456900.867365279
12,V1-A-TracingOnly,22,270000,448913.796697591
12,V1-A-TracingOnly,22,273000,446124.347088737
12,V1-A-TracingOnly,22,276000,442388.652270265
12,V1-A-TracingOnly,22,279000,441211.89159051
12,V1-A-TracingOnly,22,282000,440156.099639356
12,V1-A-TracingOnly,22,285000,434566.405902596
12,V1-A-TracingOnly,22,288000,418502.39571465
12,V1-A-TracingOnly,22,291000,409249.938314841
12,V1-A-TracingOnly,22,294000,401794.181399913
12,V1-A-TracingOnly,22,297000,395479.547211118
12,V1-A-TracingOnly,22,300000,390839.230881509
12,V1-B-EliteOnly,22,3000,69485104.8267766
12,V1-B-EliteOnly,22,6000,29460450.04996
12,V1-B-EliteOnly,22,9000,19016805.469604
12,V1-B-EliteOnly,22,12000,7425072.74226172
12,V1-B-EliteOnly,22,15000,5415817.40247082
12,V1-B-EliteOnly,22,18000,3626588.19145429
12,V1-B-EliteOnly,22,21000,3436931.11017173
12,V1-B-EliteOnly,22,24000,3436931.11017173
12,V1-B-EliteOnly,22,27000,3427879.64571745
12,V1-B-EliteOnly,22,30000,3225076.27107937
12,V1-B-EliteOnly,22,33000,3132817.00731433
12,V1-B-EliteOnly,22,36000,3031354.34803921
12,V1-B-EliteOnly,22,39000,2806659.08262624
12,V1-B-EliteOnly,22,42000,2806659.08262624
12,V1-B-EliteOnly,22,45000,2806659.08262624
12,V1-B-EliteOnly,22,48000,2806659.08262624
12,V1-B-EliteOnly,22,51000,2806659.08262624
12,V1-B-EliteOnly,22,54000,2806659.08262624
12,V1-B-EliteOnly,22,57000,2806659.08262624
12,V1-B-EliteOnly,22,60000,2806659.08262624
12,V1-B-EliteOnly,22,63000,2806659.08262624
12,V1-B-EliteOnly,22,66000,2806659.08262624
12,V1-B-EliteOnly,22,69000,2806659.08262624
12,V1-B-EliteOnly,22,72000,2806659.08262624
12,V1-B-EliteOnly,22,75000,2607245.55766811
12,V1-B-EliteOnly,22,78000,2607245.55766811
12,V1-B-EliteOnly,22,81000,2607245.55766811
12,V1-B-EliteOnly,22,84000,2457543.42517656
12,V1-B-EliteOnly,22,87000,2457543.42517656
12,V1-B-EliteOnly,22,90000,2457543.42517656
12,V1-B-EliteOnly,22,93000,2457543.42517656
12,V1-B-EliteOnly,22,96000,2030351.21070631
12,V1-B-EliteOnly,22,99000,2030351.21070631
12,V1-B-EliteOnly,22,102000,2030351.21070631
12,V1-B-EliteOnly,22,105000,1768209.40486798
12,V1-B-EliteOnly,22,108000,1768209.40486798
12,V1-B-EliteOnly,22,111000,1752022.94441125
12,V1-B-EliteOnly,22,114000,1670221.89081741
12,V1-B-EliteOnly,22,117000,1655900.79968741
12,V1-B-EliteOnly,22,120000,1598106.44622736
12,V1-B-EliteOnly,22,123000,1598106.44622736
12,V1-B-EliteOnly,22,126000,1578002.15873899
12,V1-B-EliteOnly,22,129000,1578002.15873899
12,V1-B-EliteOnly,22,132000,1516918.41072661
12,V1-B-EliteOnly,22,135000,1516918.41072661
12,V1-B-EliteOnly,22,138000,1483514.28639956
12,V1-B-EliteOnly,22,141000,1483514.28639956
12,V1-B-EliteOnly,22,144000,1483514.28639956
12,V1-B-EliteOnly,22,147000,1483514.28639956
12,V1-B-EliteOnly,22,150000,1483514.28639956
12,V1-B-EliteOnly,22,153000,1483514.28639956
12,V1-B-EliteOnly,22,156000,1483514.28639956
12,V1-B-EliteOnly,22,159000,1427483.96339545
12,V1-B-EliteOnly,22,162000,1426112.80620911
12,V1-B-EliteOnly,22,165000,1348976.28892189
12,V1-B-EliteOnly,22,168000,1343728.18236566
12,V1-B-EliteOnly,22,171000,1341171.35720216
12,V1-B-EliteOnly,22,174000,1314732.96109097
12,V1-B-EliteOnly,22,177000,1309045.55049724
12,V1-B-EliteOnly,22,180000,1282796.5788286
12,V1-B-EliteOnly,22,183000,1282142.72149777
12,V1-B-EliteOnly,22,186000,1239681.05594064
12,V1-B-EliteOnly,22,189000,1239681.05594064
12,V1-B-EliteOnly,22,192000,1239681.05594064
12,V1-B-EliteOnly,22,195000,1239681.05594064
12,V1-B-EliteOnly,22,198000,1239681.05594064
12,V1-B-EliteOnly,22,201000,1239681.05594064
12,V1-B-EliteOnly,22,204000,1239681.05594064
12,V1-B-EliteOnly,22,207000,1226204.17076851
12,V1-B-EliteOnly,22,210000,1192230.27215809
12,V1-B-EliteOnly,22,213000,1182490.8379705
12,V1-B-EliteOnly,22,216000,1173739.57351655
12,V1-B-EliteOnly,22,219000,1123980.18861538
12,V1-B-EliteOnly,22,222000,1123868.42669544
12,V1-B-EliteOnly,22,225000,1106119.84866155
12,V1-B-EliteOnly,22,228000,1080380.55567931
12,V1-B-EliteOnly,22,231000,1069633.40958769
12,V1-B-EliteOnly,22,234000,1069633.40958769
12,V1-B-EliteOnly,22,237000,1037951.76927161
12,V1-B-EliteOnly,22,240000,1037951.76927161
12,V1-B-EliteOnly,22,243000,1017019.13847426
12,V1-B-EliteOnly,22,246000,991084.397453865
12,V1-B-EliteOnly,22,249000,977907.236538471
12,V1-B-EliteOnly,22,252000,952816.257480709
12,V1-B-EliteOnly,22,255000,942364.432513655
12,V1-B-EliteOnly,22,258000,935822.467733474
12,V1-B-EliteOnly,22,261000,908242.33765568
12,V1-B-EliteOnly,22,264000,906609.241124879
12,V1-B-EliteOnly,22,267000,906043.685833802
12,V1-B-EliteOnly,22,270000,900066.269390423
12,V1-B-EliteOnly,22,273000,890990.401374311
12,V1-B-EliteOnly,22,276000,890699.087041742
12,V1-B-EliteOnly,22,279000,884328.57657877
12,V1-B-EliteOnly,22,282000,875960.98390705
12,V1-B-EliteOnly,22,285000,868560.288287553
12,V1-B-EliteOnly,22,288000,860151.76303639
12,V1-B-EliteOnly,22,291000,859099.136831153
12,V1-B-EliteOnly,22,294000,854700.502690171
12,V1-B-EliteOnly,22,297000,845888.701725028
12,V1-B-EliteOnly,22,300000,841802.343771535
12,V1-A-TracingOnly,23,3000,208028158.843227
12,V1-A-TracingOnly,23,6000,24863294.5755809
12,V1-A-TracingOnly,23,9000,16217723.5486179
12,V1-A-TracingOnly,23,12000,7848025.95583415
12,V1-A-TracingOnly,23,15000,4471845.379469
12,V1-A-TracingOnly,23,18000,4274319.26252644
12,V1-A-TracingOnly,23,21000,3570946.84435861
12,V1-A-TracingOnly,23,24000,3570946.84435861
12,V1-A-TracingOnly,23,27000,3512870.62286572
12,V1-A-TracingOnly,23,30000,3509705.80321656
12,V1-A-TracingOnly,23,33000,3376258.43854704
12,V1-A-TracingOnly,23,36000,3341530.09895323
12,V1-A-TracingOnly,23,39000,3296493.37342946
12,V1-A-TracingOnly,23,42000,3196560.03884058
12,V1-A-TracingOnly,23,45000,3125136.89983995
12,V1-A-TracingOnly,23,48000,3123235.56718674
12,V1-A-TracingOnly,23,51000,3108373.32586477
12,V1-A-TracingOnly,23,54000,2944475.95222605
12,V1-A-TracingOnly,23,57000,2569054.62391528
12,V1-A-TracingOnly,23,60000,2512159.6386608
12,V1-A-TracingOnly,23,63000,2233769.88753884
12,V1-A-TracingOnly,23,66000,2205168.7077011
12,V1-A-TracingOnly,23,69000,2205168.7077011
12,V1-A-TracingOnly,23,72000,2116399.61492975
12,V1-A-TracingOnly,23,75000,2088044.93445871
12,V1-A-TracingOnly,23,78000,2088044.93445871
12,V1-A-TracingOnly,23,81000,2086926.17779908
12,V1-A-TracingOnly,23,84000,1952712.70376993
12,V1-A-TracingOnly,23,87000,1917850.28456788
12,V1-A-TracingOnly,23,90000,1896360.07212305
12,V1-A-TracingOnly,23,93000,1896303.60419027
12,V1-A-TracingOnly,23,96000,1850186.96981552
12,V1-A-TracingOnly,23,99000,1849078.8857615
12,V1-A-TracingOnly,23,102000,1843605.46640457
12,V1-A-TracingOnly,23,105000,1805350.11725402
12,V1-A-TracingOnly,23,108000,1790111.86629984
12,V1-A-TracingOnly,23,111000,1777840.32498526
12,V1-A-TracingOnly,23,114000,1719872.48227522
12,V1-A-TracingOnly,23,117000,1714595.80236778
12,V1-A-TracingOnly,23,120000,1693780.45196347
12,V1-A-TracingOnly,23,123000,1688713.19444827
12,V1-A-TracingOnly,23,126000,1530223.17443618
12,V1-A-TracingOnly,23,129000,1530195.43202818
12,V1-A-TracingOnly,23,132000,1530195.43202818
12,V1-A-TracingOnly,23,135000,1526968.51109309
12,V1-A-TracingOnly,23,138000,1526968.51109309
12,V1-A-TracingOnly,23,141000,1501569.36698452
12,V1-A-TracingOnly,23,144000,1501569.36698452
12,V1-A-TracingOnly,23,147000,1501569.36698452
12,V1-A-TracingOnly,23,150000,1471605.7975283
12,V1-A-TracingOnly,23,153000,1336509.43941885
12,V1-A-TracingOnly,23,156000,1336509.43941885
12,V1-A-TracingOnly,23,159000,1273255.08862851
12,V1-A-TracingOnly,23,162000,1266074.66135911
12,V1-A-TracingOnly,23,165000,1266074.66135911
12,V1-A-TracingOnly,23,168000,1266074.66135911
12,V1-A-TracingOnly,23,171000,1224938.68090869
12,V1-A-TracingOnly,23,174000,1219533.67299817
12,V1-A-TracingOnly,23,177000,1202816.42066677
12,V1-A-TracingOnly,23,180000,1169426.22326725
12,V1-A-TracingOnly,23,183000,1131354.81891735
12,V1-A-TracingOnly,23,186000,1121625.5826982
12,V1-A-TracingOnly,23,189000,1102701.93219351
12,V1-A-TracingOnly,23,192000,1080118.43310762
12,V1-A-TracingOnly,23,195000,1049703.84869241
12,V1-A-TracingOnly,23,198000,973183.4030839
12,V1-A-TracingOnly,23,201000,966182.887922589
12,V1-A-TracingOnly,23,204000,938911.178993545
12,V1-A-TracingOnly,23,207000,932177.416398482
12,V1-A-TracingOnly,23,210000,921528.946554802
12,V1-A-TracingOnly,23,213000,917097.861247663
12,V1-A-TracingOnly,23,216000,917097.861247663
12,V1-A-TracingOnly,23,219000,899662.562441257
12,V1-A-TracingOnly,23,222000,877097.878579436
12,V1-A-TracingOnly,23,225000,876023.469438568
12,V1-A-TracingOnly,23,228000,874970.254495853
12,V1-A-TracingOnly,23,231000,819863.172534059
12,V1-A-TracingOnly,23,234000,819863.172534059
12,V1-A-TracingOnly,23,237000,819791.924184111
12,V1-A-TracingOnly,23,240000,817312.911768983
12,V1-A-TracingOnly,23,243000,817312.911768983
12,V1-A-TracingOnly,23,246000,817222.808867278
12,V1-A-TracingOnly,23,249000,810495.328021018
12,V1-A-TracingOnly,23,252000,802876.779368316
12,V1-A-TracingOnly,23,255000,792007.474917055
12,V1-A-TracingOnly,23,258000,768255.561829021
12,V1-A-TracingOnly,23,261000,753707.863730169
12,V1-A-TracingOnly,23,264000,736977.827183013
12,V1-A-TracingOnly,23,267000,713049.933054322
12,V1-A-TracingOnly,23,270000,705234.767911169
12,V1-A-TracingOnly,23,273000,701249.542254903
12,V1-A-TracingOnly,23,276000,698138.821912494
12,V1-A-TracingOnly,23,279000,682726.815933758
12,V1-A-TracingOnly,23,282000,662910.682334571
12,V1-A-TracingOnly,23,285000,644646.331376203
12,V1-A-TracingOnly,23,288000,633193.926245587
12,V1-A-TracingOnly,23,291000,626346.142401772
12,V1-A-TracingOnly,23,294000,614483.438082187
12,V1-A-TracingOnly,23,297000,598077.894769557
12,V1-A-TracingOnly,23,300000,588508.927301717
12,V1-B-EliteOnly,23,3000,578497229.760452
12,V1-B-EliteOnly,23,6000,41989856.6948711
12,V1-B-EliteOnly,23,9000,10931369.0443247
12,V1-B-EliteOnly,23,12000,9593581.57091015
12,V1-B-EliteOnly,23,15000,7848112.43176994
12,V1-B-EliteOnly,23,18000,7848112.43176994
12,V1-B-EliteOnly,23,21000,7848112.43176994
12,V1-B-EliteOnly,23,24000,7382578.53488212
12,V1-B-EliteOnly,23,27000,7365756.81959961
12,V1-B-EliteOnly,23,30000,7144589.58978752
12,V1-B-EliteOnly,23,33000,6399786.32407097
12,V1-B-EliteOnly,23,36000,6148343.36325899
12,V1-B-EliteOnly,23,39000,6145069.6696212
12,V1-B-EliteOnly,23,42000,6133115.36288993
12,V1-B-EliteOnly,23,45000,5206645.7620732
12,V1-B-EliteOnly,23,48000,5154798.1103944
12,V1-B-EliteOnly,23,51000,5154798.1103944
12,V1-B-EliteOnly,23,54000,5147600.17269071
12,V1-B-EliteOnly,23,57000,5072381.79467356
12,V1-B-EliteOnly,23,60000,4224570.8201563
12,V1-B-EliteOnly,23,63000,4215112.06597964
12,V1-B-EliteOnly,23,66000,4215112.06597964
12,V1-B-EliteOnly,23,69000,4215112.06597964
12,V1-B-EliteOnly,23,72000,4100101.23416465
12,V1-B-EliteOnly,23,75000,3986851.83799445
12,V1-B-EliteOnly,23,78000,3867441.26868821
12,V1-B-EliteOnly,23,81000,3806968.87997643
12,V1-B-EliteOnly,23,84000,3802499.66684299
12,V1-B-EliteOnly,23,87000,3709101.92056263
12,V1-B-EliteOnly,23,90000,3635891.05041654
12,V1-B-EliteOnly,23,93000,3584235.14771941
12,V1-B-EliteOnly,23,96000,3299879.39447527
12,V1-B-EliteOnly,23,99000,3242760.66465623
12,V1-B-EliteOnly,23,102000,3111336.40865237
12,V1-B-EliteOnly,23,105000,3061746.48194212
12,V1-B-EliteOnly,23,108000,3047279.00025333
12,V1-B-EliteOnly,23,111000,2973887.08220251
12,V1-B-EliteOnly,23,114000,2958453.01242706
12,V1-B-EliteOnly,23,117000,2958453.01242706
12,V1-B-EliteOnly,23,120000,2829351.85160314
12,V1-B-EliteOnly,23,123000,2817032.62112895
12,V1-B-EliteOnly,23,126000,2723805.38349768
12,V1-B-EliteOnly,23,129000,2656524.72203157
12,V1-B-EliteOnly,23,132000,2573091.73755821
12,V1-B-EliteOnly,23,135000,2408621.81798209
12,V1-B-EliteOnly,23,138000,2408621.81798209
12,V1-B-EliteOnly,23,141000,2340816.11124369
12,V1-B-EliteOnly,23,144000,2319343.25253196
12,V1-B-EliteOnly,23,147000,2319343.25253196
12,V1-B-EliteOnly,23,150000,2319343.25253196
12,V1-B-EliteOnly,23,153000,2319343.25253196
12,V1-B-EliteOnly,23,156000,2288311.80513958
12,V1-B-EliteOnly,23,159000,2138076.41113301
12,V1-B-EliteOnly,23,162000,2135841.48080463
12,V1-B-EliteOnly,23,165000,2135841.48080463
12,V1-B-EliteOnly,23,168000,2019521.70614502
12,V1-B-EliteOnly,23,171000,1997049.51016092
12,V1-B-EliteOnly,23,174000,1971193.22881318
12,V1-B-EliteOnly,23,177000,1971193.22881318
12,V1-B-EliteOnly,23,180000,1944210.15154958
12,V1-B-EliteOnly,23,183000,1934935.58834841
12,V1-B-EliteOnly,23,186000,1933023.88612309
12,V1-B-EliteOnly,23,189000,1933023.88612309
12,V1-B-EliteOnly,23,192000,1933023.88612309
12,V1-B-EliteOnly,23,195000,1933023.88612309
12,V1-B-EliteOnly,23,198000,1933023.88612309
12,V1-B-EliteOnly,23,201000,1910765.32388567
12,V1-B-EliteOnly,23,204000,1910765.32388567
12,V1-B-EliteOnly,23,207000,1910765.32388567
12,V1-B-EliteOnly,23,210000,1814574.84047493
12,V1-B-EliteOnly,23,213000,1757356.29023351
12,V1-B-EliteOnly,23,216000,1747571.33238316
12,V1-B-EliteOnly,23,219000,1733633.16977034
12,V1-B-EliteOnly,23,222000,1726764.87815277
12,V1-B-EliteOnly,23,225000,1696493.96876569
12,V1-B-EliteOnly,23,228000,1696493.96876569
12,V1-B-EliteOnly,23,231000,1696493.96876569
12,V1-B-EliteOnly,23,234000,1696493.96876569
12,V1-B-EliteOnly,23,237000,1696493.96876569
12,V1-B-EliteOnly,23,240000,1679609.92702643
12,V1-B-EliteOnly,23,243000,1616956.73267843
12,V1-B-EliteOnly,23,246000,1604610.82176722
12,V1-B-EliteOnly,23,249000,1581611.80891762
12,V1-B-EliteOnly,23,252000,1496735.29683252
12,V1-B-EliteOnly,23,255000,1481107.92418408
12,V1-B-EliteOnly,23,258000,1468700.03289623
12,V1-B-EliteOnly,23,261000,1466473.20660243
12,V1-B-EliteOnly,23,264000,1460962.54499289
12,V1-B-EliteOnly,23,267000,1460962.54499289
12,V1-B-EliteOnly,23,270000,1377486.54234964
12,V1-B-EliteOnly,23,273000,1347210.07534523
12,V1-B-EliteOnly,23,276000,1313005.58135812
12,V1-B-EliteOnly,23,279000,1313005.58135812
12,V1-B-EliteOnly,23,282000,1305374.56253727
12,V1-B-EliteOnly,23,285000,1275109.51321255
12,V1-B-EliteOnly,23,288000,1250886.53781336
12,V1-B-EliteOnly,23,291000,1231353.75747274
12,V1-B-EliteOnly,23,294000,1207871.92309177
12,V1-B-EliteOnly,23,297000,1195328.00093467
12,V1-B-EliteOnly,23,300000,1187848.76059231
22,V1-A-TracingOnly,21,3000,3948.3631577301
22,V1-A-TracingOnly,21,6000,3793.85400403883
22,V1-A-TracingOnly,21,9000,3709.19600732051
22,V1-A-TracingOnly,21,12000,3648.82256119289
22,V1-A-TracingOnly,21,15000,3518.01048278228
22,V1-A-TracingOnly,21,18000,3518.01048278228
22,V1-A-TracingOnly,21,21000,3518.01048278228
22,V1-A-TracingOnly,21,24000,3518.01048278228
22,V1-A-TracingOnly,21,27000,3518.01048278228
22,V1-A-TracingOnly,21,30000,3518.01048278228
22,V1-A-TracingOnly,21,33000,3481.34838435983
22,V1-A-TracingOnly,21,36000,3481.34838435983
22,V1-A-TracingOnly,21,39000,3460.31157670681
22,V1-A-TracingOnly,21,42000,3460.31157670681
22,V1-A-TracingOnly,21,45000,3460.31157670681
22,V1-A-TracingOnly,21,48000,3460.31157670681
22,V1-A-TracingOnly,21,51000,3460.31157670681
22,V1-A-TracingOnly,21,54000,3425.41979999733
22,V1-A-TracingOnly,21,57000,3425.41979999733
22,V1-A-TracingOnly,21,60000,3425.41979999733
22,V1-A-TracingOnly,21,63000,3425.41979999733
22,V1-A-TracingOnly,21,66000,3411.01303654341
22,V1-A-TracingOnly,21,69000,3411.01303654341
22,V1-A-TracingOnly,21,72000,3411.01303654341
22,V1-A-TracingOnly,21,75000,3411.01303654341
22,V1-A-TracingOnly,21,78000,3411.01303654341
22,V1-A-TracingOnly,21,81000,3386.45033270489
22,V1-A-TracingOnly,21,84000,3386.45033270489
22,V1-A-TracingOnly,21,87000,3386.45033270489
22,V1-A-TracingOnly,21,90000,3386.45033270489
22,V1-A-TracingOnly,21,93000,3386.45033270489
22,V1-A-TracingOnly,21,96000,3386.45033270489
22,V1-A-TracingOnly,21,99000,3386.45033270489
22,V1-A-TracingOnly,21,102000,3386.45033270489
22,V1-A-TracingOnly,21,105000,3386.45033270489
22,V1-A-TracingOnly,21,108000,3386.45033270489
22,V1-A-TracingOnly,21,111000,3386.45033270489
22,V1-A-TracingOnly,21,114000,3380.3649824365
22,V1-A-TracingOnly,21,117000,3380.3649824365
22,V1-A-TracingOnly,21,120000,3379.15180667033
22,V1-A-TracingOnly,21,123000,3379.15180667033
22,V1-A-TracingOnly,21,126000,3333.72582919016
22,V1-A-TracingOnly,21,129000,3333.72582919016
22,V1-A-TracingOnly,21,132000,3333.72582919016
22,V1-A-TracingOnly,21,135000,3330.72736303149
22,V1-A-TracingOnly,21,138000,3330.72736303149
22,V1-A-TracingOnly,21,141000,3330.72736303149
22,V1-A-TracingOnly,21,144000,3330.72736303149
22,V1-A-TracingOnly,21,147000,3313.2275243707
22,V1-A-TracingOnly,21,150000,3308.86514339264
22,V1-A-TracingOnly,21,153000,3308.86514339264
22,V1-A-TracingOnly,21,156000,3308.86514339264
22,V1-A-TracingOnly,21,159000,3308.86514339264
22,V1-A-TracingOnly,21,162000,3297.75957377904
22,V1-A-TracingOnly,21,165000,3297.75957377904
22,V1-A-TracingOnly,21,168000,3297.75957377904
22,V1-A-TracingOnly,21,171000,3291.47814321911
22,V1-A-TracingOnly,21,174000,3291.47814321911
22,V1-A-TracingOnly,21,177000,3291.47814321911
22,V1-A-TracingOnly,21,180000,3291.47814321911
22,V1-A-TracingOnly,21,183000,3291.47814321911
22,V1-A-TracingOnly,21,186000,3291.47814321911
22,V1-A-TracingOnly,21,189000,3291.47814321911
22,V1-A-TracingOnly,21,192000,3291.47814321911
22,V1-A-TracingOnly,21,195000,3285.51352335258
22,V1-A-TracingOnly,21,198000,3285.51352335258
22,V1-A-TracingOnly,21,201000,3284.02409743402
22,V1-A-TracingOnly,21,204000,3277.76450107443
22,V1-A-TracingOnly,21,207000,3272.3368385998
22,V1-A-TracingOnly,21,210000,3272.3368385998
22,V1-A-TracingOnly,21,213000,3269.00873582054
22,V1-A-TracingOnly,21,216000,3259.99222683597
22,V1-A-TracingOnly,21,219000,3258.19373404356
22,V1-A-TracingOnly,21,222000,3257.77044849274
22,V1-A-TracingOnly,21,225000,3252.45122984438
22,V1-A-TracingOnly,21,228000,3252.45122984438
22,V1-A-TracingOnly,21,231000,3246.36940528892
22,V1-A-TracingOnly,21,234000,3244.2514810502
22,V1-A-TracingOnly,21,237000,3243.16470757866
22,V1-A-TracingOnly,21,240000,3242.2356080248
22,V1-A-TracingOnly,21,243000,3240.60001229413
22,V1-A-TracingOnly,21,246000,3239.33502132649
22,V1-A-TracingOnly,21,249000,3236.99396719595
22,V1-A-TracingOnly,21,252000,3235.92142578113
22,V1-A-TracingOnly,21,255000,3231.14085050321
22,V1-A-TracingOnly,21,258000,3231.14085050321
22,V1-A-TracingOnly,21,261000,3228.16138706907
22,V1-A-TracingOnly,21,264000,3227.88219018504
22,V1-A-TracingOnly,21,267000,3225.88270549137
22,V1-A-TracingOnly,21,270000,3225.88270549137
22,V1-A-TracingOnly,21,273000,3225.76533063239
22,V1-A-TracingOnly,21,276000,3225.02281578336
22,V1-A-TracingOnly,21,279000,3224.00232330888
22,V1-A-TracingOnly,21,282000,3223.84117405632
22,V1-A-TracingOnly,21,285000,3223.51880622101
22,V1-A-TracingOnly,21,288000,3223.29583210663
22,V1-A-TracingOnly,21,291000,3222.41350594231
22,V1-A-TracingOnly,21,294000,3221.33299795978
22,V1-A-TracingOnly,21,297000,3220.76996196061
22,V1-A-TracingOnly,21,300000,3220.50681726034
22,V1-B-EliteOnly,21,3000,7002.59099656721
22,V1-B-EliteOnly,21,6000,6421.14451468174
22,V1-B-EliteOnly,21,9000,6111.01518477374
22,V1-B-EliteOnly,21,12000,5608.07166201735
22,V1-B-EliteOnly,21,15000,4979.98901698863
22,V1-B-EliteOnly,21,18000,4657.68444677869
22,V1-B-EliteOnly,21,21000,4657.68444677869
22,V1-B-EliteOnly,21,24000,3627.61269971561
22,V1-B-EliteOnly,21,27000,3627.61269971561
22,V1-B-EliteOnly,21,30000,3627.61269971561
22,V1-B-EliteOnly,21,33000,3627.61269971561
22,V1-B-EliteOnly,21,36000,3627.61269971561
22,V1-B-EliteOnly,21,39000,3627.61269971561
22,V1-B-EliteOnly,21,42000,3627.61269971561
22,V1-B-EliteOnly,21,45000,3044.19269791879
22,V1-B-EliteOnly,21,48000,3044.19269791879
22,V1-B-EliteOnly,21,51000,3044.19269791879
22,V1-B-EliteOnly,21,54000,3044.19269791879
22,V1-B-EliteOnly,21,57000,3044.19269791879
22,V1-B-EliteOnly,21,60000,2734.86984223847
22,V1-B-EliteOnly,21,63000,2385.30792305064
22,V1-B-EliteOnly,21,66000,2385.30792305064
22,V1-B-EliteOnly,21,69000,2258.07144179135
22,V1-B-EliteOnly,21,72000,2162.87095670342
22,V1-B-EliteOnly,21,75000,2090.03443682925
22,V1-B-EliteOnly,21,78000,2033.99284653855
22,V1-B-EliteOnly,21,81000,2033.99284653855
22,V1-B-EliteOnly,21,84000,2033.99284653855
22,V1-B-EliteOnly,21,87000,2033.99284653855
22,V1-B-EliteOnly,21,90000,2033.99284653855
22,V1-B-EliteOnly,21,93000,2033.99284653855
22,V1-B-EliteOnly,21,96000,2033.99284653855
22,V1-B-EliteOnly,21,99000,2033.99284653855
22,V1-B-EliteOnly,21,102000,2033.99284653855
22,V1-B-EliteOnly,21,105000,2024.55104597621
22,V1-B-EliteOnly,21,108000,1891.56525983691
22,V1-B-EliteOnly,21,111000,1891.56525983691
22,V1-B-EliteOnly,21,114000,1891.56525983691
22,V1-B-EliteOnly,21,117000,1891.56525983691
22,V1-B-EliteOnly,21,120000,1891.56525983691
22,V1-B-EliteOnly,21,123000,1891.56525983691
22,V1-B-EliteOnly,21,126000,1891.56525983691
22,V1-B-EliteOnly,21,129000,1891.56525983691
22,V1-B-EliteOnly,21,132000,1891.56525983691
22,V1-B-EliteOnly,21,135000,1891.56525983691
22,V1-B-EliteOnly,21,138000,1891.56525983691
22,V1-B-EliteOnly,21,141000,1891.56525983691
22,V1-B-EliteOnly,21,144000,1808.35767084789
22,V1-B-EliteOnly,21,147000,1767.20302327957
22,V1-B-EliteOnly,21,150000,1717.20149704415
22,V1-B-EliteOnly,21,153000,1717.20149704415
22,V1-B-EliteOnly,21,156000,1717.20149704415
22,V1-B-EliteOnly,21,159000,1717.20149704415
22,V1-B-EliteOnly,21,162000,1717.20149704415
22,V1-B-EliteOnly,21,165000,1717.20149704415
22,V1-B-EliteOnly,21,168000,1717.20149704415
22,V1-B-EliteOnly,21,171000,1717.20149704415
22,V1-B-EliteOnly,21,174000,1717.20149704415
22,V1-B-EliteOnly,21,177000,1708.62743366947
22,V1-B-EliteOnly,21,180000,1708.62743366947
22,V1-B-EliteOnly,21,183000,1708.62743366947
22,V1-B-EliteOnly,21,186000,1708.62743366947
22,V1-B-EliteOnly,21,189000,1708.62743366947
22,V1-B-EliteOnly,21,192000,1708.62743366947
22,V1-B-EliteOnly,21,195000,1708.62743366947
22,V1-B-EliteOnly,21,198000,1708.62743366947
22,V1-B-EliteOnly,21,201000,1708.62743366947
22,V1-B-EliteOnly,21,204000,1699.78154394476
22,V1-B-EliteOnly,21,207000,1658.25965309996
22,V1-B-EliteOnly,21,210000,1658.25965309996
22,V1-B-EliteOnly,21,213000,1658.25965309996
22,V1-B-EliteOnly,21,216000,1658.07984112077
22,V1-B-EliteOnly,21,219000,1645.53840594845
22,V1-B-EliteOnly,21,222000,1637.43973945937
22,V1-B-EliteOnly,21,225000,1623.51057512374
22,V1-B-EliteOnly,21,228000,1623.51057512374
22,V1-B-EliteOnly,21,231000,1623.24881090516
22,V1-B-EliteOnly,21,234000,1619.98908934842
22,V1-B-EliteOnly,21,237000,1619.98908934842
22,V1-B-EliteOnly,21,240000,1619.36918398843
22,V1-B-EliteOnly,21,243000,1618.74032194079
22,V1-B-EliteOnly,21,246000,1617.85639891766
22,V1-B-EliteOnly,21,249000,1617.55874749546
22,V1-B-EliteOnly,21,252000,1614.76876163304
22,V1-B-EliteOnly,21,255000,1612.07295963663
22,V1-B-EliteOnly,21,258000,1612.07295963663
22,V1-B-EliteOnly,21,261000,1611.38778163559
22,V1-B-EliteOnly,21,264000,1611.38778163559
22,V1-B-EliteOnly,21,267000,1610.87146573139
22,V1-B-EliteOnly,21,270000,1610.87146573139
22,V1-B-EliteOnly,21,273000,1610.87146573139
22,V1-B-EliteOnly,21,276000,1610.87146573139
22,V1-B-EliteOnly,21,279000,1608.58176259426
22,V1-B-EliteOnly,21,282000,1607.32186381879
22,V1-B-EliteOnly,21,285000,1607.32186381879
22,V1-B-EliteOnly,21,288000,1607.32186381879
22,V1-B-EliteOnly,21,291000,1606.77855493182
22,V1-B-EliteOnly,21,294000,1606.28200622195
22,V1-B-EliteOnly,21,297000,1605.635245127
22,V1-B-EliteOnly,21,300000,1605.44109389596
22,V1-A-TracingOnly,22,3000,5804.71163901928
22,V1-A-TracingOnly,22,6000,5066.33797074745
22,V1-A-TracingOnly,22,9000,5058.1916087656
22,V1-A-TracingOnly,22,12000,5021.47474008865
22,V1-A-TracingOnly,22,15000,5011.95678318186
22,V1-A-TracingOnly,22,18000,4927.80981393933
22,V1-A-TracingOnly,22,21000,4861.43462014565
22,V1-A-TracingOnly,22,24000,4861.43462014565
22,V1-A-TracingOnly,22,27000,4861.43462014565
22,V1-A-TracingOnly,22,30000,4861.43462014565
22,V1-A-TracingOnly,22,33000,4861.43462014565
22,V1-A-TracingOnly,22,36000,4853.38910966757
22,V1-A-TracingOnly,22,39000,4839.87477585746
22,V1-A-TracingOnly,22,42000,4839.87477585746
22,V1-A-TracingOnly,22,45000,4812.77465175207
22,V1-A-TracingOnly,22,48000,4711.22974185152
22,V1-A-TracingOnly,22,51000,4706.02794796487
22,V1-A-TracingOnly,22,54000,4706.02794796487
22,V1-A-TracingOnly,22,57000,4652.20954960211
22,V1-A-TracingOnly,22,60000,4652.20954960211
22,V1-A-TracingOnly,22,63000,4645.99471648712
22,V1-A-TracingOnly,22,66000,4633.54485632046
22,V1-A-TracingOnly,22,69000,4633.54485632046
22,V1-A-TracingOnly,22,72000,4633.54485632046
22,V1-A-TracingOnly,22,75000,4633.54485632046
22,V1-A-TracingOnly,22,78000,4633.54485632046
22,V1-A-TracingOnly,22,81000,4633.54485632046
22,V1-A-TracingOnly,22,84000,4630.80806260509
22,V1-A-TracingOnly,22,87000,4614.44825827231
22,V1-A-TracingOnly,22,90000,4614.44825827231
22,V1-A-TracingOnly,22,93000,4614.44825827231
22,V1-A-TracingOnly,22,96000,4614.44825827231
22,V1-A-TracingOnly,22,99000,4602.27930854119
22,V1-A-TracingOnly,22,102000,4592.24609314917
22,V1-A-TracingOnly,22,105000,4591.95588890168
22,V1-A-TracingOnly,22,108000,4591.95588890168
22,V1-A-TracingOnly,22,111000,4591.95588890168
22,V1-A-TracingOnly,22,114000,4573.31579987532
22,V1-A-TracingOnly,22,117000,4543.23112879175
22,V1-A-TracingOnly,22,120000,4543.23112879175
22,V1-A-TracingOnly,22,123000,4543.23112879175
22,V1-A-TracingOnly,22,126000,4538.34545486377
22,V1-A-TracingOnly,22,129000,4533.66617617303
22,V1-A-TracingOnly,22,132000,4533.66617617303
22,V1-A-TracingOnly,22,135000,4533.66617617303
22,V1-A-TracingOnly,22,138000,4533.66617617303
22,V1-A-TracingOnly,22,141000,4533.66617617303
22,V1-A-TracingOnly,22,144000,4533.66617617303
22,V1-A-TracingOnly,22,147000,4525.61367258972
22,V1-A-TracingOnly,22,150000,4525.61367258972
22,V1-A-TracingOnly,22,153000,4525.61367258972
22,V1-A-TracingOnly,22,156000,4525.61367258972
22,V1-A-TracingOnly,22,159000,4525.61367258972
22,V1-A-TracingOnly,22,162000,4525.61367258972
22,V1-A-TracingOnly,22,165000,4525.61367258972
22,V1-A-TracingOnly,22,168000,4511.96377741927
22,V1-A-TracingOnly,22,171000,4511.96377741927
22,V1-A-TracingOnly,22,174000,4511.96377741927
22,V1-A-TracingOnly,22,177000,4511.96377741927
22,V1-A-TracingOnly,22,180000,4511.96377741927
22,V1-A-TracingOnly,22,183000,4511.96377741927
22,V1-A-TracingOnly,22,186000,4511.96377741927
22,V1-A-TracingOnly,22,189000,4511.96377741927
22,V1-A-TracingOnly,22,192000,4511.96377741927
22,V1-A-TracingOnly,22,195000,4511.96377741927
22,V1-A-TracingOnly,22,198000,4511.96377741927
22,V1-A-TracingOnly,22,201000,4502.44747960275
22,V1-A-TracingOnly,22,204000,4502.44747960275
22,V1-A-TracingOnly,22,207000,4502.44747960275
22,V1-A-TracingOnly,22,210000,4502.44747960275
22,V1-A-TracingOnly,22,213000,4502.31151168783
22,V1-A-TracingOnly,22,216000,4502.31151168783
22,V1-A-TracingOnly,22,219000,4502.31151168783
22,V1-A-TracingOnly,22,222000,4497.48187723835
22,V1-A-TracingOnly,22,225000,4497.48187723835
22,V1-A-TracingOnly,22,228000,4497.48187723835
22,V1-A-TracingOnly,22,231000,4497.48187723835
22,V1-A-TracingOnly,22,234000,4496.06142313324
22,V1-A-TracingOnly,22,237000,4490.84273041362
22,V1-A-TracingOnly,22,240000,4490.84273041362
22,V1-A-TracingOnly,22,243000,4490.84273041362
22,V1-A-TracingOnly,22,246000,4485.91334234118
22,V1-A-TracingOnly,22,249000,4485.91334234118
22,V1-A-TracingOnly,22,252000,4485.91334234118
22,V1-A-TracingOnly,22,255000,4478.05905019445
22,V1-A-TracingOnly,22,258000,4477.62515275445
22,V1-A-TracingOnly,22,261000,4477.62515275445
22,V1-A-TracingOnly,22,264000,4476.82901296559
22,V1-A-TracingOnly,22,267000,4476.82901296559
22,V1-A-TracingOnly,22,270000,4476.82901296559
22,V1-A-TracingOnly,22,273000,4476.82901296559
22,V1-A-TracingOnly,22,276000,4476.82901296559
22,V1-A-TracingOnly,22,279000,4476.40078434557
22,V1-A-TracingOnly,22,282000,4476.3227680056
22,V1-A-TracingOnly,22,285000,4474.10004271746
22,V1-A-TracingOnly,22,288000,4473.30684533333
22,V1-A-TracingOnly,22,291000,4472.33456870326
22,V1-A-TracingOnly,22,294000,4471.7550299055
22,V1-A-TracingOnly,22,297000,4471.28015682335
22,V1-A-TracingOnly,22,300000,4470.97419156915
22,V1-B-EliteOnly,22,3000,1909.24830305127
22,V1-B-EliteOnly,22,6000,452.573295466209
22,V1-B-EliteOnly,22,9000,170.583080645745
22,V1-B-EliteOnly,22,12000,137.464698573065
22,V1-B-EliteOnly,22,15000,129.70812484413
22,V1-B-EliteOnly,22,18000,127.978076396807
22,V1-B-EliteOnly,22,21000,124.454801496026
22,V1-B-EliteOnly,22,24000,124.061647022708
22,V1-B-EliteOnly,22,27000,122.187144459788
22,V1-B-EliteOnly,22,30000,122.187144459788
22,V1-B-EliteOnly,22,33000,122.187144459788
22,V1-B-EliteOnly,22,36000,122.187144459788
22,V1-B-EliteOnly,22,39000,122.187144459788
22,V1-B-EliteOnly,22,42000,122.187144459788
22,V1-B-EliteOnly,22,45000,122.187144459788
22,V1-B-EliteOnly,22,48000,121.614355220668
22,V1-B-EliteOnly,22,51000,120.602570132842
22,V1-B-EliteOnly,22,54000,120.602570132842
22,V1-B-EliteOnly,22,57000,120.602570132842
22,V1-B-EliteOnly,22,60000,120.454701692738
22,V1-B-EliteOnly,22,63000,120.454701692738
22,V1-B-EliteOnly,22,66000,120.454701692738
22,V1-B-EliteOnly,22,69000,120.454701692738
22,V1-B-EliteOnly,22,72000,120.242382211041
22,V1-B-EliteOnly,22,75000,120.242382211041
22,V1-B-EliteOnly,22,78000,120.242382211041
22,V1-B-EliteOnly,22,81000,120.242382211041
22,V1-B-EliteOnly,22,84000,120.242382211041
22,V1-B-EliteOnly,22,87000,120.242382211041
22,V1-B-EliteOnly,22,90000,120.196700687571
22,V1-B-EliteOnly,22,93000,120.170782064122
22,V1-B-EliteOnly,22,96000,119.93775016679
22,V1-B-EliteOnly,22,99000,119.307409700932
22,V1-B-EliteOnly,22,102000,119.29026195396
22,V1-B-EliteOnly,22,105000,119.29026195396
22,V1-B-EliteOnly,22,108000,119.29026195396
22,V1-B-EliteOnly,22,111000,119.29026195396
22,V1-B-EliteOnly,22,114000,119.29026195396
22,V1-B-EliteOnly,22,117000,119.29026195396
22,V1-B-EliteOnly,22,120000,118.567300415934
22,V1-B-EliteOnly,22,123000,118.567300415934
22,V1-B-EliteOnly,22,126000,118.567300415934
22,V1-B-EliteOnly,22,129000,118.031570936676
22,V1-B-EliteOnly,22,132000,118.031570936676
22,V1-B-EliteOnly,22,135000,116.543165272392
22,V1-B-EliteOnly,22,138000,116.543165272392
22,V1-B-EliteOnly,22,141000,116.543165272392
22,V1-B-EliteOnly,22,144000,116.543165272392
22,V1-B-EliteOnly,22,147000,116.543165272392
22,V1-B-EliteOnly,22,150000,116.543165272392
22,V1-B-EliteOnly,22,153000,116.543165272392
22,V1-B-EliteOnly,22,156000,116.543165272392
22,V1-B-EliteOnly,22,159000,116.332183500215
22,V1-B-EliteOnly,22,162000,116.332183500215
22,V1-B-EliteOnly,22,165000,116.332183500215
22,V1-B-EliteOnly,22,168000,116.156371001302
22,V1-B-EliteOnly,22,171000,116.156371001302
22,V1-B-EliteOnly,22,174000,116.008796634353
22,V1-B-EliteOnly,22,177000,115.594586419641
22,V1-B-EliteOnly,22,180000,115.594586419641
22,V1-B-EliteOnly,22,183000,115.003691154834
22,V1-B-EliteOnly,22,186000,115.003691154834
22,V1-B-EliteOnly,22,189000,114.594624043075
22,V1-B-EliteOnly,22,192000,114.524036778819
22,V1-B-EliteOnly,22,195000,114.387481967952
22,V1-B-EliteOnly,22,198000,114.387481967952
22,V1-B-EliteOnly,22,201000,114.387481967952
22,V1-B-EliteOnly,22,204000,114.067298765163
22,V1-B-EliteOnly,22,207000,113.987229551731
22,V1-B-EliteOnly,22,210000,113.77920420081
22,V1-B-EliteOnly,22,213000,113.49647932986
22,V1-B-EliteOnly,22,216000,113.49647932986
22,V1-B-EliteOnly,22,219000,113.49647932986
22,V1-B-EliteOnly,22,222000,113.090321657546
22,V1-B-EliteOnly,22,225000,113.090321657546
22,V1-B-EliteOnly,22,228000,112.231152395206
22,V1-B-EliteOnly,22,231000,111.724746841662
22,V1-B-EliteOnly,22,234000,111.45599916507
22,V1-B-EliteOnly,22,237000,111.283621238446
22,V1-B-EliteOnly,22,240000,107.791159305077
22,V1-B-EliteOnly,22,243000,107.791159305077
22,V1-B-EliteOnly,22,246000,107.791159305077
22,V1-B-EliteOnly,22,249000,107.791159305077
22,V1-B-EliteOnly,22,252000,107.791159305077
22,V1-B-EliteOnly,22,255000,107.490982139283
22,V1-B-EliteOnly,22,258000,106.882725616364
22,V1-B-EliteOnly,22,261000,106.703364228154
22,V1-B-EliteOnly,22,264000,106.115841616003
22,V1-B-EliteOnly,22,267000,104.927756235929
22,V1-B-EliteOnly,22,270000,104.444804719861
22,V1-B-EliteOnly,22,273000,104.205998849572
22,V1-B-EliteOnly,22,276000,104.059542705693
22,V1-B-EliteOnly,22,279000,103.821726388358
22,V1-B-EliteOnly,22,282000,103.402835620296
22,V1-B-EliteOnly,22,285000,102.579079973059
22,V1-B-EliteOnly,22,288000,102.034881638689
22,V1-B-EliteOnly,22,291000,101.733343707381
22,V1-B-EliteOnly,22,294000,100.887814148128
22,V1-B-EliteOnly,22,297000,100.463410100742
22,V1-B-EliteOnly,22,300000,100.121643047409
22,V1-A-TracingOnly,23,3000,5951.76398364617
22,V1-A-TracingOnly,23,6000,5951.76398364617
22,V1-A-TracingOnly,23,9000,5787.34089302171
22,V1-A-TracingOnly,23,12000,5787.34089302171
22,V1-A-TracingOnly,23,15000,5685.19089957338
22,V1-A-TracingOnly,23,18000,5685.19089957338
22,V1-A-TracingOnly,23,21000,5685.19089957338
22,V1-A-TracingOnly,23,24000,5580.29723590186
22,V1-A-TracingOnly,23,27000,4896.91633519554
22,V1-A-TracingOnly,23,30000,4810.09309075538
22,V1-A-TracingOnly,23,33000,4810.09309075538
22,V1-A-TracingOnly,23,36000,4719.74159913121
22,V1-A-TracingOnly,23,39000,4719.74159913121
22,V1-A-TracingOnly,23,42000,4719.74159913121
22,V1-A-TracingOnly,23,45000,4666.35303150321
22,V1-A-TracingOnly,23,48000,4559.14923435228
22,V1-A-TracingOnly,23,51000,4520.5372830168
22,V1-A-TracingOnly,23,54000,4520.5372830168
22,V1-A-TracingOnly,23,57000,4520.5372830168
22,V1-A-TracingOnly,23,60000,4520.5372830168
22,V1-A-TracingOnly,23,63000,4520.5372830168
22,V1-A-TracingOnly,23,66000,4520.5372830168
22,V1-A-TracingOnly,23,69000,4520.5372830168
22,V1-A-TracingOnly,23,72000,4520.5372830168
22,V1-A-TracingOnly,23,75000,4517.15415759712
22,V1-A-TracingOnly,23,78000,4517.15415759712
22,V1-A-TracingOnly,23,81000,4517.15415759712
22,V1-A-TracingOnly,23,84000,4517.15415759712
22,V1-A-TracingOnly,23,87000,4507.84834138334
22,V1-A-TracingOnly,23,90000,4507.84834138334
22,V1-A-TracingOnly,23,93000,4492.62455077544
22,V1-A-TracingOnly,23,96000,4488.12706980366
22,V1-A-TracingOnly,23,99000,4488.12706980366
22,V1-A-TracingOnly,23,102000,4474.13333168891
22,V1-A-TracingOnly,23,105000,4474.13333168891
22,V1-A-TracingOnly,23,108000,4474.13333168891
22,V1-A-TracingOnly,23,111000,4474.13333168891
22,V1-A-TracingOnly,23,114000,4474.13333168891
22,V1-A-TracingOnly,23,117000,4474.13333168891
22,V1-A-TracingOnly,23,120000,4474.13333168891
22,V1-A-TracingOnly,23,123000,4474.13333168891
22,V1-A-TracingOnly,23,126000,4474.13333168891
22,V1-A-TracingOnly,23,129000,4474.13333168891
22,V1-A-TracingOnly,23,132000,4474.13333168891
22,V1-A-TracingOnly,23,135000,4467.34967140702
22,V1-A-TracingOnly,23,138000,4467.34967140702
22,V1-A-TracingOnly,23,141000,4467.34967140702
22,V1-A-TracingOnly,23,144000,4450.63283004339
22,V1-A-TracingOnly,23,147000,4450.63283004339
22,V1-A-TracingOnly,23,150000,4450.63283004339
22,V1-A-TracingOnly,23,153000,4432.0449830575
22,V1-A-TracingOnly,23,156000,4432.0449830575
22,V1-A-TracingOnly,23,159000,4395.2219086754
22,V1-A-TracingOnly,23,162000,4395.2219086754
22,V1-A-TracingOnly,23,165000,4395.2219086754
22,V1-A-TracingOnly,23,168000,4395.2219086754
22,V1-A-TracingOnly,23,171000,4395.2219086754
22,V1-A-TracingOnly,23,174000,4395.2219086754
22,V1-A-TracingOnly,23,177000,4395.2219086754
22,V1-A-TracingOnly,23,180000,4395.2219086754
22,V1-A-TracingOnly,23,183000,4395.2219086754
22,V1-A-TracingOnly,23,186000,4395.2219086754
22,V1-A-TracingOnly,23,189000,4395.2219086754
22,V1-A-TracingOnly,23,192000,4395.2219086754
22,V1-A-TracingOnly,23,195000,4395.2219086754
22,V1-A-TracingOnly,23,198000,4395.2219086754
22,V1-A-TracingOnly,23,201000,4395.2219086754
22,V1-A-TracingOnly,23,204000,4395.2219086754
22,V1-A-TracingOnly,23,207000,4395.2219086754
22,V1-A-TracingOnly,23,210000,4395.2219086754
22,V1-A-TracingOnly,23,213000,4395.2219086754
22,V1-A-TracingOnly,23,216000,4395.2219086754
22,V1-A-TracingOnly,23,219000,4383.30249959199
22,V1-A-TracingOnly,23,222000,4381.23899686915
22,V1-A-TracingOnly,23,225000,4379.58400741532
22,V1-A-TracingOnly,23,228000,4361.2338792404
22,V1-A-TracingOnly,23,231000,4361.2338792404
22,V1-A-TracingOnly,23,234000,4361.2338792404
22,V1-A-TracingOnly,23,237000,4361.2338792404
22,V1-A-TracingOnly,23,240000,4361.2338792404
22,V1-A-TracingOnly,23,243000,4357.82778917008
22,V1-A-TracingOnly,23,246000,4357.82778917008
22,V1-A-TracingOnly,23,249000,4357.82778917008
22,V1-A-TracingOnly,23,252000,4357.82778917008
22,V1-A-TracingOnly,23,255000,4357.82778917008
22,V1-A-TracingOnly,23,258000,4349.51529839176
22,V1-A-TracingOnly,23,261000,4349.39090599177
22,V1-A-TracingOnly,23,264000,4345.60794440785
22,V1-A-TracingOnly,23,267000,4341.68580005685
22,V1-A-TracingOnly,23,270000,4339.82148298223
22,V1-A-TracingOnly,23,273000,4339.00438235635
22,V1-A-TracingOnly,23,276000,4338.22234452197
22,V1-A-TracingOnly,23,279000,4337.63996739388
22,V1-A-TracingOnly,23,282000,4335.50829890044
22,V1-A-TracingOnly,23,285000,4333.41992767837
22,V1-A-TracingOnly,23,288000,4331.7178307031
22,V1-A-TracingOnly,23,291000,4330.87607483765
22,V1-A-TracingOnly,23,294000,4330.31549702719
22,V1-A-TracingOnly,23,297000,4329.12943527322
22,V1-A-TracingOnly,23,300000,4328.18062287373
22,V1-B-EliteOnly,23,3000,2667.92186711219
22,V1-B-EliteOnly,23,6000,460.983035125369
22,V1-B-EliteOnly,23,9000,194.288308586664
22,V1-B-EliteOnly,23,12000,135.281531389323
22,V1-B-EliteOnly,23,15000,132.706446800235
22,V1-B-EliteOnly,23,18000,131.334588042873
22,V1-B-EliteOnly,23,21000,128.237249019833
22,V1-B-EliteOnly,23,24000,128.237249019833
22,V1-B-EliteOnly,23,27000,126.336558510189
22,V1-B-EliteOnly,23,30000,124.719212917551
22,V1-B-EliteOnly,23,33000,124.597402433721
22,V1-B-EliteOnly,23,36000,124.597402433721
22,V1-B-EliteOnly,23,39000,124.597402433721
22,V1-B-EliteOnly,23,42000,124.597402433721
22,V1-B-EliteOnly,23,45000,123.405736620428
22,V1-B-EliteOnly,23,48000,123.405736620428
22,V1-B-EliteOnly,23,51000,123.405736620428
22,V1-B-EliteOnly,23,54000,123.181606727352
22,V1-B-EliteOnly,23,57000,123.181606727352
22,V1-B-EliteOnly,23,60000,123.181606727352
22,V1-B-EliteOnly,23,63000,122.052565274846
22,V1-B-EliteOnly,23,66000,121.439577708112
22,V1-B-EliteOnly,23,69000,121.364434877438
22,V1-B-EliteOnly,23,72000,120.514254170264
22,V1-B-EliteOnly,23,75000,120.514254170264
22,V1-B-EliteOnly,23,78000,119.706709661784
22,V1-B-EliteOnly,23,81000,119.706709661784
22,V1-B-EliteOnly,23,84000,119.706709661784
22,V1-B-EliteOnly,23,87000,119.441151108596
22,V1-B-EliteOnly,23,90000,119.441151108596
22,V1-B-EliteOnly,23,93000,119.441151108596
22,V1-B-EliteOnly,23,96000,119.441151108596
22,V1-B-EliteOnly,23,99000,119.441151108596
22,V1-B-EliteOnly,23,102000,119.441151108596
22,V1-B-EliteOnly,23,105000,119.441151108596
22,V1-B-EliteOnly,23,108000,119.441151108596
22,V1-B-EliteOnly,23,111000,119.441151108596
22,V1-B-EliteOnly,23,114000,119.441151108596
22,V1-B-EliteOnly,23,117000,119.441151108596
22,V1-B-EliteOnly,23,120000,119.061902745761
22,V1-B-EliteOnly,23,123000,119.061902745761
22,V1-B-EliteOnly,23,126000,119.061902745761
22,V1-B-EliteOnly,23,129000,118.387325904697
22,V1-B-EliteOnly,23,132000,117.107154435715
22,V1-B-EliteOnly,23,135000,116.784371032325
22,V1-B-EliteOnly,23,138000,116.784371032325
22,V1-B-EliteOnly,23,141000,116.784371032325
22,V1-B-EliteOnly,23,144000,116.784371032325
22,V1-B-EliteOnly,23,147000,116.784371032325
22,V1-B-EliteOnly,23,150000,116.361335244213
22,V1-B-EliteOnly,23,153000,116.052624153266
22,V1-B-EliteOnly,23,156000,115.776420891518
22,V1-B-EliteOnly,23,159000,115.776420891518
22,V1-B-EliteOnly,23,162000,115.776420891518
22,V1-B-EliteOnly,23,165000,115.776420891518
22,V1-B-EliteOnly,23,168000,115.776420891518
22,V1-B-EliteOnly,23,171000,115.645470316934
22,V1-B-EliteOnly,23,174000,115.210922652637
22,V1-B-EliteOnly,23,177000,114.626276321037
22,V1-B-EliteOnly,23,180000,114.626276321037
22,V1-B-EliteOnly,23,183000,113.37607876341
22,V1-B-EliteOnly,23,186000,113.37607876341
22,V1-B-EliteOnly,23,189000,113.37607876341
22,V1-B-EliteOnly,23,192000,113.37607876341
22,V1-B-EliteOnly,23,195000,113.37607876341
22,V1-B-EliteOnly,23,198000,113.37607876341
22,V1-B-EliteOnly,23,201000,113.37607876341
22,V1-B-EliteOnly,23,204000,113.37607876341
22,V1-B-EliteOnly,23,207000,113.37607876341
22,V1-B-EliteOnly,23,210000,113.37607876341
22,V1-B-EliteOnly,23,213000,113.37607876341
22,V1-B-EliteOnly,23,216000,113.37607876341
22,V1-B-EliteOnly,23,219000,111.785626936912
22,V1-B-EliteOnly,23,222000,111.785626936912
22,V1-B-EliteOnly,23,225000,111.785626936912
22,V1-B-EliteOnly,23,228000,111.785626936912
22,V1-B-EliteOnly,23,231000,111.785626936912
22,V1-B-EliteOnly,23,234000,111.785626936912
22,V1-B-EliteOnly,23,237000,111.785626936912
22,V1-B-EliteOnly,23,240000,111.785626936912
22,V1-B-EliteOnly,23,243000,111.785626936912
22,V1-B-EliteOnly,23,246000,110.86262859644
22,V1-B-EliteOnly,23,249000,110.34830476395
22,V1-B-EliteOnly,23,252000,110.008927126708
22,V1-B-EliteOnly,23,255000,109.424804787787
22,V1-B-EliteOnly,23,258000,108.48507721145
22,V1-B-EliteOnly,23,261000,106.676661692926
22,V1-B-EliteOnly,23,264000,106.676661692926
22,V1-B-EliteOnly,23,267000,106.676661692926
22,V1-B-EliteOnly,23,270000,106.300538276266
22,V1-B-EliteOnly,23,273000,105.643145365637
22,V1-B-EliteOnly,23,276000,105.169134241895
22,V1-B-EliteOnly,23,279000,104.209114585443
22,V1-B-EliteOnly,23,282000,104.209114585443
22,V1-B-EliteOnly,23,285000,103.540241736389
22,V1-B-EliteOnly,23,288000,101.576969568286
22,V1-B-EliteOnly,23,291000,101.409575353537
22,V1-B-EliteOnly,23,294000,101.087755460016
22,V1-B-EliteOnly,23,297000,100.508735091087
22,V1-B-EliteOnly,23,300000,100.175203501333
