FunctionID,Algorithm,Run,FE,BestError
3,DSS,10,3000,164361.070889499
3,DSS,10,6000,121003.89151935
3,DSS,10,9000,104786.010203647
3,DSS,10,12000,87946.001099113
3,DSS,10,15000,81144.0141925953
3,DSS,10,18000,77411.7079146014
3,DSS,10,21000,77411.7079146014
3,DSS,10,24000,74608.5974458709
3,DSS,10,27000,68669.9891827591
3,DSS,10,30000,68669.9891827591
3,DSS,10,33000,62198.7163811911
3,DSS,10,36000,50087.257623823
3,DSS,10,39000,50087.257623823
3,DSS,10,42000,50087.257623823
3,DSS,10,45000,42406.4357581658
3,DSS,10,48000,36314.2731572908
3,DSS,10,51000,32548.4586946477
3,DSS,10,54000,28380.7681270627
3,DSS,10,57000,24275.9108335165
3,DSS,10,60000,19984.7732935862
3,DSS,10,63000,17917.8986338616
3,DSS,10,66000,15072.3857436069
3,DSS,10,69000,13173.7932365795
3,DSS,10,72000,12217.8138933573
3,DSS,10,75000,12217.8138933573
3,DSS,10,78000,12217.8138933573
3,DSS,10,81000,12217.8138933573
3,DSS,10,84000,12217.8138933573
3,DSS,10,87000,12217.8138933573
3,DSS,10,90000,12217.8138933573
3,DSS,10,93000,12217.8138933573
3,DSS,10,96000,12217.8138933573
3,DSS,10,99000,12217.8138933573
3,DSS,10,102000,12217.8138933573
3,DSS,10,105000,12217.8138933573
3,DSS,10,108000,12217.8138933573
3,DSS,10,111000,12217.8138933573
3,DSS,10,114000,12217.8138933573
3,DSS,10,117000,12217.8138933573
3,DSS,10,120000,12217.8138933573
3,DSS,10,123000,12217.8138933573
3,DSS,10,126000,12217.8138933573
3,DSS,10,129000,12217.8138933573
3,DSS,10,132000,12217.8138933573
3,DSS,10,135000,12217.8138933573
3,DSS,10,138000,12217.8138933573
3,DSS,10,141000,12217.8138933573
3,DSS,10,144000,12217.8138933573
3,DSS,10,147000,12217.8138933573
3,DSS,10,150000,12217.8138933573
3,DSS,10,153000,12217.8138933573
3,DSS,10,156000,11542.5163846958
3,DSS,10,159000,9768.80778352046
3,DSS,10,162000,8941.4037317648
3,DSS,10,165000,7402.83408233098
3,DSS,10,168000,6756.71196373388
3,DSS,10,171000,5893.89484962022
3,DSS,10,174000,4823.36550161752
3,DSS,10,177000,4823.36550161752
3,DSS,10,180000,4823.36550161752
3,DSS,10,183000,4823.36550161752
3,DSS,10,186000,4823.36550161752
3,DSS,10,189000,4823.36550161752
3,DSS,10,192000,4823.36550161752
3,DSS,10,195000,4823.36550161752
3,DSS,10,198000,4823.36550161752
3,DSS,10,201000,4823.36550161752
3,DSS,10,204000,4823.36550161752
3,DSS,10,207000,4823.36550161752
3,DSS,10,210000,4823.36550161752
3,DSS,10,213000,4823.36550161752
3,DSS,10,216000,4823.36550161752
3,DSS,10,219000,4823.36550161752
3,DSS,10,222000,4823.36550161752
3,DSS,10,225000,4823.36550161752
3,DSS,10,228000,4823.36550161752
3,DSS,10,231000,4823.36550161752
3,DSS,10,234000,4823.36550161752
3,DSS,10,237000,4823.36550161752
3,DSS,10,240000,4823.36550161752
3,DSS,10,243000,4823.36550161752
3,DSS,10,246000,4823.36550161752
3,DSS,10,249000,4823.36550161752
3,DSS,10,252000,4823.36550161752
3,DSS,10,255000,4823.36550161752
3,DSS,10,258000,4823.36550161752
3,DSS,10,261000,4823.36550161752
3,DSS,10,264000,4823.36550161752
3,DSS,10,267000,4823.36550161752
3,DSS,10,270000,4823.36550161752
3,DSS,10,273000,4823.36550161752
3,DSS,10,276000,4823.36550161752
3,DSS,10,279000,4823.36550161752
3,DSS,10,282000,4823.36550161752
3,DSS,10,285000,4823.36550161752
3,DSS,10,288000,4823.36550161752
3,DSS,10,291000,4808.09845620576
3,DSS,10,294000,4808.09845620576
3,DSS,10,297000,4808.09845620576
3,DSS,10,300000,4808.09845620576
3,Global,10,3000,179878.300284249
3,Global,10,6000,163584.402109974
3,Global,10,9000,122606.516442307
3,Global,10,12000,111416.806014065
3,Global,10,15000,91670.5634924688
3,Global,10,18000,71886.5733903168
3,Global,10,21000,65482.0282121778
3,Global,10,24000,57071.431903017
3,Global,10,27000,41950.720650556
3,Global,10,30000,39210.5950210117
3,Global,10,33000,38811.3175567496
3,Global,10,36000,38811.3175567496
3,Global,10,39000,38811.3175567496
3,Global,10,42000,37158.8778726658
3,Global,10,45000,33888.9830430113
3,Global,10,48000,33888.9830430113
3,Global,10,51000,32774.1223572379
3,Global,10,54000,32774.1223572379
3,Global,10,57000,21161.9996090709
3,Global,10,60000,18696.8667816306
3,Global,10,63000,14439.6874991489
3,Global,10,66000,11399.5142380191
3,Global,10,69000,9524.05219666057
3,Global,10,72000,7546.07158155525
3,Global,10,75000,5238.72334942083
3,Global,10,78000,4526.11940766246
3,Global,10,81000,4080.94263277096
3,Global,10,84000,4080.94263277096
3,Global,10,87000,4080.94263277096
3,Global,10,90000,4080.94263277096
3,Global,10,93000,4080.94263277096
3,Global,10,96000,4080.94263277096
3,Global,10,99000,4080.94263277096
3,Global,10,102000,4080.94263277096
3,Global,10,105000,4080.94263277096
3,Global,10,108000,4080.94263277096
3,Global,10,111000,4080.94263277096
3,Global,10,114000,4080.94263277096
3,Global,10,117000,4080.94263277096
3,Global,10,120000,4080.94263277096
3,Global,10,123000,4080.94263277096
3,Global,10,126000,4080.94263277096
3,Global,10,129000,4080.94263277096
3,Global,10,132000,4080.94263277096
3,Global,10,135000,4080.94263277096
3,Global,10,138000,4080.94263277096
3,Global,10,141000,4080.94263277096
3,Global,10,144000,4080.94263277096
3,Global,10,147000,4080.94263277096
3,Global,10,150000,3495.55292350346
3,Global,10,153000,3173.02333520829
3,Global,10,156000,2265.55410529034
3,Global,10,159000,1762.13515562579
3,Global,10,162000,1398.12893265817
3,Global,10,165000,957.540183976739
3,Global,10,168000,749.674177498374
3,Global,10,171000,537.146759509516
3,Global,10,174000,305.18466906353
3,Global,10,177000,215.108143523592
3,Global,10,180000,164.314081451343
3,Global,10,183000,151.413820102969
3,Global,10,186000,112.55119896834
3,Global,10,189000,65.9385415576388
3,Global,10,192000,51.7137676506767
3,Global,10,195000,42.8858419116857
3,Global,10,198000,42.8858419116857
3,Global,10,201000,40.3407354133385
3,Global,10,204000,34.0412355246412
3,Global,10,207000,34.0412355246412
3,Global,10,210000,25.5688671939651
3,Global,10,213000,17.295263041094
3,Global,10,216000,12.8879165892089
3,Global,10,219000,12.8879165892089
3,Global,10,222000,12.8879165892089
3,Global,10,225000,11.9455646135965
3,Global,10,228000,11.9455646135965
3,Global,10,231000,10.3839977920925
3,Global,10,234000,10.1017559903455
3,Global,10,237000,7.66944001805763
3,Global,10,240000,7.43902593711607
3,Global,10,243000,7.3890285131929
3,Global,10,246000,7.09750938671709
3,Global,10,249000,6.65400848601223
3,Global,10,252000,5.42753785013815
3,Global,10,255000,3.16585720367237
3,Global,10,258000,3.16585720367237
3,Global,10,261000,2.23096787914824
3,Global,10,264000,2.12435745064778
3,Global,10,267000,2.12435745064778
3,Global,10,270000,1.97018065454768
3,Global,10,273000,1.49911542706207
3,Global,10,276000,0.927122339999244
3,Global,10,279000,0.66236011382307
3,Global,10,282000,0.66236011382307
3,Global,10,285000,0.420289639227974
3,Global,10,288000,0.406159799451984
3,Global,10,291000,0.240234554839731
3,Global,10,294000,0.196442587982688
3,Global,10,297000,0.0970252238469129
3,Global,10,300000,0.0322281563122715
3,Global-Cap2,10,3000,142079.23223937
3,Global-Cap2,10,6000,126940.868903137
3,Global-Cap2,10,9000,106595.746005772
3,Global-Cap2,10,12000,104796.854683789
3,Global-Cap2,10,15000,86033.7915840703
3,Global-Cap2,10,18000,69193.057396605
3,Global-Cap2,10,21000,64105.9002632338
3,Global-Cap2,10,24000,59888.278665122
3,Global-Cap2,10,27000,51313.2631187903
3,Global-Cap2,10,30000,40527.1884997298
3,Global-Cap2,10,33000,39317.8541110353
3,Global-Cap2,10,36000,39317.8541110353
3,Global-Cap2,10,39000,36554.7762952516
3,Global-Cap2,10,42000,30977.4635851272
3,Global-Cap2,10,45000,25911.2121707894
3,Global-Cap2,10,48000,22169.0949885094
3,Global-Cap2,10,51000,20030.5430624806
3,Global-Cap2,10,54000,20030.5430624806
3,Global-Cap2,10,57000,20030.5430624806
3,Global-Cap2,10,60000,20030.5430624806
3,Global-Cap2,10,63000,20030.5430624806
3,Global-Cap2,10,66000,20030.5430624806
3,Global-Cap2,10,69000,20030.5430624806
3,Global-Cap2,10,72000,15701.2108603303
3,Global-Cap2,10,75000,11603.4842780201
3,Global-Cap2,10,78000,10392.3686231913
3,Global-Cap2,10,81000,8748.16077291603
3,Global-Cap2,10,84000,6060.63012449072
3,Global-Cap2,10,87000,5686.08009554871
3,Global-Cap2,10,90000,4180.12978532079
3,Global-Cap2,10,93000,3104.9113652006
3,Global-Cap2,10,96000,2734.71021297759
3,Global-Cap2,10,99000,2638.70348724784
3,Global-Cap2,10,102000,2210.13645006495
3,Global-Cap2,10,105000,1936.97336942657
3,Global-Cap2,10,108000,1642.14958325743
3,Global-Cap2,10,111000,1380.16149308513
3,Global-Cap2,10,114000,975.314358247535
3,Global-Cap2,10,117000,830.408789221883
3,Global-Cap2,10,120000,830.408789221883
3,Global-Cap2,10,123000,830.408789221883
3,Global-Cap2,10,126000,830.408789221883
3,Global-Cap2,10,129000,830.408789221883
3,Global-Cap2,10,132000,830.408789221883
3,Global-Cap2,10,135000,830.408789221883
3,Global-Cap2,10,138000,830.408789221883
3,Global-Cap2,10,141000,830.408789221883
3,Global-Cap2,10,144000,830.408789221883
3,Global-Cap2,10,147000,830.408789221883
3,Global-Cap2,10,150000,830.408789221883
3,Global-Cap2,10,153000,830.408789221883
3,Global-Cap2,10,156000,728.135428244162
3,Global-Cap2,10,159000,728.135428244162
3,Global-Cap2,10,162000,728.135428244162
3,Global-Cap2,10,165000,728.135428244162
3,Global-Cap2,10,168000,728.135428244162
3,Global-Cap2,10,171000,728.135428244162
3,Global-Cap2,10,174000,728.135428244162
3,Global-Cap2,10,177000,728.135428244162
3,Global-Cap2,10,180000,728.135428244162
3,Global-Cap2,10,183000,728.135428244162
3,Global-Cap2,10,186000,728.135428244162
3,Global-Cap2,10,189000,728.135428244162
3,Global-Cap2,10,192000,728.135428244162
3,Global-Cap2,10,195000,580.329625432974
3,Global-Cap2,10,198000,391.223999874423
3,Global-Cap2,10,201000,301.679809646158
3,Global-Cap2,10,204000,179.62458090906
3,Global-Cap2,10,207000,156.180905327236
3,Global-Cap2,10,210000,123.530350630501
3,Global-Cap2,10,213000,101.663579462669
3,Global-Cap2,10,216000,68.971472175452
3,Global-Cap2,10,219000,54.1137235853668
3,Global-Cap2,10,222000,31.3030476898963
3,Global-Cap2,10,225000,24.432371218596
3,Global-Cap2,10,228000,9.28753769485945
3,Global-Cap2,10,231000,9.27776384989704
3,Global-Cap2,10,234000,8.15478259754116
3,Global-Cap2,10,237000,8.15478259754116
3,Global-Cap2,10,240000,6.29155042215814
3,Global-Cap2,10,243000,6.29155042215814
3,Global-Cap2,10,246000,6.29155042215814
3,Global-Cap2,10,249000,6.29155042215814
3,Global-Cap2,10,252000,6.29155042215814
3,Global-Cap2,10,255000,6.29155042215814
3,Global-Cap2,10,258000,6.29155042215814
3,Global-Cap2,10,261000,6.29155042215814
3,Global-Cap2,10,264000,6.29155042215814
3,Global-Cap2,10,267000,6.29155042215814
3,Global-Cap2,10,270000,6.29155042215814
3,Global-Cap2,10,273000,6.29155042215814
3,Global-Cap2,10,276000,6.29155042215814
3,Global-Cap2,10,279000,6.29155042215814
3,Global-Cap2,10,282000,6.29155042215814
3,Global-Cap2,10,285000,6.29155042215814
3,Global-Cap2,10,288000,6.29155042215814
3,Global-Cap2,10,291000,6.29155042215814
3,Global-Cap2,10,294000,6.29155042215814
3,Global-Cap2,10,297000,6.29155042215814
3,Global-Cap2,10,300000,6.29155042215814
3,DSS,11,3000,281402.372087213
3,DSS,11,6000,246864.669901854
3,DSS,11,9000,239198.745659434
3,DSS,11,12000,191440.325113391
3,DSS,11,15000,114169.601950861
3,DSS,11,18000,107873.867354584
3,DSS,11,21000,104688.744608465
3,DSS,11,24000,74752.1179241546
3,DSS,11,27000,55669.6725385478
3,DSS,11,30000,55669.6725385478
3,DSS,11,33000,55669.6725385478
3,DSS,11,36000,55669.6725385478
3,DSS,11,39000,53983.8972452342
3,DSS,11,42000,43994.6815825455
3,DSS,11,45000,43029.1675516575
3,DSS,11,48000,43029.1675516575
3,DSS,11,51000,39523.6694157454
3,DSS,11,54000,39523.6694157454
3,DSS,11,57000,37679.4774642851
3,DSS,11,60000,37679.4774642851
3,DSS,11,63000,37679.4774642851
3,DSS,11,66000,37679.4774642851
3,DSS,11,69000,37679.4774642851
3,DSS,11,72000,36342.4027790381
3,DSS,11,75000,36342.4027790381
3,DSS,11,78000,36342.4027790381
3,DSS,11,81000,36342.4027790381
3,DSS,11,84000,36342.4027790381
3,DSS,11,87000,35474.1327382997
3,DSS,11,90000,35474.1327382997
3,DSS,11,93000,35474.1327382997
3,DSS,11,96000,32760.3034387912
3,DSS,11,99000,32581.0287273903
3,DSS,11,102000,32581.0287273903
3,DSS,11,105000,32581.0287273903
3,DSS,11,108000,32581.0287273903
3,DSS,11,111000,32581.0287273903
3,DSS,11,114000,30947.8479378
3,DSS,11,117000,30947.8479378
3,DSS,11,120000,30947.8479378
3,DSS,11,123000,30947.8479378
3,DSS,11,126000,30947.8479378
3,DSS,11,129000,30607.3185080407
3,DSS,11,132000,29145.0654909133
3,DSS,11,135000,29145.0654909133
3,DSS,11,138000,29145.0654909133
3,DSS,11,141000,29145.0654909133
3,DSS,11,144000,29145.0654909133
3,DSS,11,147000,29145.0654909133
3,DSS,11,150000,29145.0654909133
3,DSS,11,153000,29145.0654909133
3,DSS,11,156000,29145.0654909133
3,DSS,11,159000,29145.0654909133
3,DSS,11,162000,29145.0654909133
3,DSS,11,165000,29145.0654909133
3,DSS,11,168000,29145.0654909133
3,DSS,11,171000,29145.0654909133
3,DSS,11,174000,29145.0654909133
3,DSS,11,177000,29145.0654909133
3,DSS,11,180000,29145.0654909133
3,DSS,11,183000,29145.0654909133
3,DSS,11,186000,26798.1290851359
3,DSS,11,189000,23379.8205212947
3,DSS,11,192000,19944.3515503491
3,DSS,11,195000,16972.8931136641
3,DSS,11,198000,14725.6430072622
3,DSS,11,201000,13207.4380250137
3,DSS,11,204000,12765.2371203333
3,DSS,11,207000,12765.2371203333
3,DSS,11,210000,12765.2371203333
3,DSS,11,213000,12765.2371203333
3,DSS,11,216000,12765.2371203333
3,DSS,11,219000,11746.7681460439
3,DSS,11,222000,10519.9875797431
3,DSS,11,225000,9561.5247361852
3,DSS,11,228000,8984.99502316003
3,DSS,11,231000,8984.99502316003
3,DSS,11,234000,8984.99502316003
3,DSS,11,237000,8984.99502316003
3,DSS,11,240000,8984.99502316003
3,DSS,11,243000,8984.99502316003
3,DSS,11,246000,8984.99502316003
3,DSS,11,249000,8984.99502316003
3,DSS,11,252000,8984.99502316003
3,DSS,11,255000,8984.99502316003
3,DSS,11,258000,8984.99502316003
3,DSS,11,261000,8984.99502316003
3,DSS,11,264000,8984.99502316003
3,DSS,11,267000,8984.99502316003
3,DSS,11,270000,8984.99502316003
3,DSS,11,273000,8984.99502316003
3,DSS,11,276000,8984.99502316003
3,DSS,11,279000,8984.99502316003
3,DSS,11,282000,8984.99502316003
3,DSS,11,285000,8984.99502316003
3,DSS,11,288000,8984.99502316003
3,DSS,11,291000,8984.99502316003
3,DSS,11,294000,8984.99502316003
3,DSS,11,297000,8984.99502316003
3,DSS,11,300000,8984.99502316003
3,Global,11,3000,176196.641046806
3,Global,11,6000,156771.216645905
3,Global,11,9000,139239.824596982
3,Global,11,12000,113670.287849136
3,Global,11,15000,101246.799519977
3,Global,11,18000,91986.7545335093
3,Global,11,21000,85541.9495087788
3,Global,11,24000,67296.8136264916
3,Global,11,27000,61522.8160438968
3,Global,11,30000,54773.8547862045
3,Global,11,33000,49487.0091184367
3,Global,11,36000,45293.8487452968
3,Global,11,39000,37855.9695996251
3,Global,11,42000,34987.2394662737
3,Global,11,45000,30504.3498538658
3,Global,11,48000,27343.6671401376
3,Global,11,51000,26340.8385186641
3,Global,11,54000,26340.8385186641
3,Global,11,57000,26340.8385186641
3,Global,11,60000,24109.5239285722
3,Global,11,63000,24097.5916905775
3,Global,11,66000,24097.5916905775
3,Global,11,69000,24097.5916905775
3,Global,11,72000,24097.5916905775
3,Global,11,75000,24097.5916905775
3,Global,11,78000,24097.5916905775
3,Global,11,81000,24097.5916905775
3,Global,11,84000,20550.6468099434
3,Global,11,87000,20550.6468099434
3,Global,11,90000,20170.0895026755
3,Global,11,93000,20170.0895026755
3,Global,11,96000,20170.0895026755
3,Global,11,99000,20170.0895026755
3,Global,11,102000,20170.0895026755
3,Global,11,105000,20170.0895026755
3,Global,11,108000,17600.9512624429
3,Global,11,111000,17600.9512624429
3,Global,11,114000,16919.8630788
3,Global,11,117000,12492.200155775
3,Global,11,120000,9411.72078409596
3,Global,11,123000,6520.68115921888
3,Global,11,126000,5598.69539560456
3,Global,11,129000,4666.64798642585
3,Global,11,132000,4233.99607363905
3,Global,11,135000,3309.57910164214
3,Global,11,138000,2824.81908922477
3,Global,11,141000,1824.37580433966
3,Global,11,144000,1369.69649245409
3,Global,11,147000,1038.11889908094
3,Global,11,150000,743.113812030187
3,Global,11,153000,558.770401397992
3,Global,11,156000,425.9125650562
3,Global,11,159000,268.028210070023
3,Global,11,162000,147.081348696173
3,Global,11,165000,130.925750206684
3,Global,11,168000,109.565075768334
3,Global,11,171000,91.4346190653011
3,Global,11,174000,65.8843979750699
3,Global,11,177000,54.4855971305429
3,Global,11,180000,47.250689113152
3,Global,11,183000,39.5684216597332
3,Global,11,186000,33.164703402114
3,Global,11,189000,32.8542238685899
3,Global,11,192000,29.3251129169814
3,Global,11,195000,29.3251129169814
3,Global,11,198000,19.3026757368046
3,Global,11,201000,17.3067818829777
3,Global,11,204000,16.7902694242815
3,Global,11,207000,16.7902694242815
3,Global,11,210000,16.7902694242815
3,Global,11,213000,16.7902694242815
3,Global,11,216000,16.7902694242815
3,Global,11,219000,16.7902694242815
3,Global,11,222000,16.7902694242815
3,Global,11,225000,16.7902694242815
3,Global,11,228000,16.7902694242815
3,Global,11,231000,16.7902694242815
3,Global,11,234000,16.7902694242815
3,Global,11,237000,16.7902694242815
3,Global,11,240000,16.7902694242815
3,Global,11,243000,16.7902694242815
3,Global,11,246000,16.7902694242815
3,Global,11,249000,16.7902694242815
3,Global,11,252000,16.7902694242815
3,Global,11,255000,16.7902694242815
3,Global,11,258000,16.7902694242815
3,Global,11,261000,16.7902694242815
3,Global,11,264000,16.7902694242815
3,Global,11,267000,16.7902694242815
3,Global,11,270000,16.7902694242815
3,Global,11,273000,16.7902694242815
3,Global,11,276000,16.7902694242815
3,Global,11,279000,16.7902694242815
3,Global,11,282000,16.7902694242815
3,Global,11,285000,16.7902694242815
3,Global,11,288000,16.7902694242815
3,Global,11,291000,16.7902694242815
3,Global,11,294000,16.7902694242815
3,Global,11,297000,16.7902694242815
3,Global,11,300000,16.7902694242815
3,Global-Cap2,11,3000,176196.641046806
3,Global-Cap2,11,6000,120925.2057806
3,Global-Cap2,11,9000,102684.829755701
3,Global-Cap2,11,12000,102684.829755701
3,Global-Cap2,11,15000,87210.4116341724
3,Global-Cap2,11,18000,77437.1681148246
3,Global-Cap2,11,21000,63487.074481533
3,Global-Cap2,11,24000,58931.3261226464
3,Global-Cap2,11,27000,57420.6771366468
3,Global-Cap2,11,30000,53007.7674490862
3,Global-Cap2,11,33000,48926.740695689
3,Global-Cap2,11,36000,38685.0760005483
3,Global-Cap2,11,39000,38685.0760005483
3,Global-Cap2,11,42000,38685.0760005483
3,Global-Cap2,11,45000,34796.4280406034
3,Global-Cap2,11,48000,30358.1285630624
3,Global-Cap2,11,51000,23897.6006834986
3,Global-Cap2,11,54000,20594.3565850401
3,Global-Cap2,11,57000,17494.4478866241
3,Global-Cap2,11,60000,14160.7143165403
3,Global-Cap2,11,63000,10032.7048646992
3,Global-Cap2,11,66000,7764.36432073192
3,Global-Cap2,11,69000,5956.83254762341
3,Global-Cap2,11,72000,4927.44121530277
3,Global-Cap2,11,75000,3552.18174548143
3,Global-Cap2,11,78000,3427.64243968271
3,Global-Cap2,11,81000,2884.72487704494
3,Global-Cap2,11,84000,1995.87578130371
3,Global-Cap2,11,87000,1561.86152615758
3,Global-Cap2,11,90000,944.558786944374
3,Global-Cap2,11,93000,944.558786944374
3,Global-Cap2,11,96000,944.558786944374
3,Global-Cap2,11,99000,944.558786944374
3,Global-Cap2,11,102000,944.558786944374
3,Global-Cap2,11,105000,944.558786944374
3,Global-Cap2,11,108000,944.558786944374
3,Global-Cap2,11,111000,944.558786944374
3,Global-Cap2,11,114000,944.558786944374
3,Global-Cap2,11,117000,944.558786944374
3,Global-Cap2,11,120000,944.558786944374
3,Global-Cap2,11,123000,944.558786944374
3,Global-Cap2,11,126000,944.558786944374
3,Global-Cap2,11,129000,944.558786944374
3,Global-Cap2,11,132000,944.558786944374
3,Global-Cap2,11,135000,944.558786944374
3,Global-Cap2,11,138000,944.558786944374
3,Global-Cap2,11,141000,944.558786944374
3,Global-Cap2,11,144000,944.558786944374
3,Global-Cap2,11,147000,944.558786944374
3,Global-Cap2,11,150000,944.558786944374
3,Global-Cap2,11,153000,944.558786944374
3,Global-Cap2,11,156000,944.558786944374
3,Global-Cap2,11,159000,944.558786944374
3,Global-Cap2,11,162000,944.558786944374
3,Global-Cap2,11,165000,944.558786944374
3,Global-Cap2,11,168000,944.558786944374
3,Global-Cap2,11,171000,944.558786944374
3,Global-Cap2,11,174000,944.558786944374
3,Global-Cap2,11,177000,944.558786944374
3,Global-Cap2,11,180000,944.558786944374
3,Global-Cap2,11,183000,944.558786944374
3,Global-Cap2,11,186000,944.558786944374
3,Global-Cap2,11,189000,944.558786944374
3,Global-Cap2,11,192000,796.828688716726
3,Global-Cap2,11,195000,512.412357491011
3,Global-Cap2,11,198000,450.235674042078
3,Global-Cap2,11,201000,333.332500338024
3,Global-Cap2,11,204000,198.300147757014
3,Global-Cap2,11,207000,154.152498540507
3,Global-Cap2,11,210000,106.921089806767
3,Global-Cap2,11,213000,73.8648935392616
3,Global-Cap2,11,216000,65.6673970639168
3,Global-Cap2,11,219000,55.9595320588481
3,Global-Cap2,11,222000,53.8954463081564
3,Global-Cap2,11,225000,30.4236118089207
3,Global-Cap2,11,228000,20.2165219111272
3,Global-Cap2,11,231000,15.2226137091262
3,Global-Cap2,11,234000,13.1158127987998
3,Global-Cap2,11,237000,11.2434429782115
3,Global-Cap2,11,240000,11.2434429782115
3,Global-Cap2,11,243000,11.2434429782115
3,Global-Cap2,11,246000,11.2434429782115
3,Global-Cap2,11,249000,11.2434429782115
3,Global-Cap2,11,252000,11.2434429782115
3,Global-Cap2,11,255000,11.2434429782115
3,Global-Cap2,11,258000,11.2434429782115
3,Global-Cap2,11,261000,11.2434429782115
3,Global-Cap2,11,264000,11.2434429782115
3,Global-Cap2,11,267000,11.2434429782115
3,Global-Cap2,11,270000,11.2434429782115
3,Global-Cap2,11,273000,11.2434429782115
3,Global-Cap2,11,276000,11.2434429782115
3,Global-Cap2,11,279000,11.2434429782115
3,Global-Cap2,11,282000,11.2434429782115
3,Global-Cap2,11,285000,11.2434429782115
3,Global-Cap2,11,288000,11.2434429782115
3,Global-Cap2,11,291000,11.2434429782115
3,Global-Cap2,11,294000,11.2434429782115
3,Global-Cap2,11,297000,11.2434429782115
3,Global-Cap2,11,300000,11.2434429782115
3,DSS,12,3000,117302.638430731
3,DSS,12,6000,116773.211321719
3,DSS,12,9000,88749.3225509764
3,DSS,12,12000,72722.8320615498
3,DSS,12,15000,67280.8399691582
3,DSS,12,18000,59052.6308277888
3,DSS,12,21000,59052.6308277888
3,DSS,12,24000,59052.6308277888
3,DSS,12,27000,58987.6557167412
3,DSS,12,30000,58987.6557167412
3,DSS,12,33000,58987.6557167412
3,DSS,12,36000,57324.6694948142
3,DSS,12,39000,57324.6694948142
3,DSS,12,42000,57324.6694948142
3,DSS,12,45000,48805.8479979919
3,DSS,12,48000,41009.1283287629
3,DSS,12,51000,35708.6146482833
3,DSS,12,54000,31512.1431165877
3,DSS,12,57000,25221.2514814282
3,DSS,12,60000,22778.6134406608
3,DSS,12,63000,22778.6134406608
3,DSS,12,66000,22778.6134406608
3,DSS,12,69000,22778.6134406608
3,DSS,12,72000,22778.6134406608
3,DSS,12,75000,22778.6134406608
3,DSS,12,78000,21047.3752386017
3,DSS,12,81000,16777.5579436315
3,DSS,12,84000,16033.3385708289
3,DSS,12,87000,16033.3385708289
3,DSS,12,90000,16033.3385708289
3,DSS,12,93000,16033.3385708289
3,DSS,12,96000,16033.3385708289
3,DSS,12,99000,16033.3385708289
3,DSS,12,102000,16033.3385708289
3,DSS,12,105000,16033.3385708289
3,DSS,12,108000,16033.3385708289
3,DSS,12,111000,16033.3385708289
3,DSS,12,114000,16033.3385708289
3,DSS,12,117000,16033.3385708289
3,DSS,12,120000,16033.3385708289
3,DSS,12,123000,16033.3385708289
3,DSS,12,126000,16033.3385708289
3,DSS,12,129000,16033.3385708289
3,DSS,12,132000,16033.3385708289
3,DSS,12,135000,16033.3385708289
3,DSS,12,138000,16033.3385708289
3,DSS,12,141000,16033.3385708289
3,DSS,12,144000,16033.3385708289
3,DSS,12,147000,16033.3385708289
3,DSS,12,150000,16033.3385708289
3,DSS,12,153000,16033.3385708289
3,DSS,12,156000,16033.3385708289
3,DSS,12,159000,16033.3385708289
3,DSS,12,162000,16033.3385708289
3,DSS,12,165000,16033.3385708289
3,DSS,12,168000,16033.3385708289
3,DSS,12,171000,16033.3385708289
3,DSS,12,174000,16033.3385708289
3,DSS,12,177000,16033.3385708289
3,DSS,12,180000,16033.3385708289
3,DSS,12,183000,16033.3385708289
3,DSS,12,186000,16033.3385708289
3,DSS,12,189000,16033.3385708289
3,DSS,12,192000,16033.3385708289
3,DSS,12,195000,16033.3385708289
3,DSS,12,198000,16033.3385708289
3,DSS,12,201000,16033.3385708289
3,DSS,12,204000,16033.3385708289
3,DSS,12,207000,16033.3385708289
3,DSS,12,210000,15956.9389279747
3,DSS,12,213000,15956.9389279747
3,DSS,12,216000,15956.9389279747
3,DSS,12,219000,15956.9389279747
3,DSS,12,222000,15956.9389279747
3,DSS,12,225000,15956.9389279747
3,DSS,12,228000,15956.9389279747
3,DSS,12,231000,15956.9389279747
3,DSS,12,234000,15956.9389279747
3,DSS,12,237000,15956.9389279747
3,DSS,12,240000,15956.9389279747
3,DSS,12,243000,15956.9389279747
3,DSS,12,246000,9733.90433012023
3,DSS,12,249000,8179.59857654871
3,DSS,12,252000,6576.6865802952
3,DSS,12,255000,5468.72256519533
3,DSS,12,258000,4209.07657798248
3,DSS,12,261000,3771.31455588244
3,DSS,12,264000,3771.31455588244
3,DSS,12,267000,3771.31455588244
3,DSS,12,270000,3771.31455588244
3,DSS,12,273000,3771.31455588244
3,DSS,12,276000,3771.31455588244
3,DSS,12,279000,3771.31455588244
3,DSS,12,282000,3771.31455588244
3,DSS,12,285000,3771.31455588244
3,DSS,12,288000,3771.31455588244
3,DSS,12,291000,3771.31455588244
3,DSS,12,294000,3771.31455588244
3,DSS,12,297000,3771.31455588244
3,DSS,12,300000,3771.31455588244
3,Global,12,3000,116558.426837055
3,Global,12,6000,98335.1247237337
3,Global,12,9000,88504.2499893124
3,Global,12,12000,79425.516377599
3,Global,12,15000,71072.6093678395
3,Global,12,18000,57656.1924227507
3,Global,12,21000,49072.0729824549
3,Global,12,24000,49018.0509692114
3,Global,12,27000,39975.5716119371
3,Global,12,30000,31290.6635254326
3,Global,12,33000,31290.6635254326
3,Global,12,36000,31290.6635254326
3,Global,12,39000,29604.4323377981
3,Global,12,42000,22473.8604568555
3,Global,12,45000,17634.5136039271
3,Global,12,48000,14916.9876745201
3,Global,12,51000,13955.0645366199
3,Global,12,54000,11537.4088335199
3,Global,12,57000,8304.3848576436
3,Global,12,60000,7418.01234186757
3,Global,12,63000,6406.32149077208
3,Global,12,66000,5932.51471528139
3,Global,12,69000,4411.08407853002
3,Global,12,72000,3476.22987691451
3,Global,12,75000,2589.95299623627
3,Global,12,78000,2297.2142770424
3,Global,12,81000,1805.611440487
3,Global,12,84000,1438.60873892152
3,Global,12,87000,1227.79781987163
3,Global,12,90000,726.831781593462
3,Global,12,93000,601.730891470856
3,Global,12,96000,358.571102515542
3,Global,12,99000,320.577128756419
3,Global,12,102000,320.577128756419
3,Global,12,105000,247.632270259764
3,Global,12,108000,247.632270259764
3,Global,12,111000,194.0476531086
3,Global,12,114000,125.2440735197
3,Global,12,117000,111.336287875541
3,Global,12,120000,111.336287875541
3,Global,12,123000,107.817915471606
3,Global,12,126000,88.361626308882
3,Global,12,129000,79.3146731962664
3,Global,12,132000,49.7878084548851
3,Global,12,135000,33.5559202643166
3,Global,12,138000,33.5559202643166
3,Global,12,141000,32.8173428491004
3,Global,12,144000,32.5175958584584
3,Global,12,147000,29.7229258665652
3,Global,12,150000,29.7229258665652
3,Global,12,153000,29.7229258665652
3,Global,12,156000,28.0308318381017
3,Global,12,159000,27.4827942723558
3,Global,12,162000,24.0194451848601
3,Global,12,165000,24.0194451848601
3,Global,12,168000,24.0194451848601
3,Global,12,171000,24.0194451848601
3,Global,12,174000,24.0194451848601
3,Global,12,177000,24.0194451848601
3,Global,12,180000,24.0194451848601
3,Global,12,183000,24.0194451848601
3,Global,12,186000,24.0194451848601
3,Global,12,189000,24.0194451848601
3,Global,12,192000,24.0194451848601
3,Global,12,195000,24.0194451848601
3,Global,12,198000,24.0194451848601
3,Global,12,201000,24.0194451848601
3,Global,12,204000,24.0194451848601
3,Global,12,207000,24.0194451848601
3,Global,12,210000,24.0194451848601
3,Global,12,213000,24.0194451848601
3,Global,12,216000,24.0194451848601
3,Global,12,219000,24.0194451848601
3,Global,12,222000,24.0194451848601
3,Global,12,225000,24.0194451848601
3,Global,12,228000,24.0194451848601
3,Global,12,231000,24.0194451848601
3,Global,12,234000,24.0194451848601
3,Global,12,237000,24.0194451848601
3,Global,12,240000,24.0194451848601
3,Global,12,243000,24.0194451848601
3,Global,12,246000,24.0194451848601
3,Global,12,249000,24.0194451848601
3,Global,12,252000,24.0194451848601
3,Global,12,255000,24.0194451848601
3,Global,12,258000,24.0194451848601
3,Global,12,261000,24.0194451848601
3,Global,12,264000,24.0194451848601
3,Global,12,267000,24.0194451848601
3,Global,12,270000,24.0194451848601
3,Global,12,273000,24.0194451848601
3,Global,12,276000,24.0194451848601
3,Global,12,279000,24.0194451848601
3,Global,12,282000,24.0194451848601
3,Global,12,285000,24.0194451848601
3,Global,12,288000,24.0194451848601
3,Global,12,291000,24.0194451848601
3,Global,12,294000,24.0194451848601
3,Global,12,297000,24.0194451848601
3,Global,12,300000,24.0194451848601
3,Global-Cap2,12,3000,116558.426837055
3,Global-Cap2,12,6000,98335.1247237337
3,Global-Cap2,12,9000,88504.2499893124
3,Global-Cap2,12,12000,79425.516377599
3,Global-Cap2,12,15000,71072.6093678395
3,Global-Cap2,12,18000,57656.1924227507
3,Global-Cap2,12,21000,49072.0729824549
3,Global-Cap2,12,24000,49018.0509692114
3,Global-Cap2,12,27000,39975.5716119371
3,Global-Cap2,12,30000,31290.6635254326
3,Global-Cap2,12,33000,31290.6635254326
3,Global-Cap2,12,36000,31290.6635254326
3,Global-Cap2,12,39000,29604.4323377981
3,Global-Cap2,12,42000,22473.8604568555
3,Global-Cap2,12,45000,17634.5136039271
3,Global-Cap2,12,48000,14916.9876745201
3,Global-Cap2,12,51000,13955.0645366199
3,Global-Cap2,12,54000,11537.4088335199
3,Global-Cap2,12,57000,8304.3848576436
3,Global-Cap2,12,60000,7418.01234186757
3,Global-Cap2,12,63000,6406.32149077208
3,Global-Cap2,12,66000,5932.51471528139
3,Global-Cap2,12,69000,4411.08407853002
3,Global-Cap2,12,72000,3476.22987691451
3,Global-Cap2,12,75000,2589.95299623627
3,Global-Cap2,12,78000,2297.2142770424
3,Global-Cap2,12,81000,1805.611440487
3,Global-Cap2,12,84000,1438.60873892152
3,Global-Cap2,12,87000,1227.79781987163
3,Global-Cap2,12,90000,726.831781593462
3,Global-Cap2,12,93000,601.730891470856
3,Global-Cap2,12,96000,358.571102515542
3,Global-Cap2,12,99000,320.577128756419
3,Global-Cap2,12,102000,320.577128756419
3,Global-Cap2,12,105000,247.632270259764
3,Global-Cap2,12,108000,247.632270259764
3,Global-Cap2,12,111000,194.0476531086
3,Global-Cap2,12,114000,125.2440735197
3,Global-Cap2,12,117000,111.336287875541
3,Global-Cap2,12,120000,111.336287875541
3,Global-Cap2,12,123000,107.817915471606
3,Global-Cap2,12,126000,88.361626308882
3,Global-Cap2,12,129000,79.3146731962664
3,Global-Cap2,12,132000,49.7878084548851
3,Global-Cap2,12,135000,33.5559202643166
3,Global-Cap2,12,138000,33.5559202643166
3,Global-Cap2,12,141000,32.8173428491004
3,Global-Cap2,12,144000,32.5175958584584
3,Global-Cap2,12,147000,29.7229258665652
3,Global-Cap2,12,150000,29.7229258665652
3,Global-Cap2,12,153000,29.7229258665652
3,Global-Cap2,12,156000,28.0308318381017
3,Global-Cap2,12,159000,27.4827942723558
3,Global-Cap2,12,162000,24.0194451848601
3,Global-Cap2,12,165000,24.0194451848601
3,Global-Cap2,12,168000,24.0194451848601
3,Global-Cap2,12,171000,24.0194451848601
3,Global-Cap2,12,174000,24.0194451848601
3,Global-Cap2,12,177000,24.0194451848601
3,Global-Cap2,12,180000,24.0194451848601
3,Global-Cap2,12,183000,24.0194451848601
3,Global-Cap2,12,186000,24.0194451848601
3,Global-Cap2,12,189000,24.0194451848601
3,Global-Cap2,12,192000,24.0194451848601
3,Global-Cap2,12,195000,24.0194451848601
3,Global-Cap2,12,198000,24.0194451848601
3,Global-Cap2,12,201000,24.0194451848601
3,Global-Cap2,12,204000,24.0194451848601
3,Global-Cap2,12,207000,24.0194451848601
3,Global-Cap2,12,210000,24.0194451848601
3,Global-Cap2,12,213000,24.0194451848601
3,Global-Cap2,12,216000,24.0194451848601
3,Global-Cap2,12,219000,24.0194451848601
3,Global-Cap2,12,222000,24.0194451848601
3,Global-Cap2,12,225000,24.0194451848601
3,Global-Cap2,12,228000,24.0194451848601
3,Global-Cap2,12,231000,24.0194451848601
3,Global-Cap2,12,234000,24.0194451848601
3,Global-Cap2,12,237000,24.0194451848601
3,Global-Cap2,12,240000,24.0194451848601
3,Global-Cap2,12,243000,24.0194451848601
3,Global-Cap2,12,246000,24.0194451848601
3,Global-Cap2,12,249000,24.0194451848601
3,Global-Cap2,12,252000,24.0194451848601
3,Global-Cap2,12,255000,24.0194451848601
3,Global-Cap2,12,258000,24.0194451848601
3,Global-Cap2,12,261000,24.0194451848601
3,Global-Cap2,12,264000,24.0194451848601
3,Global-Cap2,12,267000,24.0194451848601
3,Global-Cap2,12,270000,24.0194451848601
3,Global-Cap2,12,273000,24.0194451848601
3,Global-Cap2,12,276000,24.0194451848601
3,Global-Cap2,12,279000,24.0194451848601
3,Global-Cap2,12,282000,24.0194451848601
3,Global-Cap2,12,285000,24.0194451848601
3,Global-Cap2,12,288000,24.0194451848601
3,Global-Cap2,12,291000,24.0194451848601
3,Global-Cap2,12,294000,24.0194451848601
3,Global-Cap2,12,297000,24.0194451848601
3,Global-Cap2,12,300000,24.0194451848601
5,DSS,10,3000,423.646756440043
5,DSS,10,6000,400.346877101069
5,DSS,10,9000,396.961185573237
5,DSS,10,12000,298.476756741531
5,DSS,10,15000,257.906474653709
5,DSS,10,18000,245.044732609785
5,DSS,10,21000,239.023449709643
5,DSS,10,24000,239.023449709643
5,DSS,10,27000,239.023449709643
5,DSS,10,30000,239.023449709643
5,DSS,10,33000,239.023449709643
5,DSS,10,36000,239.023449709643
5,DSS,10,39000,239.023449709643
5,DSS,10,42000,239.023449709643
5,DSS,10,45000,239.023449709643
5,DSS,10,48000,239.023449709643
5,DSS,10,51000,239.023449709643
5,DSS,10,54000,239.023449709643
5,DSS,10,57000,239.023449709643
5,DSS,10,60000,239.023449709643
5,DSS,10,63000,239.023449709643
5,DSS,10,66000,239.023449709643
5,DSS,10,69000,239.023449709643
5,DSS,10,72000,239.023449709643
5,DSS,10,75000,239.023449709643
5,DSS,10,78000,239.023449709643
5,DSS,10,81000,239.023449709643
5,DSS,10,84000,239.023449709643
5,DSS,10,87000,239.023449709643
5,DSS,10,90000,239.023449709643
5,DSS,10,93000,239.023449709643
5,DSS,10,96000,239.023449709643
5,DSS,10,99000,239.023449709643
5,DSS,10,102000,239.023449709643
5,DSS,10,105000,239.023449709643
5,DSS,10,108000,239.023449709643
5,DSS,10,111000,239.023449709643
5,DSS,10,114000,239.023449709643
5,DSS,10,117000,239.023449709643
5,DSS,10,120000,239.023449709643
5,DSS,10,123000,239.023449709643
5,DSS,10,126000,239.023449709643
5,DSS,10,129000,239.023449709643
5,DSS,10,132000,239.023449709643
5,DSS,10,135000,239.023449709643
5,DSS,10,138000,239.023449709643
5,DSS,10,141000,239.023449709643
5,DSS,10,144000,239.023449709643
5,DSS,10,147000,239.023449709643
5,DSS,10,150000,239.023449709643
5,DSS,10,153000,239.023449709643
5,DSS,10,156000,239.023449709643
5,DSS,10,159000,239.023449709643
5,DSS,10,162000,239.023449709643
5,DSS,10,165000,239.023449709643
5,DSS,10,168000,239.023449709643
5,DSS,10,171000,239.023449709643
5,DSS,10,174000,239.023449709643
5,DSS,10,177000,239.023449709643
5,DSS,10,180000,239.023449709643
5,DSS,10,183000,239.023449709643
5,DSS,10,186000,239.023449709643
5,DSS,10,189000,239.023449709643
5,DSS,10,192000,239.023449709643
5,DSS,10,195000,239.023449709643
5,DSS,10,198000,239.023449709643
5,DSS,10,201000,239.023449709643
5,DSS,10,204000,239.023449709643
5,DSS,10,207000,239.023449709643
5,DSS,10,210000,239.023449709643
5,DSS,10,213000,239.023449709643
5,DSS,10,216000,239.023449709643
5,DSS,10,219000,239.023449709643
5,DSS,10,222000,239.023449709643
5,DSS,10,225000,239.023449709643
5,DSS,10,228000,239.023449709643
5,DSS,10,231000,239.023449709643
5,DSS,10,234000,239.023449709643
5,DSS,10,237000,239.023449709643
5,DSS,10,240000,239.023449709643
5,DSS,10,243000,239.023449709643
5,DSS,10,246000,239.023449709643
5,DSS,10,249000,239.023449709643
5,DSS,10,252000,239.023449709643
5,DSS,10,255000,239.023449709643
5,DSS,10,258000,239.023449709643
5,DSS,10,261000,239.023449709643
5,DSS,10,264000,239.023449709643
5,DSS,10,267000,239.023449709643
5,DSS,10,270000,239.023449709643
5,DSS,10,273000,239.023449709643
5,DSS,10,276000,239.023449709643
5,DSS,10,279000,239.023449709643
5,DSS,10,282000,239.023449709643
5,DSS,10,285000,239.023449709643
5,DSS,10,288000,239.023449709643
5,DSS,10,291000,239.023449709643
5,DSS,10,294000,239.023449709643
5,DSS,10,297000,239.023449709643
5,DSS,10,300000,239.023449709643
5,Global,10,3000,521.980865484147
5,Global,10,6000,501.915966187159
5,Global,10,9000,491.285906418392
5,Global,10,12000,430.022179974298
5,Global,10,15000,424.739973806963
5,Global,10,18000,424.739973806963
5,Global,10,21000,421.86377663862
5,Global,10,24000,421.59216832097
5,Global,10,27000,421.179987084193
5,Global,10,30000,418.642192778398
5,Global,10,33000,417.984946196768
5,Global,10,36000,355.466527281844
5,Global,10,39000,344.64322218334
5,Global,10,42000,344.196052507472
5,Global,10,45000,324.258460259255
5,Global,10,48000,293.766320731684
5,Global,10,51000,279.810040948678
5,Global,10,54000,276.305733093945
5,Global,10,57000,276.305733093945
5,Global,10,60000,276.305733093945
5,Global,10,63000,276.305733093945
5,Global,10,66000,276.305733093945
5,Global,10,69000,276.305733093945
5,Global,10,72000,276.305733093945
5,Global,10,75000,276.305733093945
5,Global,10,78000,276.305733093945
5,Global,10,81000,276.305733093945
5,Global,10,84000,276.305733093945
5,Global,10,87000,276.305733093945
5,Global,10,90000,276.305733093945
5,Global,10,93000,276.305733093945
5,Global,10,96000,276.305733093945
5,Global,10,99000,276.305733093945
5,Global,10,102000,276.305733093945
5,Global,10,105000,276.305733093945
5,Global,10,108000,276.305733093945
5,Global,10,111000,276.305733093945
5,Global,10,114000,264.529210673477
5,Global,10,117000,258.903139499401
5,Global,10,120000,257.958031141738
5,Global,10,123000,257.958031141738
5,Global,10,126000,257.958031141738
5,Global,10,129000,257.958031141738
5,Global,10,132000,257.958031141738
5,Global,10,135000,257.958031141738
5,Global,10,138000,250.636766414671
5,Global,10,141000,250.098838084199
5,Global,10,144000,198.75860112613
5,Global,10,147000,194.156775791425
5,Global,10,150000,194.156775791425
5,Global,10,153000,194.156775791425
5,Global,10,156000,194.156775791425
5,Global,10,159000,194.156775791425
5,Global,10,162000,194.156775791425
5,Global,10,165000,194.156775791425
5,Global,10,168000,194.156775791425
5,Global,10,171000,194.156775791425
5,Global,10,174000,194.156775791425
5,Global,10,177000,194.156775791425
5,Global,10,180000,194.156775791425
5,Global,10,183000,193.570841488755
5,Global,10,186000,193.570841488755
5,Global,10,189000,193.570841488755
5,Global,10,192000,193.570841488755
5,Global,10,195000,193.570841488755
5,Global,10,198000,142.701328494139
5,Global,10,201000,142.20717998311
5,Global,10,204000,142.20717998311
5,Global,10,207000,142.20717998311
5,Global,10,210000,142.20717998311
5,Global,10,213000,142.20717998311
5,Global,10,216000,142.20717998311
5,Global,10,219000,142.20717998311
5,Global,10,222000,142.20717998311
5,Global,10,225000,142.20717998311
5,Global,10,228000,142.20717998311
5,Global,10,231000,142.20717998311
5,Global,10,234000,142.20717998311
5,Global,10,237000,142.20717998311
5,Global,10,240000,142.20717998311
5,Global,10,243000,142.20717998311
5,Global,10,246000,142.20717998311
5,Global,10,249000,142.20717998311
5,Global,10,252000,142.20717998311
5,Global,10,255000,142.20717998311
5,Global,10,258000,142.20717998311
5,Global,10,261000,142.20717998311
5,Global,10,264000,142.20717998311
5,Global,10,267000,142.20717998311
5,Global,10,270000,142.20717998311
5,Global,10,273000,142.20717998311
5,Global,10,276000,142.20717998311
5,Global,10,279000,142.20717998311
5,Global,10,282000,142.20717998311
5,Global,10,285000,142.20717998311
5,Global,10,288000,142.20717998311
5,Global,10,291000,142.20717998311
5,Global,10,294000,142.20717998311
5,Global,10,297000,142.20717998311
5,Global,10,300000,142.20717998311
5,Global-Cap2,10,3000,521.980865484147
5,Global-Cap2,10,6000,501.915966187159
5,Global-Cap2,10,9000,491.285906418392
5,Global-Cap2,10,12000,430.022179974298
5,Global-Cap2,10,15000,424.739973806963
5,Global-Cap2,10,18000,424.739973806963
5,Global-Cap2,10,21000,421.86377663862
5,Global-Cap2,10,24000,421.59216832097
5,Global-Cap2,10,27000,421.179987084193
5,Global-Cap2,10,30000,418.642192778398
5,Global-Cap2,10,33000,417.984946196768
5,Global-Cap2,10,36000,355.466527281844
5,Global-Cap2,10,39000,344.64322218334
5,Global-Cap2,10,42000,344.196052507472
5,Global-Cap2,10,45000,324.258460259255
5,Global-Cap2,10,48000,293.766320731684
5,Global-Cap2,10,51000,279.810040948678
5,Global-Cap2,10,54000,276.305733093945
5,Global-Cap2,10,57000,276.305733093945
5,Global-Cap2,10,60000,276.305733093945
5,Global-Cap2,10,63000,276.305733093945
5,Global-Cap2,10,66000,276.305733093945
5,Global-Cap2,10,69000,276.305733093945
5,Global-Cap2,10,72000,276.305733093945
5,Global-Cap2,10,75000,276.305733093945
5,Global-Cap2,10,78000,276.305733093945
5,Global-Cap2,10,81000,276.305733093945
5,Global-Cap2,10,84000,276.305733093945
5,Global-Cap2,10,87000,276.305733093945
5,Global-Cap2,10,90000,276.305733093945
5,Global-Cap2,10,93000,276.305733093945
5,Global-Cap2,10,96000,276.305733093945
5,Global-Cap2,10,99000,276.305733093945
5,Global-Cap2,10,102000,276.305733093945
5,Global-Cap2,10,105000,276.305733093945
5,Global-Cap2,10,108000,276.305733093945
5,Global-Cap2,10,111000,276.305733093945
5,Global-Cap2,10,114000,264.529210673477
5,Global-Cap2,10,117000,258.903139499401
5,Global-Cap2,10,120000,257.958031141738
5,Global-Cap2,10,123000,257.958031141738
5,Global-Cap2,10,126000,257.958031141738
5,Global-Cap2,10,129000,257.958031141738
5,Global-Cap2,10,132000,257.958031141738
5,Global-Cap2,10,135000,257.958031141738
5,Global-Cap2,10,138000,250.636766414671
5,Global-Cap2,10,141000,250.098838084199
5,Global-Cap2,10,144000,198.75860112613
5,Global-Cap2,10,147000,194.156775791425
5,Global-Cap2,10,150000,194.156775791425
5,Global-Cap2,10,153000,194.156775791425
5,Global-Cap2,10,156000,194.156775791425
5,Global-Cap2,10,159000,194.156775791425
5,Global-Cap2,10,162000,194.156775791425
5,Global-Cap2,10,165000,194.156775791425
5,Global-Cap2,10,168000,194.156775791425
5,Global-Cap2,10,171000,194.156775791425
5,Global-Cap2,10,174000,194.156775791425
5,Global-Cap2,10,177000,194.156775791425
5,Global-Cap2,10,180000,194.156775791425
5,Global-Cap2,10,183000,193.570841488755
5,Global-Cap2,10,186000,193.570841488755
5,Global-Cap2,10,189000,193.570841488755
5,Global-Cap2,10,192000,193.570841488755
5,Global-Cap2,10,195000,193.570841488755
5,Global-Cap2,10,198000,142.701328494139
5,Global-Cap2,10,201000,142.20717998311
5,Global-Cap2,10,204000,142.20717998311
5,Global-Cap2,10,207000,142.20717998311
5,Global-Cap2,10,210000,142.20717998311
5,Global-Cap2,10,213000,142.20717998311
5,Global-Cap2,10,216000,142.20717998311
5,Global-Cap2,10,219000,142.20717998311
5,Global-Cap2,10,222000,142.20717998311
5,Global-Cap2,10,225000,142.20717998311
5,Global-Cap2,10,228000,142.20717998311
5,Global-Cap2,10,231000,142.20717998311
5,Global-Cap2,10,234000,142.20717998311
5,Global-Cap2,10,237000,142.20717998311
5,Global-Cap2,10,240000,142.20717998311
5,Global-Cap2,10,243000,142.20717998311
5,Global-Cap2,10,246000,142.20717998311
5,Global-Cap2,10,249000,142.20717998311
5,Global-Cap2,10,252000,142.20717998311
5,Global-Cap2,10,255000,142.20717998311
5,Global-Cap2,10,258000,142.20717998311
5,Global-Cap2,10,261000,142.20717998311
5,Global-Cap2,10,264000,142.20717998311
5,Global-Cap2,10,267000,142.20717998311
5,Global-Cap2,10,270000,142.20717998311
5,Global-Cap2,10,273000,142.20717998311
5,Global-Cap2,10,276000,142.20717998311
5,Global-Cap2,10,279000,142.20717998311
5,Global-Cap2,10,282000,142.20717998311
5,Global-Cap2,10,285000,142.20717998311
5,Global-Cap2,10,288000,142.20717998311
5,Global-Cap2,10,291000,142.20717998311
5,Global-Cap2,10,294000,142.20717998311
5,Global-Cap2,10,297000,142.20717998311
5,Global-Cap2,10,300000,142.20717998311
5,DSS,11,3000,346.768035536116
5,DSS,11,6000,346.768035536116
5,DSS,11,9000,311.112677318115
5,DSS,11,12000,285.896726432225
5,DSS,11,15000,284.541238738364
5,DSS,11,18000,269.590723586738
5,DSS,11,21000,269.590723586738
5,DSS,11,24000,269.590723586738
5,DSS,11,27000,269.590723586738
5,DSS,11,30000,269.590723586738
5,DSS,11,33000,269.590723586738
5,DSS,11,36000,269.590723586738
5,DSS,11,39000,269.590723586738
5,DSS,11,42000,269.590723586738
5,DSS,11,45000,269.590723586738
5,DSS,11,48000,269.590723586738
5,DSS,11,51000,269.590723586738
5,DSS,11,54000,269.590723586738
5,DSS,11,57000,269.590723586738
5,DSS,11,60000,269.590723586738
5,DSS,11,63000,254.817737697252
5,DSS,11,66000,254.817737697252
5,DSS,11,69000,254.817737697252
5,DSS,11,72000,254.817737697252
5,DSS,11,75000,190.361863343829
5,DSS,11,78000,190.361863343829
5,DSS,11,81000,190.361863343829
5,DSS,11,84000,190.361863343829
5,DSS,11,87000,190.361863343829
5,DSS,11,90000,190.361863343829
5,DSS,11,93000,190.361863343829
5,DSS,11,96000,190.361863343829
5,DSS,11,99000,190.361863343829
5,DSS,11,102000,190.361863343829
5,DSS,11,105000,190.361863343829
5,DSS,11,108000,190.361863343829
5,DSS,11,111000,190.361863343829
5,DSS,11,114000,190.361863343829
5,DSS,11,117000,190.361863343829
5,DSS,11,120000,190.361863343829
5,DSS,11,123000,189.763736543075
5,DSS,11,126000,189.763736543075
5,DSS,11,129000,189.763736543075
5,DSS,11,132000,186.008034122766
5,DSS,11,135000,186.008034122766
5,DSS,11,138000,186.008034122766
5,DSS,11,141000,186.008034122766
5,DSS,11,144000,186.008034122766
5,DSS,11,147000,186.008034122766
5,DSS,11,150000,186.008034122766
5,DSS,11,153000,186.008034122766
5,DSS,11,156000,186.008034122766
5,DSS,11,159000,186.008034122766
5,DSS,11,162000,186.008034122766
5,DSS,11,165000,186.008034122766
5,DSS,11,168000,186.008034122766
5,DSS,11,171000,186.008034122766
5,DSS,11,174000,186.008034122766
5,DSS,11,177000,186.008034122766
5,DSS,11,180000,186.008034122766
5,DSS,11,183000,186.008034122766
5,DSS,11,186000,186.008034122766
5,DSS,11,189000,186.008034122766
5,DSS,11,192000,186.008034122766
5,DSS,11,195000,186.008034122766
5,DSS,11,198000,186.008034122766
5,DSS,11,201000,186.008034122766
5,DSS,11,204000,186.008034122766
5,DSS,11,207000,186.008034122766
5,DSS,11,210000,186.008034122766
5,DSS,11,213000,186.008034122766
5,DSS,11,216000,186.008034122766
5,DSS,11,219000,186.008034122766
5,DSS,11,222000,186.008034122766
5,DSS,11,225000,186.008034122766
5,DSS,11,228000,186.008034122766
5,DSS,11,231000,186.008034122766
5,DSS,11,234000,186.008034122766
5,DSS,11,237000,186.008034122766
5,DSS,11,240000,186.008034122766
5,DSS,11,243000,186.008034122766
5,DSS,11,246000,186.008034122766
5,DSS,11,249000,186.008034122766
5,DSS,11,252000,186.008034122766
5,DSS,11,255000,186.008034122766
5,DSS,11,258000,186.008034122766
5,DSS,11,261000,186.008034122766
5,DSS,11,264000,186.008034122766
5,DSS,11,267000,186.008034122766
5,DSS,11,270000,186.008034122766
5,DSS,11,273000,186.008034122766
5,DSS,11,276000,186.008034122766
5,DSS,11,279000,186.008034122766
5,DSS,11,282000,186.008034122766
5,DSS,11,285000,186.008034122766
5,DSS,11,288000,186.008034122766
5,DSS,11,291000,186.008034122766
5,DSS,11,294000,186.008034122766
5,DSS,11,297000,186.008034122766
5,DSS,11,300000,186.008034122766
5,Global,11,3000,362.168154443619
5,Global,11,6000,358.323915913842
5,Global,11,9000,349.444671929223
5,Global,11,12000,339.153965006765
5,Global,11,15000,339.153965006765
5,Global,11,18000,339.153965006765
5,Global,11,21000,339.153965006765
5,Global,11,24000,339.153965006765
5,Global,11,27000,339.153965006765
5,Global,11,30000,339.153965006765
5,Global,11,33000,339.153965006765
5,Global,11,36000,339.153965006765
5,Global,11,39000,339.153965006765
5,Global,11,42000,339.153965006765
5,Global,11,45000,320.191710901456
5,Global,11,48000,320.191710901456
5,Global,11,51000,320.191710901456
5,Global,11,54000,320.191710901456
5,Global,11,57000,262.466337633739
5,Global,11,60000,249.479779717359
5,Global,11,63000,249.479779717359
5,Global,11,66000,249.479779717359
5,Global,11,69000,239.109410933224
5,Global,11,72000,239.029432111919
5,Global,11,75000,231.653852536265
5,Global,11,78000,231.653852536265
5,Global,11,81000,231.653852536265
5,Global,11,84000,231.653852536265
5,Global,11,87000,231.653852536265
5,Global,11,90000,231.653852536265
5,Global,11,93000,231.653852536265
5,Global,11,96000,231.653852536265
5,Global,11,99000,231.653852536265
5,Global,11,102000,224.605924903826
5,Global,11,105000,224.605924903826
5,Global,11,108000,224.605924903826
5,Global,11,111000,224.605924903826
5,Global,11,114000,206.305010045079
5,Global,11,117000,201.288257808943
5,Global,11,120000,201.228736844485
5,Global,11,123000,155.672227676931
5,Global,11,126000,155.672227676931
5,Global,11,129000,155.672227676931
5,Global,11,132000,155.672227676931
5,Global,11,135000,155.672227676931
5,Global,11,138000,155.672227676931
5,Global,11,141000,155.672227676931
5,Global,11,144000,155.672227676931
5,Global,11,147000,155.672227676931
5,Global,11,150000,155.672227676931
5,Global,11,153000,155.672227676931
5,Global,11,156000,155.672227676931
5,Global,11,159000,155.672227676931
5,Global,11,162000,155.672227676931
5,Global,11,165000,155.672227676931
5,Global,11,168000,155.672227676931
5,Global,11,171000,155.672227676931
5,Global,11,174000,155.672227676931
5,Global,11,177000,155.672227676931
5,Global,11,180000,155.672227676931
5,Global,11,183000,155.672227676931
5,Global,11,186000,155.672227676931
5,Global,11,189000,155.672227676931
5,Global,11,192000,155.672227676931
5,Global,11,195000,155.672227676931
5,Global,11,198000,155.672227676931
5,Global,11,201000,155.672227676931
5,Global,11,204000,155.672227676931
5,Global,11,207000,155.672227676931
5,Global,11,210000,155.672227676931
5,Global,11,213000,155.672227676931
5,Global,11,216000,155.672227676931
5,Global,11,219000,155.672227676931
5,Global,11,222000,155.672227676931
5,Global,11,225000,155.672227676931
5,Global,11,228000,155.672227676931
5,Global,11,231000,155.672227676931
5,Global,11,234000,155.672227676931
5,Global,11,237000,155.672227676931
5,Global,11,240000,155.672227676931
5,Global,11,243000,155.672227676931
5,Global,11,246000,155.672227676931
5,Global,11,249000,155.672227676931
5,Global,11,252000,155.672227676931
5,Global,11,255000,155.672227676931
5,Global,11,258000,155.672227676931
5,Global,11,261000,155.672227676931
5,Global,11,264000,155.672227676931
5,Global,11,267000,155.672227676931
5,Global,11,270000,155.672227676931
5,Global,11,273000,155.672227676931
5,Global,11,276000,155.672227676931
5,Global,11,279000,155.672227676931
5,Global,11,282000,155.672227676931
5,Global,11,285000,155.672227676931
5,Global,11,288000,155.672227676931
5,Global,11,291000,155.672227676931
5,Global,11,294000,155.672227676931
5,Global,11,297000,155.672227676931
5,Global,11,300000,155.672227676931
5,Global-Cap2,11,3000,362.168154443619
5,Global-Cap2,11,6000,358.323915913842
5,Global-Cap2,11,9000,349.444671929223
5,Global-Cap2,11,12000,339.153965006765
5,Global-Cap2,11,15000,339.153965006765
5,Global-Cap2,11,18000,339.153965006765
5,Global-Cap2,11,21000,339.153965006765
5,Global-Cap2,11,24000,339.153965006765
5,Global-Cap2,11,27000,339.153965006765
5,Global-Cap2,11,30000,339.153965006765
5,Global-Cap2,11,33000,339.153965006765
5,Global-Cap2,11,36000,339.153965006765
5,Global-Cap2,11,39000,339.153965006765
5,Global-Cap2,11,42000,339.153965006765
5,Global-Cap2,11,45000,320.191710901456
5,Global-Cap2,11,48000,320.191710901456
5,Global-Cap2,11,51000,320.191710901456
5,Global-Cap2,11,54000,320.191710901456
5,Global-Cap2,11,57000,262.466337633739
5,Global-Cap2,11,60000,249.479779717359
5,Global-Cap2,11,63000,249.479779717359
5,Global-Cap2,11,66000,249.479779717359
5,Global-Cap2,11,69000,239.109410933224
5,Global-Cap2,11,72000,239.029432111919
5,Global-Cap2,11,75000,231.653852536265
5,Global-Cap2,11,78000,231.653852536265
5,Global-Cap2,11,81000,231.653852536265
5,Global-Cap2,11,84000,231.653852536265
5,Global-Cap2,11,87000,231.653852536265
5,Global-Cap2,11,90000,231.653852536265
5,Global-Cap2,11,93000,231.653852536265
5,Global-Cap2,11,96000,231.653852536265
5,Global-Cap2,11,99000,231.653852536265
5,Global-Cap2,11,102000,224.605924903826
5,Global-Cap2,11,105000,224.605924903826
5,Global-Cap2,11,108000,224.605924903826
5,Global-Cap2,11,111000,224.605924903826
5,Global-Cap2,11,114000,206.305010045079
5,Global-Cap2,11,117000,201.288257808943
5,Global-Cap2,11,120000,201.228736844485
5,Global-Cap2,11,123000,155.672227676931
5,Global-Cap2,11,126000,155.672227676931
5,Global-Cap2,11,129000,155.672227676931
5,Global-Cap2,11,132000,155.672227676931
5,Global-Cap2,11,135000,155.672227676931
5,Global-Cap2,11,138000,155.672227676931
5,Global-Cap2,11,141000,155.672227676931
5,Global-Cap2,11,144000,155.672227676931
5,Global-Cap2,11,147000,155.672227676931
5,Global-Cap2,11,150000,155.672227676931
5,Global-Cap2,11,153000,155.672227676931
5,Global-Cap2,11,156000,155.672227676931
5,Global-Cap2,11,159000,155.672227676931
5,Global-Cap2,11,162000,155.672227676931
5,Global-Cap2,11,165000,155.672227676931
5,Global-Cap2,11,168000,155.672227676931
5,Global-Cap2,11,171000,155.672227676931
5,Global-Cap2,11,174000,155.672227676931
5,Global-Cap2,11,177000,155.672227676931
5,Global-Cap2,11,180000,155.672227676931
5,Global-Cap2,11,183000,155.672227676931
5,Global-Cap2,11,186000,155.672227676931
5,Global-Cap2,11,189000,155.672227676931
5,Global-Cap2,11,192000,155.672227676931
5,Global-Cap2,11,195000,155.672227676931
5,Global-Cap2,11,198000,155.672227676931
5,Global-Cap2,11,201000,155.672227676931
5,Global-Cap2,11,204000,155.672227676931
5,Global-Cap2,11,207000,155.672227676931
5,Global-Cap2,11,210000,155.672227676931
5,Global-Cap2,11,213000,155.672227676931
5,Global-Cap2,11,216000,155.672227676931
5,Global-Cap2,11,219000,155.672227676931
5,Global-Cap2,11,222000,155.672227676931
5,Global-Cap2,11,225000,155.672227676931
5,Global-Cap2,11,228000,155.672227676931
5,Global-Cap2,11,231000,155.672227676931
5,Global-Cap2,11,234000,155.672227676931
5,Global-Cap2,11,237000,155.672227676931
5,Global-Cap2,11,240000,155.672227676931
5,Global-Cap2,11,243000,155.672227676931
5,Global-Cap2,11,246000,155.672227676931
5,Global-Cap2,11,249000,155.672227676931
5,Global-Cap2,11,252000,155.672227676931
5,Global-Cap2,11,255000,155.672227676931
5,Global-Cap2,11,258000,155.672227676931
5,Global-Cap2,11,261000,155.672227676931
5,Global-Cap2,11,264000,155.672227676931
5,Global-Cap2,11,267000,155.672227676931
5,Global-Cap2,11,270000,155.672227676931
5,Global-Cap2,11,273000,155.672227676931
5,Global-Cap2,11,276000,155.672227676931
5,Global-Cap2,11,279000,155.672227676931
5,Global-Cap2,11,282000,155.672227676931
5,Global-Cap2,11,285000,155.672227676931
5,Global-Cap2,11,288000,155.672227676931
5,Global-Cap2,11,291000,155.672227676931
5,Global-Cap2,11,294000,155.672227676931
5,Global-Cap2,11,297000,155.672227676931
5,Global-Cap2,11,300000,155.672227676931
5,DSS,12,3000,405.842379900235
5,DSS,12,6000,306.479249559673
5,DSS,12,9000,252.040621443527
5,DSS,12,12000,249.03135333795
5,DSS,12,15000,249.03135333795
5,DSS,12,18000,249.03135333795
5,DSS,12,21000,249.03135333795
5,DSS,12,24000,249.03135333795
5,DSS,12,27000,249.03135333795
5,DSS,12,30000,249.03135333795
5,DSS,12,33000,249.03135333795
5,DSS,12,36000,249.03135333795
5,DSS,12,39000,249.03135333795
5,DSS,12,42000,249.03135333795
5,DSS,12,45000,249.03135333795
5,DSS,12,48000,249.03135333795
5,DSS,12,51000,249.03135333795
5,DSS,12,54000,249.03135333795
5,DSS,12,57000,249.03135333795
5,DSS,12,60000,249.03135333795
5,DSS,12,63000,249.03135333795
5,DSS,12,66000,240.427356091514
5,DSS,12,69000,235.084183530424
5,DSS,12,72000,233.608141780456
5,DSS,12,75000,230.543286741477
5,DSS,12,78000,230.543286741477
5,DSS,12,81000,230.543286741477
5,DSS,12,84000,230.543286741477
5,DSS,12,87000,230.543286741477
5,DSS,12,90000,230.543286741477
5,DSS,12,93000,230.543286741477
5,DSS,12,96000,230.543286741477
5,DSS,12,99000,228.829036190004
5,DSS,12,102000,225.740750119104
5,DSS,12,105000,223.990673892003
5,DSS,12,108000,223.990673892003
5,DSS,12,111000,223.990673892003
5,DSS,12,114000,223.990673892003
5,DSS,12,117000,223.990673892003
5,DSS,12,120000,223.990673892003
5,DSS,12,123000,223.990673892003
5,DSS,12,126000,223.990673892003
5,DSS,12,129000,216.893646792895
5,DSS,12,132000,216.893646792895
5,DSS,12,135000,216.893646792895
5,DSS,12,138000,216.893646792895
5,DSS,12,141000,216.893646792895
5,DSS,12,144000,216.893646792895
5,DSS,12,147000,216.893646792895
5,DSS,12,150000,199.754551767356
5,DSS,12,153000,171.862439239087
5,DSS,12,156000,170.431716159167
5,DSS,12,159000,168.610025280579
5,DSS,12,162000,168.610025280579
5,DSS,12,165000,168.610025280579
5,DSS,12,168000,168.610025280579
5,DSS,12,171000,168.610025280579
5,DSS,12,174000,168.610025280579
5,DSS,12,177000,168.610025280579
5,DSS,12,180000,168.610025280579
5,DSS,12,183000,168.610025280579
5,DSS,12,186000,168.610025280579
5,DSS,12,189000,168.610025280579
5,DSS,12,192000,168.610025280579
5,DSS,12,195000,168.610025280579
5,DSS,12,198000,168.610025280579
5,DSS,12,201000,168.610025280579
5,DSS,12,204000,168.610025280579
5,DSS,12,207000,168.610025280579
5,DSS,12,210000,168.610025280579
5,DSS,12,213000,168.610025280579
5,DSS,12,216000,168.610025280579
5,DSS,12,219000,168.610025280579
5,DSS,12,222000,168.610025280579
5,DSS,12,225000,168.610025280579
5,DSS,12,228000,168.610025280579
5,DSS,12,231000,168.610025280579
5,DSS,12,234000,166.153055580834
5,DSS,12,237000,166.153055580834
5,DSS,12,240000,166.153055580834
5,DSS,12,243000,166.153055580834
5,DSS,12,246000,166.153055580834
5,DSS,12,249000,166.153055580834
5,DSS,12,252000,166.153055580834
5,DSS,12,255000,166.153055580834
5,DSS,12,258000,166.153055580834
5,DSS,12,261000,166.153055580834
5,DSS,12,264000,166.153055580834
5,DSS,12,267000,166.153055580834
5,DSS,12,270000,166.153055580834
5,DSS,12,273000,166.153055580834
5,DSS,12,276000,166.153055580834
5,DSS,12,279000,166.153055580834
5,DSS,12,282000,166.153055580834
5,DSS,12,285000,166.153055580834
5,DSS,12,288000,166.153055580834
5,DSS,12,291000,166.153055580834
5,DSS,12,294000,166.153055580834
5,DSS,12,297000,166.153055580834
5,DSS,12,300000,166.153055580834
5,Global,12,3000,357.29565352212
5,Global,12,6000,175.669596240989
5,Global,12,9000,157.741613697035
5,Global,12,12000,156.720929768918
5,Global,12,15000,156.720929768918
5,Global,12,18000,154.550629981626
5,Global,12,21000,154.550629981626
5,Global,12,24000,154.550629981626
5,Global,12,27000,154.550629981626
5,Global,12,30000,154.550629981626
5,Global,12,33000,154.550629981626
5,Global,12,36000,154.550629981626
5,Global,12,39000,154.550629981626
5,Global,12,42000,154.550629981626
5,Global,12,45000,154.550629981626
5,Global,12,48000,154.550629981626
5,Global,12,51000,154.550629981626
5,Global,12,54000,154.550629981626
5,Global,12,57000,154.550629981626
5,Global,12,60000,154.550629981626
5,Global,12,63000,154.550629981626
5,Global,12,66000,154.550629981626
5,Global,12,69000,154.550629981626
5,Global,12,72000,154.550629981626
5,Global,12,75000,154.550629981626
5,Global,12,78000,154.550629981626
5,Global,12,81000,154.550629981626
5,Global,12,84000,154.550629981626
5,Global,12,87000,154.550629981626
5,Global,12,90000,154.550629981626
5,Global,12,93000,154.550629981626
5,Global,12,96000,154.550629981626
5,Global,12,99000,154.550629981626
5,Global,12,102000,154.550629981626
5,Global,12,105000,154.550629981626
5,Global,12,108000,154.550629981626
5,Global,12,111000,154.550629981626
5,Global,12,114000,154.550629981626
5,Global,12,117000,154.550629981626
5,Global,12,120000,154.550629981626
5,Global,12,123000,154.550629981626
5,Global,12,126000,154.550629981626
5,Global,12,129000,154.550629981626
5,Global,12,132000,154.550629981626
5,Global,12,135000,154.550629981626
5,Global,12,138000,154.550629981626
5,Global,12,141000,154.550629981626
5,Global,12,144000,154.550629981626
5,Global,12,147000,154.550629981626
5,Global,12,150000,154.550629981626
5,Global,12,153000,154.550629981626
5,Global,12,156000,154.550629981626
5,Global,12,159000,154.550629981626
5,Global,12,162000,154.550629981626
5,Global,12,165000,154.550629981626
5,Global,12,168000,154.550629981626
5,Global,12,171000,154.550629981626
5,Global,12,174000,154.439943745887
5,Global,12,177000,154.439943745887
5,Global,12,180000,154.439943745887
5,Global,12,183000,154.439943745887
5,Global,12,186000,154.439943745887
5,Global,12,189000,154.439943745887
5,Global,12,192000,127.295103834961
5,Global,12,195000,103.241305796356
5,Global,12,198000,102.700340819664
5,Global,12,201000,102.700340819664
5,Global,12,204000,102.700340819664
5,Global,12,207000,102.700340819664
5,Global,12,210000,102.700340819664
5,Global,12,213000,102.700340819664
5,Global,12,216000,102.700340819664
5,Global,12,219000,102.700340819664
5,Global,12,222000,102.700340819664
5,Global,12,225000,102.700340819664
5,Global,12,228000,102.700340819664
5,Global,12,231000,102.700340819664
5,Global,12,234000,102.700340819664
5,Global,12,237000,102.700340819664
5,Global,12,240000,102.700340819664
5,Global,12,243000,102.700340819664
5,Global,12,246000,102.700340819664
5,Global,12,249000,102.700340819664
5,Global,12,252000,102.700340819664
5,Global,12,255000,102.700340819664
5,Global,12,258000,102.700340819664
5,Global,12,261000,102.700340819664
5,Global,12,264000,102.700340819664
5,Global,12,267000,102.700340819664
5,Global,12,270000,102.700340819664
5,Global,12,273000,102.700340819664
5,Global,12,276000,102.700340819664
5,Global,12,279000,102.700340819664
5,Global,12,282000,102.700340819664
5,Global,12,285000,102.700340819664
5,Global,12,288000,102.700340819664
5,Global,12,291000,102.700340819664
5,Global,12,294000,102.700340819664
5,Global,12,297000,102.700340819664
5,Global,12,300000,102.700340819664
5,Global-Cap2,12,3000,357.29565352212
5,Global-Cap2,12,6000,175.669596240989
5,Global-Cap2,12,9000,157.741613697035
5,Global-Cap2,12,12000,156.720929768918
5,Global-Cap2,12,15000,156.720929768918
5,Global-Cap2,12,18000,154.550629981626
5,Global-Cap2,12,21000,154.550629981626
5,Global-Cap2,12,24000,154.550629981626
5,Global-Cap2,12,27000,154.550629981626
5,Global-Cap2,12,30000,154.550629981626
5,Global-Cap2,12,33000,154.550629981626
5,Global-Cap2,12,36000,154.550629981626
5,Global-Cap2,12,39000,154.550629981626
5,Global-Cap2,12,42000,154.550629981626
5,Global-Cap2,12,45000,154.550629981626
5,Global-Cap2,12,48000,154.550629981626
5,Global-Cap2,12,51000,154.550629981626
5,Global-Cap2,12,54000,154.550629981626
5,Global-Cap2,12,57000,154.550629981626
5,Global-Cap2,12,60000,154.550629981626
5,Global-Cap2,12,63000,154.550629981626
5,Global-Cap2,12,66000,154.550629981626
5,Global-Cap2,12,69000,154.550629981626
5,Global-Cap2,12,72000,154.550629981626
5,Global-Cap2,12,75000,154.550629981626
5,Global-Cap2,12,78000,154.550629981626
5,Global-Cap2,12,81000,154.550629981626
5,Global-Cap2,12,84000,154.550629981626
5,Global-Cap2,12,87000,154.550629981626
5,Global-Cap2,12,90000,154.550629981626
5,Global-Cap2,12,93000,154.550629981626
5,Global-Cap2,12,96000,154.550629981626
5,Global-Cap2,12,99000,154.550629981626
5,Global-Cap2,12,102000,154.550629981626
5,Global-Cap2,12,105000,154.550629981626
5,Global-Cap2,12,108000,154.550629981626
5,Global-Cap2,12,111000,154.550629981626
5,Global-Cap2,12,114000,154.550629981626
5,Global-Cap2,12,117000,154.550629981626
5,Global-Cap2,12,120000,154.550629981626
5,Global-Cap2,12,123000,154.550629981626
5,Global-Cap2,12,126000,154.550629981626
5,Global-Cap2,12,129000,154.550629981626
5,Global-Cap2,12,132000,154.550629981626
5,Global-Cap2,12,135000,154.550629981626
5,Global-Cap2,12,138000,154.550629981626
5,Global-Cap2,12,141000,154.550629981626
5,Global-Cap2,12,144000,154.550629981626
5,Global-Cap2,12,147000,154.550629981626
5,Global-Cap2,12,150000,154.550629981626
5,Global-Cap2,12,153000,154.550629981626
5,Global-Cap2,12,156000,154.550629981626
5,Global-Cap2,12,159000,154.550629981626
5,Global-Cap2,12,162000,154.550629981626
5,Global-Cap2,12,165000,154.550629981626
5,Global-Cap2,12,168000,154.550629981626
5,Global-Cap2,12,171000,154.550629981626
5,Global-Cap2,12,174000,154.439943745887
5,Global-Cap2,12,177000,154.439943745887
5,Global-Cap2,12,180000,154.439943745887
5,Global-Cap2,12,183000,154.439943745887
5,Global-Cap2,12,186000,154.439943745887
5,Global-Cap2,12,189000,154.439943745887
5,Global-Cap2,12,192000,127.295103834961
5,Global-Cap2,12,195000,103.241305796356
5,Global-Cap2,12,198000,102.700340819664
5,Global-Cap2,12,201000,102.700340819664
5,Global-Cap2,12,204000,102.700340819664
5,Global-Cap2,12,207000,102.700340819664
5,Global-Cap2,12,210000,102.700340819664
5,Global-Cap2,12,213000,102.700340819664
5,Global-Cap2,12,216000,102.700340819664
5,Global-Cap2,12,219000,102.700340819664
5,Global-Cap2,12,222000,102.700340819664
5,Global-Cap2,12,225000,102.700340819664
5,Global-Cap2,12,228000,102.700340819664
5,Global-Cap2,12,231000,102.700340819664
5,Global-Cap2,12,234000,102.700340819664
5,Global-Cap2,12,237000,102.700340819664
5,Global-Cap2,12,240000,102.700340819664
5,Global-Cap2,12,243000,102.700340819664
5,Global-Cap2,12,246000,102.700340819664
5,Global-Cap2,12,249000,102.700340819664
5,Global-Cap2,12,252000,102.700340819664
5,Global-Cap2,12,255000,102.700340819664
5,Global-Cap2,12,258000,102.700340819664
5,Global-Cap2,12,261000,102.700340819664
5,Global-Cap2,12,264000,102.700340819664
5,Global-Cap2,12,267000,102.700340819664
5,Global-Cap2,12,270000,102.700340819664
5,Global-Cap2,12,273000,102.700340819664
5,Global-Cap2,12,276000,102.700340819664
5,Global-Cap2,12,279000,102.700340819664
5,Global-Cap2,12,282000,102.700340819664
5,Global-Cap2,12,285000,102.700340819664
5,Global-Cap2,12,288000,102.700340819664
5,Global-Cap2,12,291000,102.700340819664
5,Global-Cap2,12,294000,102.700340819664
5,Global-Cap2,12,297000,102.700340819664
5,Global-Cap2,12,300000,102.700340819664
13,DSS,10,3000,4212756653.28582
13,DSS,10,6000,841628278.039625
13,DSS,10,9000,13886899.2583402
13,DSS,10,12000,602865.82297457
13,DSS,10,15000,414851.915502697
13,DSS,10,18000,414851.915502697
13,DSS,10,21000,414851.915502697
13,DSS,10,24000,414851.915502697
13,DSS,10,27000,414851.915502697
13,DSS,10,30000,414851.915502697
13,DSS,10,33000,414851.915502697
13,DSS,10,36000,414851.915502697
13,DSS,10,39000,414851.915502697
13,DSS,10,42000,414851.915502697
13,DSS,10,45000,414851.915502697
13,DSS,10,48000,414851.915502697
13,DSS,10,51000,414851.915502697
13,DSS,10,54000,414851.915502697
13,DSS,10,57000,414851.915502697
13,DSS,10,60000,293164.973379694
13,DSS,10,63000,159965.287527684
13,DSS,10,66000,90708.5918855557
13,DSS,10,69000,75344.7951258791
13,DSS,10,72000,39896.3698346065
13,DSS,10,75000,39277.3701610307
13,DSS,10,78000,39277.3701610307
13,DSS,10,81000,39277.3701610307
13,DSS,10,84000,39277.3701610307
13,DSS,10,87000,39277.3701610307
13,DSS,10,90000,39277.3701610307
13,DSS,10,93000,39277.3701610307
13,DSS,10,96000,39277.3701610307
13,DSS,10,99000,39277.3701610307
13,DSS,10,102000,39277.3701610307
13,DSS,10,105000,39277.3701610307
13,DSS,10,108000,39277.3701610307
13,DSS,10,111000,39277.3701610307
13,DSS,10,114000,39277.3701610307
13,DSS,10,117000,39277.3701610307
13,DSS,10,120000,39277.3701610307
13,DSS,10,123000,39277.3701610307
13,DSS,10,126000,39277.3701610307
13,DSS,10,129000,39277.3701610307
13,DSS,10,132000,39277.3701610307
13,DSS,10,135000,39277.3701610307
13,DSS,10,138000,39277.3701610307
13,DSS,10,141000,39277.3701610307
13,DSS,10,144000,39277.3701610307
13,DSS,10,147000,39277.3701610307
13,DSS,10,150000,39277.3701610307
13,DSS,10,153000,39277.3701610307
13,DSS,10,156000,39277.3701610307
13,DSS,10,159000,39277.3701610307
13,DSS,10,162000,39277.3701610307
13,DSS,10,165000,32650.8063821628
13,DSS,10,168000,29791.9284045133
13,DSS,10,171000,27965.9405783596
13,DSS,10,174000,27917.837043274
13,DSS,10,177000,27917.837043274
13,DSS,10,180000,27917.837043274
13,DSS,10,183000,27917.837043274
13,DSS,10,186000,27917.837043274
13,DSS,10,189000,27917.837043274
13,DSS,10,192000,27917.837043274
13,DSS,10,195000,27917.837043274
13,DSS,10,198000,27917.837043274
13,DSS,10,201000,27917.837043274
13,DSS,10,204000,27917.837043274
13,DSS,10,207000,27917.837043274
13,DSS,10,210000,27917.837043274
13,DSS,10,213000,27917.837043274
13,DSS,10,216000,27917.837043274
13,DSS,10,219000,27917.837043274
13,DSS,10,222000,27917.837043274
13,DSS,10,225000,27917.837043274
13,DSS,10,228000,27917.837043274
13,DSS,10,231000,27917.837043274
13,DSS,10,234000,27917.837043274
13,DSS,10,237000,27917.837043274
13,DSS,10,240000,24203.9191260725
13,DSS,10,243000,24203.9191260725
13,DSS,10,246000,24203.9191260725
13,DSS,10,249000,24203.9191260725
13,DSS,10,252000,24203.9191260725
13,DSS,10,255000,24203.9191260725
13,DSS,10,258000,24203.9191260725
13,DSS,10,261000,24203.9191260725
13,DSS,10,264000,24203.9191260725
13,DSS,10,267000,24203.9191260725
13,DSS,10,270000,24203.9191260725
13,DSS,10,273000,24203.9191260725
13,DSS,10,276000,24203.9191260725
13,DSS,10,279000,23030.2049776121
13,DSS,10,282000,22558.3570922938
13,DSS,10,285000,22558.3570922938
13,DSS,10,288000,22558.3570922938
13,DSS,10,291000,22558.3570922938
13,DSS,10,294000,22558.3570922938
13,DSS,10,297000,22558.3570922938
13,DSS,10,300000,22558.3570922938
13,Global,10,3000,785547559.457133
13,Global,10,6000,63062074.0661855
13,Global,10,9000,4379523.39583599
13,Global,10,12000,459185.145882725
13,Global,10,15000,346613.144275982
13,Global,10,18000,346613.144275982
13,Global,10,21000,346613.144275982
13,Global,10,24000,212135.323054828
13,Global,10,27000,125849.293466773
13,Global,10,30000,82799.6999729903
13,Global,10,33000,76593.3198147969
13,Global,10,36000,54866.4608994724
13,Global,10,39000,38625.5111520751
13,Global,10,42000,33968.2355984386
13,Global,10,45000,24359.066805061
13,Global,10,48000,15642.123149119
13,Global,10,51000,15626.9477097595
13,Global,10,54000,15626.9477097595
13,Global,10,57000,15626.9477097595
13,Global,10,60000,15626.9477097595
13,Global,10,63000,15626.9477097595
13,Global,10,66000,15626.9477097595
13,Global,10,69000,15626.9477097595
13,Global,10,72000,15626.9477097595
13,Global,10,75000,15626.9477097595
13,Global,10,78000,15626.9477097595
13,Global,10,81000,15626.9477097595
13,Global,10,84000,15626.9477097595
13,Global,10,87000,15626.9477097595
13,Global,10,90000,15626.9477097595
13,Global,10,93000,15626.9477097595
13,Global,10,96000,15626.9477097595
13,Global,10,99000,15626.9477097595
13,Global,10,102000,15626.9477097595
13,Global,10,105000,15626.9477097595
13,Global,10,108000,15626.9477097595
13,Global,10,111000,15626.9477097595
13,Global,10,114000,15626.9477097595
13,Global,10,117000,15626.9477097595
13,Global,10,120000,15626.9477097595
13,Global,10,123000,15626.9477097595
13,Global,10,126000,15626.9477097595
13,Global,10,129000,15626.9477097595
13,Global,10,132000,15626.9477097595
13,Global,10,135000,11378.2382045027
13,Global,10,138000,11332.6351858629
13,Global,10,141000,11332.6351858629
13,Global,10,144000,11332.6351858629
13,Global,10,147000,11332.6351858629
13,Global,10,150000,11332.6351858629
13,Global,10,153000,11332.6351858629
13,Global,10,156000,11332.6351858629
13,Global,10,159000,11332.6351858629
13,Global,10,162000,11332.6351858629
13,Global,10,165000,11332.6351858629
13,Global,10,168000,11332.6351858629
13,Global,10,171000,11332.6351858629
13,Global,10,174000,10796.8920033839
13,Global,10,177000,9675.32091759126
13,Global,10,180000,9562.94230328361
13,Global,10,183000,9482.83452896736
13,Global,10,186000,9392.96182932878
13,Global,10,189000,8879.69280749986
13,Global,10,192000,8879.69280749986
13,Global,10,195000,8402.63539323155
13,Global,10,198000,8150.81834955707
13,Global,10,201000,8150.81834955707
13,Global,10,204000,8150.81834955707
13,Global,10,207000,8150.81834955707
13,Global,10,210000,8150.81834955707
13,Global,10,213000,8150.81834955707
13,Global,10,216000,8150.81834955707
13,Global,10,219000,8150.81834955707
13,Global,10,222000,8150.81834955707
13,Global,10,225000,8150.81834955707
13,Global,10,228000,8150.81834955707
13,Global,10,231000,8150.81834955707
13,Global,10,234000,8150.81834955707
13,Global,10,237000,8150.81834955707
13,Global,10,240000,8150.81834955707
13,Global,10,243000,8150.81834955707
13,Global,10,246000,8150.81834955707
13,Global,10,249000,8150.81834955707
13,Global,10,252000,8150.81834955707
13,Global,10,255000,8150.81834955707
13,Global,10,258000,8150.81834955707
13,Global,10,261000,8150.81834955707
13,Global,10,264000,8150.81834955707
13,Global,10,267000,8150.81834955707
13,Global,10,270000,8150.81834955707
13,Global,10,273000,8150.81834955707
13,Global,10,276000,8150.81834955707
13,Global,10,279000,8150.81834955707
13,Global,10,282000,8150.81834955707
13,Global,10,285000,8150.81834955707
13,Global,10,288000,8150.81834955707
13,Global,10,291000,8150.81834955707
13,Global,10,294000,8150.81834955707
13,Global,10,297000,8150.81834955707
13,Global,10,300000,8150.81834955707
13,Global-Cap2,10,3000,688499893.865142
13,Global-Cap2,10,6000,402118021.591181
13,Global-Cap2,10,9000,2069251.93490272
13,Global-Cap2,10,12000,530145.547635814
13,Global-Cap2,10,15000,162103.211721128
13,Global-Cap2,10,18000,162103.211721128
13,Global-Cap2,10,21000,162103.211721128
13,Global-Cap2,10,24000,162103.211721128
13,Global-Cap2,10,27000,162103.211721128
13,Global-Cap2,10,30000,162103.211721128
13,Global-Cap2,10,33000,162103.211721128
13,Global-Cap2,10,36000,33108.7504037801
13,Global-Cap2,10,39000,32205.1814808572
13,Global-Cap2,10,42000,32205.1814808572
13,Global-Cap2,10,45000,32205.1814808572
13,Global-Cap2,10,48000,32205.1814808572
13,Global-Cap2,10,51000,32205.1814808572
13,Global-Cap2,10,54000,32205.1814808572
13,Global-Cap2,10,57000,32205.1814808572
13,Global-Cap2,10,60000,32205.1814808572
13,Global-Cap2,10,63000,32205.1814808572
13,Global-Cap2,10,66000,32205.1814808572
13,Global-Cap2,10,69000,32205.1814808572
13,Global-Cap2,10,72000,32205.1814808572
13,Global-Cap2,10,75000,32205.1814808572
13,Global-Cap2,10,78000,32205.1814808572
13,Global-Cap2,10,81000,32205.1814808572
13,Global-Cap2,10,84000,32205.1814808572
13,Global-Cap2,10,87000,32205.1814808572
13,Global-Cap2,10,90000,32205.1814808572
13,Global-Cap2,10,93000,32205.1814808572
13,Global-Cap2,10,96000,32205.1814808572
13,Global-Cap2,10,99000,32205.1814808572
13,Global-Cap2,10,102000,32205.1814808572
13,Global-Cap2,10,105000,32205.1814808572
13,Global-Cap2,10,108000,25619.4335274127
13,Global-Cap2,10,111000,23645.7481332389
13,Global-Cap2,10,114000,22435.9426364181
13,Global-Cap2,10,117000,22353.8834118051
13,Global-Cap2,10,120000,22353.8834118051
13,Global-Cap2,10,123000,22353.8834118051
13,Global-Cap2,10,126000,22353.8834118051
13,Global-Cap2,10,129000,22353.8834118051
13,Global-Cap2,10,132000,22353.8834118051
13,Global-Cap2,10,135000,22353.8834118051
13,Global-Cap2,10,138000,22353.8834118051
13,Global-Cap2,10,141000,22353.8834118051
13,Global-Cap2,10,144000,22353.8834118051
13,Global-Cap2,10,147000,22353.8834118051
13,Global-Cap2,10,150000,22353.8834118051
13,Global-Cap2,10,153000,22353.8834118051
13,Global-Cap2,10,156000,18780.9254936117
13,Global-Cap2,10,159000,18597.7833503948
13,Global-Cap2,10,162000,18597.7833503948
13,Global-Cap2,10,165000,18597.7833503948
13,Global-Cap2,10,168000,18597.7833503948
13,Global-Cap2,10,171000,18597.7833503948
13,Global-Cap2,10,174000,18597.7833503948
13,Global-Cap2,10,177000,18597.7833503948
13,Global-Cap2,10,180000,18597.7833503948
13,Global-Cap2,10,183000,18597.7833503948
13,Global-Cap2,10,186000,18597.7833503948
13,Global-Cap2,10,189000,18597.7833503948
13,Global-Cap2,10,192000,18318.2016193103
13,Global-Cap2,10,195000,14293.9456881321
13,Global-Cap2,10,198000,10925.3469409783
13,Global-Cap2,10,201000,10916.581497065
13,Global-Cap2,10,204000,10916.581497065
13,Global-Cap2,10,207000,10916.581497065
13,Global-Cap2,10,210000,10916.581497065
13,Global-Cap2,10,213000,10916.581497065
13,Global-Cap2,10,216000,10916.581497065
13,Global-Cap2,10,219000,10916.581497065
13,Global-Cap2,10,222000,10916.581497065
13,Global-Cap2,10,225000,10916.581497065
13,Global-Cap2,10,228000,10916.581497065
13,Global-Cap2,10,231000,10916.581497065
13,Global-Cap2,10,234000,10916.581497065
13,Global-Cap2,10,237000,10916.581497065
13,Global-Cap2,10,240000,10916.581497065
13,Global-Cap2,10,243000,10916.581497065
13,Global-Cap2,10,246000,10916.581497065
13,Global-Cap2,10,249000,10916.581497065
13,Global-Cap2,10,252000,10916.581497065
13,Global-Cap2,10,255000,10916.581497065
13,Global-Cap2,10,258000,10916.581497065
13,Global-Cap2,10,261000,10916.581497065
13,Global-Cap2,10,264000,10916.581497065
13,Global-Cap2,10,267000,10916.581497065
13,Global-Cap2,10,270000,10916.581497065
13,Global-Cap2,10,273000,10916.581497065
13,Global-Cap2,10,276000,10916.581497065
13,Global-Cap2,10,279000,10916.581497065
13,Global-Cap2,10,282000,10916.581497065
13,Global-Cap2,10,285000,10916.581497065
13,Global-Cap2,10,288000,10916.581497065
13,Global-Cap2,10,291000,10916.581497065
13,Global-Cap2,10,294000,10916.581497065
13,Global-Cap2,10,297000,10916.581497065
13,Global-Cap2,10,300000,10916.581497065
13,DSS,11,3000,999401218.490203
13,DSS,11,6000,646052642.265598
13,DSS,11,9000,1532314.21562174
13,DSS,11,12000,850940.422975894
13,DSS,11,15000,794212.95594634
13,DSS,11,18000,776360.103244509
13,DSS,11,21000,160650.154376063
13,DSS,11,24000,130148.570488856
13,DSS,11,27000,101109.152333063
13,DSS,11,30000,65312.9654342016
13,DSS,11,33000,62025.4535804176
13,DSS,11,36000,58699.81960797
13,DSS,11,39000,58035.0959655481
13,DSS,11,42000,50021.885386302
13,DSS,11,45000,44657.021279221
13,DSS,11,48000,44490.2790752735
13,DSS,11,51000,44472.2670708435
13,DSS,11,54000,43415.9509037522
13,DSS,11,57000,39833.4572388159
13,DSS,11,60000,37010.7173190765
13,DSS,11,63000,36221.5033438991
13,DSS,11,66000,31581.6865066434
13,DSS,11,69000,31403.0997766032
13,DSS,11,72000,31221.5121155552
13,DSS,11,75000,31068.1458072054
13,DSS,11,78000,30457.7503291945
13,DSS,11,81000,30382.9076503557
13,DSS,11,84000,30232.6303825917
13,DSS,11,87000,29961.4270013629
13,DSS,11,90000,29948.9349519709
13,DSS,11,93000,29948.9349519709
13,DSS,11,96000,29859.8393344936
13,DSS,11,99000,29828.9912662148
13,DSS,11,102000,29812.2950712462
13,DSS,11,105000,29812.2950712462
13,DSS,11,108000,29812.2950712462
13,DSS,11,111000,29812.2950712462
13,DSS,11,114000,29812.2950712462
13,DSS,11,117000,29812.2950712462
13,DSS,11,120000,29812.2950712462
13,DSS,11,123000,29812.2950712462
13,DSS,11,126000,29812.2950712462
13,DSS,11,129000,29812.2950712462
13,DSS,11,132000,29812.2950712462
13,DSS,11,135000,29812.2950712462
13,DSS,11,138000,29812.2950712462
13,DSS,11,141000,29812.2950712462
13,DSS,11,144000,29812.2950712462
13,DSS,11,147000,29812.2950712462
13,DSS,11,150000,29812.2950712462
13,DSS,11,153000,29812.2950712462
13,DSS,11,156000,29812.2950712462
13,DSS,11,159000,29812.2950712462
13,DSS,11,162000,29812.2950712462
13,DSS,11,165000,29812.2950712462
13,DSS,11,168000,29812.2950712462
13,DSS,11,171000,29812.2950712462
13,DSS,11,174000,29812.2950712462
13,DSS,11,177000,29812.2950712462
13,DSS,11,180000,28213.5908292676
13,DSS,11,183000,26348.8718047701
13,DSS,11,186000,26209.8009700941
13,DSS,11,189000,26179.9785004883
13,DSS,11,192000,25828.4869725179
13,DSS,11,195000,25773.6951985747
13,DSS,11,198000,25145.3724573242
13,DSS,11,201000,25131.4047050821
13,DSS,11,204000,24813.9481126584
13,DSS,11,207000,24752.965975465
13,DSS,11,210000,24722.0507951739
13,DSS,11,213000,24700.7000892829
13,DSS,11,216000,24699.1438060761
13,DSS,11,219000,24693.6642174399
13,DSS,11,222000,24624.4138982262
13,DSS,11,225000,24622.4360919623
13,DSS,11,228000,24621.8220975716
13,DSS,11,231000,24620.0674663827
13,DSS,11,234000,24617.161954356
13,DSS,11,237000,24595.4429984087
13,DSS,11,240000,24582.1380053968
13,DSS,11,243000,24569.6796268657
13,DSS,11,246000,24569.4589680156
13,DSS,11,249000,24569.2884652784
13,DSS,11,252000,24566.3327511397
13,DSS,11,255000,24559.5762906787
13,DSS,11,258000,24558.6699469037
13,DSS,11,261000,24497.3723796206
13,DSS,11,264000,24495.1635894878
13,DSS,11,267000,24485.9585355838
13,DSS,11,270000,24479.9833053431
13,DSS,11,273000,24446.952867414
13,DSS,11,276000,24446.952867414
13,DSS,11,279000,24441.6529470271
13,DSS,11,282000,24441.6529470271
13,DSS,11,285000,24441.6529470271
13,DSS,11,288000,24441.6529470271
13,DSS,11,291000,24355.0698574909
13,DSS,11,294000,24348.8940260745
13,DSS,11,297000,24348.8940260745
13,DSS,11,300000,24348.8940260745
13,Global,11,3000,1589638834.00106
13,Global,11,6000,179915015.757407
13,Global,11,9000,2531841.51168714
13,Global,11,12000,670130.816716601
13,Global,11,15000,145993.086765331
13,Global,11,18000,109002.389452046
13,Global,11,21000,109002.389452046
13,Global,11,24000,109002.389452046
13,Global,11,27000,109002.389452046
13,Global,11,30000,109002.389452046
13,Global,11,33000,109002.389452046
13,Global,11,36000,109002.389452046
13,Global,11,39000,109002.389452046
13,Global,11,42000,109002.389452046
13,Global,11,45000,109002.389452046
13,Global,11,48000,109002.389452046
13,Global,11,51000,109002.389452046
13,Global,11,54000,109002.389452046
13,Global,11,57000,109002.389452046
13,Global,11,60000,69502.6666777955
13,Global,11,63000,64565.0822421101
13,Global,11,66000,64565.0822421101
13,Global,11,69000,64565.0822421101
13,Global,11,72000,64565.0822421101
13,Global,11,75000,64565.0822421101
13,Global,11,78000,64565.0822421101
13,Global,11,81000,64565.0822421101
13,Global,11,84000,45282.7248182897
13,Global,11,87000,43831.0408289016
13,Global,11,90000,43026.3478230873
13,Global,11,93000,30204.7971275853
13,Global,11,96000,29187.0662521196
13,Global,11,99000,28683.7315534403
13,Global,11,102000,28168.0856493842
13,Global,11,105000,21810.5939882185
13,Global,11,108000,21709.1105501448
13,Global,11,111000,18593.7503703076
13,Global,11,114000,16757.2177091861
13,Global,11,117000,16196.1470243837
13,Global,11,120000,15986.4417630217
13,Global,11,123000,15611.8885236085
13,Global,11,126000,15554.097331489
13,Global,11,129000,15554.097331489
13,Global,11,132000,15554.097331489
13,Global,11,135000,15554.097331489
13,Global,11,138000,15554.097331489
13,Global,11,141000,15554.097331489
13,Global,11,144000,15554.097331489
13,Global,11,147000,15554.097331489
13,Global,11,150000,15554.097331489
13,Global,11,153000,15554.097331489
13,Global,11,156000,15554.097331489
13,Global,11,159000,15554.097331489
13,Global,11,162000,15554.097331489
13,Global,11,165000,15554.097331489
13,Global,11,168000,15554.097331489
13,Global,11,171000,15554.097331489
13,Global,11,174000,15554.097331489
13,Global,11,177000,15554.097331489
13,Global,11,180000,15554.097331489
13,Global,11,183000,15554.097331489
13,Global,11,186000,15554.097331489
13,Global,11,189000,15554.097331489
13,Global,11,192000,15554.097331489
13,Global,11,195000,15554.097331489
13,Global,11,198000,15554.097331489
13,Global,11,201000,15554.097331489
13,Global,11,204000,15554.097331489
13,Global,11,207000,15554.097331489
13,Global,11,210000,15554.097331489
13,Global,11,213000,15554.097331489
13,Global,11,216000,15554.097331489
13,Global,11,219000,15554.097331489
13,Global,11,222000,15554.097331489
13,Global,11,225000,15554.097331489
13,Global,11,228000,15554.097331489
13,Global,11,231000,15554.097331489
13,Global,11,234000,15554.097331489
13,Global,11,237000,15554.097331489
13,Global,11,240000,15554.097331489
13,Global,11,243000,15554.097331489
13,Global,11,246000,15554.097331489
13,Global,11,249000,15554.097331489
13,Global,11,252000,15554.097331489
13,Global,11,255000,15554.097331489
13,Global,11,258000,15554.097331489
13,Global,11,261000,15554.097331489
13,Global,11,264000,15554.097331489
13,Global,11,267000,14233.8303300767
13,Global,11,270000,14188.3084532127
13,Global,11,273000,14188.3084532127
13,Global,11,276000,14188.3084532127
13,Global,11,279000,14188.3084532127
13,Global,11,282000,14188.3084532127
13,Global,11,285000,14188.3084532127
13,Global,11,288000,14188.3084532127
13,Global,11,291000,14188.3084532127
13,Global,11,294000,14188.3084532127
13,Global,11,297000,14188.3084532127
13,Global,11,300000,14188.3084532127
13,Global-Cap2,11,3000,486392725.466581
13,Global-Cap2,11,6000,48612908.797185
13,Global-Cap2,11,9000,603113.855006741
13,Global-Cap2,11,12000,248892.953910579
13,Global-Cap2,11,15000,121423.810301566
13,Global-Cap2,11,18000,102920.370726666
13,Global-Cap2,11,21000,102920.370726666
13,Global-Cap2,11,24000,102920.370726666
13,Global-Cap2,11,27000,102920.370726666
13,Global-Cap2,11,30000,102920.370726666
13,Global-Cap2,11,33000,102920.370726666
13,Global-Cap2,11,36000,102920.370726666
13,Global-Cap2,11,39000,102920.370726666
13,Global-Cap2,11,42000,102920.370726666
13,Global-Cap2,11,45000,102920.370726666
13,Global-Cap2,11,48000,102920.370726666
13,Global-Cap2,11,51000,90829.6679699247
13,Global-Cap2,11,54000,80206.4230044777
13,Global-Cap2,11,57000,39869.53151975
13,Global-Cap2,11,60000,33373.8688789
13,Global-Cap2,11,63000,32782.8717292601
13,Global-Cap2,11,66000,32782.8717292601
13,Global-Cap2,11,69000,32782.8717292601
13,Global-Cap2,11,72000,19248.4356381603
13,Global-Cap2,11,75000,17688.5449487579
13,Global-Cap2,11,78000,16518.5160196192
13,Global-Cap2,11,81000,16518.5160196192
13,Global-Cap2,11,84000,16518.5160196192
13,Global-Cap2,11,87000,16518.5160196192
13,Global-Cap2,11,90000,16518.5160196192
13,Global-Cap2,11,93000,16518.5160196192
13,Global-Cap2,11,96000,16518.5160196192
13,Global-Cap2,11,99000,16518.5160196192
13,Global-Cap2,11,102000,16518.5160196192
13,Global-Cap2,11,105000,16518.5160196192
13,Global-Cap2,11,108000,16518.5160196192
13,Global-Cap2,11,111000,16518.5160196192
13,Global-Cap2,11,114000,16518.5160196192
13,Global-Cap2,11,117000,16518.5160196192
13,Global-Cap2,11,120000,16518.5160196192
13,Global-Cap2,11,123000,16518.5160196192
13,Global-Cap2,11,126000,15220.6008787238
13,Global-Cap2,11,129000,15220.6008787238
13,Global-Cap2,11,132000,15220.6008787238
13,Global-Cap2,11,135000,15220.6008787238
13,Global-Cap2,11,138000,11454.1527059584
13,Global-Cap2,11,141000,11454.1527059584
13,Global-Cap2,11,144000,11454.1527059584
13,Global-Cap2,11,147000,11454.1527059584
13,Global-Cap2,11,150000,11454.1527059584
13,Global-Cap2,11,153000,11454.1527059584
13,Global-Cap2,11,156000,11454.1527059584
13,Global-Cap2,11,159000,11454.1527059584
13,Global-Cap2,11,162000,11454.1527059584
13,Global-Cap2,11,165000,11454.1527059584
13,Global-Cap2,11,168000,11454.1527059584
13,Global-Cap2,11,171000,11454.1527059584
13,Global-Cap2,11,174000,11454.1527059584
13,Global-Cap2,11,177000,11454.1527059584
13,Global-Cap2,11,180000,11454.1527059584
13,Global-Cap2,11,183000,11454.1527059584
13,Global-Cap2,11,186000,11454.1527059584
13,Global-Cap2,11,189000,11454.1527059584
13,Global-Cap2,11,192000,10389.8208245542
13,Global-Cap2,11,195000,10389.8208245542
13,Global-Cap2,11,198000,10389.8208245542
13,Global-Cap2,11,201000,10389.8208245542
13,Global-Cap2,11,204000,8998.45245022357
13,Global-Cap2,11,207000,8998.45245022357
13,Global-Cap2,11,210000,8998.45245022357
13,Global-Cap2,11,213000,8998.45245022357
13,Global-Cap2,11,216000,8998.45245022357
13,Global-Cap2,11,219000,8998.45245022357
13,Global-Cap2,11,222000,8998.45245022357
13,Global-Cap2,11,225000,8998.45245022357
13,Global-Cap2,11,228000,8998.45245022357
13,Global-Cap2,11,231000,8998.45245022357
13,Global-Cap2,11,234000,7061.35364175132
13,Global-Cap2,11,237000,3883.20462118098
13,Global-Cap2,11,240000,3280.01733433198
13,Global-Cap2,11,243000,2523.98385893431
13,Global-Cap2,11,246000,2298.44484658451
13,Global-Cap2,11,249000,2298.44484658451
13,Global-Cap2,11,252000,2298.44484658451
13,Global-Cap2,11,255000,2298.44484658451
13,Global-Cap2,11,258000,2298.44484658451
13,Global-Cap2,11,261000,2298.44484658451
13,Global-Cap2,11,264000,2298.44484658451
13,Global-Cap2,11,267000,2298.44484658451
13,Global-Cap2,11,270000,2298.44484658451
13,Global-Cap2,11,273000,1837.65328938201
13,Global-Cap2,11,276000,1833.47136998354
13,Global-Cap2,11,279000,1833.47136998354
13,Global-Cap2,11,282000,1833.47136998354
13,Global-Cap2,11,285000,1833.47136998354
13,Global-Cap2,11,288000,1833.47136998354
13,Global-Cap2,11,291000,1833.47136998354
13,Global-Cap2,11,294000,1833.47136998354
13,Global-Cap2,11,297000,1833.47136998354
13,Global-Cap2,11,300000,1833.47136998354
13,DSS,12,3000,369580947.911403
13,DSS,12,6000,369580947.911403
13,DSS,12,9000,118411514.312011
13,DSS,12,12000,65996309.1190655
13,DSS,12,15000,44377237.3338831
13,DSS,12,18000,12469781.3311381
13,DSS,12,21000,600546.562101939
13,DSS,12,24000,477808.848379392
13,DSS,12,27000,477808.848379392
13,DSS,12,30000,104376.864550436
13,DSS,12,33000,104376.864550436
13,DSS,12,36000,104376.864550436
13,DSS,12,39000,104376.864550436
13,DSS,12,42000,104376.864550436
13,DSS,12,45000,104376.864550436
13,DSS,12,48000,104376.864550436
13,DSS,12,51000,104376.864550436
13,DSS,12,54000,104376.864550436
13,DSS,12,57000,104376.864550436
13,DSS,12,60000,104376.864550436
13,DSS,12,63000,104376.864550436
13,DSS,12,66000,45813.127099916
13,DSS,12,69000,43013.7720035472
13,DSS,12,72000,42765.9136797218
13,DSS,12,75000,42764.5178006157
13,DSS,12,78000,42764.5178006157
13,DSS,12,81000,42764.5178006157
13,DSS,12,84000,42764.5178006157
13,DSS,12,87000,42764.5178006157
13,DSS,12,90000,42764.5178006157
13,DSS,12,93000,42764.5178006157
13,DSS,12,96000,42764.5178006157
13,DSS,12,99000,42275.6254142994
13,DSS,12,102000,42275.6254142994
13,DSS,12,105000,42275.6254142994
13,DSS,12,108000,42275.6254142994
13,DSS,12,111000,27072.6129609991
13,DSS,12,114000,23320.0167056524
13,DSS,12,117000,20957.1789402098
13,DSS,12,120000,20938.5217057751
13,DSS,12,123000,18172.0558873963
13,DSS,12,126000,16302.1675204297
13,DSS,12,129000,14794.5558653889
13,DSS,12,132000,14732.6250170902
13,DSS,12,135000,14732.6250170902
13,DSS,12,138000,14732.6250170902
13,DSS,12,141000,14732.6250170902
13,DSS,12,144000,14732.6250170902
13,DSS,12,147000,14732.6250170902
13,DSS,12,150000,14732.6250170902
13,DSS,12,153000,14732.6250170902
13,DSS,12,156000,14732.6250170902
13,DSS,12,159000,14732.6250170902
13,DSS,12,162000,14732.6250170902
13,DSS,12,165000,14732.6250170902
13,DSS,12,168000,14732.6250170902
13,DSS,12,171000,14732.6250170902
13,DSS,12,174000,14732.6250170902
13,DSS,12,177000,14732.6250170902
13,DSS,12,180000,14732.6250170902
13,DSS,12,183000,14732.6250170902
13,DSS,12,186000,14732.6250170902
13,DSS,12,189000,14732.6250170902
13,DSS,12,192000,14732.6250170902
13,DSS,12,195000,14732.6250170902
13,DSS,12,198000,14732.6250170902
13,DSS,12,201000,14732.6250170902
13,DSS,12,204000,14732.6250170902
13,DSS,12,207000,14732.6250170902
13,DSS,12,210000,14732.6250170902
13,DSS,12,213000,14732.6250170902
13,DSS,12,216000,14732.6250170902
13,DSS,12,219000,14732.6250170902
13,DSS,12,222000,14732.6250170902
13,DSS,12,225000,14732.6250170902
13,DSS,12,228000,14732.6250170902
13,DSS,12,231000,14732.6250170902
13,DSS,12,234000,14732.6250170902
13,DSS,12,237000,14732.6250170902
13,DSS,12,240000,14732.6250170902
13,DSS,12,243000,14732.6250170902
13,DSS,12,246000,14732.6250170902
13,DSS,12,249000,14732.6250170902
13,DSS,12,252000,14732.6250170902
13,DSS,12,255000,14732.6250170902
13,DSS,12,258000,14732.6250170902
13,DSS,12,261000,14732.6250170902
13,DSS,12,264000,14732.6250170902
13,DSS,12,267000,14732.6250170902
13,DSS,12,270000,14732.6250170902
13,DSS,12,273000,14732.6250170902
13,DSS,12,276000,14732.6250170902
13,DSS,12,279000,14732.6250170902
13,DSS,12,282000,14732.6250170902
13,DSS,12,285000,14732.6250170902
13,DSS,12,288000,14732.6250170902
13,DSS,12,291000,14732.6250170902
13,DSS,12,294000,14732.6250170902
13,DSS,12,297000,14732.6250170902
13,DSS,12,300000,14732.6250170902
13,Global,12,3000,917011920.705903
13,Global,12,6000,15503950.3707251
13,Global,12,9000,705216.260794482
13,Global,12,12000,212007.083820624
13,Global,12,15000,181425.454318443
13,Global,12,18000,65795.1657169352
13,Global,12,21000,36469.2048340992
13,Global,12,24000,36469.2048340992
13,Global,12,27000,36469.2048340992
13,Global,12,30000,36469.2048340992
13,Global,12,33000,36469.2048340992
13,Global,12,36000,36469.2048340992
13,Global,12,39000,36469.2048340992
13,Global,12,42000,36469.2048340992
13,Global,12,45000,36469.2048340992
13,Global,12,48000,36469.2048340992
13,Global,12,51000,36469.2048340992
13,Global,12,54000,36469.2048340992
13,Global,12,57000,36469.2048340992
13,Global,12,60000,36469.2048340992
13,Global,12,63000,36469.2048340992
13,Global,12,66000,36469.2048340992
13,Global,12,69000,36469.2048340992
13,Global,12,72000,36469.2048340992
13,Global,12,75000,36469.2048340992
13,Global,12,78000,36469.2048340992
13,Global,12,81000,36469.2048340992
13,Global,12,84000,36469.2048340992
13,Global,12,87000,36469.2048340992
13,Global,12,90000,36469.2048340992
13,Global,12,93000,36469.2048340992
13,Global,12,96000,31985.8339454086
13,Global,12,99000,30500.0888399605
13,Global,12,102000,30500.0888399605
13,Global,12,105000,30500.0888399605
13,Global,12,108000,30500.0888399605
13,Global,12,111000,30500.0888399605
13,Global,12,114000,30500.0888399605
13,Global,12,117000,26508.1194050475
13,Global,12,120000,26508.1194050475
13,Global,12,123000,26508.1194050475
13,Global,12,126000,26508.1194050475
13,Global,12,129000,26508.1194050475
13,Global,12,132000,26508.1194050475
13,Global,12,135000,26508.1194050475
13,Global,12,138000,20145.5612197699
13,Global,12,141000,8693.78086601436
13,Global,12,144000,8393.27137839716
13,Global,12,147000,7215.34283821641
13,Global,12,150000,7215.34283821641
13,Global,12,153000,7215.34283821641
13,Global,12,156000,7215.34283821641
13,Global,12,159000,7215.34283821641
13,Global,12,162000,7215.34283821641
13,Global,12,165000,7215.34283821641
13,Global,12,168000,7215.34283821641
13,Global,12,171000,7215.34283821641
13,Global,12,174000,7215.34283821641
13,Global,12,177000,7215.34283821641
13,Global,12,180000,7215.34283821641
13,Global,12,183000,7215.34283821641
13,Global,12,186000,7215.34283821641
13,Global,12,189000,7215.34283821641
13,Global,12,192000,7215.34283821641
13,Global,12,195000,7215.34283821641
13,Global,12,198000,7215.34283821641
13,Global,12,201000,7215.34283821641
13,Global,12,204000,7215.34283821641
13,Global,12,207000,7215.34283821641
13,Global,12,210000,7215.34283821641
13,Global,12,213000,7215.34283821641
13,Global,12,216000,7215.34283821641
13,Global,12,219000,7215.34283821641
13,Global,12,222000,7215.34283821641
13,Global,12,225000,7215.34283821641
13,Global,12,228000,7215.34283821641
13,Global,12,231000,7215.34283821641
13,Global,12,234000,7215.34283821641
13,Global,12,237000,7215.34283821641
13,Global,12,240000,7215.34283821641
13,Global,12,243000,7215.34283821641
13,Global,12,246000,7215.34283821641
13,Global,12,249000,7215.34283821641
13,Global,12,252000,7215.34283821641
13,Global,12,255000,7215.34283821641
13,Global,12,258000,7215.34283821641
13,Global,12,261000,7215.34283821641
13,Global,12,264000,7215.34283821641
13,Global,12,267000,7215.34283821641
13,Global,12,270000,7215.34283821641
13,Global,12,273000,7215.34283821641
13,Global,12,276000,7215.34283821641
13,Global,12,279000,7215.34283821641
13,Global,12,282000,7215.34283821641
13,Global,12,285000,7215.34283821641
13,Global,12,288000,7215.34283821641
13,Global,12,291000,7215.34283821641
13,Global,12,294000,7215.34283821641
13,Global,12,297000,7215.34283821641
13,Global,12,300000,7215.34283821641
13,Global-Cap2,12,3000,1081063448.32271
13,Global-Cap2,12,6000,55081037.6481118
13,Global-Cap2,12,9000,21505866.416894
13,Global-Cap2,12,12000,2624157.92288404
13,Global-Cap2,12,15000,1318550.14211601
13,Global-Cap2,12,18000,1102069.66956476
13,Global-Cap2,12,21000,394325.923973265
13,Global-Cap2,12,24000,394325.923973265
13,Global-Cap2,12,27000,394325.923973265
13,Global-Cap2,12,30000,394325.923973265
13,Global-Cap2,12,33000,394325.923973265
13,Global-Cap2,12,36000,394325.923973265
13,Global-Cap2,12,39000,231972.264139955
13,Global-Cap2,12,42000,159963.891725204
13,Global-Cap2,12,45000,97682.3930411111
13,Global-Cap2,12,48000,97682.3930411111
13,Global-Cap2,12,51000,97682.3930411111
13,Global-Cap2,12,54000,97682.3930411111
13,Global-Cap2,12,57000,97682.3930411111
13,Global-Cap2,12,60000,97682.3930411111
13,Global-Cap2,12,63000,97682.3930411111
13,Global-Cap2,12,66000,97682.3930411111
13,Global-Cap2,12,69000,97682.3930411111
13,Global-Cap2,12,72000,97682.3930411111
13,Global-Cap2,12,75000,97682.3930411111
13,Global-Cap2,12,78000,97682.3930411111
13,Global-Cap2,12,81000,97682.3930411111
13,Global-Cap2,12,84000,97682.3930411111
13,Global-Cap2,12,87000,68466.5240907167
13,Global-Cap2,12,90000,51691.0945023131
13,Global-Cap2,12,93000,27579.352853031
13,Global-Cap2,12,96000,24505.8748062368
13,Global-Cap2,12,99000,22554.2854742812
13,Global-Cap2,12,102000,19494.0810675046
13,Global-Cap2,12,105000,9557.80660446592
13,Global-Cap2,12,108000,8643.29321508037
13,Global-Cap2,12,111000,8626.68041349872
13,Global-Cap2,12,114000,8626.68041349872
13,Global-Cap2,12,117000,8626.68041349872
13,Global-Cap2,12,120000,8626.68041349872
13,Global-Cap2,12,123000,8626.68041349872
13,Global-Cap2,12,126000,8626.68041349872
13,Global-Cap2,12,129000,8626.68041349872
13,Global-Cap2,12,132000,8626.68041349872
13,Global-Cap2,12,135000,8626.68041349872
13,Global-Cap2,12,138000,8626.68041349872
13,Global-Cap2,12,141000,8626.68041349872
13,Global-Cap2,12,144000,8626.68041349872
13,Global-Cap2,12,147000,8626.68041349872
13,Global-Cap2,12,150000,8626.68041349872
13,Global-Cap2,12,153000,8626.68041349872
13,Global-Cap2,12,156000,8626.68041349872
13,Global-Cap2,12,159000,8626.68041349872
13,Global-Cap2,12,162000,8626.68041349872
13,Global-Cap2,12,165000,8626.68041349872
13,Global-Cap2,12,168000,8626.68041349872
13,Global-Cap2,12,171000,8626.68041349872
13,Global-Cap2,12,174000,8626.68041349872
13,Global-Cap2,12,177000,8626.68041349872
13,Global-Cap2,12,180000,8626.68041349872
13,Global-Cap2,12,183000,8626.68041349872
13,Global-Cap2,12,186000,8626.68041349872
13,Global-Cap2,12,189000,8626.68041349872
13,Global-Cap2,12,192000,8626.68041349872
13,Global-Cap2,12,195000,8626.68041349872
13,Global-Cap2,12,198000,8626.68041349872
13,Global-Cap2,12,201000,8626.68041349872
13,Global-Cap2,12,204000,8626.68041349872
13,Global-Cap2,12,207000,8626.68041349872
13,Global-Cap2,12,210000,8626.68041349872
13,Global-Cap2,12,213000,8626.68041349872
13,Global-Cap2,12,216000,8114.91611075204
13,Global-Cap2,12,219000,7678.46245479663
13,Global-Cap2,12,222000,6043.30200402201
13,Global-Cap2,12,225000,5703.55277592263
13,Global-Cap2,12,228000,5458.5456906783
13,Global-Cap2,12,231000,5412.73452902713
13,Global-Cap2,12,234000,5333.53848970154
13,Global-Cap2,12,237000,5333.53848970154
13,Global-Cap2,12,240000,5333.53848970154
13,Global-Cap2,12,243000,5333.53848970154
13,Global-Cap2,12,246000,5333.53848970154
13,Global-Cap2,12,249000,5333.53848970154
13,Global-Cap2,12,252000,5333.53848970154
13,Global-Cap2,12,255000,5333.53848970154
13,Global-Cap2,12,258000,5333.53848970154
13,Global-Cap2,12,261000,5333.53848970154
13,Global-Cap2,12,264000,4673.64481056908
13,Global-Cap2,12,267000,4148.54093131414
13,Global-Cap2,12,270000,3704.31722591642
13,Global-Cap2,12,273000,3427.20439624475
13,Global-Cap2,12,276000,3421.47887108511
13,Global-Cap2,12,279000,3307.0380591897
13,Global-Cap2,12,282000,3245.54388605725
13,Global-Cap2,12,285000,3233.65990316184
13,Global-Cap2,12,288000,3160.98751747975
13,Global-Cap2,12,291000,3109.86876359639
13,Global-Cap2,12,294000,3100.77871516359
13,Global-Cap2,12,297000,3090.5307037529
13,Global-Cap2,12,300000,3084.84498217083
15,DSS,10,3000,298931408.187393
15,DSS,10,6000,228791846.286579
15,DSS,10,9000,29584006.8455417
15,DSS,10,12000,8792488.56086206
15,DSS,10,15000,4181134.61883268
15,DSS,10,18000,325444.852957993
15,DSS,10,21000,86077.5702535116
15,DSS,10,24000,46970.1091612884
15,DSS,10,27000,46970.1091612884
15,DSS,10,30000,46970.1091612884
15,DSS,10,33000,46970.1091612884
15,DSS,10,36000,46970.1091612884
15,DSS,10,39000,46970.1091612884
15,DSS,10,42000,46970.1091612884
15,DSS,10,45000,46970.1091612884
15,DSS,10,48000,46970.1091612884
15,DSS,10,51000,46970.1091612884
15,DSS,10,54000,46970.1091612884
15,DSS,10,57000,46970.1091612884
15,DSS,10,60000,46970.1091612884
15,DSS,10,63000,46970.1091612884
15,DSS,10,66000,46970.1091612884
15,DSS,10,69000,46970.1091612884
15,DSS,10,72000,46970.1091612884
15,DSS,10,75000,46970.1091612884
15,DSS,10,78000,46970.1091612884
15,DSS,10,81000,46970.1091612884
15,DSS,10,84000,46970.1091612884
15,DSS,10,87000,46970.1091612884
15,DSS,10,90000,46970.1091612884
15,DSS,10,93000,46970.1091612884
15,DSS,10,96000,46970.1091612884
15,DSS,10,99000,46970.1091612884
15,DSS,10,102000,46970.1091612884
15,DSS,10,105000,46970.1091612884
15,DSS,10,108000,38568.4048659606
15,DSS,10,111000,38568.4048659606
15,DSS,10,114000,38568.4048659606
15,DSS,10,117000,38568.4048659606
15,DSS,10,120000,34440.8713021804
15,DSS,10,123000,34440.8713021804
15,DSS,10,126000,33361.4632753843
15,DSS,10,129000,33274.1775297626
15,DSS,10,132000,33274.1775297626
15,DSS,10,135000,17841.0434566698
15,DSS,10,138000,15865.9084288218
15,DSS,10,141000,15865.9084288218
15,DSS,10,144000,15865.9084288218
15,DSS,10,147000,15865.9084288218
15,DSS,10,150000,15865.9084288218
15,DSS,10,153000,15865.9084288218
15,DSS,10,156000,15865.9084288218
15,DSS,10,159000,15865.9084288218
15,DSS,10,162000,15865.9084288218
15,DSS,10,165000,15865.9084288218
15,DSS,10,168000,15865.9084288218
15,DSS,10,171000,15865.9084288218
15,DSS,10,174000,15865.9084288218
15,DSS,10,177000,15865.9084288218
15,DSS,10,180000,15865.9084288218
15,DSS,10,183000,14456.7098073541
15,DSS,10,186000,14442.2679653324
15,DSS,10,189000,10083.7531741067
15,DSS,10,192000,10083.7531741067
15,DSS,10,195000,10083.7531741067
15,DSS,10,198000,10083.7531741067
15,DSS,10,201000,8876.85379135667
15,DSS,10,204000,8874.86013131378
15,DSS,10,207000,4713.78063875871
15,DSS,10,210000,2907.11412277034
15,DSS,10,213000,2906.14274796913
15,DSS,10,216000,2906.14274796913
15,DSS,10,219000,2906.14274796913
15,DSS,10,222000,2906.14274796913
15,DSS,10,225000,2906.14274796913
15,DSS,10,228000,2707.41806887382
15,DSS,10,231000,2707.41806887382
15,DSS,10,234000,2707.41806887382
15,DSS,10,237000,2707.41806887382
15,DSS,10,240000,2707.41806887382
15,DSS,10,243000,2707.41806887382
15,DSS,10,246000,2707.41806887382
15,DSS,10,249000,2707.41806887382
15,DSS,10,252000,2707.41806887382
15,DSS,10,255000,2707.41806887382
15,DSS,10,258000,2707.41806887382
15,DSS,10,261000,2707.41806887382
15,DSS,10,264000,2707.41806887382
15,DSS,10,267000,2707.41806887382
15,DSS,10,270000,2277.92599900182
15,DSS,10,273000,2034.30121214222
15,DSS,10,276000,1903.57806947028
15,DSS,10,279000,1889.45957908783
15,DSS,10,282000,1848.73412291856
15,DSS,10,285000,1771.06117993584
15,DSS,10,288000,1753.93937539522
15,DSS,10,291000,1747.1307594687
15,DSS,10,294000,1743.1633359331
15,DSS,10,297000,1741.22351926363
15,DSS,10,300000,1739.07264078868
15,Global,10,3000,1406455.1132454
15,Global,10,6000,42682.237586585
15,Global,10,9000,11458.2948536161
15,Global,10,12000,6891.67314268571
15,Global,10,15000,6385.46488641452
15,Global,10,18000,5133.33261062058
15,Global,10,21000,4689.1302125275
15,Global,10,24000,4653.57388837583
15,Global,10,27000,4641.78778262658
15,Global,10,30000,4641.36488403533
15,Global,10,33000,4641.36488403533
15,Global,10,36000,4641.36488403533
15,Global,10,39000,4641.36488403533
15,Global,10,42000,4641.36488403533
15,Global,10,45000,3373.9313486202
15,Global,10,48000,3373.9313486202
15,Global,10,51000,3373.9313486202
15,Global,10,54000,3373.9313486202
15,Global,10,57000,3373.9313486202
15,Global,10,60000,3373.9313486202
15,Global,10,63000,3373.9313486202
15,Global,10,66000,3373.9313486202
15,Global,10,69000,3373.9313486202
15,Global,10,72000,3373.9313486202
15,Global,10,75000,3373.9313486202
15,Global,10,78000,3373.9313486202
15,Global,10,81000,3373.9313486202
15,Global,10,84000,3373.9313486202
15,Global,10,87000,3373.9313486202
15,Global,10,90000,3373.9313486202
15,Global,10,93000,3373.9313486202
15,Global,10,96000,3373.9313486202
15,Global,10,99000,3373.9313486202
15,Global,10,102000,3373.9313486202
15,Global,10,105000,3373.9313486202
15,Global,10,108000,3373.9313486202
15,Global,10,111000,3373.9313486202
15,Global,10,114000,3373.9313486202
15,Global,10,117000,3373.9313486202
15,Global,10,120000,3373.9313486202
15,Global,10,123000,3163.77299865677
15,Global,10,126000,2637.19132754027
15,Global,10,129000,2625.79908765572
15,Global,10,132000,2619.29897798359
15,Global,10,135000,2583.80135767405
15,Global,10,138000,2583.80135767405
15,Global,10,141000,2583.80135767405
15,Global,10,144000,2583.80135767405
15,Global,10,147000,2583.80135767405
15,Global,10,150000,2583.80135767405
15,Global,10,153000,2583.80135767405
15,Global,10,156000,2583.80135767405
15,Global,10,159000,2583.80135767405
15,Global,10,162000,2583.80135767405
15,Global,10,165000,2289.7956893
15,Global,10,168000,1453.14923236523
15,Global,10,171000,1449.75103117664
15,Global,10,174000,1328.97733889092
15,Global,10,177000,1114.79754936358
15,Global,10,180000,1035.55081027851
15,Global,10,183000,702.457807283393
15,Global,10,186000,586.518248524337
15,Global,10,189000,581.923066554957
15,Global,10,192000,581.574906844544
15,Global,10,195000,542.86628332082
15,Global,10,198000,251.212672245263
15,Global,10,201000,250.502021081241
15,Global,10,204000,243.352802373937
15,Global,10,207000,233.834106386317
15,Global,10,210000,233.834106386317
15,Global,10,213000,232.758871590602
15,Global,10,216000,232.758871590602
15,Global,10,219000,232.758871590602
15,Global,10,222000,232.758871590602
15,Global,10,225000,232.758871590602
15,Global,10,228000,232.758871590602
15,Global,10,231000,232.758871590602
15,Global,10,234000,232.758871590602
15,Global,10,237000,232.758871590602
15,Global,10,240000,232.758871590602
15,Global,10,243000,232.758871590602
15,Global,10,246000,232.758871590602
15,Global,10,249000,232.758871590602
15,Global,10,252000,232.758871590602
15,Global,10,255000,232.758871590602
15,Global,10,258000,232.758871590602
15,Global,10,261000,232.758871590602
15,Global,10,264000,232.758871590602
15,Global,10,267000,232.758871590602
15,Global,10,270000,232.758871590602
15,Global,10,273000,232.758871590602
15,Global,10,276000,232.758871590602
15,Global,10,279000,232.758871590602
15,Global,10,282000,232.758871590602
15,Global,10,285000,232.758871590602
15,Global,10,288000,232.758871590602
15,Global,10,291000,232.758871590602
15,Global,10,294000,232.758871590602
15,Global,10,297000,232.758871590602
15,Global,10,300000,232.758871590602
15,Global-Cap2,10,3000,1406455.1132454
15,Global-Cap2,10,6000,42682.237586585
15,Global-Cap2,10,9000,11458.2948536161
15,Global-Cap2,10,12000,6891.67314268571
15,Global-Cap2,10,15000,6385.46488641452
15,Global-Cap2,10,18000,5133.33261062058
15,Global-Cap2,10,21000,4689.1302125275
15,Global-Cap2,10,24000,4653.57388837583
15,Global-Cap2,10,27000,4641.78778262658
15,Global-Cap2,10,30000,4641.36488403533
15,Global-Cap2,10,33000,4641.36488403533
15,Global-Cap2,10,36000,4641.36488403533
15,Global-Cap2,10,39000,4641.36488403533
15,Global-Cap2,10,42000,4641.36488403533
15,Global-Cap2,10,45000,3373.9313486202
15,Global-Cap2,10,48000,3373.9313486202
15,Global-Cap2,10,51000,3373.9313486202
15,Global-Cap2,10,54000,3373.9313486202
15,Global-Cap2,10,57000,3373.9313486202
15,Global-Cap2,10,60000,3373.9313486202
15,Global-Cap2,10,63000,3373.9313486202
15,Global-Cap2,10,66000,3373.9313486202
15,Global-Cap2,10,69000,3373.9313486202
15,Global-Cap2,10,72000,3373.9313486202
15,Global-Cap2,10,75000,3373.9313486202
15,Global-Cap2,10,78000,3373.9313486202
15,Global-Cap2,10,81000,3373.9313486202
15,Global-Cap2,10,84000,3373.9313486202
15,Global-Cap2,10,87000,3373.9313486202
15,Global-Cap2,10,90000,3373.9313486202
15,Global-Cap2,10,93000,3373.9313486202
15,Global-Cap2,10,96000,3373.9313486202
15,Global-Cap2,10,99000,3373.9313486202
15,Global-Cap2,10,102000,3373.9313486202
15,Global-Cap2,10,105000,3373.9313486202
15,Global-Cap2,10,108000,3373.9313486202
15,Global-Cap2,10,111000,3373.9313486202
15,Global-Cap2,10,114000,3373.9313486202
15,Global-Cap2,10,117000,3373.9313486202
15,Global-Cap2,10,120000,3373.9313486202
15,Global-Cap2,10,123000,3163.77299865677
15,Global-Cap2,10,126000,2637.19132754027
15,Global-Cap2,10,129000,2625.79908765572
15,Global-Cap2,10,132000,2619.29897798359
15,Global-Cap2,10,135000,2583.80135767405
15,Global-Cap2,10,138000,2583.80135767405
15,Global-Cap2,10,141000,2583.80135767405
15,Global-Cap2,10,144000,2583.80135767405
15,Global-Cap2,10,147000,2583.80135767405
15,Global-Cap2,10,150000,2583.80135767405
15,Global-Cap2,10,153000,2583.80135767405
15,Global-Cap2,10,156000,2583.80135767405
15,Global-Cap2,10,159000,2583.80135767405
15,Global-Cap2,10,162000,2583.80135767405
15,Global-Cap2,10,165000,2289.7956893
15,Global-Cap2,10,168000,1453.14923236523
15,Global-Cap2,10,171000,1449.75103117664
15,Global-Cap2,10,174000,1328.97733889092
15,Global-Cap2,10,177000,1114.79754936358
15,Global-Cap2,10,180000,1035.55081027851
15,Global-Cap2,10,183000,702.457807283393
15,Global-Cap2,10,186000,586.518248524337
15,Global-Cap2,10,189000,581.923066554957
15,Global-Cap2,10,192000,581.574906844544
15,Global-Cap2,10,195000,542.86628332082
15,Global-Cap2,10,198000,251.212672245263
15,Global-Cap2,10,201000,250.502021081241
15,Global-Cap2,10,204000,243.352802373937
15,Global-Cap2,10,207000,233.834106386317
15,Global-Cap2,10,210000,233.834106386317
15,Global-Cap2,10,213000,232.758871590602
15,Global-Cap2,10,216000,232.758871590602
15,Global-Cap2,10,219000,232.758871590602
15,Global-Cap2,10,222000,232.758871590602
15,Global-Cap2,10,225000,232.758871590602
15,Global-Cap2,10,228000,232.758871590602
15,Global-Cap2,10,231000,232.758871590602
15,Global-Cap2,10,234000,232.758871590602
15,Global-Cap2,10,237000,232.758871590602
15,Global-Cap2,10,240000,232.758871590602
15,Global-Cap2,10,243000,232.758871590602
15,Global-Cap2,10,246000,232.758871590602
15,Global-Cap2,10,249000,232.758871590602
15,Global-Cap2,10,252000,232.758871590602
15,Global-Cap2,10,255000,232.758871590602
15,Global-Cap2,10,258000,232.758871590602
15,Global-Cap2,10,261000,232.758871590602
15,Global-Cap2,10,264000,232.758871590602
15,Global-Cap2,10,267000,232.758871590602
15,Global-Cap2,10,270000,232.758871590602
15,Global-Cap2,10,273000,232.758871590602
15,Global-Cap2,10,276000,232.758871590602
15,Global-Cap2,10,279000,232.758871590602
15,Global-Cap2,10,282000,232.758871590602
15,Global-Cap2,10,285000,232.758871590602
15,Global-Cap2,10,288000,232.758871590602
15,Global-Cap2,10,291000,232.758871590602
15,Global-Cap2,10,294000,232.758871590602
15,Global-Cap2,10,297000,232.758871590602
15,Global-Cap2,10,300000,232.758871590602
15,DSS,11,3000,45270834.1394775
15,DSS,11,6000,3348662.2303382
15,DSS,11,9000,3348662.2303382
15,DSS,11,12000,3071297.00375205
15,DSS,11,15000,1268481.04054308
15,DSS,11,18000,1268481.04054308
15,DSS,11,21000,1268481.04054308
15,DSS,11,24000,316581.619706362
15,DSS,11,27000,316581.619706362
15,DSS,11,30000,316581.619706362
15,DSS,11,33000,69224.2909276572
15,DSS,11,36000,69224.2909276572
15,DSS,11,39000,69224.2909276572
15,DSS,11,42000,63688.6658684555
15,DSS,11,45000,18165.674593601
15,DSS,11,48000,17757.2025867111
15,DSS,11,51000,17714.7167109408
15,DSS,11,54000,15663.9799748668
15,DSS,11,57000,11489.8306105776
15,DSS,11,60000,11489.8306105776
15,DSS,11,63000,11489.8306105776
15,DSS,11,66000,11489.8306105776
15,DSS,11,69000,11489.8306105776
15,DSS,11,72000,11489.8306105776
15,DSS,11,75000,11489.8306105776
15,DSS,11,78000,11489.8306105776
15,DSS,11,81000,11489.8306105776
15,DSS,11,84000,11489.8306105776
15,DSS,11,87000,11489.8306105776
15,DSS,11,90000,11489.8306105776
15,DSS,11,93000,11489.8306105776
15,DSS,11,96000,11489.8306105776
15,DSS,11,99000,11489.8306105776
15,DSS,11,102000,11489.8306105776
15,DSS,11,105000,11489.8306105776
15,DSS,11,108000,11489.8306105776
15,DSS,11,111000,11489.8306105776
15,DSS,11,114000,11489.8306105776
15,DSS,11,117000,11489.8306105776
15,DSS,11,120000,11489.8306105776
15,DSS,11,123000,11489.8306105776
15,DSS,11,126000,11489.8306105776
15,DSS,11,129000,11489.8306105776
15,DSS,11,132000,11489.8306105776
15,DSS,11,135000,11489.8306105776
15,DSS,11,138000,11489.8306105776
15,DSS,11,141000,11489.8306105776
15,DSS,11,144000,11489.8306105776
15,DSS,11,147000,11489.8306105776
15,DSS,11,150000,11489.8306105776
15,DSS,11,153000,11489.8306105776
15,DSS,11,156000,11489.8306105776
15,DSS,11,159000,11489.8306105776
15,DSS,11,162000,11489.8306105776
15,DSS,11,165000,9825.36643851823
15,DSS,11,168000,9795.20759094035
15,DSS,11,171000,9777.05301688217
15,DSS,11,174000,9759.85616670895
15,DSS,11,177000,9712.63127246084
15,DSS,11,180000,9701.2111776528
15,DSS,11,183000,9659.10252284816
15,DSS,11,186000,9649.02896745812
15,DSS,11,189000,9595.99478535879
15,DSS,11,192000,9532.78985689081
15,DSS,11,195000,9521.35335787744
15,DSS,11,198000,9513.51842616244
15,DSS,11,201000,9463.05715355365
15,DSS,11,204000,9446.76751631364
15,DSS,11,207000,9430.13562755999
15,DSS,11,210000,9423.11475151407
15,DSS,11,213000,9404.46903329271
15,DSS,11,216000,9397.80954111268
15,DSS,11,219000,9393.06569881937
15,DSS,11,222000,9267.1760477454
15,DSS,11,225000,9262.13649020595
15,DSS,11,228000,9259.77562098968
15,DSS,11,231000,9232.56387072914
15,DSS,11,234000,9222.99070457623
15,DSS,11,237000,9221.59368415156
15,DSS,11,240000,9220.06886609895
15,DSS,11,243000,9220.06886609895
15,DSS,11,246000,9220.06886609895
15,DSS,11,249000,9220.06886609895
15,DSS,11,252000,9220.06886609895
15,DSS,11,255000,9220.06886609895
15,DSS,11,258000,9220.06886609895
15,DSS,11,261000,9220.06886609895
15,DSS,11,264000,9220.06886609895
15,DSS,11,267000,9220.06886609895
15,DSS,11,270000,9220.06886609895
15,DSS,11,273000,9220.06886609895
15,DSS,11,276000,9220.06886609895
15,DSS,11,279000,9220.06886609895
15,DSS,11,282000,9220.06886609895
15,DSS,11,285000,9220.06886609895
15,DSS,11,288000,9220.06886609895
15,DSS,11,291000,9220.06886609895
15,DSS,11,294000,9220.06886609895
15,DSS,11,297000,9220.06886609895
15,DSS,11,300000,9220.06886609895
15,Global,11,3000,214331227.922824
15,Global,11,6000,48313.9373082664
15,Global,11,9000,24555.2023987764
15,Global,11,12000,12641.0263710199
15,Global,11,15000,12280.9149662471
15,Global,11,18000,12280.9149662471
15,Global,11,21000,12280.9149662471
15,Global,11,24000,12280.9149662471
15,Global,11,27000,12280.9149662471
15,Global,11,30000,12280.9149662471
15,Global,11,33000,12280.9149662471
15,Global,11,36000,12280.9149662471
15,Global,11,39000,12280.9149662471
15,Global,11,42000,8231.94983305034
15,Global,11,45000,7604.32904608106
15,Global,11,48000,7604.32904608106
15,Global,11,51000,7604.32904608106
15,Global,11,54000,7604.32904608106
15,Global,11,57000,4583.74993239032
15,Global,11,60000,3494.99541940257
15,Global,11,63000,2490.47402617442
15,Global,11,66000,2490.47402617442
15,Global,11,69000,2490.47402617442
15,Global,11,72000,2490.47402617442
15,Global,11,75000,2490.47402617442
15,Global,11,78000,2490.47402617442
15,Global,11,81000,2490.47402617442
15,Global,11,84000,2490.47402617442
15,Global,11,87000,2490.47402617442
15,Global,11,90000,2490.47402617442
15,Global,11,93000,2490.47402617442
15,Global,11,96000,2490.47402617442
15,Global,11,99000,2490.47402617442
15,Global,11,102000,2490.47402617442
15,Global,11,105000,2490.47402617442
15,Global,11,108000,2490.47402617442
15,Global,11,111000,2490.47402617442
15,Global,11,114000,2490.47402617442
15,Global,11,117000,2490.47402617442
15,Global,11,120000,2436.01224141383
15,Global,11,123000,2410.63672770591
15,Global,11,126000,1556.71034141865
15,Global,11,129000,1547.59166181077
15,Global,11,132000,1181.39487103217
15,Global,11,135000,1181.39487103217
15,Global,11,138000,1181.39487103217
15,Global,11,141000,1181.39487103217
15,Global,11,144000,1181.39487103217
15,Global,11,147000,1181.39487103217
15,Global,11,150000,1181.39487103217
15,Global,11,153000,1181.39487103217
15,Global,11,156000,1181.39487103217
15,Global,11,159000,1181.39487103217
15,Global,11,162000,1181.39487103217
15,Global,11,165000,1181.39487103217
15,Global,11,168000,1181.39487103217
15,Global,11,171000,1181.39487103217
15,Global,11,174000,1181.39487103217
15,Global,11,177000,765.768625612087
15,Global,11,180000,748.328746359013
15,Global,11,183000,641.231349379439
15,Global,11,186000,502.678352714615
15,Global,11,189000,499.196783264524
15,Global,11,192000,496.494785742779
15,Global,11,195000,494.850240582246
15,Global,11,198000,475.979738714654
15,Global,11,201000,404.283748835803
15,Global,11,204000,374.453389021849
15,Global,11,207000,372.530652117407
15,Global,11,210000,372.098762329577
15,Global,11,213000,371.721470467918
15,Global,11,216000,273.504681318061
15,Global,11,219000,272.720638578333
15,Global,11,222000,272.464305504491
15,Global,11,225000,263.271656746266
15,Global,11,228000,262.959731048581
15,Global,11,231000,262.959731048581
15,Global,11,234000,262.835302145163
15,Global,11,237000,262.732375698147
15,Global,11,240000,262.6409749986
15,Global,11,243000,262.6409749986
15,Global,11,246000,262.640710519802
15,Global,11,249000,262.616211285294
15,Global,11,252000,262.428574790361
15,Global,11,255000,262.408248019817
15,Global,11,258000,262.358138454654
15,Global,11,261000,262.211270739342
15,Global,11,264000,262.211270739342
15,Global,11,267000,262.117148141798
15,Global,11,270000,262.041759108486
15,Global,11,273000,262.02993803195
15,Global,11,276000,261.209500060079
15,Global,11,279000,261.209500060079
15,Global,11,282000,261.209500060079
15,Global,11,285000,261.209500060079
15,Global,11,288000,261.209500060079
15,Global,11,291000,261.209500060079
15,Global,11,294000,261.209500060079
15,Global,11,297000,261.209500060079
15,Global,11,300000,261.209500060079
15,Global-Cap2,11,3000,214331227.922824
15,Global-Cap2,11,6000,48313.9373082664
15,Global-Cap2,11,9000,24555.2023987764
15,Global-Cap2,11,12000,12641.0263710199
15,Global-Cap2,11,15000,12280.9149662471
15,Global-Cap2,11,18000,12280.9149662471
15,Global-Cap2,11,21000,12280.9149662471
15,Global-Cap2,11,24000,12280.9149662471
15,Global-Cap2,11,27000,12280.9149662471
15,Global-Cap2,11,30000,12280.9149662471
15,Global-Cap2,11,33000,12280.9149662471
15,Global-Cap2,11,36000,12280.9149662471
15,Global-Cap2,11,39000,12280.9149662471
15,Global-Cap2,11,42000,8231.94983305034
15,Global-Cap2,11,45000,7604.32904608106
15,Global-Cap2,11,48000,7604.32904608106
15,Global-Cap2,11,51000,7604.32904608106
15,Global-Cap2,11,54000,7604.32904608106
15,Global-Cap2,11,57000,4583.74993239032
15,Global-Cap2,11,60000,3494.99541940257
15,Global-Cap2,11,63000,2490.47402617442
15,Global-Cap2,11,66000,2490.47402617442
15,Global-Cap2,11,69000,2490.47402617442
15,Global-Cap2,11,72000,2490.47402617442
15,Global-Cap2,11,75000,2490.47402617442
15,Global-Cap2,11,78000,2490.47402617442
15,Global-Cap2,11,81000,2490.47402617442
15,Global-Cap2,11,84000,2490.47402617442
15,Global-Cap2,11,87000,2490.47402617442
15,Global-Cap2,11,90000,2490.47402617442
15,Global-Cap2,11,93000,2490.47402617442
15,Global-Cap2,11,96000,2490.47402617442
15,Global-Cap2,11,99000,2490.47402617442
15,Global-Cap2,11,102000,2490.47402617442
15,Global-Cap2,11,105000,2490.47402617442
15,Global-Cap2,11,108000,2490.47402617442
15,Global-Cap2,11,111000,2490.47402617442
15,Global-Cap2,11,114000,2490.47402617442
15,Global-Cap2,11,117000,2490.47402617442
15,Global-Cap2,11,120000,2436.01224141383
15,Global-Cap2,11,123000,2410.63672770591
15,Global-Cap2,11,126000,1556.71034141865
15,Global-Cap2,11,129000,1547.59166181077
15,Global-Cap2,11,132000,1181.39487103217
15,Global-Cap2,11,135000,1181.39487103217
15,Global-Cap2,11,138000,1181.39487103217
15,Global-Cap2,11,141000,1181.39487103217
15,Global-Cap2,11,144000,1181.39487103217
15,Global-Cap2,11,147000,1181.39487103217
15,Global-Cap2,11,150000,1181.39487103217
15,Global-Cap2,11,153000,1181.39487103217
15,Global-Cap2,11,156000,1181.39487103217
15,Global-Cap2,11,159000,1181.39487103217
15,Global-Cap2,11,162000,1181.39487103217
15,Global-Cap2,11,165000,1181.39487103217
15,Global-Cap2,11,168000,1181.39487103217
15,Global-Cap2,11,171000,1181.39487103217
15,Global-Cap2,11,174000,1181.39487103217
15,Global-Cap2,11,177000,765.768625612087
15,Global-Cap2,11,180000,748.328746359013
15,Global-Cap2,11,183000,641.231349379439
15,Global-Cap2,11,186000,502.678352714615
15,Global-Cap2,11,189000,499.196783264524
15,Global-Cap2,11,192000,496.494785742779
15,Global-Cap2,11,195000,494.850240582246
15,Global-Cap2,11,198000,475.979738714654
15,Global-Cap2,11,201000,404.283748835803
15,Global-Cap2,11,204000,374.453389021849
15,Global-Cap2,11,207000,372.530652117407
15,Global-Cap2,11,210000,372.098762329577
15,Global-Cap2,11,213000,371.721470467918
15,Global-Cap2,11,216000,273.504681318061
15,Global-Cap2,11,219000,272.720638578333
15,Global-Cap2,11,222000,272.464305504491
15,Global-Cap2,11,225000,263.271656746266
15,Global-Cap2,11,228000,262.959731048581
15,Global-Cap2,11,231000,262.959731048581
15,Global-Cap2,11,234000,262.835302145163
15,Global-Cap2,11,237000,262.732375698147
15,Global-Cap2,11,240000,262.6409749986
15,Global-Cap2,11,243000,262.6409749986
15,Global-Cap2,11,246000,262.640710519802
15,Global-Cap2,11,249000,262.616211285294
15,Global-Cap2,11,252000,262.428574790361
15,Global-Cap2,11,255000,262.408248019817
15,Global-Cap2,11,258000,262.358138454654
15,Global-Cap2,11,261000,262.211270739342
15,Global-Cap2,11,264000,262.211270739342
15,Global-Cap2,11,267000,262.117148141798
15,Global-Cap2,11,270000,262.041759108486
15,Global-Cap2,11,273000,262.02993803195
15,Global-Cap2,11,276000,261.209500060079
15,Global-Cap2,11,279000,261.209500060079
15,Global-Cap2,11,282000,261.209500060079
15,Global-Cap2,11,285000,261.209500060079
15,Global-Cap2,11,288000,261.209500060079
15,Global-Cap2,11,291000,261.209500060079
15,Global-Cap2,11,294000,261.209500060079
15,Global-Cap2,11,297000,261.209500060079
15,Global-Cap2,11,300000,261.209500060079
15,DSS,12,3000,189288770.96609
15,DSS,12,6000,5868679.2019037
15,DSS,12,9000,196717.368778513
15,DSS,12,12000,97695.7761137994
15,DSS,12,15000,97695.7761137994
15,DSS,12,18000,97695.7761137994
15,DSS,12,21000,97695.7761137994
15,DSS,12,24000,97695.7761137994
15,DSS,12,27000,97695.7761137994
15,DSS,12,30000,68864.1981562878
15,DSS,12,33000,53942.2408613438
15,DSS,12,36000,24359.9679541832
15,DSS,12,39000,22578.8852724317
15,DSS,12,42000,18336.2186102937
15,DSS,12,45000,17967.5590816789
15,DSS,12,48000,17942.2137139157
15,DSS,12,51000,17931.6088016668
15,DSS,12,54000,17930.7587698045
15,DSS,12,57000,17924.9723380218
15,DSS,12,60000,17923.7242810821
15,DSS,12,63000,17921.2638351714
15,DSS,12,66000,17917.7060010495
15,DSS,12,69000,14191.354200834
15,DSS,12,72000,14183.8681265791
15,DSS,12,75000,13367.9082517413
15,DSS,12,78000,13361.0598692565
15,DSS,12,81000,13355.3330635039
15,DSS,12,84000,13346.1817155304
15,DSS,12,87000,13342.1922303829
15,DSS,12,90000,13341.2526937485
15,DSS,12,93000,13336.3039061302
15,DSS,12,96000,13332.8476889218
15,DSS,12,99000,13331.2093326181
15,DSS,12,102000,13150.8665120642
15,DSS,12,105000,13123.6558500248
15,DSS,12,108000,12910.5004118206
15,DSS,12,111000,12836.5136474934
15,DSS,12,114000,12833.2474563613
15,DSS,12,117000,12799.4630395295
15,DSS,12,120000,12796.7085143702
15,DSS,12,123000,12795.9741367578
15,DSS,12,126000,12794.5669105763
15,DSS,12,129000,12794.2781833579
15,DSS,12,132000,12730.2615967658
15,DSS,12,135000,12726.4313152307
15,DSS,12,138000,12724.4316675348
15,DSS,12,141000,12723.7899436845
15,DSS,12,144000,12723.259396805
15,DSS,12,147000,12723.259396805
15,DSS,12,150000,12723.259396805
15,DSS,12,153000,12722.7082986664
15,DSS,12,156000,12722.1740665298
15,DSS,12,159000,12722.1740665298
15,DSS,12,162000,12722.0712180048
15,DSS,12,165000,12722.0712180048
15,DSS,12,168000,12720.9625960484
15,DSS,12,171000,12717.6820451992
15,DSS,12,174000,12716.2628666968
15,DSS,12,177000,12714.9835113414
15,DSS,12,180000,12714.9835113414
15,DSS,12,183000,12714.9835113414
15,DSS,12,186000,12705.9378472187
15,DSS,12,189000,12705.0560522218
15,DSS,12,192000,12704.593745185
15,DSS,12,195000,12704.593745185
15,DSS,12,198000,12704.593745185
15,DSS,12,201000,12704.593745185
15,DSS,12,204000,12704.593745185
15,DSS,12,207000,12704.593745185
15,DSS,12,210000,11560.2248108029
15,DSS,12,213000,11560.2248108029
15,DSS,12,216000,11560.2248108029
15,DSS,12,219000,11560.2248108029
15,DSS,12,222000,11560.2248108029
15,DSS,12,225000,11560.2248108029
15,DSS,12,228000,11560.2248108029
15,DSS,12,231000,11560.2248108029
15,DSS,12,234000,11560.2248108029
15,DSS,12,237000,11560.2248108029
15,DSS,12,240000,11560.2248108029
15,DSS,12,243000,11560.2248108029
15,DSS,12,246000,11560.2248108029
15,DSS,12,249000,11560.2248108029
15,DSS,12,252000,11560.2248108029
15,DSS,12,255000,11560.2248108029
15,DSS,12,258000,11560.2248108029
15,DSS,12,261000,11560.2248108029
15,DSS,12,264000,11560.2248108029
15,DSS,12,267000,11560.2248108029
15,DSS,12,270000,11560.2248108029
15,DSS,12,273000,11560.2248108029
15,DSS,12,276000,10837.0173122248
15,DSS,12,279000,10833.1100460607
15,DSS,12,282000,10833.1100460607
15,DSS,12,285000,10833.1100460607
15,DSS,12,288000,10833.1100460607
15,DSS,12,291000,10833.1100460607
15,DSS,12,294000,10833.1100460607
15,DSS,12,297000,10833.1100460607
15,DSS,12,300000,10833.1100460607
15,Global,12,3000,214922758.589741
15,Global,12,6000,15184291.7140656
15,Global,12,9000,323278.708315921
15,Global,12,12000,117959.731851579
15,Global,12,15000,47587.6281595361
15,Global,12,18000,39173.8533682473
15,Global,12,21000,39134.4760158519
15,Global,12,24000,39134.4760158519
15,Global,12,27000,33677.7521524621
15,Global,12,30000,33094.0040710659
15,Global,12,33000,33094.0040710659
15,Global,12,36000,33094.0040710659
15,Global,12,39000,33094.0040710659
15,Global,12,42000,33094.0040710659
15,Global,12,45000,33094.0040710659
15,Global,12,48000,33094.0040710659
15,Global,12,51000,33094.0040710659
15,Global,12,54000,33094.0040710659
15,Global,12,57000,33094.0040710659
15,Global,12,60000,33094.0040710659
15,Global,12,63000,33094.0040710659
15,Global,12,66000,33094.0040710659
15,Global,12,69000,26813.5185494453
15,Global,12,72000,26813.5185494453
15,Global,12,75000,26813.5185494453
15,Global,12,78000,26813.5185494453
15,Global,12,81000,26813.5185494453
15,Global,12,84000,26813.5185494453
15,Global,12,87000,24602.5697913314
15,Global,12,90000,24125.7326317503
15,Global,12,93000,24119.3762321774
15,Global,12,96000,24104.8635717852
15,Global,12,99000,23900.5487483022
15,Global,12,102000,23843.9678190587
15,Global,12,105000,23843.9678190587
15,Global,12,108000,23843.9678190587
15,Global,12,111000,23843.9678190587
15,Global,12,114000,23843.9678190587
15,Global,12,117000,23843.9678190587
15,Global,12,120000,23843.9678190587
15,Global,12,123000,23843.9678190587
15,Global,12,126000,23843.9678190587
15,Global,12,129000,23843.9678190587
15,Global,12,132000,23843.9678190587
15,Global,12,135000,22768.0263932119
15,Global,12,138000,22529.1718024156
15,Global,12,141000,22524.102289562
15,Global,12,144000,22408.988514383
15,Global,12,147000,22340.7251375236
15,Global,12,150000,22340.293059819
15,Global,12,153000,22339.8070448544
15,Global,12,156000,22339.8070448544
15,Global,12,159000,22339.2874487357
15,Global,12,162000,22280.8490462181
15,Global,12,165000,22276.0125331496
15,Global,12,168000,22275.2295923062
15,Global,12,171000,22275.2295923062
15,Global,12,174000,22275.2295923062
15,Global,12,177000,22275.0641416446
15,Global,12,180000,22274.7876399597
15,Global,12,183000,22274.7876399597
15,Global,12,186000,22274.5405134773
15,Global,12,189000,22274.5405134773
15,Global,12,192000,22274.4379241763
15,Global,12,195000,22274.4379241763
15,Global,12,198000,22274.4379241763
15,Global,12,201000,22274.4379241763
15,Global,12,204000,22257.7339737153
15,Global,12,207000,22256.7928662858
15,Global,12,210000,22256.7928662858
15,Global,12,213000,22256.7928662858
15,Global,12,216000,22250.9914305116
15,Global,12,219000,22250.8393794903
15,Global,12,222000,22250.5851810046
15,Global,12,225000,22250.3708924532
15,Global,12,228000,22250.3708924532
15,Global,12,231000,22250.3708924532
15,Global,12,234000,22250.3708924532
15,Global,12,237000,22250.3708924532
15,Global,12,240000,22250.3708924532
15,Global,12,243000,22250.3708924532
15,Global,12,246000,22250.3708924532
15,Global,12,249000,22250.3708924532
15,Global,12,252000,22250.3708924532
15,Global,12,255000,22250.3708924532
15,Global,12,258000,22250.3708924532
15,Global,12,261000,22250.3708924532
15,Global,12,264000,22250.3708924532
15,Global,12,267000,22250.3708924532
15,Global,12,270000,22250.3708924532
15,Global,12,273000,22250.3708924532
15,Global,12,276000,22250.3708924532
15,Global,12,279000,22250.3708924532
15,Global,12,282000,22250.3708924532
15,Global,12,285000,19912.310023796
15,Global,12,288000,19912.310023796
15,Global,12,291000,19912.310023796
15,Global,12,294000,19912.310023796
15,Global,12,297000,19912.310023796
15,Global,12,300000,19912.310023796
15,Global-Cap2,12,3000,214922758.589741
15,Global-Cap2,12,6000,15184291.7140656
15,Global-Cap2,12,9000,323278.708315921
15,Global-Cap2,12,12000,117959.731851579
15,Global-Cap2,12,15000,47587.6281595361
15,Global-Cap2,12,18000,39173.8533682473
15,Global-Cap2,12,21000,39134.4760158519
15,Global-Cap2,12,24000,39134.4760158519
15,Global-Cap2,12,27000,33677.7521524621
15,Global-Cap2,12,30000,33094.0040710659
15,Global-Cap2,12,33000,33094.0040710659
15,Global-Cap2,12,36000,33094.0040710659
15,Global-Cap2,12,39000,33094.0040710659
15,Global-Cap2,12,42000,33094.0040710659
15,Global-Cap2,12,45000,33094.0040710659
15,Global-Cap2,12,48000,33094.0040710659
15,Global-Cap2,12,51000,33094.0040710659
15,Global-Cap2,12,54000,33094.0040710659
15,Global-Cap2,12,57000,33094.0040710659
15,Global-Cap2,12,60000,33094.0040710659
15,Global-Cap2,12,63000,33094.0040710659
15,Global-Cap2,12,66000,33094.0040710659
15,Global-Cap2,12,69000,26813.5185494453
15,Global-Cap2,12,72000,26813.5185494453
15,Global-Cap2,12,75000,26813.5185494453
15,Global-Cap2,12,78000,26813.5185494453
15,Global-Cap2,12,81000,26813.5185494453
15,Global-Cap2,12,84000,26813.5185494453
15,Global-Cap2,12,87000,24602.5697913314
15,Global-Cap2,12,90000,24125.7326317503
15,Global-Cap2,12,93000,24119.3762321774
15,Global-Cap2,12,96000,24104.8635717852
15,Global-Cap2,12,99000,23900.5487483022
15,Global-Cap2,12,102000,23843.9678190587
15,Global-Cap2,12,105000,23843.9678190587
15,Global-Cap2,12,108000,23843.9678190587
15,Global-Cap2,12,111000,23843.9678190587
15,Global-Cap2,12,114000,23843.9678190587
15,Global-Cap2,12,117000,23843.9678190587
15,Global-Cap2,12,120000,23843.9678190587
15,Global-Cap2,12,123000,23843.9678190587
15,Global-Cap2,12,126000,23843.9678190587
15,Global-Cap2,12,129000,23843.9678190587
15,Global-Cap2,12,132000,23843.9678190587
15,Global-Cap2,12,135000,22768.0263932119
15,Global-Cap2,12,138000,22529.1718024156
15,Global-Cap2,12,141000,22524.102289562
15,Global-Cap2,12,144000,22408.988514383
15,Global-Cap2,12,147000,22340.7251375236
15,Global-Cap2,12,150000,22340.293059819
15,Global-Cap2,12,153000,22339.8070448544
15,Global-Cap2,12,156000,22339.8070448544
15,Global-Cap2,12,159000,22339.2874487357
15,Global-Cap2,12,162000,22280.8490462181
15,Global-Cap2,12,165000,22276.0125331496
15,Global-Cap2,12,168000,22275.2295923062
15,Global-Cap2,12,171000,22275.2295923062
15,Global-Cap2,12,174000,22275.2295923062
15,Global-Cap2,12,177000,22275.0641416446
15,Global-Cap2,12,180000,22274.7876399597
15,Global-Cap2,12,183000,22274.7876399597
15,Global-Cap2,12,186000,22274.5405134773
15,Global-Cap2,12,189000,22274.5405134773
15,Global-Cap2,12,192000,22274.4379241763
15,Global-Cap2,12,195000,22274.4379241763
15,Global-Cap2,12,198000,22274.4379241763
15,Global-Cap2,12,201000,22274.4379241763
15,Global-Cap2,12,204000,22257.7339737153
15,Global-Cap2,12,207000,22256.7928662858
15,Global-Cap2,12,210000,22256.7928662858
15,Global-Cap2,12,213000,22256.7928662858
15,Global-Cap2,12,216000,22250.9914305116
15,Global-Cap2,12,219000,22250.8393794903
15,Global-Cap2,12,222000,22250.5851810046
15,Global-Cap2,12,225000,22250.3708924532
15,Global-Cap2,12,228000,22250.3708924532
15,Global-Cap2,12,231000,22250.3708924532
15,Global-Cap2,12,234000,22250.3708924532
15,Global-Cap2,12,237000,22250.3708924532
15,Global-Cap2,12,240000,22250.3708924532
15,Global-Cap2,12,243000,22250.3708924532
15,Global-Cap2,12,246000,22250.3708924532
15,Global-Cap2,12,249000,22250.3708924532
15,Global-Cap2,12,252000,22250.3708924532
15,Global-Cap2,12,255000,22250.3708924532
15,Global-Cap2,12,258000,22250.3708924532
15,Global-Cap2,12,261000,22250.3708924532
15,Global-Cap2,12,264000,22250.3708924532
15,Global-Cap2,12,267000,22250.3708924532
15,Global-Cap2,12,270000,22250.3708924532
15,Global-Cap2,12,273000,22250.3708924532
15,Global-Cap2,12,276000,22250.3708924532
15,Global-Cap2,12,279000,22250.3708924532
15,Global-Cap2,12,282000,22250.3708924532
15,Global-Cap2,12,285000,19912.310023796
15,Global-Cap2,12,288000,19912.310023796
15,Global-Cap2,12,291000,19912.310023796
15,Global-Cap2,12,294000,19912.310023796
15,Global-Cap2,12,297000,19912.310023796
15,Global-Cap2,12,300000,19912.310023796
19,DSS,10,3000,247221168.033387
19,DSS,10,6000,55482705.4729693
19,DSS,10,9000,19413762.28087
19,DSS,10,12000,19413762.28087
19,DSS,10,15000,9489851.79576309
19,DSS,10,18000,217563.256464478
19,DSS,10,21000,46616.3046099781
19,DSS,10,24000,10883.141042546
19,DSS,10,27000,10596.2864786491
19,DSS,10,30000,10596.2864786491
19,DSS,10,33000,10596.2864786491
19,DSS,10,36000,10596.2864786491
19,DSS,10,39000,10596.2864786491
19,DSS,10,42000,10596.2864786491
19,DSS,10,45000,10596.2864786491
19,DSS,10,48000,10596.2864786491
19,DSS,10,51000,10596.2864786491
19,DSS,10,54000,10596.2864786491
19,DSS,10,57000,7713.09884630954
19,DSS,10,60000,7711.42752946191
19,DSS,10,63000,7709.65508500148
19,DSS,10,66000,5706.08631166216
19,DSS,10,69000,5525.23079066877
19,DSS,10,72000,4670.52220926398
19,DSS,10,75000,4670.01654349443
19,DSS,10,78000,3366.63482102538
19,DSS,10,81000,3366.63482102538
19,DSS,10,84000,3366.63482102538
19,DSS,10,87000,3366.63482102538
19,DSS,10,90000,3366.63482102538
19,DSS,10,93000,3366.63482102538
19,DSS,10,96000,3366.63482102538
19,DSS,10,99000,3366.63482102538
19,DSS,10,102000,3366.63482102538
19,DSS,10,105000,3366.63482102538
19,DSS,10,108000,3366.63482102538
19,DSS,10,111000,3366.63482102538
19,DSS,10,114000,3366.63482102538
19,DSS,10,117000,3366.63482102538
19,DSS,10,120000,1901.1428585734
19,DSS,10,123000,850.711311404473
19,DSS,10,126000,365.420377503091
19,DSS,10,129000,365.030517792248
19,DSS,10,132000,331.720677913946
19,DSS,10,135000,331.07532200179
19,DSS,10,138000,330.642916129993
19,DSS,10,141000,330.642916129993
19,DSS,10,144000,330.642916129993
19,DSS,10,147000,330.642916129993
19,DSS,10,150000,330.642916129993
19,DSS,10,153000,330.642916129993
19,DSS,10,156000,330.642916129993
19,DSS,10,159000,330.642916129993
19,DSS,10,162000,330.642916129993
19,DSS,10,165000,330.642916129993
19,DSS,10,168000,330.642916129993
19,DSS,10,171000,330.642916129993
19,DSS,10,174000,330.642916129993
19,DSS,10,177000,330.642916129993
19,DSS,10,180000,330.642916129993
19,DSS,10,183000,330.642916129993
19,DSS,10,186000,330.642916129993
19,DSS,10,189000,330.642916129993
19,DSS,10,192000,330.642916129993
19,DSS,10,195000,330.642916129993
19,DSS,10,198000,330.642916129993
19,DSS,10,201000,330.642916129993
19,DSS,10,204000,330.642916129993
19,DSS,10,207000,330.642916129993
19,DSS,10,210000,330.642916129993
19,DSS,10,213000,330.642916129993
19,DSS,10,216000,330.642916129993
19,DSS,10,219000,330.642916129993
19,DSS,10,222000,330.642916129993
19,DSS,10,225000,330.642916129993
19,DSS,10,228000,330.642916129993
19,DSS,10,231000,330.642916129993
19,DSS,10,234000,330.642916129993
19,DSS,10,237000,330.642916129993
19,DSS,10,240000,330.642916129993
19,DSS,10,243000,330.642916129993
19,DSS,10,246000,330.642916129993
19,DSS,10,249000,330.642916129993
19,DSS,10,252000,330.642916129993
19,DSS,10,255000,330.642916129993
19,DSS,10,258000,330.642916129993
19,DSS,10,261000,330.642916129993
19,DSS,10,264000,330.642916129993
19,DSS,10,267000,330.642916129993
19,DSS,10,270000,330.642916129993
19,DSS,10,273000,330.642916129993
19,DSS,10,276000,330.642916129993
19,DSS,10,279000,330.642916129993
19,DSS,10,282000,330.642916129993
19,DSS,10,285000,330.642916129993
19,DSS,10,288000,330.642916129993
19,DSS,10,291000,330.642916129993
19,DSS,10,294000,330.642916129993
19,DSS,10,297000,330.642916129993
19,DSS,10,300000,330.642916129993
19,Global,10,3000,197996733.911331
19,Global,10,6000,83715399.645635
19,Global,10,9000,2097421.81148267
19,Global,10,12000,46481.6313809748
19,Global,10,15000,30736.6726877018
19,Global,10,18000,30736.6726877018
19,Global,10,21000,30736.6726877018
19,Global,10,24000,30736.6726877018
19,Global,10,27000,30736.6726877018
19,Global,10,30000,30736.6726877018
19,Global,10,33000,30736.6726877018
19,Global,10,36000,30736.6726877018
19,Global,10,39000,30736.6726877018
19,Global,10,42000,23446.4374425221
19,Global,10,45000,20545.9870159152
19,Global,10,48000,20545.9870159152
19,Global,10,51000,17411.2451874006
19,Global,10,54000,17245.2536061298
19,Global,10,57000,17242.5439294862
19,Global,10,60000,17242.5439294862
19,Global,10,63000,15630.2946174888
19,Global,10,66000,15621.3623137625
19,Global,10,69000,14689.8440751409
19,Global,10,72000,14052.0093567865
19,Global,10,75000,13700.9208820365
19,Global,10,78000,13700.9208820365
19,Global,10,81000,12732.862804593
19,Global,10,84000,12730.0894305982
19,Global,10,87000,12721.85391475
19,Global,10,90000,12721.0792476026
19,Global,10,93000,12720.4340094815
19,Global,10,96000,12702.2168467057
19,Global,10,99000,12666.3317597698
19,Global,10,102000,12665.8522623849
19,Global,10,105000,12665.8522623849
19,Global,10,108000,12617.0517341997
19,Global,10,111000,12615.3885306205
19,Global,10,114000,12614.5385155886
19,Global,10,117000,12613.5816592401
19,Global,10,120000,12612.8641958496
19,Global,10,123000,12612.5122671663
19,Global,10,126000,12612.5122671663
19,Global,10,129000,12612.5122671663
19,Global,10,132000,12612.5122671663
19,Global,10,135000,12612.5122671663
19,Global,10,138000,12612.5122671663
19,Global,10,141000,12612.5122671663
19,Global,10,144000,12606.8809687706
19,Global,10,147000,12606.5023019355
19,Global,10,150000,12606.5023019355
19,Global,10,153000,12606.5023019355
19,Global,10,156000,12606.4822221509
19,Global,10,159000,12606.0265094173
19,Global,10,162000,12606.0265094173
19,Global,10,165000,12605.9549137686
19,Global,10,168000,12605.9095140477
19,Global,10,171000,12605.6118447157
19,Global,10,174000,12605.6118447157
19,Global,10,177000,12605.6118447157
19,Global,10,180000,12605.6118447157
19,Global,10,183000,12605.6118447157
19,Global,10,186000,12605.6118447157
19,Global,10,189000,12605.6118447157
19,Global,10,192000,12605.6118447157
19,Global,10,195000,12605.6118447157
19,Global,10,198000,12605.6118447157
19,Global,10,201000,12605.6118447157
19,Global,10,204000,12605.6118447157
19,Global,10,207000,12605.6118447157
19,Global,10,210000,12605.6118447157
19,Global,10,213000,12605.6118447157
19,Global,10,216000,12605.6118447157
19,Global,10,219000,12605.6118447157
19,Global,10,222000,12605.6118447157
19,Global,10,225000,12605.6118447157
19,Global,10,228000,12605.6118447157
19,Global,10,231000,12605.6118447157
19,Global,10,234000,12605.6118447157
19,Global,10,237000,12605.6118447157
19,Global,10,240000,12605.6118447157
19,Global,10,243000,12605.6118447157
19,Global,10,246000,12605.6118447157
19,Global,10,249000,12605.6118447157
19,Global,10,252000,12605.6118447157
19,Global,10,255000,12605.6118447157
19,Global,10,258000,12605.6118447157
19,Global,10,261000,12605.6118447157
19,Global,10,264000,12605.6118447157
19,Global,10,267000,12605.6118447157
19,Global,10,270000,12605.6118447157
19,Global,10,273000,12605.6118447157
19,Global,10,276000,12605.6118447157
19,Global,10,279000,12605.6118447157
19,Global,10,282000,12605.6118447157
19,Global,10,285000,12605.6118447157
19,Global,10,288000,12605.6118447157
19,Global,10,291000,12605.6118447157
19,Global,10,294000,12605.6118447157
19,Global,10,297000,12605.6118447157
19,Global,10,300000,12605.6118447157
19,Global-Cap2,10,3000,197996733.911331
19,Global-Cap2,10,6000,83715399.645635
19,Global-Cap2,10,9000,8817020.36000334
19,Global-Cap2,10,12000,159588.694167668
19,Global-Cap2,10,15000,24342.487645002
19,Global-Cap2,10,18000,13655.306486011
19,Global-Cap2,10,21000,13101.7133325168
19,Global-Cap2,10,24000,13097.9585328206
19,Global-Cap2,10,27000,13036.355872793
19,Global-Cap2,10,30000,12766.5239137571
19,Global-Cap2,10,33000,12210.1949263897
19,Global-Cap2,10,36000,12015.3677759516
19,Global-Cap2,10,39000,12007.6185910264
19,Global-Cap2,10,42000,11906.7549534122
19,Global-Cap2,10,45000,11906.5910797815
19,Global-Cap2,10,48000,11830.6512559374
19,Global-Cap2,10,51000,11726.4378573423
19,Global-Cap2,10,54000,11700.750383734
19,Global-Cap2,10,57000,11700.5893644643
19,Global-Cap2,10,60000,11700.5893644643
19,Global-Cap2,10,63000,11700.5893644643
19,Global-Cap2,10,66000,11700.5893644643
19,Global-Cap2,10,69000,11700.5893644643
19,Global-Cap2,10,72000,11700.5893644643
19,Global-Cap2,10,75000,11700.5893644643
19,Global-Cap2,10,78000,8753.37431542322
19,Global-Cap2,10,81000,8219.26202966873
19,Global-Cap2,10,84000,8219.00232477194
19,Global-Cap2,10,87000,7746.96921217106
19,Global-Cap2,10,90000,7671.1927706626
19,Global-Cap2,10,93000,7670.39519305994
19,Global-Cap2,10,96000,7670.39519305994
19,Global-Cap2,10,99000,7668.55920458502
19,Global-Cap2,10,102000,7636.06943402989
19,Global-Cap2,10,105000,7633.59592153286
19,Global-Cap2,10,108000,7632.4521868402
19,Global-Cap2,10,111000,7632.4521868402
19,Global-Cap2,10,114000,7632.4521868402
19,Global-Cap2,10,117000,7632.4521868402
19,Global-Cap2,10,120000,7632.4521868402
19,Global-Cap2,10,123000,7632.4521868402
19,Global-Cap2,10,126000,7632.4521868402
19,Global-Cap2,10,129000,7632.4521868402
19,Global-Cap2,10,132000,7632.4521868402
19,Global-Cap2,10,135000,7632.4521868402
19,Global-Cap2,10,138000,7632.4521868402
19,Global-Cap2,10,141000,7632.4521868402
19,Global-Cap2,10,144000,7632.4521868402
19,Global-Cap2,10,147000,7632.4521868402
19,Global-Cap2,10,150000,7632.4521868402
19,Global-Cap2,10,153000,7632.4521868402
19,Global-Cap2,10,156000,7632.4521868402
19,Global-Cap2,10,159000,7632.4521868402
19,Global-Cap2,10,162000,7632.4521868402
19,Global-Cap2,10,165000,7632.4521868402
19,Global-Cap2,10,168000,7632.4521868402
19,Global-Cap2,10,171000,7632.4521868402
19,Global-Cap2,10,174000,7632.4521868402
19,Global-Cap2,10,177000,7420.64777330595
19,Global-Cap2,10,180000,7420.64777330595
19,Global-Cap2,10,183000,7420.64777330595
19,Global-Cap2,10,186000,6319.62622293639
19,Global-Cap2,10,189000,5993.93130339475
19,Global-Cap2,10,192000,5992.00358139749
19,Global-Cap2,10,195000,5992.00358139749
19,Global-Cap2,10,198000,5991.72512281584
19,Global-Cap2,10,201000,5991.27583899377
19,Global-Cap2,10,204000,5912.00842725866
19,Global-Cap2,10,207000,5908.15702201512
19,Global-Cap2,10,210000,5907.79010311843
19,Global-Cap2,10,213000,5907.79010311843
19,Global-Cap2,10,216000,5907.79010311843
19,Global-Cap2,10,219000,5907.79010311843
19,Global-Cap2,10,222000,5907.79010311843
19,Global-Cap2,10,225000,5907.79010311843
19,Global-Cap2,10,228000,5907.79010311843
19,Global-Cap2,10,231000,5907.79010311843
19,Global-Cap2,10,234000,5907.79010311843
19,Global-Cap2,10,237000,5907.79010311843
19,Global-Cap2,10,240000,5907.79010311843
19,Global-Cap2,10,243000,5907.79010311843
19,Global-Cap2,10,246000,5907.79010311843
19,Global-Cap2,10,249000,5907.79010311843
19,Global-Cap2,10,252000,5907.79010311843
19,Global-Cap2,10,255000,5907.79010311843
19,Global-Cap2,10,258000,5907.79010311843
19,Global-Cap2,10,261000,5907.79010311843
19,Global-Cap2,10,264000,5907.79010311843
19,Global-Cap2,10,267000,5907.79010311843
19,Global-Cap2,10,270000,5907.79010311843
19,Global-Cap2,10,273000,5907.79010311843
19,Global-Cap2,10,276000,5907.79010311843
19,Global-Cap2,10,279000,5907.79010311843
19,Global-Cap2,10,282000,5907.79010311843
19,Global-Cap2,10,285000,5907.79010311843
19,Global-Cap2,10,288000,5907.79010311843
19,Global-Cap2,10,291000,5907.79010311843
19,Global-Cap2,10,294000,5907.79010311843
19,Global-Cap2,10,297000,5907.79010311843
19,Global-Cap2,10,300000,5907.79010311843
19,DSS,11,3000,352900659.376178
19,DSS,11,6000,32020788.7482493
19,DSS,11,9000,3336033.0338805
19,DSS,11,12000,494157.780154018
19,DSS,11,15000,110727.784279248
19,DSS,11,18000,76212.0038000332
19,DSS,11,21000,72880.1236478065
19,DSS,11,24000,49328.1021426619
19,DSS,11,27000,46601.7750880708
19,DSS,11,30000,45062.7344015349
19,DSS,11,33000,44773.341926085
19,DSS,11,36000,44769.586220658
19,DSS,11,39000,43179.7872699042
19,DSS,11,42000,43176.9044259145
19,DSS,11,45000,43176.9044259145
19,DSS,11,48000,43130.7120334817
19,DSS,11,51000,43128.1131366951
19,DSS,11,54000,43127.2317600987
19,DSS,11,57000,43126.7840254661
19,DSS,11,60000,43126.7840254661
19,DSS,11,63000,43126.7840254661
19,DSS,11,66000,43126.7840254661
19,DSS,11,69000,43126.7840254661
19,DSS,11,72000,43126.7840254661
19,DSS,11,75000,43126.7840254661
19,DSS,11,78000,43126.7840254661
19,DSS,11,81000,43126.7840254661
19,DSS,11,84000,43126.7840254661
19,DSS,11,87000,43126.7840254661
19,DSS,11,90000,43126.7840254661
19,DSS,11,93000,43126.7840254661
19,DSS,11,96000,43126.7840254661
19,DSS,11,99000,42869.2112567527
19,DSS,11,102000,42861.1752176309
19,DSS,11,105000,42664.8208117833
19,DSS,11,108000,42663.7387286708
19,DSS,11,111000,42663.7387286708
19,DSS,11,114000,42663.7387286708
19,DSS,11,117000,42663.7387286708
19,DSS,11,120000,42663.7387286708
19,DSS,11,123000,42663.7387286708
19,DSS,11,126000,42663.7387286708
19,DSS,11,129000,42663.7387286708
19,DSS,11,132000,42663.7387286708
19,DSS,11,135000,42663.7387286708
19,DSS,11,138000,42663.7387286708
19,DSS,11,141000,42663.7387286708
19,DSS,11,144000,42663.7387286708
19,DSS,11,147000,42663.7387286708
19,DSS,11,150000,42663.7387286708
19,DSS,11,153000,42663.7387286708
19,DSS,11,156000,42663.7387286708
19,DSS,11,159000,42663.7387286708
19,DSS,11,162000,42663.7387286708
19,DSS,11,165000,42663.7387286708
19,DSS,11,168000,42663.7387286708
19,DSS,11,171000,42663.7387286708
19,DSS,11,174000,42663.7387286708
19,DSS,11,177000,42663.7387286708
19,DSS,11,180000,42663.7387286708
19,DSS,11,183000,42663.7387286708
19,DSS,11,186000,42663.7387286708
19,DSS,11,189000,42663.7387286708
19,DSS,11,192000,42663.7387286708
19,DSS,11,195000,42663.7387286708
19,DSS,11,198000,42663.7387286708
19,DSS,11,201000,42663.7387286708
19,DSS,11,204000,42663.7387286708
19,DSS,11,207000,42663.7387286708
19,DSS,11,210000,42663.7387286708
19,DSS,11,213000,42663.7387286708
19,DSS,11,216000,42663.7387286708
19,DSS,11,219000,42663.7387286708
19,DSS,11,222000,42663.7387286708
19,DSS,11,225000,42663.7387286708
19,DSS,11,228000,42663.7387286708
19,DSS,11,231000,42663.7387286708
19,DSS,11,234000,42663.7387286708
19,DSS,11,237000,42663.7387286708
19,DSS,11,240000,42663.7387286708
19,DSS,11,243000,42663.7387286708
19,DSS,11,246000,42663.7387286708
19,DSS,11,249000,42663.7387286708
19,DSS,11,252000,42663.7387286708
19,DSS,11,255000,42663.7387286708
19,DSS,11,258000,42663.7387286708
19,DSS,11,261000,42663.7387286708
19,DSS,11,264000,42663.7387286708
19,DSS,11,267000,42663.7387286708
19,DSS,11,270000,42663.7387286708
19,DSS,11,273000,42663.7387286708
19,DSS,11,276000,42663.7387286708
19,DSS,11,279000,39424.3674738703
19,DSS,11,282000,38698.9072273267
19,DSS,11,285000,38582.6388537344
19,DSS,11,288000,38571.2009425194
19,DSS,11,291000,38536.7679866618
19,DSS,11,294000,38525.042309675
19,DSS,11,297000,38520.3975048298
19,DSS,11,300000,38507.3010679832
19,Global,11,3000,29944505.5937428
19,Global,11,6000,77255.2702167341
19,Global,11,9000,52460.0820867257
19,Global,11,12000,52014.2972353455
19,Global,11,15000,52014.2972353455
19,Global,11,18000,29240.5557001104
19,Global,11,21000,29237.5303902782
19,Global,11,24000,29236.7854466603
19,Global,11,27000,29236.7854466603
19,Global,11,30000,29236.7854466603
19,Global,11,33000,29236.7854466603
19,Global,11,36000,29236.7854466603
19,Global,11,39000,25926.2188083711
19,Global,11,42000,22880.5688722298
19,Global,11,45000,22880.371111095
19,Global,11,48000,22879.8970014622
19,Global,11,51000,22879.8970014622
19,Global,11,54000,22879.8970014622
19,Global,11,57000,22879.8970014622
19,Global,11,60000,15784.2984845528
19,Global,11,63000,12716.951033795
19,Global,11,66000,12716.951033795
19,Global,11,69000,12716.951033795
19,Global,11,72000,12716.951033795
19,Global,11,75000,12716.951033795
19,Global,11,78000,12716.951033795
19,Global,11,81000,12716.951033795
19,Global,11,84000,12716.951033795
19,Global,11,87000,12716.951033795
19,Global,11,90000,12716.951033795
19,Global,11,93000,12716.951033795
19,Global,11,96000,12716.951033795
19,Global,11,99000,10827.1329552651
19,Global,11,102000,8476.4890173551
19,Global,11,105000,8475.85914270745
19,Global,11,108000,8474.1091045283
19,Global,11,111000,8473.9758842528
19,Global,11,114000,8356.52496993144
19,Global,11,117000,8355.78443523979
19,Global,11,120000,8306.05656166989
19,Global,11,123000,8186.28465586472
19,Global,11,126000,8176.0000540832
19,Global,11,129000,8122.73552573253
19,Global,11,132000,8122.73552573253
19,Global,11,135000,8122.73552573253
19,Global,11,138000,8122.73552573253
19,Global,11,141000,8122.73552573253
19,Global,11,144000,8122.73552573253
19,Global,11,147000,8122.73552573253
19,Global,11,150000,8122.73552573253
19,Global,11,153000,8122.73552573253
19,Global,11,156000,8122.73552573253
19,Global,11,159000,8122.73552573253
19,Global,11,162000,8122.73552573253
19,Global,11,165000,8122.73552573253
19,Global,11,168000,8122.73552573253
19,Global,11,171000,8122.73552573253
19,Global,11,174000,8122.73552573253
19,Global,11,177000,8122.73552573253
19,Global,11,180000,8122.73552573253
19,Global,11,183000,8122.73552573253
19,Global,11,186000,8122.73552573253
19,Global,11,189000,8122.73552573253
19,Global,11,192000,8122.73552573253
19,Global,11,195000,8122.73552573253
19,Global,11,198000,8122.73552573253
19,Global,11,201000,8122.73552573253
19,Global,11,204000,8122.73552573253
19,Global,11,207000,7873.92506610701
19,Global,11,210000,7852.16108505787
19,Global,11,213000,7851.48840500463
19,Global,11,216000,7851.11475090437
19,Global,11,219000,7782.01070604347
19,Global,11,222000,7749.56732243045
19,Global,11,225000,7749.08585514136
19,Global,11,228000,7749.08585514136
19,Global,11,231000,7749.08585514136
19,Global,11,234000,7749.08585514136
19,Global,11,237000,7749.08585514136
19,Global,11,240000,7749.08585514136
19,Global,11,243000,7749.08585514136
19,Global,11,246000,7749.08585514136
19,Global,11,249000,7749.08585514136
19,Global,11,252000,7749.08585514136
19,Global,11,255000,7749.08585514136
19,Global,11,258000,7749.08585514136
19,Global,11,261000,7749.08585514136
19,Global,11,264000,7749.08585514136
19,Global,11,267000,7749.08585514136
19,Global,11,270000,6380.50793907033
19,Global,11,273000,6380.50793907033
19,Global,11,276000,5925.52675734339
19,Global,11,279000,5077.26619841674
19,Global,11,282000,4978.41382809466
19,Global,11,285000,4953.25575264662
19,Global,11,288000,4953.25575264662
19,Global,11,291000,4953.25575264662
19,Global,11,294000,4953.25575264662
19,Global,11,297000,4953.25575264662
19,Global,11,300000,4953.25575264662
19,Global-Cap2,11,3000,29944505.5937428
19,Global-Cap2,11,6000,77255.2702167341
19,Global-Cap2,11,9000,52460.0820867257
19,Global-Cap2,11,12000,52014.2972353455
19,Global-Cap2,11,15000,52014.2972353455
19,Global-Cap2,11,18000,29240.5557001104
19,Global-Cap2,11,21000,29237.5303902782
19,Global-Cap2,11,24000,29236.7854466603
19,Global-Cap2,11,27000,29236.7854466603
19,Global-Cap2,11,30000,29236.7854466603
19,Global-Cap2,11,33000,29236.7854466603
19,Global-Cap2,11,36000,29236.7854466603
19,Global-Cap2,11,39000,25926.2188083711
19,Global-Cap2,11,42000,22880.5688722298
19,Global-Cap2,11,45000,22880.371111095
19,Global-Cap2,11,48000,22879.8970014622
19,Global-Cap2,11,51000,22879.8970014622
19,Global-Cap2,11,54000,22879.8970014622
19,Global-Cap2,11,57000,22879.8970014622
19,Global-Cap2,11,60000,15784.2984845528
19,Global-Cap2,11,63000,12716.951033795
19,Global-Cap2,11,66000,12716.951033795
19,Global-Cap2,11,69000,12716.951033795
19,Global-Cap2,11,72000,12716.951033795
19,Global-Cap2,11,75000,12716.951033795
19,Global-Cap2,11,78000,12716.951033795
19,Global-Cap2,11,81000,12716.951033795
19,Global-Cap2,11,84000,12716.951033795
19,Global-Cap2,11,87000,12716.951033795
19,Global-Cap2,11,90000,12716.951033795
19,Global-Cap2,11,93000,12716.951033795
19,Global-Cap2,11,96000,12716.951033795
19,Global-Cap2,11,99000,10827.1329552651
19,Global-Cap2,11,102000,8476.4890173551
19,Global-Cap2,11,105000,8475.85914270745
19,Global-Cap2,11,108000,8474.1091045283
19,Global-Cap2,11,111000,8473.9758842528
19,Global-Cap2,11,114000,8356.52496993144
19,Global-Cap2,11,117000,8355.78443523979
19,Global-Cap2,11,120000,8306.05656166989
19,Global-Cap2,11,123000,8186.28465586472
19,Global-Cap2,11,126000,8176.0000540832
19,Global-Cap2,11,129000,8122.73552573253
19,Global-Cap2,11,132000,8122.73552573253
19,Global-Cap2,11,135000,8122.73552573253
19,Global-Cap2,11,138000,8122.73552573253
19,Global-Cap2,11,141000,8122.73552573253
19,Global-Cap2,11,144000,8122.73552573253
19,Global-Cap2,11,147000,8122.73552573253
19,Global-Cap2,11,150000,8122.73552573253
19,Global-Cap2,11,153000,8122.73552573253
19,Global-Cap2,11,156000,8122.73552573253
19,Global-Cap2,11,159000,8122.73552573253
19,Global-Cap2,11,162000,8122.73552573253
19,Global-Cap2,11,165000,8122.73552573253
19,Global-Cap2,11,168000,8122.73552573253
19,Global-Cap2,11,171000,8122.73552573253
19,Global-Cap2,11,174000,8122.73552573253
19,Global-Cap2,11,177000,8122.73552573253
19,Global-Cap2,11,180000,8122.73552573253
19,Global-Cap2,11,183000,8122.73552573253
19,Global-Cap2,11,186000,8122.73552573253
19,Global-Cap2,11,189000,8122.73552573253
19,Global-Cap2,11,192000,8122.73552573253
19,Global-Cap2,11,195000,8122.73552573253
19,Global-Cap2,11,198000,8122.73552573253
19,Global-Cap2,11,201000,8122.73552573253
19,Global-Cap2,11,204000,8122.73552573253
19,Global-Cap2,11,207000,7873.92506610701
19,Global-Cap2,11,210000,7852.16108505787
19,Global-Cap2,11,213000,7851.48840500463
19,Global-Cap2,11,216000,7851.11475090437
19,Global-Cap2,11,219000,7782.01070604347
19,Global-Cap2,11,222000,7749.56732243045
19,Global-Cap2,11,225000,7749.08585514136
19,Global-Cap2,11,228000,7749.08585514136
19,Global-Cap2,11,231000,7749.08585514136
19,Global-Cap2,11,234000,7749.08585514136
19,Global-Cap2,11,237000,7749.08585514136
19,Global-Cap2,11,240000,7749.08585514136
19,Global-Cap2,11,243000,7749.08585514136
19,Global-Cap2,11,246000,7749.08585514136
19,Global-Cap2,11,249000,7749.08585514136
19,Global-Cap2,11,252000,7749.08585514136
19,Global-Cap2,11,255000,7749.08585514136
19,Global-Cap2,11,258000,7749.08585514136
19,Global-Cap2,11,261000,7749.08585514136
19,Global-Cap2,11,264000,7749.08585514136
19,Global-Cap2,11,267000,7749.08585514136
19,Global-Cap2,11,270000,6380.50793907033
19,Global-Cap2,11,273000,6380.50793907033
19,Global-Cap2,11,276000,5925.52675734339
19,Global-Cap2,11,279000,5077.26619841674
19,Global-Cap2,11,282000,4978.41382809466
19,Global-Cap2,11,285000,4953.25575264662
19,Global-Cap2,11,288000,4953.25575264662
19,Global-Cap2,11,291000,4953.25575264662
19,Global-Cap2,11,294000,4953.25575264662
19,Global-Cap2,11,297000,4953.25575264662
19,Global-Cap2,11,300000,4953.25575264662
19,DSS,12,3000,163414903.266266
19,DSS,12,6000,18880038.0167686
19,DSS,12,9000,935547.74105291
19,DSS,12,12000,68903.0086534221
19,DSS,12,15000,68831.4026886455
19,DSS,12,18000,68831.4026886455
19,DSS,12,21000,40601.4498425023
19,DSS,12,24000,40601.4498425023
19,DSS,12,27000,40601.4498425023
19,DSS,12,30000,40601.4498425023
19,DSS,12,33000,25269.2134668353
19,DSS,12,36000,24517.7932425279
19,DSS,12,39000,24517.7932425279
19,DSS,12,42000,24517.7932425279
19,DSS,12,45000,24517.7932425279
19,DSS,12,48000,22183.9287677298
19,DSS,12,51000,11558.3274090144
19,DSS,12,54000,7905.92127245656
19,DSS,12,57000,7880.23308079776
19,DSS,12,60000,7877.22504579699
19,DSS,12,63000,7877.22504579699
19,DSS,12,66000,7245.98334880849
19,DSS,12,69000,7245.98334880849
19,DSS,12,72000,7245.98334880849
19,DSS,12,75000,7245.98334880849
19,DSS,12,78000,7245.98334880849
19,DSS,12,81000,7245.98334880849
19,DSS,12,84000,7245.98334880849
19,DSS,12,87000,7245.98334880849
19,DSS,12,90000,7245.98334880849
19,DSS,12,93000,7245.98334880849
19,DSS,12,96000,7245.98334880849
19,DSS,12,99000,7245.98334880849
19,DSS,12,102000,7245.98334880849
19,DSS,12,105000,7245.98334880849
19,DSS,12,108000,7245.98334880849
19,DSS,12,111000,7245.98334880849
19,DSS,12,114000,7245.98334880849
19,DSS,12,117000,7245.98334880849
19,DSS,12,120000,7245.98334880849
19,DSS,12,123000,7245.98334880849
19,DSS,12,126000,7245.98334880849
19,DSS,12,129000,7245.98334880849
19,DSS,12,132000,7245.98334880849
19,DSS,12,135000,7245.98334880849
19,DSS,12,138000,7245.98334880849
19,DSS,12,141000,7245.98334880849
19,DSS,12,144000,7245.98334880849
19,DSS,12,147000,7245.98334880849
19,DSS,12,150000,7245.98334880849
19,DSS,12,153000,7245.98334880849
19,DSS,12,156000,7245.98334880849
19,DSS,12,159000,7245.98334880849
19,DSS,12,162000,7245.98334880849
19,DSS,12,165000,7245.98334880849
19,DSS,12,168000,7245.98334880849
19,DSS,12,171000,7245.98334880849
19,DSS,12,174000,7245.98334880849
19,DSS,12,177000,7245.98334880849
19,DSS,12,180000,7245.98334880849
19,DSS,12,183000,7245.98334880849
19,DSS,12,186000,7245.98334880849
19,DSS,12,189000,7245.98334880849
19,DSS,12,192000,7245.98334880849
19,DSS,12,195000,7245.98334880849
19,DSS,12,198000,7245.98334880849
19,DSS,12,201000,7245.98334880849
19,DSS,12,204000,7245.98334880849
19,DSS,12,207000,7245.98334880849
19,DSS,12,210000,7245.98334880849
19,DSS,12,213000,7245.98334880849
19,DSS,12,216000,7245.98334880849
19,DSS,12,219000,7245.98334880849
19,DSS,12,222000,7245.98334880849
19,DSS,12,225000,7245.98334880849
19,DSS,12,228000,6430.07193748531
19,DSS,12,231000,6429.80770411264
19,DSS,12,234000,6429.80770411264
19,DSS,12,237000,6429.80770411264
19,DSS,12,240000,6429.80770411264
19,DSS,12,243000,6429.80770411264
19,DSS,12,246000,6429.80770411264
19,DSS,12,249000,6429.80770411264
19,DSS,12,252000,6429.80770411264
19,DSS,12,255000,6429.80770411264
19,DSS,12,258000,6429.80770411264
19,DSS,12,261000,6429.80770411264
19,DSS,12,264000,6429.80770411264
19,DSS,12,267000,6429.80770411264
19,DSS,12,270000,5324.0885396669
19,DSS,12,273000,5323.80821090256
19,DSS,12,276000,5323.80821090256
19,DSS,12,279000,5323.80821090256
19,DSS,12,282000,5323.80821090256
19,DSS,12,285000,5323.80821090256
19,DSS,12,288000,5323.80821090256
19,DSS,12,291000,5323.80821090256
19,DSS,12,294000,5323.80821090256
19,DSS,12,297000,5323.80821090256
19,DSS,12,300000,5323.80821090256
19,Global,12,3000,321833809.210095
19,Global,12,6000,122545835.266769
19,Global,12,9000,64562892.917564
19,Global,12,12000,21785483.2613342
19,Global,12,15000,801925.640494092
19,Global,12,18000,21378.9871253595
19,Global,12,21000,18792.3015659643
19,Global,12,24000,11672.7861437428
19,Global,12,27000,8130.0231626123
19,Global,12,30000,7696.55269361701
19,Global,12,33000,7695.90520422165
19,Global,12,36000,7695.90520422165
19,Global,12,39000,7695.90520422165
19,Global,12,42000,7695.90520422165
19,Global,12,45000,6998.97833594008
19,Global,12,48000,6278.25209636205
19,Global,12,51000,6278.25209636205
19,Global,12,54000,6278.25209636205
19,Global,12,57000,6278.25209636205
19,Global,12,60000,6278.25209636205
19,Global,12,63000,6278.25209636205
19,Global,12,66000,6278.25209636205
19,Global,12,69000,6278.25209636205
19,Global,12,72000,6278.25209636205
19,Global,12,75000,6278.25209636205
19,Global,12,78000,4742.09011400882
19,Global,12,81000,4741.72320279365
19,Global,12,84000,3908.44465847064
19,Global,12,87000,3907.33212926814
19,Global,12,90000,3906.48464297931
19,Global,12,93000,3905.51779968646
19,Global,12,96000,3853.42512520961
19,Global,12,99000,3853.04645297745
19,Global,12,102000,3852.22279987016
19,Global,12,105000,3852.12568063491
19,Global,12,108000,3852.11141159193
19,Global,12,111000,3852.11141159193
19,Global,12,114000,3789.09606880365
19,Global,12,117000,3481.20732558266
19,Global,12,120000,3480.42363300351
19,Global,12,123000,3478.30584632564
19,Global,12,126000,3448.56883302224
19,Global,12,129000,3447.87757063876
19,Global,12,132000,3447.87757063876
19,Global,12,135000,3447.87757063876
19,Global,12,138000,3447.87757063876
19,Global,12,141000,3447.87757063876
19,Global,12,144000,3447.87757063876
19,Global,12,147000,3447.87757063876
19,Global,12,150000,3447.87757063876
19,Global,12,153000,3447.87757063876
19,Global,12,156000,3447.87757063876
19,Global,12,159000,3447.87757063876
19,Global,12,162000,3447.87757063876
19,Global,12,165000,3447.87757063876
19,Global,12,168000,3447.87757063876
19,Global,12,171000,3447.87757063876
19,Global,12,174000,3447.87757063876
19,Global,12,177000,3447.87757063876
19,Global,12,180000,3447.87757063876
19,Global,12,183000,3447.87757063876
19,Global,12,186000,3447.87757063876
19,Global,12,189000,3447.87757063876
19,Global,12,192000,3447.87757063876
19,Global,12,195000,3447.87757063876
19,Global,12,198000,3447.87757063876
19,Global,12,201000,3447.87757063876
19,Global,12,204000,3447.87757063876
19,Global,12,207000,3447.87757063876
19,Global,12,210000,3447.87757063876
19,Global,12,213000,3394.85449817695
19,Global,12,216000,3390.69283571651
19,Global,12,219000,3390.24251439138
19,Global,12,222000,3389.30540165386
19,Global,12,225000,3389.30540165386
19,Global,12,228000,3389.30540165386
19,Global,12,231000,3389.30540165386
19,Global,12,234000,3389.30540165386
19,Global,12,237000,3389.30540165386
19,Global,12,240000,3389.30540165386
19,Global,12,243000,2941.34279221821
19,Global,12,246000,1984.9215816451
19,Global,12,249000,1886.03162101709
19,Global,12,252000,1713.2360363475
19,Global,12,255000,1713.2360363475
19,Global,12,258000,1713.2360363475
19,Global,12,261000,1713.2360363475
19,Global,12,264000,1713.2360363475
19,Global,12,267000,1713.2360363475
19,Global,12,270000,1713.2360363475
19,Global,12,273000,1713.2360363475
19,Global,12,276000,1713.2360363475
19,Global,12,279000,1713.2360363475
19,Global,12,282000,1713.2360363475
19,Global,12,285000,1713.2360363475
19,Global,12,288000,1713.2360363475
19,Global,12,291000,1713.2360363475
19,Global,12,294000,1713.2360363475
19,Global,12,297000,1713.2360363475
19,Global,12,300000,1713.2360363475
19,Global-Cap2,12,3000,321833809.210095
19,Global-Cap2,12,6000,122545835.266769
19,Global-Cap2,12,9000,64562892.917564
19,Global-Cap2,12,12000,64562892.917564
19,Global-Cap2,12,15000,317151.532527431
19,Global-Cap2,12,18000,45616.8757396159
19,Global-Cap2,12,21000,12929.4751852207
19,Global-Cap2,12,24000,2974.57831358243
19,Global-Cap2,12,27000,2102.8118544044
19,Global-Cap2,12,30000,2030.67103638572
19,Global-Cap2,12,33000,2028.79089171604
19,Global-Cap2,12,36000,2028.79089171604
19,Global-Cap2,12,39000,2028.79089171604
19,Global-Cap2,12,42000,2028.79089171604
19,Global-Cap2,12,45000,2028.79089171604
19,Global-Cap2,12,48000,2028.79089171604
19,Global-Cap2,12,51000,2028.79089171604
19,Global-Cap2,12,54000,732.862104033733
19,Global-Cap2,12,57000,730.412470417186
19,Global-Cap2,12,60000,729.529659589881
19,Global-Cap2,12,63000,729.494330420893
19,Global-Cap2,12,66000,729.494330420893
19,Global-Cap2,12,69000,727.635749757326
19,Global-Cap2,12,72000,727.308059850877
19,Global-Cap2,12,75000,727.308059850877
19,Global-Cap2,12,78000,282.024514307212
19,Global-Cap2,12,81000,280.78659167203
19,Global-Cap2,12,84000,280.481458443537
19,Global-Cap2,12,87000,280.243370601619
19,Global-Cap2,12,90000,280.17707729224
19,Global-Cap2,12,93000,280.17707729224
19,Global-Cap2,12,96000,280.17707729224
19,Global-Cap2,12,99000,280.17707729224
19,Global-Cap2,12,102000,280.17707729224
19,Global-Cap2,12,105000,280.17707729224
19,Global-Cap2,12,108000,280.17707729224
19,Global-Cap2,12,111000,280.17707729224
19,Global-Cap2,12,114000,280.17707729224
19,Global-Cap2,12,117000,280.17707729224
19,Global-Cap2,12,120000,280.17707729224
19,Global-Cap2,12,123000,280.17707729224
19,Global-Cap2,12,126000,280.17707729224
19,Global-Cap2,12,129000,280.17707729224
19,Global-Cap2,12,132000,280.17707729224
19,Global-Cap2,12,135000,280.17707729224
19,Global-Cap2,12,138000,280.17707729224
19,Global-Cap2,12,141000,280.17707729224
19,Global-Cap2,12,144000,280.17707729224
19,Global-Cap2,12,147000,280.17707729224
19,Global-Cap2,12,150000,280.17707729224
19,Global-Cap2,12,153000,280.17707729224
19,Global-Cap2,12,156000,280.17707729224
19,Global-Cap2,12,159000,280.17707729224
19,Global-Cap2,12,162000,280.17707729224
19,Global-Cap2,12,165000,280.17707729224
19,Global-Cap2,12,168000,280.17707729224
19,Global-Cap2,12,171000,280.17707729224
19,Global-Cap2,12,174000,280.17707729224
19,Global-Cap2,12,177000,280.17707729224
19,Global-Cap2,12,180000,280.17707729224
19,Global-Cap2,12,183000,280.17707729224
19,Global-Cap2,12,186000,280.17707729224
19,Global-Cap2,12,189000,280.17707729224
19,Global-Cap2,12,192000,280.17707729224
19,Global-Cap2,12,195000,280.17707729224
19,Global-Cap2,12,198000,280.17707729224
19,Global-Cap2,12,201000,280.17707729224
19,Global-Cap2,12,204000,280.17707729224
19,Global-Cap2,12,207000,280.17707729224
19,Global-Cap2,12,210000,280.17707729224
19,Global-Cap2,12,213000,280.17707729224
19,Global-Cap2,12,216000,280.17707729224
19,Global-Cap2,12,219000,280.17707729224
19,Global-Cap2,12,222000,280.17707729224
19,Global-Cap2,12,225000,280.17707729224
19,Global-Cap2,12,228000,280.17707729224
19,Global-Cap2,12,231000,280.17707729224
19,Global-Cap2,12,234000,280.17707729224
19,Global-Cap2,12,237000,280.17707729224
19,Global-Cap2,12,240000,280.17707729224
19,Global-Cap2,12,243000,280.17707729224
19,Global-Cap2,12,246000,280.17707729224
19,Global-Cap2,12,249000,280.17707729224
19,Global-Cap2,12,252000,280.17707729224
19,Global-Cap2,12,255000,280.17707729224
19,Global-Cap2,12,258000,280.17707729224
19,Global-Cap2,12,261000,280.17707729224
19,Global-Cap2,12,264000,280.17707729224
19,Global-Cap2,12,267000,280.17707729224
19,Global-Cap2,12,270000,280.17707729224
19,Global-Cap2,12,273000,280.17707729224
19,Global-Cap2,12,276000,280.17707729224
19,Global-Cap2,12,279000,280.17707729224
19,Global-Cap2,12,282000,280.17707729224
19,Global-Cap2,12,285000,192.176451065938
19,Global-Cap2,12,288000,155.152306898518
19,Global-Cap2,12,291000,150.117752630654
19,Global-Cap2,12,294000,145.357017905246
19,Global-Cap2,12,297000,141.99965274366
19,Global-Cap2,12,300000,138.754864807702
30,DSS,10,3000,80236144.22024
30,DSS,10,6000,1495528.31308083
30,DSS,10,9000,1495528.31308083
30,DSS,10,12000,1393390.71042188
30,DSS,10,15000,1080911.43183775
30,DSS,10,18000,964100.133172238
30,DSS,10,21000,711520.726957018
30,DSS,10,24000,711520.726957018
30,DSS,10,27000,544360.443558752
30,DSS,10,30000,216974.385850377
30,DSS,10,33000,171465.001120643
30,DSS,10,36000,171465.001120643
30,DSS,10,39000,116741.748107121
30,DSS,10,42000,80112.6677748357
30,DSS,10,45000,54025.9605191027
30,DSS,10,48000,45568.5674863126
30,DSS,10,51000,38314.7214987331
30,DSS,10,54000,35432.5157731607
30,DSS,10,57000,33480.4522468231
30,DSS,10,60000,33127.6762054907
30,DSS,10,63000,33127.6762054907
30,DSS,10,66000,33127.6762054907
30,DSS,10,69000,33127.6762054907
30,DSS,10,72000,33127.6762054907
30,DSS,10,75000,33127.6762054907
30,DSS,10,78000,33127.6762054907
30,DSS,10,81000,33127.6762054907
30,DSS,10,84000,33127.6762054907
30,DSS,10,87000,33127.6762054907
30,DSS,10,90000,33127.6762054907
30,DSS,10,93000,33127.6762054907
30,DSS,10,96000,33127.6762054907
30,DSS,10,99000,33127.6762054907
30,DSS,10,102000,33127.6762054907
30,DSS,10,105000,32504.420073985
30,DSS,10,108000,31005.7980147233
30,DSS,10,111000,30805.3059557145
30,DSS,10,114000,30805.3059557145
30,DSS,10,117000,30805.3059557145
30,DSS,10,120000,30805.3059557145
30,DSS,10,123000,30805.3059557145
30,DSS,10,126000,30805.3059557145
30,DSS,10,129000,28730.354227841
30,DSS,10,132000,27690.0840837597
30,DSS,10,135000,27574.1571932102
30,DSS,10,138000,27574.1571932102
30,DSS,10,141000,27574.1571932102
30,DSS,10,144000,27574.1571932102
30,DSS,10,147000,27574.1571932102
30,DSS,10,150000,27574.1571932102
30,DSS,10,153000,27574.1571932102
30,DSS,10,156000,27574.1571932102
30,DSS,10,159000,27574.1571932102
30,DSS,10,162000,27574.1571932102
30,DSS,10,165000,27574.1571932102
30,DSS,10,168000,27574.1571932102
30,DSS,10,171000,24727.7782041312
30,DSS,10,174000,24535.4192244633
30,DSS,10,177000,23491.4543229404
30,DSS,10,180000,22826.468691398
30,DSS,10,183000,22465.4255307167
30,DSS,10,186000,22460.5365943088
30,DSS,10,189000,20971.5395918089
30,DSS,10,192000,20900.3713005462
30,DSS,10,195000,20900.3713005462
30,DSS,10,198000,20900.3713005462
30,DSS,10,201000,20900.3713005462
30,DSS,10,204000,20900.3713005462
30,DSS,10,207000,20900.3713005462
30,DSS,10,210000,18399.8310246099
30,DSS,10,213000,15860.3599687711
30,DSS,10,216000,15860.3599687711
30,DSS,10,219000,15860.3599687711
30,DSS,10,222000,15860.3599687711
30,DSS,10,225000,15860.3599687711
30,DSS,10,228000,15860.3599687711
30,DSS,10,231000,15860.3599687711
30,DSS,10,234000,15860.3599687711
30,DSS,10,237000,15860.3599687711
30,DSS,10,240000,15860.3599687711
30,DSS,10,243000,15860.3599687711
30,DSS,10,246000,15860.3599687711
30,DSS,10,249000,15860.3599687711
30,DSS,10,252000,15860.3599687711
30,DSS,10,255000,15860.3599687711
30,DSS,10,258000,15860.3599687711
30,DSS,10,261000,15860.3599687711
30,DSS,10,264000,15860.3599687711
30,DSS,10,267000,15860.3599687711
30,DSS,10,270000,15860.3599687711
30,DSS,10,273000,15860.3599687711
30,DSS,10,276000,15860.3599687711
30,DSS,10,279000,15860.3599687711
30,DSS,10,282000,15860.3599687711
30,DSS,10,285000,15860.3599687711
30,DSS,10,288000,15860.3599687711
30,DSS,10,291000,15860.3599687711
30,DSS,10,294000,15860.3599687711
30,DSS,10,297000,15860.3599687711
30,DSS,10,300000,15860.3599687711
30,Global,10,3000,178324429.534722
30,Global,10,6000,27283129.436835
30,Global,10,9000,6118618.4107586
30,Global,10,12000,745581.276359898
30,Global,10,15000,412090.440435127
30,Global,10,18000,368158.407049286
30,Global,10,21000,142701.065264626
30,Global,10,24000,106146.396527794
30,Global,10,27000,81405.5843933804
30,Global,10,30000,75659.5793336272
30,Global,10,33000,75659.5793336272
30,Global,10,36000,75659.5793336272
30,Global,10,39000,75659.5793336272
30,Global,10,42000,75659.5793336272
30,Global,10,45000,75659.5793336272
30,Global,10,48000,75659.5793336272
30,Global,10,51000,75659.5793336272
30,Global,10,54000,56335.2171436933
30,Global,10,57000,39204.5715718971
30,Global,10,60000,34198.0668856585
30,Global,10,63000,27221.9450701015
30,Global,10,66000,21300.1291416989
30,Global,10,69000,20965.3545376977
30,Global,10,72000,20852.492890808
30,Global,10,75000,20336.0440341443
30,Global,10,78000,17405.0512764768
30,Global,10,81000,17018.5152520543
30,Global,10,84000,17018.5152520543
30,Global,10,87000,17018.5152520543
30,Global,10,90000,17018.5152520543
30,Global,10,93000,17018.5152520543
30,Global,10,96000,17018.5152520543
30,Global,10,99000,17018.5152520543
30,Global,10,102000,17018.5152520543
30,Global,10,105000,17018.5152520543
30,Global,10,108000,17018.5152520543
30,Global,10,111000,15885.0072450783
30,Global,10,114000,15833.7169973601
30,Global,10,117000,15754.6542881068
30,Global,10,120000,15569.6202780759
30,Global,10,123000,15336.9041575499
30,Global,10,126000,14015.6337047448
30,Global,10,129000,13883.9867015421
30,Global,10,132000,13744.8198313478
30,Global,10,135000,13280.9784040959
30,Global,10,138000,13207.1227980157
30,Global,10,141000,13087.7220193481
30,Global,10,144000,13033.1069908489
30,Global,10,147000,13033.1069908489
30,Global,10,150000,12998.8354815956
30,Global,10,153000,12998.8354815956
30,Global,10,156000,12998.8354815956
30,Global,10,159000,12927.1605694681
30,Global,10,162000,12916.8052257017
30,Global,10,165000,12843.4917466583
30,Global,10,168000,12688.3097479999
30,Global,10,171000,12688.3097479999
30,Global,10,174000,12688.3097479999
30,Global,10,177000,12688.3097479999
30,Global,10,180000,12501.7441863933
30,Global,10,183000,11802.5997875252
30,Global,10,186000,11480.9275765315
30,Global,10,189000,11465.2969224156
30,Global,10,192000,11465.2969224156
30,Global,10,195000,10797.7797065683
30,Global,10,198000,10797.7797065683
30,Global,10,201000,10797.7797065683
30,Global,10,204000,10797.7797065683
30,Global,10,207000,10797.7797065683
30,Global,10,210000,9552.66358711375
30,Global,10,213000,9488.07288014258
30,Global,10,216000,9488.07288014258
30,Global,10,219000,9488.07288014258
30,Global,10,222000,8788.50589847898
30,Global,10,225000,8636.05595131078
30,Global,10,228000,8584.0495369935
30,Global,10,231000,8581.59750748205
30,Global,10,234000,8490.54733198825
30,Global,10,237000,8424.78985492208
30,Global,10,240000,8377.65904101985
30,Global,10,243000,8267.79659406997
30,Global,10,246000,8267.79659406997
30,Global,10,249000,8267.79659406997
30,Global,10,252000,8267.79659406997
30,Global,10,255000,8267.79659406997
30,Global,10,258000,8267.79659406997
30,Global,10,261000,8267.79659406997
30,Global,10,264000,8267.79659406997
30,Global,10,267000,8267.79659406997
30,Global,10,270000,8234.97804003532
30,Global,10,273000,8031.45382367942
30,Global,10,276000,7946.42572907735
30,Global,10,279000,7766.61485488314
30,Global,10,282000,7733.9991321417
30,Global,10,285000,7667.00446180222
30,Global,10,288000,7634.92646673769
30,Global,10,291000,7615.05477297309
30,Global,10,294000,7573.66164726826
30,Global,10,297000,7554.49207696923
30,Global,10,300000,7553.42753830862
30,Global-Cap2,10,3000,179162706.05653
30,Global-Cap2,10,6000,148845219.305056
30,Global-Cap2,10,9000,12603293.9638069
30,Global-Cap2,10,12000,871719.308413746
30,Global-Cap2,10,15000,436634.927432814
30,Global-Cap2,10,18000,360496.540657384
30,Global-Cap2,10,21000,360496.540657384
30,Global-Cap2,10,24000,245134.518045107
30,Global-Cap2,10,27000,173161.686511002
30,Global-Cap2,10,30000,136732.768025711
30,Global-Cap2,10,33000,94117.0998385852
30,Global-Cap2,10,36000,41066.8589938433
30,Global-Cap2,10,39000,25735.5568781785
30,Global-Cap2,10,42000,19012.5551790847
30,Global-Cap2,10,45000,17614.8986009308
30,Global-Cap2,10,48000,16973.8756496273
30,Global-Cap2,10,51000,16747.0424879717
30,Global-Cap2,10,54000,16251.933765463
30,Global-Cap2,10,57000,16179.2321426517
30,Global-Cap2,10,60000,15295.7590992939
30,Global-Cap2,10,63000,14986.3476911729
30,Global-Cap2,10,66000,14859.6981441132
30,Global-Cap2,10,69000,14598.1822654459
30,Global-Cap2,10,72000,14505.602303693
30,Global-Cap2,10,75000,14445.4697129213
30,Global-Cap2,10,78000,14307.1275685778
30,Global-Cap2,10,81000,12460.3521297505
30,Global-Cap2,10,84000,12460.3521297505
30,Global-Cap2,10,87000,12460.3521297505
30,Global-Cap2,10,90000,12460.3521297505
30,Global-Cap2,10,93000,12460.3521297505
30,Global-Cap2,10,96000,12460.3521297505
30,Global-Cap2,10,99000,12460.3521297505
30,Global-Cap2,10,102000,12460.3521297505
30,Global-Cap2,10,105000,12460.3521297505
30,Global-Cap2,10,108000,12460.3521297505
30,Global-Cap2,10,111000,12460.3521297505
30,Global-Cap2,10,114000,12460.3521297505
30,Global-Cap2,10,117000,12460.3521297505
30,Global-Cap2,10,120000,12460.3521297505
30,Global-Cap2,10,123000,12460.3521297505
30,Global-Cap2,10,126000,12460.3521297505
30,Global-Cap2,10,129000,12460.3521297505
30,Global-Cap2,10,132000,12460.3521297505
30,Global-Cap2,10,135000,12460.3521297505
30,Global-Cap2,10,138000,12460.3521297505
30,Global-Cap2,10,141000,12460.3521297505
30,Global-Cap2,10,144000,12460.3521297505
30,Global-Cap2,10,147000,12460.3521297505
30,Global-Cap2,10,150000,12460.3521297505
30,Global-Cap2,10,153000,12460.3521297505
30,Global-Cap2,10,156000,10978.264661379
30,Global-Cap2,10,159000,10381.6934435277
30,Global-Cap2,10,162000,8943.1564656359
30,Global-Cap2,10,165000,8943.1564656359
30,Global-Cap2,10,168000,8943.1564656359
30,Global-Cap2,10,171000,8943.1564656359
30,Global-Cap2,10,174000,8943.1564656359
30,Global-Cap2,10,177000,8943.1564656359
30,Global-Cap2,10,180000,8943.1564656359
30,Global-Cap2,10,183000,8713.28291518025
30,Global-Cap2,10,186000,8036.23682922732
30,Global-Cap2,10,189000,7789.97465496129
30,Global-Cap2,10,192000,7789.97465496129
30,Global-Cap2,10,195000,7789.97465496129
30,Global-Cap2,10,198000,7789.97465496129
30,Global-Cap2,10,201000,7789.97465496129
30,Global-Cap2,10,204000,7789.97465496129
30,Global-Cap2,10,207000,7789.97465496129
30,Global-Cap2,10,210000,7789.97465496129
30,Global-Cap2,10,213000,7789.97465496129
30,Global-Cap2,10,216000,7789.97465496129
30,Global-Cap2,10,219000,7789.97465496129
30,Global-Cap2,10,222000,7789.97465496129
30,Global-Cap2,10,225000,7789.97465496129
30,Global-Cap2,10,228000,7789.97465496129
30,Global-Cap2,10,231000,7789.97465496129
30,Global-Cap2,10,234000,7789.97465496129
30,Global-Cap2,10,237000,7789.97465496129
30,Global-Cap2,10,240000,7789.97465496129
30,Global-Cap2,10,243000,7789.97465496129
30,Global-Cap2,10,246000,7789.97465496129
30,Global-Cap2,10,249000,7789.97465496129
30,Global-Cap2,10,252000,7789.97465496129
30,Global-Cap2,10,255000,7789.97465496129
30,Global-Cap2,10,258000,7789.97465496129
30,Global-Cap2,10,261000,7789.97465496129
30,Global-Cap2,10,264000,7789.97465496129
30,Global-Cap2,10,267000,7789.97465496129
30,Global-Cap2,10,270000,7789.97465496129
30,Global-Cap2,10,273000,7789.97465496129
30,Global-Cap2,10,276000,7789.97465496129
30,Global-Cap2,10,279000,7643.99998095577
30,Global-Cap2,10,282000,7468.82296049534
30,Global-Cap2,10,285000,7461.0001237902
30,Global-Cap2,10,288000,7461.0001237902
30,Global-Cap2,10,291000,7461.0001237902
30,Global-Cap2,10,294000,7461.0001237902
30,Global-Cap2,10,297000,7461.0001237902
30,Global-Cap2,10,300000,7461.0001237902
30,DSS,11,3000,170106532.487252
30,DSS,11,6000,170106532.487252
30,DSS,11,9000,154641666.336186
30,DSS,11,12000,76727290.5745953
30,DSS,11,15000,701602.91038979
30,DSS,11,18000,576022.211205078
30,DSS,11,21000,347004.298501417
30,DSS,11,24000,301583.590171391
30,DSS,11,27000,196082.168581127
30,DSS,11,30000,167066.557786897
30,DSS,11,33000,89492.6912159265
30,DSS,11,36000,63689.2255120965
30,DSS,11,39000,49088.7986852763
30,DSS,11,42000,49088.7986852763
30,DSS,11,45000,49088.7986852763
30,DSS,11,48000,49088.7986852763
30,DSS,11,51000,49088.7986852763
30,DSS,11,54000,49088.7986852763
30,DSS,11,57000,48599.8702215815
30,DSS,11,60000,45726.2162336445
30,DSS,11,63000,41907.9186949828
30,DSS,11,66000,33729.6987102023
30,DSS,11,69000,33729.6987102023
30,DSS,11,72000,33729.6987102023
30,DSS,11,75000,33729.6987102023
30,DSS,11,78000,33729.6987102023
30,DSS,11,81000,31784.21523974
30,DSS,11,84000,27212.4291487845
30,DSS,11,87000,27212.4291487845
30,DSS,11,90000,27212.4291487845
30,DSS,11,93000,27212.4291487845
30,DSS,11,96000,27212.4291487845
30,DSS,11,99000,27212.4291487845
30,DSS,11,102000,22174.4088480924
30,DSS,11,105000,18054.8123891307
30,DSS,11,108000,18054.8123891307
30,DSS,11,111000,18054.8123891307
30,DSS,11,114000,18054.8123891307
30,DSS,11,117000,18054.8123891307
30,DSS,11,120000,18054.8123891307
30,DSS,11,123000,18054.8123891307
30,DSS,11,126000,18054.8123891307
30,DSS,11,129000,18054.8123891307
30,DSS,11,132000,18054.8123891307
30,DSS,11,135000,18054.8123891307
30,DSS,11,138000,18054.8123891307
30,DSS,11,141000,18054.8123891307
30,DSS,11,144000,18054.8123891307
30,DSS,11,147000,17371.6471702448
30,DSS,11,150000,17371.6471702448
30,DSS,11,153000,17371.6471702448
30,DSS,11,156000,17371.6471702448
30,DSS,11,159000,17371.6471702448
30,DSS,11,162000,17371.6471702448
30,DSS,11,165000,16123.3222180469
30,DSS,11,168000,14770.567191604
30,DSS,11,171000,12639.1558783263
30,DSS,11,174000,10578.5159097453
30,DSS,11,177000,9579.67723950786
30,DSS,11,180000,9489.94195918593
30,DSS,11,183000,9138.88973033021
30,DSS,11,186000,8707.10384962218
30,DSS,11,189000,8513.90864171494
30,DSS,11,192000,8192.05635432795
30,DSS,11,195000,7864.15827010895
30,DSS,11,198000,7412.42978662618
30,DSS,11,201000,6972.16627655608
30,DSS,11,204000,6496.90034696766
30,DSS,11,207000,6313.85937505216
30,DSS,11,210000,6313.85937505216
30,DSS,11,213000,6313.85937505216
30,DSS,11,216000,6313.85937505216
30,DSS,11,219000,6313.85937505216
30,DSS,11,222000,6313.85937505216
30,DSS,11,225000,6313.85937505216
30,DSS,11,228000,6313.85937505216
30,DSS,11,231000,6313.85937505216
30,DSS,11,234000,6313.85937505216
30,DSS,11,237000,6313.85937505216
30,DSS,11,240000,6313.85937505216
30,DSS,11,243000,6313.85937505216
30,DSS,11,246000,6313.85937505216
30,DSS,11,249000,6313.85937505216
30,DSS,11,252000,6313.85937505216
30,DSS,11,255000,6313.85937505216
30,DSS,11,258000,6294.78544317901
30,DSS,11,261000,6294.78544317901
30,DSS,11,264000,6294.78544317901
30,DSS,11,267000,6294.78544317901
30,DSS,11,270000,6294.78544317901
30,DSS,11,273000,6294.78544317901
30,DSS,11,276000,6294.78544317901
30,DSS,11,279000,6294.78544317901
30,DSS,11,282000,6294.78544317901
30,DSS,11,285000,6294.78544317901
30,DSS,11,288000,6294.78544317901
30,DSS,11,291000,6294.78544317901
30,DSS,11,294000,6294.78544317901
30,DSS,11,297000,6294.78544317901
30,DSS,11,300000,6294.78544317901
30,Global,11,3000,257530469.951341
30,Global,11,6000,178583885.976043
30,Global,11,9000,178583885.976043
30,Global,11,12000,24511789.483051
30,Global,11,15000,6864957.56430224
30,Global,11,18000,1803802.72334599
30,Global,11,21000,355093.731705385
30,Global,11,24000,173175.191627969
30,Global,11,27000,129933.071013139
30,Global,11,30000,118200.816581682
30,Global,11,33000,118200.816581682
30,Global,11,36000,118200.816581682
30,Global,11,39000,118200.816581682
30,Global,11,42000,118200.816581682
30,Global,11,45000,118200.816581682
30,Global,11,48000,118200.816581682
30,Global,11,51000,118200.816581682
30,Global,11,54000,118200.816581682
30,Global,11,57000,113485.44724908
30,Global,11,60000,112070.75332229
30,Global,11,63000,112070.75332229
30,Global,11,66000,112070.75332229
30,Global,11,69000,112070.75332229
30,Global,11,72000,112070.75332229
30,Global,11,75000,110885.239162549
30,Global,11,78000,109331.744329362
30,Global,11,81000,109331.744329362
30,Global,11,84000,109331.744329362
30,Global,11,87000,102773.460956733
30,Global,11,90000,94656.9814420019
30,Global,11,93000,93383.361924941
30,Global,11,96000,91087.2893962665
30,Global,11,99000,89688.5990619734
30,Global,11,102000,89688.5990619734
30,Global,11,105000,88230.2541073342
30,Global,11,108000,88230.2541073342
30,Global,11,111000,88230.2541073342
30,Global,11,114000,88230.2541073342
30,Global,11,117000,88230.2541073342
30,Global,11,120000,88230.2541073342
30,Global,11,123000,88230.2541073342
30,Global,11,126000,88230.2541073342
30,Global,11,129000,88230.2541073342
30,Global,11,132000,82263.559552002
30,Global,11,135000,76167.0921009179
30,Global,11,138000,75163.2976187889
30,Global,11,141000,70312.5321857478
30,Global,11,144000,69279.7066594109
30,Global,11,147000,67589.6323821621
30,Global,11,150000,59540.0400090835
30,Global,11,153000,58648.2846814186
30,Global,11,156000,57721.9352068777
30,Global,11,159000,56203.0896540619
30,Global,11,162000,54398.9803621904
30,Global,11,165000,52251.201493609
30,Global,11,168000,51334.1129315783
30,Global,11,171000,51334.1129315783
30,Global,11,174000,51334.1129315783
30,Global,11,177000,51334.1129315783
30,Global,11,180000,51334.1129315783
30,Global,11,183000,51334.1129315783
30,Global,11,186000,51334.1129315783
30,Global,11,189000,51334.1129315783
30,Global,11,192000,51334.1129315783
30,Global,11,195000,51334.1129315783
30,Global,11,198000,46053.207542622
30,Global,11,201000,45609.5114165507
30,Global,11,204000,43340.4459971461
30,Global,11,207000,42859.445173696
30,Global,11,210000,41483.1943642318
30,Global,11,213000,41144.360524758
30,Global,11,216000,41144.360524758
30,Global,11,219000,41144.360524758
30,Global,11,222000,41144.360524758
30,Global,11,225000,41144.360524758
30,Global,11,228000,41144.360524758
30,Global,11,231000,41144.360524758
30,Global,11,234000,39901.8957079102
30,Global,11,237000,39158.4416349174
30,Global,11,240000,39158.4416349174
30,Global,11,243000,39158.4416349174
30,Global,11,246000,39158.4416349174
30,Global,11,249000,39158.4416349174
30,Global,11,252000,39158.4416349174
30,Global,11,255000,39158.4416349174
30,Global,11,258000,39158.4416349174
30,Global,11,261000,39158.4416349174
30,Global,11,264000,39158.4416349174
30,Global,11,267000,39158.4416349174
30,Global,11,270000,39158.4416349174
30,Global,11,273000,39158.4416349174
30,Global,11,276000,39158.4416349174
30,Global,11,279000,38956.6092998601
30,Global,11,282000,37894.0829539568
30,Global,11,285000,37415.4802861448
30,Global,11,288000,37088.551321794
30,Global,11,291000,36553.7836661066
30,Global,11,294000,36307.436239572
30,Global,11,297000,35985.2647078747
30,Global,11,300000,35792.2721351017
30,Global-Cap2,11,3000,462735950.39461
30,Global-Cap2,11,6000,239863513.840561
30,Global-Cap2,11,9000,74265175.0471594
30,Global-Cap2,11,12000,27577721.1361129
30,Global-Cap2,11,15000,18975977.0389849
30,Global-Cap2,11,18000,9538795.2734954
30,Global-Cap2,11,21000,3382909.73542303
30,Global-Cap2,11,24000,2549902.49765981
30,Global-Cap2,11,27000,1802621.48743425
30,Global-Cap2,11,30000,504609.159790384
30,Global-Cap2,11,33000,272648.377008282
30,Global-Cap2,11,36000,214082.453297153
30,Global-Cap2,11,39000,203320.959810969
30,Global-Cap2,11,42000,203320.959810969
30,Global-Cap2,11,45000,203320.959810969
30,Global-Cap2,11,48000,203320.959810969
30,Global-Cap2,11,51000,203320.959810969
30,Global-Cap2,11,54000,143928.902353782
30,Global-Cap2,11,57000,101160.336800994
30,Global-Cap2,11,60000,95448.2632967553
30,Global-Cap2,11,63000,93662.2446737372
30,Global-Cap2,11,66000,89129.1937743166
30,Global-Cap2,11,69000,83813.89554385
30,Global-Cap2,11,72000,82056.9527130003
30,Global-Cap2,11,75000,74293.7316267696
30,Global-Cap2,11,78000,74293.7316267696
30,Global-Cap2,11,81000,74293.7316267696
30,Global-Cap2,11,84000,74293.7316267696
30,Global-Cap2,11,87000,74293.7316267696
30,Global-Cap2,11,90000,74293.7316267696
30,Global-Cap2,11,93000,74293.7316267696
30,Global-Cap2,11,96000,74293.7316267696
30,Global-Cap2,11,99000,74293.7316267696
30,Global-Cap2,11,102000,54220.6736362597
30,Global-Cap2,11,105000,54220.6736362597
30,Global-Cap2,11,108000,54220.6736362597
30,Global-Cap2,11,111000,54220.6736362597
30,Global-Cap2,11,114000,54220.6736362597
30,Global-Cap2,11,117000,54220.6736362597
30,Global-Cap2,11,120000,54220.6736362597
30,Global-Cap2,11,123000,54220.6736362597
30,Global-Cap2,11,126000,54220.6736362597
30,Global-Cap2,11,129000,54220.6736362597
30,Global-Cap2,11,132000,50438.1881222634
30,Global-Cap2,11,135000,42342.9945010138
30,Global-Cap2,11,138000,42342.9945010138
30,Global-Cap2,11,141000,42299.6795425199
30,Global-Cap2,11,144000,42299.6795425199
30,Global-Cap2,11,147000,42299.6795425199
30,Global-Cap2,11,150000,42299.6795425199
30,Global-Cap2,11,153000,42299.6795425199
30,Global-Cap2,11,156000,42299.6795425199
30,Global-Cap2,11,159000,42299.6795425199
30,Global-Cap2,11,162000,42299.6795425199
30,Global-Cap2,11,165000,42299.6795425199
30,Global-Cap2,11,168000,42299.6795425199
30,Global-Cap2,11,171000,42299.6795425199
30,Global-Cap2,11,174000,42299.6795425199
30,Global-Cap2,11,177000,42299.6795425199
30,Global-Cap2,11,180000,42299.6795425199
30,Global-Cap2,11,183000,42299.6795425199
30,Global-Cap2,11,186000,42299.6795425199
30,Global-Cap2,11,189000,40080.5893128188
30,Global-Cap2,11,192000,40080.5893128188
30,Global-Cap2,11,195000,40080.5893128188
30,Global-Cap2,11,198000,40080.5893128188
30,Global-Cap2,11,201000,40080.5893128188
30,Global-Cap2,11,204000,40080.5893128188
30,Global-Cap2,11,207000,40080.5893128188
30,Global-Cap2,11,210000,40080.5893128188
30,Global-Cap2,11,213000,40080.5893128188
30,Global-Cap2,11,216000,40080.5893128188
30,Global-Cap2,11,219000,40080.5893128188
30,Global-Cap2,11,222000,36121.8448743592
30,Global-Cap2,11,225000,33533.8393669889
30,Global-Cap2,11,228000,32448.1779939586
30,Global-Cap2,11,231000,32300.8738995812
30,Global-Cap2,11,234000,32159.5904383902
30,Global-Cap2,11,237000,31964.2995789277
30,Global-Cap2,11,240000,31633.1330565367
30,Global-Cap2,11,243000,31565.104822954
30,Global-Cap2,11,246000,31464.2466206322
30,Global-Cap2,11,249000,31142.8059960499
30,Global-Cap2,11,252000,30938.0401212893
30,Global-Cap2,11,255000,30831.9560447464
30,Global-Cap2,11,258000,30752.6632829317
30,Global-Cap2,11,261000,30752.6632829317
30,Global-Cap2,11,264000,30752.6632829317
30,Global-Cap2,11,267000,30752.6632829317
30,Global-Cap2,11,270000,30752.6632829317
30,Global-Cap2,11,273000,30752.6632829317
30,Global-Cap2,11,276000,30752.6632829317
30,Global-Cap2,11,279000,30752.6632829317
30,Global-Cap2,11,282000,30752.6632829317
30,Global-Cap2,11,285000,30752.6632829317
30,Global-Cap2,11,288000,30752.6632829317
30,Global-Cap2,11,291000,30752.6632829317
30,Global-Cap2,11,294000,30752.6632829317
30,Global-Cap2,11,297000,30752.6632829317
30,Global-Cap2,11,300000,30752.6632829317
30,DSS,12,3000,209457747.752917
30,DSS,12,6000,132268733.404578
30,DSS,12,9000,50232063.71489
30,DSS,12,12000,3842438.0827699
30,DSS,12,15000,1571353.80543087
30,DSS,12,18000,876144.96606032
30,DSS,12,21000,450886.248042655
30,DSS,12,24000,293855.06072255
30,DSS,12,27000,233567.76688515
30,DSS,12,30000,233567.76688515
30,DSS,12,33000,136636.587060405
30,DSS,12,36000,102232.932939405
30,DSS,12,39000,83878.8519573482
30,DSS,12,42000,68489.744625931
30,DSS,12,45000,58607.9907348366
30,DSS,12,48000,52238.1230605358
30,DSS,12,51000,47255.4015667209
30,DSS,12,54000,40541.3778867624
30,DSS,12,57000,35507.3459223346
30,DSS,12,60000,33494.3699623857
30,DSS,12,63000,33494.3699623857
30,DSS,12,66000,33494.3699623857
30,DSS,12,69000,33494.3699623857
30,DSS,12,72000,33494.3699623857
30,DSS,12,75000,33494.3699623857
30,DSS,12,78000,33494.3699623857
30,DSS,12,81000,33494.3699623857
30,DSS,12,84000,33494.3699623857
30,DSS,12,87000,33494.3699623857
30,DSS,12,90000,33494.3699623857
30,DSS,12,93000,33494.3699623857
30,DSS,12,96000,33494.3699623857
30,DSS,12,99000,33494.3699623857
30,DSS,12,102000,33494.3699623857
30,DSS,12,105000,31346.6484159278
30,DSS,12,108000,31346.6484159278
30,DSS,12,111000,31346.6484159278
30,DSS,12,114000,31346.6484159278
30,DSS,12,117000,31346.6484159278
30,DSS,12,120000,31346.6484159278
30,DSS,12,123000,31346.6484159278
30,DSS,12,126000,31346.6484159278
30,DSS,12,129000,31346.6484159278
30,DSS,12,132000,31346.6484159278
30,DSS,12,135000,31346.6484159278
30,DSS,12,138000,31346.6484159278
30,DSS,12,141000,31346.6484159278
30,DSS,12,144000,31346.6484159278
30,DSS,12,147000,31346.6484159278
30,DSS,12,150000,31346.6484159278
30,DSS,12,153000,31346.6484159278
30,DSS,12,156000,31346.6484159278
30,DSS,12,159000,31346.6484159278
30,DSS,12,162000,31346.6484159278
30,DSS,12,165000,31346.6484159278
30,DSS,12,168000,31346.6484159278
30,DSS,12,171000,31346.6484159278
30,DSS,12,174000,31346.6484159278
30,DSS,12,177000,31346.6484159278
30,DSS,12,180000,31346.6484159278
30,DSS,12,183000,29895.0037499481
30,DSS,12,186000,26356.4946333409
30,DSS,12,189000,24796.3842162086
30,DSS,12,192000,22847.7625250506
30,DSS,12,195000,21319.1192117636
30,DSS,12,198000,20814.2008186006
30,DSS,12,201000,20260.3911773985
30,DSS,12,204000,20260.3911773985
30,DSS,12,207000,20260.3911773985
30,DSS,12,210000,20260.3911773985
30,DSS,12,213000,20260.3911773985
30,DSS,12,216000,20260.3911773985
30,DSS,12,219000,19847.28329005
30,DSS,12,222000,19544.1914010003
30,DSS,12,225000,19425.262564819
30,DSS,12,228000,19246.2465704695
30,DSS,12,231000,18857.6297783978
30,DSS,12,234000,18456.0166389575
30,DSS,12,237000,18375.8449468157
30,DSS,12,240000,18252.9413695752
30,DSS,12,243000,18195.4096791565
30,DSS,12,246000,18054.6626161689
30,DSS,12,249000,17928.0937262192
30,DSS,12,252000,17823.8146046095
30,DSS,12,255000,17596.2750181492
30,DSS,12,258000,17444.7115111057
30,DSS,12,261000,17350.1310590034
30,DSS,12,264000,17286.3854999305
30,DSS,12,267000,17186.8591482259
30,DSS,12,270000,17166.9623620232
30,DSS,12,273000,17138.2568081601
30,DSS,12,276000,17099.220663322
30,DSS,12,279000,17064.4719301266
30,DSS,12,282000,17046.4716256852
30,DSS,12,285000,17025.3385812596
30,DSS,12,288000,16990.9144393994
30,DSS,12,291000,16951.5863408994
30,DSS,12,294000,16925.6175517905
30,DSS,12,297000,16910.4679842785
30,DSS,12,300000,16899.5831236352
30,Global,12,3000,274149463.298207
30,Global,12,6000,177865666.84578
30,Global,12,9000,4003757.38963771
30,Global,12,12000,1010813.26182245
30,Global,12,15000,320412.917816993
30,Global,12,18000,152743.412817144
30,Global,12,21000,133597.872191488
30,Global,12,24000,133597.872191488
30,Global,12,27000,133597.872191488
30,Global,12,30000,133597.872191488
30,Global,12,33000,97933.2592215332
30,Global,12,36000,97933.2592215332
30,Global,12,39000,96797.7378687673
30,Global,12,42000,96797.7378687673
30,Global,12,45000,96797.7378687673
30,Global,12,48000,96797.7378687673
30,Global,12,51000,96797.7378687673
30,Global,12,54000,96797.7378687673
30,Global,12,57000,96797.7378687673
30,Global,12,60000,96797.7378687673
30,Global,12,63000,96797.7378687673
30,Global,12,66000,96797.7378687673
30,Global,12,69000,96797.7378687673
30,Global,12,72000,96797.7378687673
30,Global,12,75000,66683.8017207427
30,Global,12,78000,53207.8291279457
30,Global,12,81000,50026.2659199018
30,Global,12,84000,49100.2102424153
30,Global,12,87000,46816.8238244721
30,Global,12,90000,44782.4873575557
30,Global,12,93000,43665.0304820732
30,Global,12,96000,42877.2309461228
30,Global,12,99000,42877.2309461228
30,Global,12,102000,42877.2309461228
30,Global,12,105000,42877.2309461228
30,Global,12,108000,42877.2309461228
30,Global,12,111000,42877.2309461228
30,Global,12,114000,42877.2309461228
30,Global,12,117000,42877.2309461228
30,Global,12,120000,42877.2309461228
30,Global,12,123000,42877.2309461228
30,Global,12,126000,42877.2309461228
30,Global,12,129000,42877.2309461228
30,Global,12,132000,41486.2662487024
30,Global,12,135000,41486.2662487024
30,Global,12,138000,41486.2662487024
30,Global,12,141000,41486.2662487024
30,Global,12,144000,41486.2662487024
30,Global,12,147000,41486.2662487024
30,Global,12,150000,41486.2662487024
30,Global,12,153000,41486.2662487024
30,Global,12,156000,41486.2662487024
30,Global,12,159000,41486.2662487024
30,Global,12,162000,41486.2662487024
30,Global,12,165000,41486.2662487024
30,Global,12,168000,41486.2662487024
30,Global,12,171000,41486.2662487024
30,Global,12,174000,41486.2662487024
30,Global,12,177000,41486.2662487024
30,Global,12,180000,39208.7580221512
30,Global,12,183000,35318.8193111797
30,Global,12,186000,33562.6910304387
30,Global,12,189000,31979.8552238239
30,Global,12,192000,31312.6378047576
30,Global,12,195000,30563.0964209574
30,Global,12,198000,30268.2101341492
30,Global,12,201000,29913.6542097891
30,Global,12,204000,28814.4785844127
30,Global,12,207000,28687.0166912671
30,Global,12,210000,28547.9362196096
30,Global,12,213000,28387.2984352491
30,Global,12,216000,28337.4225458985
30,Global,12,219000,28337.4225458985
30,Global,12,222000,28337.4225458985
30,Global,12,225000,28337.4225458985
30,Global,12,228000,28337.4225458985
30,Global,12,231000,28337.4225458985
30,Global,12,234000,28337.4225458985
30,Global,12,237000,28337.4225458985
30,Global,12,240000,28337.4225458985
30,Global,12,243000,28337.4225458985
30,Global,12,246000,28337.4225458985
30,Global,12,249000,28337.4225458985
30,Global,12,252000,28337.4225458985
30,Global,12,255000,28337.4225458985
30,Global,12,258000,28337.4225458985
30,Global,12,261000,28337.4225458985
30,Global,12,264000,28337.4225458985
30,Global,12,267000,28337.4225458985
30,Global,12,270000,28337.4225458985
30,Global,12,273000,28337.4225458985
30,Global,12,276000,28337.4225458985
30,Global,12,279000,28337.4225458985
30,Global,12,282000,28337.4225458985
30,Global,12,285000,28337.4225458985
30,Global,12,288000,28337.4225458985
30,Global,12,291000,28337.4225458985
30,Global,12,294000,28337.4225458985
30,Global,12,297000,28337.4225458985
30,Global,12,300000,28337.4225458985
30,Global-Cap2,12,3000,166389999.745924
30,Global-Cap2,12,6000,71159591.5575694
30,Global-Cap2,12,9000,6869326.72841029
30,Global-Cap2,12,12000,5507424.08866501
30,Global-Cap2,12,15000,2906516.86607791
30,Global-Cap2,12,18000,1731879.95305509
30,Global-Cap2,12,21000,801539.531086309
30,Global-Cap2,12,24000,362075.194766988
30,Global-Cap2,12,27000,149321.49021684
30,Global-Cap2,12,30000,93674.2954914916
30,Global-Cap2,12,33000,81663.9344264892
30,Global-Cap2,12,36000,67866.0185128863
30,Global-Cap2,12,39000,64463.969722202
30,Global-Cap2,12,42000,59562.3253663225
30,Global-Cap2,12,45000,59562.3253663225
30,Global-Cap2,12,48000,49464.5549112532
30,Global-Cap2,12,51000,46489.8523615224
30,Global-Cap2,12,54000,44169.2877286172
30,Global-Cap2,12,57000,43719.9933756306
30,Global-Cap2,12,60000,42809.2805371737
30,Global-Cap2,12,63000,40693.7802380906
30,Global-Cap2,12,66000,35900.7342257526
30,Global-Cap2,12,69000,34571.9756928831
30,Global-Cap2,12,72000,31932.5903993752
30,Global-Cap2,12,75000,29885.3038294082
30,Global-Cap2,12,78000,29170.4142078272
30,Global-Cap2,12,81000,26107.0194761719
30,Global-Cap2,12,84000,24893.8435824382
30,Global-Cap2,12,87000,24057.1040583236
30,Global-Cap2,12,90000,24037.5893083895
30,Global-Cap2,12,93000,23612.9399724392
30,Global-Cap2,12,96000,22315.202384497
30,Global-Cap2,12,99000,21645.7768993326
30,Global-Cap2,12,102000,20922.6393137318
30,Global-Cap2,12,105000,20922.6393137318
30,Global-Cap2,12,108000,20922.6393137318
30,Global-Cap2,12,111000,19171.9649316068
30,Global-Cap2,12,114000,19171.9649316068
30,Global-Cap2,12,117000,19171.9649316068
30,Global-Cap2,12,120000,19171.9649316068
30,Global-Cap2,12,123000,19049.4806152289
30,Global-Cap2,12,126000,18506.5925417285
30,Global-Cap2,12,129000,18506.5925417285
30,Global-Cap2,12,132000,18506.5925417285
30,Global-Cap2,12,135000,18506.5925417285
30,Global-Cap2,12,138000,18506.5925417285
30,Global-Cap2,12,141000,18506.5925417285
30,Global-Cap2,12,144000,18506.5925417285
30,Global-Cap2,12,147000,18506.5925417285
30,Global-Cap2,12,150000,18506.5925417285
30,Global-Cap2,12,153000,18506.5925417285
30,Global-Cap2,12,156000,18506.5925417285
30,Global-Cap2,12,159000,18506.5925417285
30,Global-Cap2,12,162000,18506.5925417285
30,Global-Cap2,12,165000,18506.5925417285
30,Global-Cap2,12,168000,18506.5925417285
30,Global-Cap2,12,171000,17963.5693715461
30,Global-Cap2,12,174000,17720.8552193853
30,Global-Cap2,12,177000,17456.8577922392
30,Global-Cap2,12,180000,17203.7251389269
30,Global-Cap2,12,183000,17072.8881810394
30,Global-Cap2,12,186000,17072.8881810394
30,Global-Cap2,12,189000,17072.8881810394
30,Global-Cap2,12,192000,17072.8881810394
30,Global-Cap2,12,195000,17072.8881810394
30,Global-Cap2,12,198000,17072.8881810394
30,Global-Cap2,12,201000,15479.1797974257
30,Global-Cap2,12,204000,14930.7282638664
30,Global-Cap2,12,207000,14643.1893011506
30,Global-Cap2,12,210000,14434.6593737852
30,Global-Cap2,12,213000,14100.7303309556
30,Global-Cap2,12,216000,14100.7303309556
30,Global-Cap2,12,219000,14100.7303309556
30,Global-Cap2,12,222000,14100.7303309556
30,Global-Cap2,12,225000,14100.7303309556
30,Global-Cap2,12,228000,14100.7303309556
30,Global-Cap2,12,231000,14100.7303309556
30,Global-Cap2,12,234000,14100.7303309556
30,Global-Cap2,12,237000,14100.7303309556
30,Global-Cap2,12,240000,14100.7303309556
30,Global-Cap2,12,243000,14100.7303309556
30,Global-Cap2,12,246000,14100.7303309556
30,Global-Cap2,12,249000,14100.7303309556
30,Global-Cap2,12,252000,14100.7303309556
30,Global-Cap2,12,255000,14100.7303309556
30,Global-Cap2,12,258000,14100.7303309556
30,Global-Cap2,12,261000,14100.7303309556
30,Global-Cap2,12,264000,14100.7303309556
30,Global-Cap2,12,267000,14100.7303309556
30,Global-Cap2,12,270000,14100.7303309556
30,Global-Cap2,12,273000,14100.7303309556
30,Global-Cap2,12,276000,14100.7303309556
30,Global-Cap2,12,279000,14100.7303309556
30,Global-Cap2,12,282000,14100.7303309556
30,Global-Cap2,12,285000,14100.7303309556
30,Global-Cap2,12,288000,14100.7303309556
30,Global-Cap2,12,291000,14100.7303309556
30,Global-Cap2,12,294000,14100.7303309556
30,Global-Cap2,12,297000,14100.7303309556
30,Global-Cap2,12,300000,14100.7303309556
