Function,FunctionID,Algorithm,Run,InitSeed,SearchSeed,Evaluations,BestCost,BestError,Seconds,Error30FE,Error60FE,SeekingParentCoverage,SeekingConcentration,SeekingParentSuccessRate,SeekingGlobalImprovements,TracingGlobalImprovements,MeanDiversity,BudgetFillRate,ModeAllocationError
F01,1,CSO,16,20271020,20371020,300000,17651230109.0296,17651230009.0296,2.6457404,21807533183.4403,17820471750.8836,NaN,NaN,NaN,NaN,NaN,NaN,NaN,NaN
F01,1,CLPSO,16,20271020,20371020,300000,192.152165553822,92.1521655538222,3.0949815,16597589.9628204,17249.7918134633,NaN,NaN,NaN,NaN,NaN,NaN,NaN,NaN
F01,1,DSS-Range,16,20271020,20371020,300000,582844.050131961,582744.050131961,40.7480649,11391496.9249884,3349736.56374538,2,0.555555555555628,0.445946546646663,302,22,145.326406355529,1,0
F01,1,Global-Cap2-Range,16,20271020,20371020,300000,3467.5158024299,3367.5158024299,39.0613154,13075694.5448989,3271165.42002107,2.02265377562927,0.550521383193573,0.200894593543368,367,14,142.170153237071,1,0
F01,1,CSO,17,20271021,20371021,300000,15184668955.0765,15184668855.0765,2.0573596,23793290409.1263,17821935350.8089,NaN,NaN,NaN,NaN,NaN,NaN,NaN,NaN
F01,1,CLPSO,17,20271021,20371021,300000,107.916772856805,7.91677285680544,2.4831739,19440744.3488944,16204.3690780211,NaN,NaN,NaN,NaN,NaN,NaN,NaN,NaN
F01,1,DSS-Range,17,20271021,20371021,300000,16447.2299570245,16347.2299570245,36.5408387,8882472.67406553,4501513.45013284,2,0.555555555555628,0.412179807745735,345,13,142.458337485179,1,0
F01,1,Global-Cap2-Range,17,20271021,20371021,300000,372039.630821977,371939.630821977,35.0974913,10936209.45181,4099920.03960568,2.01131855309218,0.553040321535145,0.195865977662944,333,12,143.643082229197,1,0
F01,1,CSO,18,20271022,20371022,300000,14131261660.9785,14131261560.9785,1.8248529,26106315092.3116,21952365604.1885,NaN,NaN,NaN,NaN,NaN,NaN,NaN,NaN
F01,1,CLPSO,18,20271022,20371022,300000,121.27256158938,21.2725615893797,2.2275466,16587088.103987,12407.8924266616,NaN,NaN,NaN,NaN,NaN,NaN,NaN,NaN
F01,1,DSS-Range,18,20271022,20371022,300000,348459.433421299,348359.433421299,36.0153107,10507161.9647781,3094390.99115867,2,0.555555555555628,0.449191531921987,220,14,141.32723816048,1,0
F01,1,Global-Cap2-Range,18,20271022,20371022,300000,193958.057122609,193858.057122609,34.6028732,9258937.73387714,3802448.30342114,2.01426904484081,0.552384656702118,0.239389898316386,288,16,144.879707388411,1,0
F01,1,CSO,19,20271023,20371023,300000,16419217701.7462,16419217601.7462,1.7819224,18792858883.7304,18792858883.7304,NaN,NaN,NaN,NaN,NaN,NaN,NaN,NaN
F01,1,CLPSO,19,20271023,20371023,300000,120.539521916255,20.5395219162545,2.1609886,17265950.0375698,17547.9277333149,NaN,NaN,NaN,NaN,NaN,NaN,NaN,NaN
F01,1,DSS-Range,19,20271023,20371023,300000,756.544043528516,656.544043528516,36.4585587,15141030.5210805,3934735.54498886,2,0.555555555555628,0.415474801355782,386,11,145.590209351121,1,0
F01,1,Global-Cap2-Range,19,20271023,20371023,300000,20516.8961888379,20416.8961888379,34.9218135,8382711.24395357,3343014.12193308,2.05444240706784,0.543457242873898,0.183319442129244,350,14,141.490886861054,1,0
F01,1,CSO,20,20271024,20371024,300000,18145029286.9422,18145029186.9422,1.8807529,28099248283.7043,27678024136.5253,NaN,NaN,NaN,NaN,NaN,NaN,NaN,NaN
F01,1,CLPSO,20,20271024,20371024,300000,122.388609266197,22.3886092661972,2.2427801,12616095.6375487,8993.9067532783,NaN,NaN,NaN,NaN,NaN,NaN,NaN,NaN
F01,1,DSS-Range,20,20271024,20371024,300000,3854.61604974895,3754.61604974895,49.4093295,10560851.006882,4401490.37788083,2,0.555555555555628,0.415135855975996,356,17,141.631897163983,1,0
F01,1,Global-Cap2-Range,20,20271024,20371024,300000,228449.977076754,228349.977076754,47.3267212,8108121.39465882,2524661.65058036,2.01636939489915,0.551917912244709,0.224198477524032,293,19,142.619463399317,1,0
F03,3,CSO,16,20271020,20371020,300000,42035.0623643527,41735.0623643527,2.6446342,66605.6139282536,50461.7839962917,NaN,NaN,NaN,NaN,NaN,NaN,NaN,NaN
F03,3,CLPSO,16,20271020,20371020,300000,19605.9377733793,19305.9377733793,3.3905371,103882.65098315,43650.8034074724,NaN,NaN,NaN,NaN,NaN,NaN,NaN,NaN
F03,3,DSS-Range,16,20271020,20371020,300000,10647.269956931,10347.269956931,51.8928338,13130.7081300155,10347.269956931,2,0.555555555555628,0.413257765183086,167,9,152.370317047856,1,0
F03,3,Global-Cap2-Range,16,20271020,20371020,300000,1838.13868936596,1538.13868936596,49.7710615,21027.4524295955,1538.13868936596,2.02703783963994,0.549547146746758,0.352642107017836,362,9,148.28394356168,1,0
F03,3,CSO,17,20271021,20371021,300000,59490.9217136495,59190.9217136495,2.879463,79435.9479967793,64213.5773591955,NaN,NaN,NaN,NaN,NaN,NaN,NaN,NaN
F03,3,CLPSO,17,20271021,20371021,300000,20462.6523584195,20162.6523584195,3.7848914,83948.9004184084,53833.4274363087,NaN,NaN,NaN,NaN,NaN,NaN,NaN,NaN
F03,3,DSS-Range,17,20271021,20371021,300000,625.513025478395,325.513025478395,49.0015768,25455.0170638136,7017.47803442249,2,0.555555555555628,0.388486970050564,1399,3,149.324101084293,1,0
F03,3,Global-Cap2-Range,17,20271021,20371021,300000,8740.24898713925,8440.24898713925,46.8203559,22131.3915056409,13914.5058436307,2.02767127854642,0.549406382545317,0.343351669722732,317,5,142.00294517162,1,0
F03,3,CSO,18,20271022,20371022,300000,57822.1178842193,57522.1178842193,2.6359523,89077.0747014093,62582.6068336108,NaN,NaN,NaN,NaN,NaN,NaN,NaN,NaN
F03,3,CLPSO,18,20271022,20371022,300000,19476.8664603743,19176.8664603743,3.328823,90504.321604457,42680.0268731501,NaN,NaN,NaN,NaN,NaN,NaN,NaN,NaN
F03,3,DSS-Range,18,20271022,20371022,300000,4806.54968302341,4506.54968302341,52.0487362,26174.6654377873,4915.89563769121,2,0.555555555555628,0.399649941656943,300,6,145.154028252554,1,0
F03,3,Global-Cap2-Range,18,20271022,20371022,300000,3220.98842639053,2920.98842639053,49.9890533,16823.0364177525,6863.56150274167,2.0269544924154,0.549565668352211,0.341523587264544,488,4,147.341776106469,1,0
F03,3,CSO,19,20271023,20371023,300000,47634.8904954108,47334.8904954108,2.8404017,69288.5186839579,69288.5186839579,NaN,NaN,NaN,NaN,NaN,NaN,NaN,NaN
F03,3,CLPSO,19,20271023,20371023,300000,18422.4855246261,18122.4855246261,3.6042872,70110.7399362349,29665.630063314,NaN,NaN,NaN,NaN,NaN,NaN,NaN,NaN
F03,3,DSS-Range,19,20271023,20371023,300000,5100.40079073753,4800.40079073753,37.1201883,26574.5333953952,6549.69901954573,2,0.555555555555628,0.396082680446741,343,6,143.334220322145,1,0
F03,3,Global-Cap2-Range,19,20271023,20371023,300000,6316.66256973006,6016.66256973006,35.8757963,8746.21797003612,6983.07573315175,2.02678779796633,0.549602711563116,0.35058620881258,301,4,146.979838831013,1,0
F03,3,CSO,20,20271024,20371024,300000,68055.4375009191,67755.4375009191,1.724505,152113.07419803,132322.708838653,NaN,NaN,NaN,NaN,NaN,NaN,NaN,NaN
F03,3,CLPSO,20,20271024,20371024,300000,19646.7303668933,19346.7303668933,2.1815359,68309.6621856238,36466.5947709773,NaN,NaN,NaN,NaN,NaN,NaN,NaN,NaN
F03,3,DSS-Range,20,20271024,20371024,300000,2212.40034307184,1912.40034307184,34.8217209,22721.0114379523,17813.1511412032,2,0.555555555555628,0.385758737567372,575,7,147.011072221565,1,0
F03,3,Global-Cap2-Range,20,20271024,20371024,300000,375.555022860314,75.5550228603142,33.5882469,1841.62320122428,75.5550228603142,2.02058676446074,0.5509807190088,0.323109407123409,496,4,150.721498245263,1,0
F04,4,CSO,16,20271020,20371020,300000,977.135802683312,577.135802683312,1.7574877,1499.52193534767,895.507537336913,NaN,NaN,NaN,NaN,NaN,NaN,NaN,NaN
F04,4,CLPSO,16,20271020,20371020,300000,484.009840965836,84.0098409658356,2.0833109,137.732213011021,104.293400453378,NaN,NaN,NaN,NaN,NaN,NaN,NaN,NaN
F04,4,DSS-Range,16,20271020,20371020,300000,485.85046866645,85.8504686664499,34.8069471,88.8124840871702,86.7683319588227,2,0.555555555555628,0.419747735733733,402,19,129.206555802351,1,0
F04,4,Global-Cap2-Range,16,20271020,20371020,300000,483.715577324155,83.7155773241552,33.4863866,88.2599672955153,84.984287564266,2.00866811135189,0.553629308588542,0.238139689948325,393,16,130.821125614305,1,0
F04,4,CSO,17,20271021,20371021,300000,1010.45602398024,610.456023980236,1.7714594,898.769559331071,610.456023980236,NaN,NaN,NaN,NaN,NaN,NaN,NaN,NaN
F04,4,CLPSO,17,20271021,20371021,300000,475.207221014541,75.2072210145408,2.165604,136.430965616126,97.2661419104337,NaN,NaN,NaN,NaN,NaN,NaN,NaN,NaN
F04,4,DSS-Range,17,20271021,20371021,300000,486.030222510882,86.030222510882,34.6422872,89.842711094475,88.2572191409187,2,0.555555555555628,0.395226982274824,989,24,133.635555517448,1,0
F04,4,Global-Cap2-Range,17,20271021,20371021,300000,488.314141429141,88.314141429141,33.5345544,91.1775917138999,90.3198786068932,2.01395232538756,0.552455038802838,0.243362782686003,520,30,130.721242222017,1,0
F04,4,CSO,18,20271022,20371022,300000,1119.13068437792,719.130684377921,1.7217908,719.130684377921,719.130684377921,NaN,NaN,NaN,NaN,NaN,NaN,NaN,NaN
F04,4,CLPSO,18,20271022,20371022,300000,487.478685395977,87.4786853959769,2.0893618,131.490407778418,102.436714686033,NaN,NaN,NaN,NaN,NaN,NaN,NaN,NaN
F04,4,DSS-Range,18,20271022,20371022,300000,486.585800510191,86.5858005101915,34.7309063,88.2891724327228,87.4852734298159,2,0.555555555555628,0.414257931877535,330,20,131.76132926773,1,0
F04,4,Global-Cap2-Range,18,20271022,20371022,300000,424.144263180924,24.1442631809236,33.4471555,27.7960798696581,25.3516815113371,2.01080180030005,0.553155155488952,0.2195254764683,465,16,131.801088169316,1,0
F04,4,CSO,19,20271023,20371023,300000,1116.71578608277,716.715786082767,1.6911523,812.850356569988,812.850356569988,NaN,NaN,NaN,NaN,NaN,NaN,NaN,NaN
F04,4,CLPSO,19,20271023,20371023,300000,491.715973467537,91.715973467537,2.0650303,169.24981463773,106.756217114234,NaN,NaN,NaN,NaN,NaN,NaN,NaN,NaN
F04,4,DSS-Range,19,20271023,20371023,300000,488.813995146828,88.8139951468284,34.6643672,92.1697382688147,90.4835155978287,2,0.555555555555628,0.409318219703284,905,13,129.611718844179,1,0
F04,4,Global-Cap2-Range,19,20271023,20371023,300000,486.528775333518,86.5287753335185,33.2660198,89.8480876091764,88.0004772240348,2.01243540590098,0.552792132022078,0.267939100961271,555,14,126.649386240596,1,0
F04,4,CSO,20,20271024,20371024,300000,1546.99234951412,1146.99234951412,1.7597084,1620.10417988851,1146.99234951412,NaN,NaN,NaN,NaN,NaN,NaN,NaN,NaN
F04,4,CLPSO,20,20271024,20371024,300000,488.295197378145,88.2951973781445,2.1238604,145.915132243751,96.5957926818223,NaN,NaN,NaN,NaN,NaN,NaN,NaN,NaN
F04,4,DSS-Range,20,20271024,20371024,300000,485.637754007727,85.6377540077274,34.7945226,87.9613557422244,86.7275204863376,2,0.555555555555628,0.423715063621715,330,26,130.653393529092,1,0
F04,4,Global-Cap2-Range,20,20271024,20371024,300000,485.153181608209,85.1531816082095,33.995503,89.4462434409093,87.6062039766317,2.00883480580097,0.553592265377637,0.215841529143746,551,17,127.441618447218,1,0
F05,5,CSO,16,20271020,20371020,300000,792.887997834065,292.887997834065,2.1325084,296.308780795977,292.887997834065,NaN,NaN,NaN,NaN,NaN,NaN,NaN,NaN
F05,5,CLPSO,16,20271020,20371020,300000,546.118045085344,46.1180450853444,2.5018107,137.043927832044,80.2705725942744,NaN,NaN,NaN,NaN,NaN,NaN,NaN,NaN
F05,5,DSS-Range,16,20271020,20371020,300000,763.453597579495,263.453597579495,34.990561,314.468351885852,313.803483345004,2,0.555555555555628,0.410568428071345,72,5,140.527421765531,1,0
F05,5,Global-Cap2-Range,16,20271020,20371020,300000,672.84588174617,172.84588174617,33.6398208,242.565287468842,172.84588174617,2.03172195365894,0.548506232520314,0.332366505528699,126,5,134.074508049344,1,0
F05,5,CSO,17,20271021,20371021,300000,782.227027706144,282.227027706144,2.0440207,282.227027706144,282.227027706144,NaN,NaN,NaN,NaN,NaN,NaN,NaN,NaN
F05,5,CLPSO,17,20271021,20371021,300000,561.714151933003,61.7141519330025,2.4874074,148.506071561621,90.1684007864164,NaN,NaN,NaN,NaN,NaN,NaN,NaN,NaN
F05,5,DSS-Range,17,20271021,20371021,300000,688.252507129732,188.252507129732,35.3444408,209.908064220604,202.994296804307,2,0.555555555555628,0.397594043451686,122,6,129.70397680103,1,0
F05,5,Global-Cap2-Range,17,20271021,20371021,300000,708.589466551422,208.589466551422,34.0306708,270.325719956326,208.589466551422,2.02800466744457,0.549332296123506,0.314052342057009,97,6,129.616148782005,1,0
F05,5,CSO,18,20271022,20371022,300000,788.670865979649,288.670865979649,2.0210537,300.479726712043,300.479726712043,NaN,NaN,NaN,NaN,NaN,NaN,NaN,NaN
F05,5,CLPSO,18,20271022,20371022,300000,571.366889074955,71.366889074955,2.4442363,161.741003536393,107.89123339437,NaN,NaN,NaN,NaN,NaN,NaN,NaN,NaN
F05,5,DSS-Range,18,20271022,20371022,300000,728.083931499703,228.083931499703,45.3504694,308.340563642157,268.788850278992,2,0.555555555555628,0.385064177362894,151,7,125.869555315698,1,0
F05,5,Global-Cap2-Range,18,20271022,20371022,300000,682.836839175318,182.836839175318,43.1010986,222.492459428998,184.671681488025,2.03048841473579,0.548780352281016,0.297838528643663,117,4,128.456082471324,1,0
F05,5,CSO,19,20271023,20371023,300000,750.083565344371,250.083565344371,2.9812155,267.689450402518,267.689450402518,NaN,NaN,NaN,NaN,NaN,NaN,NaN,NaN
F05,5,CLPSO,19,20271023,20371023,300000,568.630476215451,68.6304762154509,3.5887898,157.35221840407,80.782622949213,NaN,NaN,NaN,NaN,NaN,NaN,NaN,NaN
F05,5,DSS-Range,19,20271023,20371023,300000,761.799510207553,261.799510207553,51.7181951,262.343352097602,262.343352097602,2,0.555555555555628,0.412841029060399,46,2,145.740714603872,1,0
F05,5,Global-Cap2-Range,19,20271023,20371023,300000,761.646057212377,261.646057212377,49.8410501,350.369180256458,323.128637941385,2.01978663110518,0.551158526421146,0.296532755459243,123,5,133.146831028292,1,0
F05,5,CSO,20,20271024,20371024,300000,806.008334947637,306.008334947637,3.1215578,317.738278815307,306.008334947637,NaN,NaN,NaN,NaN,NaN,NaN,NaN,NaN
F05,5,CLPSO,20,20271024,20371024,300000,563.025566897967,63.0255668979668,3.784224,163.968066863196,76.5825351593868,NaN,NaN,NaN,NaN,NaN,NaN,NaN,NaN
F05,5,DSS-Range,20,20271024,20371024,300000,711.476071671346,211.476071671346,49.324896,214.866907240771,211.476071671346,2,0.555555555555628,0.382808245818748,86,3,145.811826563436,1,0
F05,5,Global-Cap2-Range,20,20271024,20371024,300000,615.343068201942,115.343068201942,47.0414202,208.345664983423,115.343068201942,2.02892148691449,0.549128558463526,0.315685947657943,108,9,131.622283187565,1,0
F06,6,CSO,16,20271020,20371020,300000,649.953202533932,49.9532025339323,4.6225059,56.7318828555709,53.3190744024058,NaN,NaN,NaN,NaN,NaN,NaN,NaN,NaN
F06,6,CLPSO,16,20271020,20371020,300000,600.000002493371,2.49337119839765e-06,5.0813127,2.47023560469961,0.0164675658386386,NaN,NaN,NaN,NaN,NaN,NaN,NaN,NaN
F06,6,DSS-Range,16,20271020,20371020,300000,655.00923786878,55.00923786878,53.6282736,76.7556365337964,68.7662047057028,2,0.555555555555628,0.358626437739623,86,4,144.947864445781,1,0
F06,6,Global-Cap2-Range,16,20271020,20371020,300000,638.360849533601,38.3608495336009,51.4805636,40.9194708450484,38.3608495336009,2.03110518419737,0.548643292400663,0.272717675168084,71,4,129.216616852288,1,0
F06,6,CSO,17,20271021,20371021,300000,650.904146028946,50.9041460289461,4.4683367,55.9551166567663,51.9099837787679,NaN,NaN,NaN,NaN,NaN,NaN,NaN,NaN
F06,6,CLPSO,17,20271021,20371021,300000,600.00000042905,4.29050032835221e-07,5.0189743,2.56159294821134,0.0122030760044254,NaN,NaN,NaN,NaN,NaN,NaN,NaN,NaN
F06,6,DSS-Range,17,20271021,20371021,300000,660.662037832367,60.6620378323668,54.3513947,66.9233071304665,66.9233071304665,2,0.555555555555628,0.331527476801689,52,5,129.853532822064,1,0
F06,6,Global-Cap2-Range,17,20271021,20371021,300000,654.859993942357,54.8599939423574,52.3755154,54.8599939423574,54.8599939423574,2.02973828971495,0.548947046730089,0.280163360560093,35,3,132.969150962751,1,0
F06,6,CSO,18,20271022,20371022,300000,675.030308036927,75.0303080369274,4.4320328,75.1279389007944,75.0303080369274,NaN,NaN,NaN,NaN,NaN,NaN,NaN,NaN
F06,6,CLPSO,18,20271022,20371022,300000,600.000000856824,8.56824158290692e-07,5.0755849,3.31346304328338,0.0207761642113837,NaN,NaN,NaN,NaN,NaN,NaN,NaN,NaN
F06,6,DSS-Range,18,20271022,20371022,300000,652.305169385483,52.3051693854829,54.6524078,53.8854813052118,52.3051693854829,2,0.555555555555628,0.326926710007223,47,2,132.577708151818,1,0
F06,6,Global-Cap2-Range,18,20271022,20371022,300000,658.93752491962,58.9375249196202,52.7792575,58.9375249196202,58.9375249196202,2.02923820636773,0.549058176362806,0.282947157859643,49,1,137.139687810199,1,0
F06,6,CSO,19,20271023,20371023,300000,659.71989872656,59.7198987265602,4.5457921,72.3731322714731,65.870935426151,NaN,NaN,NaN,NaN,NaN,NaN,NaN,NaN
F06,6,CLPSO,19,20271023,20371023,300000,600.000005563787,5.5637874538661e-06,5.2337025,4.34400964437873,0.0279317278410645,NaN,NaN,NaN,NaN,NaN,NaN,NaN,NaN
F06,6,DSS-Range,19,20271023,20371023,300000,645.631725740972,45.6317257409715,55.0647676,56.6982720720061,49.5677847996722,2,0.555555555555628,0.266038784241818,196,5,113.716132449106,1,0
F06,6,Global-Cap2-Range,19,20271023,20371023,300000,671.245042703014,71.2450427030136,52.9355585,71.2450427030136,71.2450427030136,2.03690615102517,0.547354188661154,0.30684558537534,25,3,145.828494665926,1,0
F06,6,CSO,20,20271024,20371024,300000,651.106694571584,51.1066945715841,4.5301789,61.8569347774462,51.712951645177,NaN,NaN,NaN,NaN,NaN,NaN,NaN,NaN
F06,6,CLPSO,20,20271024,20371024,300000,600.000000825666,8.25665892989491e-07,5.2618974,2.77713755710283,0.0201480504412075,NaN,NaN,NaN,NaN,NaN,NaN,NaN,NaN
F06,6,DSS-Range,20,20271024,20371024,300000,642.882950848338,42.8829508483379,50.9338359,42.8829508483379,42.8829508483379,2,0.555555555555628,0.308762571539701,28,10,115.976167669602,1,0
F06,6,Global-Cap2-Range,20,20271024,20371024,300000,645.940273388945,45.9402733889447,49.4528153,47.2776003150011,45.9402733889447,2.03303883980663,0.54821359115416,0.281824748569206,49,4,144.07216803013,1,0
F07,7,CSO,16,20271020,20371020,300000,1418.34000798056,718.34000798056,2.2550782,798.909677154897,752.521094929137,NaN,NaN,NaN,NaN,NaN,NaN,NaN,NaN
F07,7,CLPSO,16,20271020,20371020,300000,818.450611815205,118.450611815205,2.6215171,213.443123254916,149.233293691587,NaN,NaN,NaN,NaN,NaN,NaN,NaN,NaN
F07,7,DSS-Range,16,20271020,20371020,300000,1161.26824315501,461.268243155013,45.6549746,461.268243155013,461.268243155013,2,0.555555555555628,0.320586764460743,49,12,141.176662491072,1,0
F07,7,Global-Cap2-Range,16,20271020,20371020,300000,1254.67756281067,554.67756281067,43.5326442,561.935341234121,554.67756281067,2.0285047507918,0.549221166490789,0.22361504695227,42,10,151.696425330357,1,0
F07,7,CSO,17,20271021,20371021,300000,1435.46504644811,735.465046448106,3.0208193,735.465046448106,735.465046448106,NaN,NaN,NaN,NaN,NaN,NaN,NaN,NaN
F07,7,CLPSO,17,20271021,20371021,300000,813.104479924039,113.104479924039,3.6928416,205.506392561813,136.883119651022,NaN,NaN,NaN,NaN,NaN,NaN,NaN,NaN
F07,7,DSS-Range,17,20271021,20371021,300000,1140.41519298023,440.415192980226,51.7169336,515.27944853887,440.415192980226,2,0.555555555555628,0.333322220370062,22,13,154.472831441749,1,0
F07,7,Global-Cap2-Range,17,20271021,20371021,300000,1164.97414046535,464.97414046535,49.8466126,466.181198379954,464.97414046535,2.02837139523254,0.549250801059513,0.231483024948603,41,10,154.877768976082,1,0
F07,7,CSO,18,20271022,20371022,300000,1420.05575290475,720.055752904753,3.1018514,720.055752904753,720.055752904753,NaN,NaN,NaN,NaN,NaN,NaN,NaN,NaN
F07,7,CLPSO,18,20271022,20371022,300000,796.468151026768,96.4681510267676,3.7939506,189.312098645073,141.135711117506,NaN,NaN,NaN,NaN,NaN,NaN,NaN,NaN
F07,7,DSS-Range,18,20271022,20371022,300000,1125.95199850962,425.95199850962,51.384811,615.721916599331,425.95199850962,2,0.555555555555628,0.332683224981941,29,11,152.658029871257,1,0
F07,7,Global-Cap2-Range,18,20271022,20371022,300000,1311.56229288722,611.562292887218,49.3045851,627.285382621091,611.562292887218,2.03565594265711,0.547632012742945,0.246857809634939,46,7,152.078269309164,1,0
F07,7,CSO,19,20271023,20371023,300000,1404.53236284495,704.532362844951,2.9734136,763.12105827865,763.12105827865,NaN,NaN,NaN,NaN,NaN,NaN,NaN,NaN
F07,7,CLPSO,19,20271023,20371023,300000,815.944647162994,115.944647162994,3.5955927,217.30860618165,142.149960090551,NaN,NaN,NaN,NaN,NaN,NaN,NaN,NaN
F07,7,DSS-Range,19,20271023,20371023,300000,1362.48069848595,662.480698485952,50.9825781,662.480698485952,662.480698485952,2,0.555555555555628,0.326426626659999,22,13,152.332259176627,1,0
F07,7,Global-Cap2-Range,19,20271023,20371023,300000,1110.05922924001,410.059229240009,48.7468129,592.746558834787,592.746558834787,2.03723953992332,0.547280102239343,0.249563816191587,35,8,154.348888800817,1,0
F07,7,CSO,20,20271024,20371024,300000,1457.41455499161,757.414554991615,3.1829874,840.064334798998,770.051574847153,NaN,NaN,NaN,NaN,NaN,NaN,NaN,NaN
F07,7,CLPSO,20,20271024,20371024,300000,805.399307850749,105.399307850749,3.657122,181.700878136356,126.605179872231,NaN,NaN,NaN,NaN,NaN,NaN,NaN,NaN
F07,7,DSS-Range,20,20271024,20371024,300000,1189.27685905768,489.27685905768,51.2140067,520.649064234664,515.84860479851,2,0.555555555555628,0.329071511918653,63,17,149.157090825431,1,0
F07,7,Global-Cap2-Range,20,20271024,20371024,300000,1260.88785956538,560.887859565384,49.3352905,597.238969393047,597.238969393047,2.04149024837473,0.546335500361253,0.244490748458076,51,13,154.681357591367,1,0
F08,8,CSO,16,20271020,20371020,300000,1115.13422690999,315.134226909992,2.9320957,315.134226909992,315.134226909992,NaN,NaN,NaN,NaN,NaN,NaN,NaN,NaN
F08,8,CLPSO,16,20271020,20371020,300000,868.7295377147,68.7295377146996,3.816416,167.535181980201,80.9594168643373,NaN,NaN,NaN,NaN,NaN,NaN,NaN,NaN
F08,8,DSS-Range,16,20271020,20371020,300000,937.834824114863,137.834824114863,51.7253472,177.921178318903,137.834824114863,2,0.555555555555628,0.410107240095571,99,6,141.411868357011,1,0
F08,8,Global-Cap2-Range,16,20271020,20371020,300000,894.227600482839,94.2276004828389,49.5677518,175.358631857794,119.1867593153,2.03562260376729,0.547639421385126,0.337961882535978,143,4,138.195292403956,1,0
F08,8,CSO,17,20271021,20371021,300000,1077.11334676483,277.113346764828,3.1061974,277.113346764828,277.113346764828,NaN,NaN,NaN,NaN,NaN,NaN,NaN,NaN
F08,8,CLPSO,17,20271021,20371021,300000,885.206746452999,85.2067464529995,3.7277707,147.204705652272,110.367967880791,NaN,NaN,NaN,NaN,NaN,NaN,NaN,NaN
F08,8,DSS-Range,17,20271021,20371021,300000,962.79485158822,162.79485158822,51.3901347,226.215958293505,191.180511855785,2,0.555555555555628,0.39798855364783,81,8,130.558329653127,1,0
F08,8,Global-Cap2-Range,17,20271021,20371021,300000,935.052023184198,135.052023184198,49.4250202,164.43542002574,141.881626233826,2.03322220370062,0.548172843622165,0.338028560315608,119,6,145.907183372579,1,0
F08,8,CSO,18,20271022,20371022,300000,1143.72547109191,343.725471091915,3.0003655,346.823897716821,346.676756732003,NaN,NaN,NaN,NaN,NaN,NaN,NaN,NaN
F08,8,CLPSO,18,20271022,20371022,300000,880.973830149784,80.973830149784,3.5168729,136.229564777667,108.166877863985,NaN,NaN,NaN,NaN,NaN,NaN,NaN,NaN
F08,8,DSS-Range,18,20271022,20371022,300000,946.063872848793,146.063872848793,52.9293296,196.477412692984,185.678348329516,2,0.555555555555628,0.408895927098961,106,3,144.041737299757,1,0
F08,8,Global-Cap2-Range,18,20271022,20371022,300000,1005.47378145348,205.473781453484,50.6643137,267.227776057223,209.289042582686,2.0318553092182,0.54847659795159,0.33894537978552,87,4,143.08008485173,1,0
F08,8,CSO,19,20271023,20371023,300000,1102.95700141195,302.957001411946,2.9167995,302.957001411946,302.957001411946,NaN,NaN,NaN,NaN,NaN,NaN,NaN,NaN
F08,8,CLPSO,19,20271023,20371023,300000,867.654524206857,67.6545242068573,3.7919254,175.416593744951,111.501573052591,NaN,NaN,NaN,NaN,NaN,NaN,NaN,NaN
F08,8,DSS-Range,19,20271023,20371023,300000,960.940924703071,160.940924703071,51.784978,196.081545033345,190.041008737954,2,0.555555555555628,0.395371450797355,172,1,141.67523296956,1,0
F08,8,Global-Cap2-Range,19,20271023,20371023,300000,952.287749540061,152.287749540061,49.6063238,182.413484520877,152.287749540061,2.03148858143024,0.548558093015582,0.341823637272879,100,4,138.967778976731,1,0
F08,8,CSO,20,20271024,20371024,300000,1107.7783897384,307.778389738397,2.8926239,309.45802395962,309.45802395962,NaN,NaN,NaN,NaN,NaN,NaN,NaN,NaN
F08,8,CLPSO,20,20271024,20371024,300000,891.502007889277,91.5020078892771,3.8591218,167.377673928114,124.702040590851,NaN,NaN,NaN,NaN,NaN,NaN,NaN,NaN
F08,8,DSS-Range,20,20271024,20371024,300000,1025.47252637717,225.472526377172,52.0777052,229.165754087492,229.165754087492,2,0.555555555555628,0.394449074845808,53,6,131.206589022594,1,0
F08,8,Global-Cap2-Range,20,20271024,20371024,300000,1014.35294969923,214.352949699233,50.0831429,216.212112746184,216.212112746184,2.03035505917653,0.548809986849739,0.32452075345891,62,5,132.116180501667,1,0
F09,9,CSO,16,20271020,20371020,300000,6740.86279358667,5840.86279358667,3.0631123,5840.86279358667,5840.86279358667,NaN,NaN,NaN,NaN,NaN,NaN,NaN,NaN
F09,9,CLPSO,16,20271020,20371020,300000,957.84827020192,57.8482702019202,3.9551509,2096.81594631265,367.293591422379,NaN,NaN,NaN,NaN,NaN,NaN,NaN,NaN
F09,9,DSS-Range,16,20271020,20371020,300000,8136.77971506141,7236.77971506141,50.8081166,9677.07931344898,9677.07931344898,2,0.555555555555628,0.267405678724232,45,5,124.32484510122,1,0
F09,9,Global-Cap2-Range,16,20271020,20371020,300000,4849.84275012894,3949.84275012894,49.0038545,6527.99826181031,6182.50894178999,2.04680780130022,0.545153821933366,0.219586597766294,292,6,112.58385409236,1,0
F09,9,CSO,17,20271021,20371021,300000,5671.13458109977,4771.13458109977,3.0001224,5978.40021418397,5396.22754979058,NaN,NaN,NaN,NaN,NaN,NaN,NaN,NaN
F09,9,CLPSO,17,20271021,20371021,300000,954.217283980993,54.2172839809932,3.7361707,903.32567159227,166.610315686242,NaN,NaN,NaN,NaN,NaN,NaN,NaN,NaN
F09,9,DSS-Range,17,20271021,20371021,300000,5350.82563144342,4450.82563144342,51.7249865,5755.172569018,4450.82563144342,2,0.555555555555628,0.264382952714341,30,5,120.571939421574,1,0
F09,9,Global-Cap2-Range,17,20271021,20371021,300000,6099.05800865764,5199.05800865764,49.3993586,7620.86742863462,6826.081989629,2.044324054009,0.545705765775858,0.234011224092904,183,3,127.425709947823,1,0
F09,9,CSO,18,20271022,20371022,300000,4582.52145400927,3682.52145400927,3.1495908,3795.82076172276,3682.52145400927,NaN,NaN,NaN,NaN,NaN,NaN,NaN,NaN
F09,9,CLPSO,18,20271022,20371022,300000,927.764403510256,27.7644035102559,3.7194662,1461.70313123339,424.663778654872,NaN,NaN,NaN,NaN,NaN,NaN,NaN,NaN
F09,9,DSS-Range,18,20271022,20371022,300000,9227.50466138224,8327.50466138224,53.6027975,13682.4099971648,10254.1361471935,2,0.555555555555628,0.264016224926377,189,1,120.393905678478,1,0
F09,9,Global-Cap2-Range,18,20271022,20371022,300000,7686.02485155778,6786.02485155778,51.0005653,13280.1134799139,10682.1290061343,2.04190698449742,0.546242892333989,0.233727843529477,59,3,131.977342319331,1,0
F09,9,CSO,19,20271023,20371023,300000,5627.85874985999,4727.85874985999,3.0491712,5299.54137995745,5299.54137995745,NaN,NaN,NaN,NaN,NaN,NaN,NaN,NaN
F09,9,CLPSO,19,20271023,20371023,300000,1002.7607409497,102.760740949704,3.8472727,1647.37439952418,290.79033307447,NaN,NaN,NaN,NaN,NaN,NaN,NaN,NaN
F09,9,DSS-Range,19,20271023,20371023,300000,4542.03668930081,3642.03668930081,53.1105953,9915.67349332551,9915.67349332551,2,0.555555555555628,0.277857420681225,26,7,148.807247721677,1,0
F09,9,Global-Cap2-Range,19,20271023,20371023,300000,8283.92822521519,7383.92822521519,50.9551257,8432.364424366,8432.364424366,2.04449074845808,0.545668722564954,0.220625659832194,30,3,129.744574906647,1,0
F09,9,CSO,20,20271024,20371024,300000,13441.0263257249,12541.0263257249,3.2420498,12541.0263257249,12541.0263257249,NaN,NaN,NaN,NaN,NaN,NaN,NaN,NaN
F09,9,CLPSO,20,20271024,20371024,300000,927.727173830804,27.727173830804,3.6792285,2509.84330666425,358.037629769125,NaN,NaN,NaN,NaN,NaN,NaN,NaN,NaN
F09,9,DSS-Range,20,20271024,20371024,300000,7989.80244482493,7089.80244482493,48.2710125,8358.13305577815,8358.13305577815,2,0.555555555555628,0.272217591820859,36,2,145.415728733062,1,0
F09,9,Global-Cap2-Range,20,20271024,20371024,300000,6773.11428234266,5873.11428234266,46.5249341,8833.33183739212,8833.33183739212,2.03940656776129,0.546798540497572,0.223687281213536,46,2,121.591239762461,1,0
F10,10,CSO,16,20271020,20371020,300000,7667.73431713006,6667.73431713006,2.4573304,7289.58295143162,6667.73431713006,NaN,NaN,NaN,NaN,NaN,NaN,NaN,NaN
F10,10,CLPSO,16,20271020,20371020,300000,4335.30526577751,3335.30526577751,2.9579345,5973.72237001362,4260.13876551643,NaN,NaN,NaN,NaN,NaN,NaN,NaN,NaN
F10,10,DSS-Range,16,20271020,20371020,300000,5097.76970296323,4097.76970296323,45.6284027,4697.17202815774,4097.76970296323,2,0.555555555555628,0.331849752736567,80,4,103.576210127776,1,0
F10,10,Global-Cap2-Range,16,20271020,20371020,300000,4298.21879426463,3298.21879426463,43.3399901,4449.77657170863,3317.16954478692,2.02660443407235,0.549643459095113,0.289031505250875,84,5,121.063686087048,1,0
F10,10,CSO,17,20271021,20371021,300000,8201.90952892446,7201.90952892446,3.4836191,7201.90952892446,7201.90952892446,NaN,NaN,NaN,NaN,NaN,NaN,NaN,NaN
F10,10,CLPSO,17,20271021,20371021,300000,4672.41194837388,3672.41194837388,4.3850662,5492.76639167489,4496.02642739816,NaN,NaN,NaN,NaN,NaN,NaN,NaN,NaN
F10,10,DSS-Range,17,20271021,20371021,300000,4988.52340788395,3988.52340788395,56.5512745,4369.18289843752,4042.16351209692,2,0.555555555555628,0.365577596266044,70,1,124.50838460876,1,0
F10,10,Global-Cap2-Range,17,20271021,20371021,300000,5873.10315311846,4873.10315311846,53.9133679,4873.10315311846,4873.10315311846,2.02998833138856,0.548891481913732,0.276446074345724,56,1,110.499662583326,1,0
F10,10,CSO,18,20271022,20371022,300000,7842.77121679465,6842.77121679465,3.6984145,7032.66902571483,6842.77121679465,NaN,NaN,NaN,NaN,NaN,NaN,NaN,NaN
F10,10,CLPSO,18,20271022,20371022,300000,4945.85399801266,3945.85399801266,4.4837015,5487.75098881399,4543.27012824979,NaN,NaN,NaN,NaN,NaN,NaN,NaN,NaN
F10,10,DSS-Range,18,20271022,20371022,300000,5823.51356154462,4823.51356154462,44.6625317,4823.51356154462,4823.51356154462,2,0.555555555555628,0.309023726176585,40,1,104.784551794698,1,0
F10,10,Global-Cap2-Range,18,20271022,20371022,300000,5194.01560451609,4194.01560451609,43.096777,5312.67066863633,5312.67066863633,2.03018836472745,0.548847030060644,0.282341501361338,85,1,114.309791382187,1,0
F10,10,CSO,19,20271023,20371023,300000,7511.40175444829,6511.40175444829,2.2876524,6511.40175444829,6511.40175444829,NaN,NaN,NaN,NaN,NaN,NaN,NaN,NaN
F10,10,CLPSO,19,20271023,20371023,300000,3901.48911906153,2901.48911906153,2.8393674,5854.17072870603,4257.31625087462,NaN,NaN,NaN,NaN,NaN,NaN,NaN,NaN
F10,10,DSS-Range,19,20271023,20371023,300000,5794.46101431516,4794.46101431516,36.6291772,4794.46101431516,4794.46101431516,2,0.555555555555628,0.385514252375396,41,1,145.288027439905,1,0
F10,10,Global-Cap2-Range,19,20271023,20371023,300000,4315.4622199125,3315.4622199125,35.3444428,4333.86139091154,3363.64117005794,2.02613768961494,0.549747180085649,0.278279713285548,88,2,121.373638320432,1,0
F10,10,CSO,20,20271024,20371024,300000,8159.97742111911,7159.97742111911,2.2928927,7351.58148660051,7351.58148660051,NaN,NaN,NaN,NaN,NaN,NaN,NaN,NaN
F10,10,CLPSO,20,20271024,20371024,300000,4469.08870225937,3469.08870225937,2.7920237,5769.78213949397,4452.29405273613,NaN,NaN,NaN,NaN,NaN,NaN,NaN,NaN
F10,10,DSS-Range,20,20271024,20371024,300000,4369.21690622411,3369.21690622411,36.1635395,3433.80697772446,3369.21690622411,2,0.555555555555628,0.312696560537867,76,3,84.2122473689986,1,0
F10,10,Global-Cap2-Range,20,20271024,20371024,300000,4470.29501848289,3470.29501848289,34.6667715,3932.40530997783,3932.40530997783,2.03020503417236,0.548843325739554,0.275907095627049,63,3,118.676284621393,1,0
F11,11,CSO,16,20271020,20371020,300000,3065.50185486702,1965.50185486702,1.8707644,4879.15742757659,2393.53322552754,NaN,NaN,NaN,NaN,NaN,NaN,NaN,NaN
F11,11,CLPSO,16,20271020,20371020,300000,1181.13853438086,81.1385343808568,2.2591809,222.15569312917,107.611282552903,NaN,NaN,NaN,NaN,NaN,NaN,NaN,NaN
F11,11,DSS-Range,16,20271020,20371020,300000,1312.95788852476,212.95788852476,37.8793757,249.752142932456,217.2201964939,2,0.555555555555628,0.407945768739234,430,11,135.465358226862,1,0
F11,11,Global-Cap2-Range,16,20271020,20371020,300000,1240.423584125,140.423584124997,36.7177283,197.524845853524,170.177006349005,2.0155859309885,0.552092015335965,0.317602933822304,386,16,137.713336772209,1,0
F11,11,CSO,17,20271021,20371021,300000,4037.12669302326,2937.12669302326,2.0234077,4138.75212841457,4137.04004901214,NaN,NaN,NaN,NaN,NaN,NaN,NaN,NaN
F11,11,CLPSO,17,20271021,20371021,300000,1146.13037212977,46.130372129772,2.4274196,283.48904937919,143.147447856072,NaN,NaN,NaN,NaN,NaN,NaN,NaN,NaN
F11,11,DSS-Range,17,20271021,20371021,300000,1411.33242930715,311.332429307153,37.8993707,351.685838044476,313.292973317542,2,0.555555555555628,0.392548758126354,590,85,118.599925595754,1,0
F11,11,Global-Cap2-Range,17,20271021,20371021,300000,1382.47626978852,282.476269788518,36.259195,408.600171245798,317.772136619835,2.01798633105518,0.551558593098927,0.258487525698728,655,23,120.643983429232,1,0
F11,11,CSO,18,20271022,20371022,300000,2614.68982351273,1514.68982351273,2.0218292,1787.49155675736,1621.98113466139,NaN,NaN,NaN,NaN,NaN,NaN,NaN,NaN
F11,11,CLPSO,18,20271022,20371022,300000,1168.74656501608,68.746565016083,2.4175528,226.163230926709,99.9946675210108,NaN,NaN,NaN,NaN,NaN,NaN,NaN,NaN
F11,11,DSS-Range,18,20271022,20371022,300000,1271.51361656424,171.513616564244,40.3682715,211.255472644209,171.513616564244,2,0.555555555555628,0.42478746457743,253,4,147.601026018593,1,0
F11,11,Global-Cap2-Range,18,20271022,20371022,300000,1338.35002751995,238.350027519954,38.4228277,239.433089874442,238.350027519954,2.0153692282047,0.552140171510142,0.29936100461188,278,5,142.316453275625,1,0
F11,11,CSO,19,20271023,20371023,300000,3984.35947511801,2884.35947511801,2.296634,4045.92732602244,3924.72285325319,NaN,NaN,NaN,NaN,NaN,NaN,NaN,NaN
F11,11,CLPSO,19,20271023,20371023,300000,1175.46135960357,75.4613596035736,2.746586,255.427924836395,130.517612513381,NaN,NaN,NaN,NaN,NaN,NaN,NaN,NaN
F11,11,DSS-Range,19,20271023,20371023,300000,1364.63038028519,264.630380285192,44.6404018,274.255787787544,264.646104479586,2,0.555555555555628,0.398555314774685,344,9,136.929001725023,1,0
F11,11,Global-Cap2-Range,19,20271023,20371023,300000,1202.46404146834,102.464041468338,42.7486125,189.360505629279,178.552278191524,2.01628604767461,0.551936433850162,0.334816913930099,551,10,144.614439890931,1,0
F11,11,CSO,20,20271024,20371024,300000,3098.14699526779,1998.14699526779,2.3580733,3017.55017762917,2282.93187365392,NaN,NaN,NaN,NaN,NaN,NaN,NaN,NaN
F11,11,CLPSO,20,20271024,20371024,300000,1191.41082438795,91.4108243879491,2.9449045,264.22994774726,111.846153892349,NaN,NaN,NaN,NaN,NaN,NaN,NaN,NaN
F11,11,DSS-Range,20,20271024,20371024,300000,1331.82222991898,231.822229918984,44.6776839,270.02020887124,239.952858036253,2,0.555555555555628,0.39262099238762,362,14,134.962878496529,1,0
F11,11,Global-Cap2-Range,20,20271024,20371024,300000,1190.97762773453,90.9776277345275,42.5703227,134.001209558679,116.7516888772,2.01708618103017,0.551758626437815,0.326582208145802,411,4,140.940795605308,1,0
F12,12,CSO,16,20271020,20371020,300000,914223224.632952,914222024.632952,2.3764726,1641501243.65892,1097603582.75588,NaN,NaN,NaN,NaN,NaN,NaN,NaN,NaN
F12,12,CLPSO,16,20271020,20371020,300000,764593.804318568,763393.804318568,2.9479445,10735869.2768902,1403192.78077186,NaN,NaN,NaN,NaN,NaN,NaN,NaN,NaN
F12,12,DSS-Range,16,20271020,20371020,300000,424279.245321138,423079.245321138,37.9717772,4044467.32757553,1860611.3894345,2,0.555555555555628,0.372973273323332,609,15,117.514336334153,1,0
F12,12,Global-Cap2-Range,16,20271020,20371020,300000,332028.174776022,330828.174776022,36.1716497,716052.890669295,500438.066454592,2.00961826971162,0.553418162286381,0.224704117352892,258,11,121.543321445883,1,0
F12,12,CSO,17,20271021,20371021,300000,254791453.280853,254790253.280853,2.1433042,1172727788.66913,254790253.280853,NaN,NaN,NaN,NaN,NaN,NaN,NaN,NaN
F12,12,CLPSO,17,20271021,20371021,300000,1128578.54667493,1127378.54667493,2.5107599,23207043.1728884,2850273.36164164,NaN,NaN,NaN,NaN,NaN,NaN,NaN,NaN
F12,12,DSS-Range,17,20271021,20371021,300000,878737.521199446,877537.521199446,36.4859692,4878180.98179561,1743350.49557232,2,0.555555555555628,0.424909707173418,266,14,117.774278344233,1,0
F12,12,Global-Cap2-Range,17,20271021,20371021,300000,192908.273120439,191708.273120439,35.602832,1321102.87612205,332723.735473931,2.01288548091349,0.552692115352634,0.253908984830805,356,12,127.257032751472,1,0
F12,12,CSO,18,20271022,20371022,300000,1415070793.13743,1415069593.13743,2.5493292,2085268899.05869,2085268899.05869,NaN,NaN,NaN,NaN,NaN,NaN,NaN,NaN
F12,12,CLPSO,18,20271022,20371022,300000,682720.413275817,681520.413275817,2.9750963,25243229.3787982,3938887.2393694,NaN,NaN,NaN,NaN,NaN,NaN,NaN,NaN
F12,12,DSS-Range,18,20271022,20371022,300000,442967.17874989,441767.17874989,37.4013498,3507677.19845879,1780172.99791791,2,0.555555555555628,0.404739678835361,337,18,122.155575584065,1,0
F12,12,Global-Cap2-Range,18,20271022,20371022,300000,150667.414353443,149467.414353443,35.5685296,683743.975776229,149467.414353443,2.01146857809635,0.55300698264533,0.245035283658388,206,18,125.604877480859,1,0
F12,12,CSO,19,20271023,20371023,300000,706910209.717488,706909009.717488,2.3667297,1006612805.63267,706909009.717488,NaN,NaN,NaN,NaN,NaN,NaN,NaN,NaN
F12,12,CLPSO,19,20271023,20371023,300000,469974.608943021,468774.608943021,2.8003695,15872763.9789918,3359956.22037001,NaN,NaN,NaN,NaN,NaN,NaN,NaN,NaN
F12,12,DSS-Range,19,20271023,20371023,300000,780530.367876229,779330.367876229,37.7285001,1192471.10156201,892623.677129438,2,0.555555555555628,0.428588098016336,250,9,131.36275168093,1,0
F12,12,Global-Cap2-Range,19,20271023,20371023,300000,59115.5109518918,57915.5109518918,36.0525064,1163673.43476058,252407.971549978,2.01010168361394,0.553310736974755,0.179013168861477,449,10,114.213848334563,1,0
F12,12,CSO,20,20271024,20371024,300000,1233818992.22246,1233817792.22246,2.0576034,1866089555.36623,1495458950.70601,NaN,NaN,NaN,NaN,NaN,NaN,NaN,NaN
F12,12,CLPSO,20,20271024,20371024,300000,806150.214419713,804950.214419713,2.4610122,11252359.7994518,2545670.38323372,NaN,NaN,NaN,NaN,NaN,NaN,NaN,NaN
F12,12,DSS-Range,20,20271024,20371024,300000,207891.793825304,206691.793825304,36.4806128,2693111.80170721,1189694.7682454,2,0.555555555555628,0.393782297049508,503,22,121.956956590152,1,0
F12,12,Global-Cap2-Range,20,20271024,20371024,300000,120218.678191109,119018.678191109,34.6187553,1324045.79524571,766592.525625378,2.01128521420237,0.553047730177326,0.222142579318775,505,16,128.114889758679,1,0
F13,13,CSO,16,20271020,20371020,300000,131164668.609175,131163368.609175,1.9095783,405309502.777857,151736492.314777,NaN,NaN,NaN,NaN,NaN,NaN,NaN,NaN
F13,13,CLPSO,16,20271020,20371020,300000,2890.90808717146,1590.90808717146,2.3031473,4504123.63332704,15841.5236340357,NaN,NaN,NaN,NaN,NaN,NaN,NaN,NaN
F13,13,DSS-Range,16,20271020,20371020,300000,56919.3877288916,55619.3877288916,36.1005846,83158.8905613223,82424.8810708817,2,0.555555555555628,0.436578318608657,415,8,137.992607996304,1,0
F13,13,Global-Cap2-Range,16,20271020,20371020,300000,47760.4595551018,46460.4595551018,34.3701991,245950.583110805,53695.0006996344,2.01493582263711,0.552236483858496,0.309379341001278,794,10,140.429403724992,1,0
F13,13,CSO,17,20271021,20371021,300000,272920731.800047,272919431.800047,2.0174291,497691102.159765,299693602.568285,NaN,NaN,NaN,NaN,NaN,NaN,NaN,NaN
F13,13,CLPSO,17,20271021,20371021,300000,4231.95424553135,2931.95424553135,2.4262956,1753055.69710177,35084.065083048,NaN,NaN,NaN,NaN,NaN,NaN,NaN,NaN
F13,13,DSS-Range,17,20271021,20371021,300000,42084.6512810523,40784.6512810523,36.2419934,143461.222293718,64664.5470080888,2,0.555555555555628,0.435011390787353,474,15,124.631942706744,1,0
F13,13,Global-Cap2-Range,17,20271021,20371021,300000,54073.0635611393,52773.0635611393,34.5234797,61945.8416331306,52773.0635611393,2.01386897816303,0.552473560408291,0.244813024392954,211,18,127.265793100261,1,0
F13,13,CSO,18,20271022,20371022,300000,291254945.728886,291253645.728886,1.9644791,1165829770.23035,576043209.307259,NaN,NaN,NaN,NaN,NaN,NaN,NaN,NaN
F13,13,CLPSO,18,20271022,20371022,300000,3556.51064839643,2256.51064839643,2.317136,3086983.50888778,26386.1792885474,NaN,NaN,NaN,NaN,NaN,NaN,NaN,NaN
F13,13,DSS-Range,18,20271022,20371022,300000,11246.5341503775,9946.53415037755,36.5974875,26002.2415393885,26002.2415393885,2,0.555555555555628,0.457976329388231,362,11,131.199108938815,1,0
F13,13,Global-Cap2-Range,18,20271022,20371022,300000,8374.47648367478,7074.47648367478,34.7274925,10111.4241975692,8145.75618622796,2.0126854475746,0.55273656720572,0.285219758848697,497,11,133.138122804972,1,0
F13,13,CSO,19,20271023,20371023,300000,213345004.204285,213343704.204285,1.9756853,545013005.015491,213343704.204285,NaN,NaN,NaN,NaN,NaN,NaN,NaN,NaN
F13,13,CLPSO,19,20271023,20371023,300000,8243.12962404687,6943.12962404687,2.3080056,3513303.41844413,72762.7605674355,NaN,NaN,NaN,NaN,NaN,NaN,NaN,NaN
F13,13,DSS-Range,19,20271023,20371023,300000,55441.0296156588,54141.0296156588,36.6218138,192182.851066473,55632.6914936973,2,0.555555555555628,0.425832083124965,481,12,125.183476185285,1,0
F13,13,Global-Cap2-Range,19,20271023,20371023,300000,62990.6412749491,61690.6412749491,35.0569154,61980.2288668366,61732.2278992238,2.01218536422737,0.552847696838437,0.274734678001889,720,15,136.654938358978,1,0
F13,13,CSO,20,20271024,20371024,300000,357326838.368198,357325538.368198,1.9823943,770723833.545929,357325538.368198,NaN,NaN,NaN,NaN,NaN,NaN,NaN,NaN
F13,13,CLPSO,20,20271024,20371024,300000,4598.59809306957,3298.59809306957,2.3998315,1778756.97929999,29335.4935957985,NaN,NaN,NaN,NaN,NaN,NaN,NaN,NaN
F13,13,DSS-Range,20,20271024,20371024,300000,30315.8144935383,29015.8144935383,36.2824239,52827.239876626,30479.8524419606,2,0.555555555555628,0.425143079402123,430,16,140.874319834948,1,0
F13,13,Global-Cap2-Range,20,20271024,20371024,300000,3852.81214500681,2552.81214500681,34.8266086,16612.4551932574,6437.0797077692,2.01416902817136,0.552406882628661,0.281057954103462,528,13,137.077871769958,1,0
F14,14,CSO,16,20271020,20371020,300000,176914.827469451,175514.827469451,2.349082,276859.725564271,220476.271026851,NaN,NaN,NaN,NaN,NaN,NaN,NaN,NaN
F14,14,CLPSO,16,20271020,20371020,300000,37814.202240741,36414.202240741,2.7659245,95710.514859499,36759.4694599234,NaN,NaN,NaN,NaN,NaN,NaN,NaN,NaN
F14,14,DSS-Range,16,20271020,20371020,300000,9176.53245420303,7776.53245420303,36.6083791,9614.98037162303,7776.53245420303,2,0.555555555555628,0.378296382730455,463,5,109.683063263128,1,0
F14,14,Global-Cap2-Range,16,20271020,20371020,300000,8621.04691100762,7221.04691100762,34.9817184,118308.474877906,13184.0377652119,2.01733622270378,0.551703061621457,0.25253097738512,1477,11,112.758960288224,1,0
F14,14,CSO,17,20271021,20371021,300000,64304.3434021134,62904.3434021134,2.4638346,67562.0246550615,67562.0246550615,NaN,NaN,NaN,NaN,NaN,NaN,NaN,NaN
F14,14,CLPSO,17,20271021,20371021,300000,18968.1679729845,17568.1679729845,2.8473065,20513.0982606965,20376.4968643672,NaN,NaN,NaN,NaN,NaN,NaN,NaN,NaN
F14,14,DSS-Range,17,20271021,20371021,300000,6886.73141441292,5486.73141441292,36.3226523,13977.3187128827,10055.5363656763,2,0.555555555555628,0.378885369783853,485,5,104.932610283929,1,0
F14,14,Global-Cap2-Range,17,20271021,20371021,300000,2936.236257464,1536.236257464,35.0299215,2047.43731442376,1543.18680781001,2.01570261710285,0.552066085088331,0.306089903872868,522,441,117.926197311068,1,0
F14,14,CSO,18,20271022,20371022,300000,194932.165302576,193532.165302576,2.3861398,216834.687484741,193532.165302576,NaN,NaN,NaN,NaN,NaN,NaN,NaN,NaN
F14,14,CLPSO,18,20271022,20371022,300000,7942.53077063756,6542.53077063756,2.8566862,7166.99197471063,6673.509576086,NaN,NaN,NaN,NaN,NaN,NaN,NaN,NaN
F14,14,DSS-Range,18,20271022,20371022,300000,9096.04563714069,7696.04563714069,36.4868832,7699.32328731238,7696.04563714069,2,0.555555555555628,0.383675056953937,171,14,110.096481139493,1,0
F14,14,Global-Cap2-Range,18,20271022,20371022,300000,12817.2671925644,11417.2671925644,35.0078414,12132.6771650277,11417.2671925644,2.01306884480747,0.552651367820638,0.28158026337723,313,9,107.849638681634,1,0
F14,14,CSO,19,20271023,20371023,300000,266452.680530612,265052.680530612,2.3662904,930322.573845229,704400.24219225,NaN,NaN,NaN,NaN,NaN,NaN,NaN,NaN
F14,14,CLPSO,19,20271023,20371023,300000,15602.6104085932,14202.6104085932,2.8157813,26495.8774898924,15399.0306871034,NaN,NaN,NaN,NaN,NaN,NaN,NaN,NaN
F14,14,DSS-Range,19,20271023,20371023,300000,8336.94718214165,6936.94718214165,36.4101345,87032.9600968171,24878.254091475,2,0.555555555555628,0.393332222037006,647,9,110.886841838184,1,0
F14,14,Global-Cap2-Range,19,20271023,20371023,300000,2221.28818863762,821.288188637617,34.9718882,13197.8004213686,821.288188637617,2.01300216702784,0.552666185104999,0.284947491248541,463,9,120.852129837254,1,0
F14,14,CSO,20,20271024,20371024,300000,137556.708002087,136156.708002087,2.3486452,283939.590196806,164733.075717052,NaN,NaN,NaN,NaN,NaN,NaN,NaN,NaN
F14,14,CLPSO,20,20271024,20371024,300000,124049.804771022,122649.804771022,2.7796611,135572.122490724,123871.555985228,NaN,NaN,NaN,NaN,NaN,NaN,NaN,NaN
F14,14,DSS-Range,20,20271024,20371024,300000,13368.6904879961,11968.6904879961,36.9082425,42579.053148066,32670.4606677525,2,0.555555555555628,0.405134189031505,284,11,127.890763959928,1,0
F14,14,Global-Cap2-Range,20,20271024,20371024,300000,24758.9086519801,23358.9086519801,35.4241099,27047.2990579984,25586.2977841881,2.0149191531922,0.552240188179587,0.279190976273823,462,8,116.865355339952,1,0
F15,15,CSO,16,20271020,20371020,300000,54510123.4581321,54508623.4581321,1.8961445,97772248.0543679,97772248.0543679,NaN,NaN,NaN,NaN,NaN,NaN,NaN,NaN
F15,15,CLPSO,16,20271020,20371020,300000,1714.16950323418,214.169503234182,2.3294627,79041.7864346644,2160.03312434883,NaN,NaN,NaN,NaN,NaN,NaN,NaN,NaN
F15,15,DSS-Range,16,20271020,20371020,300000,18049.2057913474,16549.2057913474,36.8677607,27876.0694202043,20026.090000232,2,0.555555555555628,0.45672612102017,378,9,141.438493971704,1,0
F15,15,Global-Cap2-Range,16,20271020,20371020,300000,13242.5050750827,11742.5050750827,35.3086409,26490.0981536999,14827.1631865373,2.01673612268711,0.551836417180717,0.263960660110018,709,6,139.366166371273,1,0
F15,15,CSO,17,20271021,20371021,300000,15041972.5993651,15040472.5993651,1.9001067,54641226.1855698,15040472.5993651,NaN,NaN,NaN,NaN,NaN,NaN,NaN,NaN
F15,15,CLPSO,17,20271021,20371021,300000,1671.70320510344,171.703205103443,2.3328285,51575.0827078405,1813.60509605444,NaN,NaN,NaN,NaN,NaN,NaN,NaN,NaN
F15,15,DSS-Range,17,20271021,20371021,300000,8775.40317486928,7275.40317486928,36.8225541,12196.2858350643,7517.94615157395,2,0.555555555555628,0.440945713174418,306,7,141.779801689252,1,0
F15,15,Global-Cap2-Range,17,20271021,20371021,300000,11024.7820156018,9524.78201560177,35.2562997,19047.6287418116,15000.1622382867,2.01630271711952,0.551932729529071,0.29412679891093,686,9,131.393225029367,1,0
F15,15,CSO,18,20271022,20371022,300000,88514376.817339,88512876.817339,1.9406304,88512876.817339,88512876.817339,NaN,NaN,NaN,NaN,NaN,NaN,NaN,NaN
F15,15,CLPSO,18,20271022,20371022,300000,1816.42550623424,316.425506234244,2.422665,15302.4083273638,1298.58084302716,NaN,NaN,NaN,NaN,NaN,NaN,NaN,NaN
F15,15,DSS-Range,18,20271022,20371022,300000,18887.9544810306,17387.9544810306,38.3747866,26656.0895832883,24291.3412818228,2,0.555555555555628,0.423731733066622,636,5,139.134836032482,1,0
F15,15,Global-Cap2-Range,18,20271022,20371022,300000,2023.16484801165,523.16484801165,36.8584639,1130.481280795,592.579931168881,2.01315219203201,0.552632846215185,0.270289492693227,430,5,135.888529639728,1,0
F15,15,CSO,19,20271023,20371023,300000,95279180.1469921,95277680.1469921,1.9628051,95277680.1469921,95277680.1469921,NaN,NaN,NaN,NaN,NaN,NaN,NaN,NaN
F15,15,CLPSO,19,20271023,20371023,300000,1740.56645938919,240.566459389189,2.4551412,66015.5134581334,881.547354062983,NaN,NaN,NaN,NaN,NaN,NaN,NaN,NaN
F15,15,DSS-Range,19,20271023,20371023,300000,8768.25366318715,7268.25366318715,37.5078637,10385.9640069789,9455.28540296312,2,0.555555555555628,0.427599044285159,517,11,137.126802027134,1,0
F15,15,Global-Cap2-Range,19,20271023,20371023,300000,21519.0011818289,20019.0011818289,35.9341067,20019.0011818289,20019.0011818289,2.02152025337556,0.550773277027729,0.270633994554648,467,6,132.451139579053,1,0
F15,15,CSO,20,20271024,20371024,300000,26293946.2107758,26292446.2107758,2.0806922,59325256.457019,26292446.2107758,NaN,NaN,NaN,NaN,NaN,NaN,NaN,NaN
F15,15,CLPSO,20,20271024,20371024,300000,1606.61679130077,106.616791300772,2.5800898,6826.9220924622,627.290876111577,NaN,NaN,NaN,NaN,NaN,NaN,NaN,NaN
F15,15,DSS-Range,20,20271024,20371024,300000,20307.9424602034,18807.9424602034,38.3311363,30856.3767568587,20087.7353568236,2,0.555555555555628,0.404923042729344,685,8,129.475178547085,1,0
F15,15,Global-Cap2-Range,20,20271024,20371024,300000,14162.187347664,12662.187347664,36.7163369,39263.3250080618,35237.1651290782,2.01303550591765,0.552658776462819,0.266961160193366,855,11,126.557384525187,1,0
F16,16,CSO,16,20271020,20371020,300000,3430.63773783779,1830.63773783779,2.1271157,2155.20122933868,2155.20122933868,NaN,NaN,NaN,NaN,NaN,NaN,NaN,NaN
F16,16,CLPSO,16,20271020,20371020,300000,2091.27673796622,491.276737966223,2.6415082,1121.80661437549,799.449251203006,NaN,NaN,NaN,NaN,NaN,NaN,NaN,NaN
F16,16,DSS-Range,16,20271020,20371020,300000,2537.92464286692,937.924642866917,37.2431887,1107.89930703482,937.924642866917,2,0.555555555555628,0.369989442684892,245,14,135.040211801562,1,0
F16,16,Global-Cap2-Range,16,20271020,20371020,300000,2385.88306081338,785.883060813384,35.520871,796.198576844696,796.198576844696,2.0171528588098,0.551743809153453,0.232772128688115,227,9,111.686385361132,1,0
F16,16,CSO,17,20271021,20371021,300000,3371.12939598659,1771.12939598659,2.1096683,1887.52326060062,1887.52326060062,NaN,NaN,NaN,NaN,NaN,NaN,NaN,NaN
F16,16,CLPSO,17,20271021,20371021,300000,2080.45237606149,480.452376061488,2.6337083,952.501450074171,597.76633702861,NaN,NaN,NaN,NaN,NaN,NaN,NaN,NaN
F16,16,DSS-Range,17,20271021,20371021,300000,2335.07954439459,735.079544394589,37.5113362,1127.34166091488,1099.17785708044,2,0.555555555555628,0.348496971717508,441,8,114.302289357212,1,0
F16,16,Global-Cap2-Range,17,20271021,20371021,300000,2540.09542220463,940.095422204631,35.7031547,1190.54755636467,940.095422204631,2.01855309218203,0.551432646181848,0.238795354781352,337,6,102.227634398038,1,0
F16,16,CSO,18,20271022,20371022,300000,3572.02851497819,1972.02851497819,2.136297,2101.08957560583,2101.08957560583,NaN,NaN,NaN,NaN,NaN,NaN,NaN,NaN
F16,16,CLPSO,18,20271022,20371022,300000,1960.33567710182,360.335677101819,2.6310365,829.377041419502,463.828332177708,NaN,NaN,NaN,NaN,NaN,NaN,NaN,NaN
F16,16,DSS-Range,18,20271022,20371022,300000,2384.64142110193,784.641421101932,37.2605453,807.13366322379,784.641421101932,2,0.555555555555628,0.354870256153803,295,3,128.074312127008,1,0
F16,16,Global-Cap2-Range,18,20271022,20371022,300000,2285.80638599211,685.80638599211,35.429742,685.80638599211,685.80638599211,2.01441906984497,0.552351317812304,0.230627326776685,402,6,108.655151849265,1,0
F16,16,CSO,19,20271023,20371023,300000,3296.71723301257,1696.71723301257,2.1081915,2243.93125681474,1988.06004824958,NaN,NaN,NaN,NaN,NaN,NaN,NaN,NaN
F16,16,CLPSO,19,20271023,20371023,300000,2218.28365480818,618.283654808175,2.6228251,905.897889294743,675.777217398679,NaN,NaN,NaN,NaN,NaN,NaN,NaN,NaN
F16,16,DSS-Range,19,20271023,20371023,300000,2111.10459858245,511.104598582451,39.0736931,1084.89420485173,582.877447103575,2,0.555555555555628,0.371895315885981,640,8,122.226948140823,1,0
F16,16,Global-Cap2-Range,19,20271023,20371023,300000,2481.38719612978,881.387196129783,37.5512508,881.387196129783,881.387196129783,2.02058676446074,0.5509807190088,0.291026282158137,289,6,125.978896043676,1,0
F16,16,CSO,20,20271024,20371024,300000,3751.42975141463,2151.42975141463,2.1707524,2313.17807909659,2313.17807909659,NaN,NaN,NaN,NaN,NaN,NaN,NaN,NaN
F16,16,CLPSO,20,20271024,20371024,300000,1963.64317350169,363.643173501692,2.6002559,771.275722977087,443.952020001431,NaN,NaN,NaN,NaN,NaN,NaN,NaN,NaN
F16,16,DSS-Range,20,20271024,20371024,300000,2400.3490622343,800.349062234296,37.7347126,844.698635613473,800.349062234296,2,0.555555555555628,0.352258709784964,402,9,119.734110412503,1,0
F16,16,Global-Cap2-Range,20,20271024,20371024,300000,2377.07003288118,777.070032881184,36.1687095,777.070032881184,777.070032881184,2.01966994499083,0.55118445666878,0.257554036783908,255,7,113.914517340027,1,0
F17,17,CSO,16,20271020,20371020,300000,2481.00365060561,781.003650605609,2.9939855,1071.95659454637,1040.15036634079,NaN,NaN,NaN,NaN,NaN,NaN,NaN,NaN
F17,17,CLPSO,16,20271020,20371020,300000,1906.3392340189,206.339234018904,3.520036,295.412864997784,226.890038202403,NaN,NaN,NaN,NaN,NaN,NaN,NaN,NaN
F17,17,DSS-Range,16,20271020,20371020,300000,2201.36922906924,501.36922906924,38.764392,723.093463151369,630.482843311825,2,0.555555555555628,0.366972273156637,359,8,107.941081113855,1,0
F17,17,Global-Cap2-Range,16,20271020,20371020,300000,1934.38555923131,234.385559231306,36.9074737,243.783638452341,234.385559231306,2.01555259209868,0.552099423978145,0.2533033283325,160,3,113.607854984649,1,0
F17,17,CSO,17,20271021,20371021,300000,2456.40356339616,756.403563396163,3.0233116,998.347945213053,756.403563396163,NaN,NaN,NaN,NaN,NaN,NaN,NaN,NaN
F17,17,CLPSO,17,20271021,20371021,300000,1785.29764687443,85.297646874425,3.5358193,321.411131184946,149.946515718811,NaN,NaN,NaN,NaN,NaN,NaN,NaN,NaN
F17,17,DSS-Range,17,20271021,20371021,300000,2010.9977607958,310.997760795801,40.7853602,338.85700863456,310.997760795801,2,0.555555555555628,0.41455798188587,183,9,130.202373903171,1,0
F17,17,Global-Cap2-Range,17,20271021,20371021,300000,2094.68715232002,394.687152320025,38.8721452,394.687152320025,394.687152320025,2.02092015335889,0.55090663258699,0.327415680391176,88,4,144.748102554571,1,0
F17,17,CSO,18,20271022,20371022,300000,2379.06387669142,679.063876691423,2.8167983,781.954875444248,679.063876691423,NaN,NaN,NaN,NaN,NaN,NaN,NaN,NaN
F17,17,CLPSO,18,20271022,20371022,300000,1922.80551227022,222.805512270224,3.3640955,305.497716686573,245.287347619845,NaN,NaN,NaN,NaN,NaN,NaN,NaN,NaN
F17,17,DSS-Range,18,20271022,20371022,300000,2129.63709660577,429.637096605769,36.9785985,429.637096605769,429.637096605769,2,0.555555555555628,0.373101072400956,154,11,114.531521834963,1,0
F17,17,Global-Cap2-Range,18,20271022,20371022,300000,2630.58971568074,930.589715680745,35.6792547,1020.93000939717,930.589715680745,2.01500250041674,0.552221666574134,0.245518697560705,92,6,121.267073906028,1,0
F17,17,CSO,19,20271023,20371023,300000,2646.93662742547,946.936627425473,2.8721137,1355.8926571226,946.936627425473,NaN,NaN,NaN,NaN,NaN,NaN,NaN,NaN
F17,17,CLPSO,19,20271023,20371023,300000,1819.92751461322,119.927514613223,3.3209317,294.968611240911,130.676128744279,NaN,NaN,NaN,NaN,NaN,NaN,NaN,NaN
F17,17,DSS-Range,19,20271023,20371023,300000,2000.25121419932,300.251214199316,37.1416374,455.134858017611,300.251214199316,2,0.555555555555628,0.402928265822081,103,5,128.356397184252,1,0
F17,17,Global-Cap2-Range,19,20271023,20371023,300000,2445.7623695562,745.762369556196,35.7560488,783.552549146693,783.552549146693,2.02353725620937,0.550325054175774,0.286764460743457,143,14,125.051710300098,1,0
F17,17,CSO,20,20271024,20371024,300000,2443.21265675371,743.21265675371,2.8919686,846.389585818151,743.21265675371,NaN,NaN,NaN,NaN,NaN,NaN,NaN,NaN
F17,17,CLPSO,20,20271024,20371024,300000,1912.32448580444,212.324485804438,3.4093312,329.683596261379,233.119033368242,NaN,NaN,NaN,NaN,NaN,NaN,NaN,NaN
F17,17,DSS-Range,20,20271024,20371024,300000,1954.46349909554,254.463499095544,37.5632972,259.417448788058,257.631224611462,2,0.555555555555628,0.341095738178585,307,9,118.798332458217,1,0
F17,17,Global-Cap2-Range,20,20271024,20371024,300000,1901.54196351552,201.541963515517,35.976588,209.275938397687,209.275938397687,2.02168694782464,0.550736233816824,0.283691726398844,169,6,118.20252695214,1,0
F18,18,CSO,16,20271020,20371020,300000,2444824.87055378,2443024.87055378,2.0997147,8204940.2363183,2443024.87055378,NaN,NaN,NaN,NaN,NaN,NaN,NaN,NaN
F18,18,CLPSO,16,20271020,20371020,300000,178906.412622621,177106.412622621,2.5960232,398031.80619584,219437.620080735,NaN,NaN,NaN,NaN,NaN,NaN,NaN,NaN
F18,18,DSS-Range,16,20271020,20371020,300000,180965.317475612,179165.317475612,36.7269868,203796.214176017,203796.214176017,2,0.555555555555628,0.411318553092182,141,5,132.639896384599,1,0
F18,18,Global-Cap2-Range,16,20271020,20371020,300000,74181.0602389244,72381.0602389244,35.0719741,91187.9924461901,84179.4345667689,2.01788631438573,0.551580819025469,0.308673667833528,344,3,129.808677828246,1,0
F18,18,CSO,17,20271021,20371021,300000,775239.231818325,773439.231818325,2.084811,773439.231818325,773439.231818325,NaN,NaN,NaN,NaN,NaN,NaN,NaN,NaN
F18,18,CLPSO,17,20271021,20371021,300000,137812.894324649,136012.894324649,2.5240979,502158.765091248,303918.118977189,NaN,NaN,NaN,NaN,NaN,NaN,NaN,NaN
F18,18,DSS-Range,17,20271021,20371021,300000,151281.787973154,149481.787973154,36.1921968,352042.673247352,176116.624265137,2,0.555555555555628,0.425793187753514,172,9,139.763762925643,1,0
F18,18,Global-Cap2-Range,17,20271021,20371021,300000,96473.7826370257,94673.7826370257,34.8677649,106486.140232569,106486.140232569,2.01890315052509,0.551354855438945,0.344674112352059,139,18,141.480562237262,1,0
F18,18,CSO,18,20271022,20371022,300000,2233116.28261041,2231316.28261041,2.0640935,3435952.55994349,3435952.55994349,NaN,NaN,NaN,NaN,NaN,NaN,NaN,NaN
F18,18,CLPSO,18,20271022,20371022,300000,151175.944978986,149375.944978986,2.5666272,165736.242492457,156736.57338302,NaN,NaN,NaN,NaN,NaN,NaN,NaN,NaN
F18,18,DSS-Range,18,20271022,20371022,300000,681169.440460377,679369.440460377,36.0396878,1632871.18320731,866649.456419598,2,0.555555555555628,0.402867144524087,420,5,131.324071700893,1,0
F18,18,Global-Cap2-Range,18,20271022,20371022,300000,51685.0590413365,49885.0590413365,34.6690008,88617.1491153728,49885.0590413365,2.01653608934822,0.551880869033804,0.299049841640273,340,11,138.618163132826,1,0
F18,18,CSO,19,20271023,20371023,300000,5370419.46183337,5368619.46183337,2.0644046,17322224.8081203,13534477.6393722,NaN,NaN,NaN,NaN,NaN,NaN,NaN,NaN
F18,18,CLPSO,19,20271023,20371023,300000,238756.456119755,236956.456119755,2.5602486,1178289.21809059,333498.55544872,NaN,NaN,NaN,NaN,NaN,NaN,NaN,NaN
F18,18,DSS-Range,19,20271023,20371023,300000,71193.7048314498,69393.7048314498,37.4272295,389136.60776512,95143.7989165318,2,0.555555555555628,0.374167916875035,382,2,108.467475700437,1,0
F18,18,Global-Cap2-Range,19,20271023,20371023,300000,132819.306631735,131019.306631735,35.821831,157048.224020505,145617.54350142,2.01200200033339,0.552888444370433,0.247785742068122,588,4,120.641569376577,1,0
F18,18,CSO,20,20271024,20371024,300000,2021017.58516872,2019217.58516872,2.1918135,5534052.72776683,3152164.49259601,NaN,NaN,NaN,NaN,NaN,NaN,NaN,NaN
F18,18,CLPSO,20,20271024,20371024,300000,107263.371771138,105463.371771138,2.6162579,987248.338722663,105463.371771138,NaN,NaN,NaN,NaN,NaN,NaN,NaN,NaN
F18,18,DSS-Range,20,20271024,20371024,300000,80056.5255343202,78256.5255343202,37.3920476,136158.348125539,81582.7131420873,2,0.555555555555628,0.400494526865589,95,9,139.534401786524,1,0
F18,18,Global-Cap2-Range,20,20271024,20371024,300000,28874.1189044962,27074.1189044962,36.1972552,154225.422913999,53086.3998962064,2.01568594765794,0.552069789409422,0.310279491026282,417,4,137.735800680191,1,0
F19,19,CSO,16,20271020,20371020,300000,75166377.3351316,75164477.3351316,7.5987522,87210309.4649653,75164477.3351316,NaN,NaN,NaN,NaN,NaN,NaN,NaN,NaN
F19,19,CLPSO,16,20271020,20371020,300000,1996.37128101771,96.3712810177069,8.0706797,6256.72054260118,310.66089035519,NaN,NaN,NaN,NaN,NaN,NaN,NaN,NaN
F19,19,DSS-Range,16,20271020,20371020,300000,12279.185631986,10379.185631986,45.3325811,24913.3237053578,18155.5623533501,2,0.555555555555628,0.42677112852142,705,8,139.528413833631,1,0
F19,19,Global-Cap2-Range,16,20271020,20371020,300000,10088.4986886352,8188.49868863521,43.8485328,14774.5007776294,8260.73275520372,2.01308551425238,0.552647663499547,0.217491804189587,424,7,116.168497689079,1,0
F19,19,CSO,17,20271021,20371021,300000,184415087.678644,184413187.678644,7.3343834,195154171.999724,184413187.678644,NaN,NaN,NaN,NaN,NaN,NaN,NaN,NaN
F19,19,CLPSO,17,20271021,20371021,300000,1984.99014623257,84.9901462325677,7.7115224,31140.8622776132,457.665777689409,NaN,NaN,NaN,NaN,NaN,NaN,NaN,NaN
F19,19,DSS-Range,17,20271021,20371021,300000,16348.4582297908,14448.4582297908,42.0489145,20284.5654401843,14448.4582297908,2,0.555555555555628,0.439701061287992,289,11,148.370296401333,1,0
F19,19,Global-Cap2-Range,17,20271021,20371021,300000,2372.07644808069,472.076448080692,40.7789081,4520.53278099317,643.544892723575,2.01290215035839,0.552688411031543,0.278840917930766,489,14,129.807259423418,1,0
F19,19,CSO,18,20271022,20371022,300000,41744375.1974355,41742475.1974355,7.2883073,145935033.252272,41742475.1974355,NaN,NaN,NaN,NaN,NaN,NaN,NaN,NaN
F19,19,CLPSO,18,20271022,20371022,300000,1970.07487455206,70.0748745520561,7.7455893,29316.4943885285,582.768665032069,NaN,NaN,NaN,NaN,NaN,NaN,NaN,NaN
F19,19,DSS-Range,18,20271022,20371022,300000,18004.0970952755,16104.0970952755,41.8870096,39729.9540826288,31363.6841551021,2,0.555555555555628,0.40711229649386,393,16,131.850981686514,1,0
F19,19,Global-Cap2-Range,18,20271022,20371022,300000,3947.57078333629,2047.57078333629,40.5275271,6380.36990235718,2973.02724189557,2.01123520586764,0.553058843140598,0.224170695115853,683,5,124.585339505579,1,0
F19,19,CSO,19,20271023,20371023,300000,52511692.2753665,52509792.2753665,7.3639078,124861220.189488,75599122.0970375,NaN,NaN,NaN,NaN,NaN,NaN,NaN,NaN
F19,19,CLPSO,19,20271023,20371023,300000,2025.32007984145,125.320079841447,7.8763484,109278.021327485,813.954737366576,NaN,NaN,NaN,NaN,NaN,NaN,NaN,NaN
F19,19,DSS-Range,19,20271023,20371023,300000,9348.63522247919,7448.63522247919,41.8210941,8255.76674128411,8255.76674128411,2,0.555555555555628,0.448046896705006,266,13,141.730600463299,1,0
F19,19,Global-Cap2-Range,19,20271023,20371023,300000,3614.39884494088,1714.39884494088,40.7184281,4616.23320969528,1820.86413025068,2.01340223370562,0.552577281398827,0.277840751236317,402,6,141.437821661122,1,0
F19,19,CSO,20,20271024,20371024,300000,146269614.106844,146267714.106844,7.3313182,196041192.408588,196041192.408588,NaN,NaN,NaN,NaN,NaN,NaN,NaN,NaN
F19,19,CLPSO,20,20271024,20371024,300000,1970.20965636583,70.2096563658297,7.8005994,67245.0364447351,208.043796273256,NaN,NaN,NaN,NaN,NaN,NaN,NaN,NaN
F19,19,DSS-Range,20,20271024,20371024,300000,2480.65204497437,580.652044974374,41.8347371,1503.23353223444,952.4996633771,2,0.555555555555628,0.435755959326554,316,7,145.476902909766,1,0
F19,19,Global-Cap2-Range,20,20271024,20371024,300000,2146.67840838859,246.678408388589,40.5007291,836.319283201961,828.087025134725,2.0131355225871,0.552636550536275,0.267050063899539,528,11,128.970166950021,1,0
F20,20,CSO,16,20271020,20371020,300000,2929.94323871221,929.943238712214,3.228996,929.943238712214,929.943238712214,NaN,NaN,NaN,NaN,NaN,NaN,NaN,NaN
F20,20,CLPSO,16,20271020,20371020,300000,2221.0033484422,221.003348442195,3.7450485,377.430883995068,299.715557582979,NaN,NaN,NaN,NaN,NaN,NaN,NaN,NaN
F20,20,DSS-Range,16,20271020,20371020,300000,2338.95842530172,338.958425301722,37.8864346,449.613825103395,372.402940485232,2,0.555555555555628,0.346446629993888,259,7,100.98814688638,1,0
F20,20,Global-Cap2-Range,16,20271020,20371020,300000,2773.65450998061,773.654509980607,36.317319,794.40415749496,791.903375841673,2.02180363393899,0.55071030356919,0.290692893259988,148,3,116.271020431688,1,0
F20,20,CSO,17,20271021,20371021,300000,2742.36468823859,742.364688238591,3.1548263,796.813588972459,796.813588972459,NaN,NaN,NaN,NaN,NaN,NaN,NaN,NaN
F20,20,CLPSO,17,20271021,20371021,300000,2208.83029666637,208.83029666637,3.6093884,451.919326539983,248.554889182586,NaN,NaN,NaN,NaN,NaN,NaN,NaN,NaN
F20,20,DSS-Range,17,20271021,20371021,300000,2466.25333093415,466.253330934155,38.0082779,488.888910353613,466.253330934155,2,0.555555555555628,0.363866199922209,76,5,121.2613320187,1,0
F20,20,Global-Cap2-Range,17,20271021,20371021,300000,2366.44057191159,366.440571911589,36.5679618,394.690282665533,376.503407493863,2.02492082013669,0.550017595525258,0.275062510418403,201,1,112.08726812027,1,0
F20,20,CSO,18,20271022,20371022,300000,2993.91904608412,993.919046084122,3.0758418,993.919046084122,993.919046084122,NaN,NaN,NaN,NaN,NaN,NaN,NaN,NaN
F20,20,CLPSO,18,20271022,20371022,300000,2190.28376276513,190.283762765133,3.6548744,369.826240007818,210.531317919863,NaN,NaN,NaN,NaN,NaN,NaN,NaN,NaN
F20,20,DSS-Range,18,20271022,20371022,300000,2415.18097781486,415.180977814864,37.7711707,415.180977814864,415.180977814864,2,0.555555555555628,0.390487303439462,67,4,150.517144568562,1,0
F20,20,Global-Cap2-Range,18,20271022,20371022,300000,2407.10942255306,407.109422553062,36.2768572,434.399905614442,407.109422553062,2.02593765627605,0.549791631938735,0.275073623381675,81,9,110.37331863119,1,0
F20,20,CSO,19,20271023,20371023,300000,2764.45269022747,764.452690227467,3.0617066,823.190794712607,764.452690227467,NaN,NaN,NaN,NaN,NaN,NaN,NaN,NaN
F20,20,CLPSO,19,20271023,20371023,300000,2073.32007534551,73.3200753455098,3.5453544,279.633267686971,124.20694136286,NaN,NaN,NaN,NaN,NaN,NaN,NaN,NaN
F20,20,DSS-Range,19,20271023,20371023,300000,2468.6032806723,468.603280672304,37.4628712,654.084218109242,469.893307985516,2,0.555555555555628,0.346524420736789,128,4,113.913841472217,1,0
F20,20,Global-Cap2-Range,19,20271023,20371023,300000,2700.40644553457,700.406445534569,36.1562629,703.799685103416,700.691102823732,2.01805300883481,0.551543775814564,0.25199755514808,101,1,105.276800937268,1,0
F20,20,CSO,20,20271024,20371024,300000,2865.54000071341,865.540000713409,3.0503319,865.540000713409,865.540000713409,NaN,NaN,NaN,NaN,NaN,NaN,NaN,NaN
F20,20,CLPSO,20,20271024,20371024,300000,2276.7170291103,276.717029110296,3.5867524,431.636005897758,350.409144477037,NaN,NaN,NaN,NaN,NaN,NaN,NaN,NaN
F20,20,DSS-Range,20,20271024,20371024,300000,2391.47021606606,391.470216066056,38.1597109,433.879310784993,433.879310784993,2,0.555555555555628,0.389164860810135,198,7,127.88224613706,1,0
F20,20,Global-Cap2-Range,20,20271024,20371024,300000,2534.70433790473,534.704337904733,36.9186173,544.344957353673,534.704337904733,2.0240540090015,0.550210220221966,0.288614769128188,78,9,130.605599430782,1,0
F21,21,CSO,16,20271020,20371020,300000,2640.05219406905,540.052194069048,3.5502948,540.052194069048,540.052194069048,NaN,NaN,NaN,NaN,NaN,NaN,NaN,NaN
F21,21,CLPSO,16,20271020,20371020,300000,2371.25150857429,271.251508574291,4.0481291,351.023628123445,293.167168506377,NaN,NaN,NaN,NaN,NaN,NaN,NaN,NaN
F21,21,DSS-Range,16,20271020,20371020,300000,2478.85914917862,378.859149178617,37.7632443,459.208828779972,405.68329170539,2,0.555555555555628,0.399305439795521,138,2,131.374960395811,1,0
F21,21,Global-Cap2-Range,16,20271020,20371020,300000,2399.69744727214,299.697447272145,36.6301422,313.511768440937,313.511768440937,2.02675445907651,0.549610120205298,0.292293159971106,140,5,119.587330374236,1,0
F21,21,CSO,17,20271021,20371021,300000,2655.21062503152,555.210625031518,3.55955,558.809242781948,558.809242781948,NaN,NaN,NaN,NaN,NaN,NaN,NaN,NaN
F21,21,CLPSO,17,20271021,20371021,300000,2348.65318434601,248.653184346007,4.0653703,348.63568097344,292.003758524807,NaN,NaN,NaN,NaN,NaN,NaN,NaN,NaN
F21,21,DSS-Range,17,20271021,20371021,300000,2431.40528304656,331.405283046559,38.1476185,363.925805506671,361.728669635312,2,0.555555555555628,0.405311996443852,100,8,129.103546878344,1,0
F21,21,Global-Cap2-Range,17,20271021,20371021,300000,2442.92913342025,342.929133420249,36.7811495,345.678510231021,342.929133420249,2.02337056176029,0.550362097386678,0.323409457131744,137,5,139.60938238903,1,0
F21,21,CSO,18,20271022,20371022,300000,2569.10161926868,469.101619268677,3.5277513,478.033410390453,478.033410390453,NaN,NaN,NaN,NaN,NaN,NaN,NaN,NaN
F21,21,CLPSO,18,20271022,20371022,300000,2353.75113476596,253.75113476596,4.0404374,367.813677573065,287.608559833369,NaN,NaN,NaN,NaN,NaN,NaN,NaN,NaN
F21,21,DSS-Range,18,20271022,20371022,300000,2434.63142832996,334.631428329956,38.2100295,349.890879273679,343.773473733565,2,0.555555555555628,0.408295827082292,110,8,126.199662573315,1,0
F21,21,Global-Cap2-Range,18,20271022,20371022,300000,2428.19563555901,328.195635559012,36.889206,391.736257034834,349.235926311071,2.03178863143857,0.548491415235952,0.336106017669612,147,6,121.705723216627,1,0
F21,21,CSO,19,20271023,20371023,300000,2564.23654636114,464.236546361141,3.5824115,474.421075052642,474.421075052642,NaN,NaN,NaN,NaN,NaN,NaN,NaN,NaN
F21,21,CLPSO,19,20271023,20371023,300000,2353.36109476956,253.361094769564,4.0982871,346.62663967251,280.14195588498,NaN,NaN,NaN,NaN,NaN,NaN,NaN,NaN
F21,21,DSS-Range,19,20271023,20371023,300000,2464.86910990099,364.869109900992,38.2559791,427.59411034805,381.475022943637,2,0.555555555555628,0.421192420959049,106,6,146.841812873708,1,0
F21,21,Global-Cap2-Range,19,20271023,20371023,300000,2426.7603634414,326.7603634414,36.7002986,367.717592515613,364.528681397921,2.02842140356726,0.549239688096243,0.273106628882592,262,39,128.194319776713,1,0
F21,21,CSO,20,20271024,20371024,300000,2613.09648500468,513.096485004681,3.525321,526.248476258672,516.205164708526,NaN,NaN,NaN,NaN,NaN,NaN,NaN,NaN
F21,21,CLPSO,20,20271024,20371024,300000,2372.30920064578,272.309200645781,3.9896,341.404411065807,303.606692761772,NaN,NaN,NaN,NaN,NaN,NaN,NaN,NaN
F21,21,DSS-Range,20,20271024,20371024,300000,2447.35035164834,347.35035164834,37.8405106,348.38344554444,347.35035164834,2,0.555555555555628,0.382774906928933,111,7,126.638562775331,1,0
F21,21,Global-Cap2-Range,20,20271024,20371024,300000,2407.65097939982,307.650979399818,36.4059802,325.36528618045,316.254050861199,2.02675445907651,0.549610120205298,0.3216036006001,108,5,136.416646800948,1,0
F22,22,CSO,16,20271020,20371020,300000,9461.76348348411,7261.76348348411,3.9477067,8170.07870774028,7277.46037977664,NaN,NaN,NaN,NaN,NaN,NaN,NaN,NaN
F22,22,CLPSO,16,20271020,20371020,300000,2362.2043717463,162.204371746298,4.4762299,477.258287760844,263.680412562432,NaN,NaN,NaN,NaN,NaN,NaN,NaN,NaN
F22,22,DSS-Range,16,20271020,20371020,300000,5800.37376181747,3600.37376181747,38.4128292,4464.31194203967,3651.60221837726,2,0.555555555555628,0.319681057954103,108,3,108.995734526074,1,0
F22,22,Global-Cap2-Range,16,20271020,20371020,300000,5800.47673428699,3600.47673428699,36.9215081,4950.23775153375,4109.91902751696,2.02867144524087,0.549184123279885,0.289142634883592,76,30,115.475950003089,1,0
F22,22,CSO,17,20271021,20371021,300000,8171.99785801802,5971.99785801802,3.8689249,6322.02412334372,5971.99785801802,NaN,NaN,NaN,NaN,NaN,NaN,NaN,NaN
F22,22,CLPSO,17,20271021,20371021,300000,2472.84503896975,272.84503896975,4.5043233,733.20003829067,434.180897318459,NaN,NaN,NaN,NaN,NaN,NaN,NaN,NaN
F22,22,DSS-Range,17,20271021,20371021,300000,7152.92649185669,4952.92649185669,38.1238404,5630.37985649016,4952.92649185669,2,0.555555555555628,0.348352503194977,85,1,132.166026493059,1,0
F22,22,Global-Cap2-Range,17,20271021,20371021,300000,6679.83116287589,4479.83116287589,36.9378324,4577.75826266637,4485.8044455953,2.02530421736956,0.549932396140175,0.244362949380452,81,0,104.773707117303,1,0
F22,22,CSO,18,20271022,20371022,300000,9117.62570920165,6917.62570920165,3.9005468,7476.50496679194,6917.62570920165,NaN,NaN,NaN,NaN,NaN,NaN,NaN,NaN
F22,22,CLPSO,18,20271022,20371022,300000,2897.82613458701,697.826134587006,4.5267574,1945.67176655375,761.230380988141,NaN,NaN,NaN,NaN,NaN,NaN,NaN,NaN
F22,22,DSS-Range,18,20271022,20371022,300000,6497.32711790448,4297.32711790448,38.6629703,4749.03049020409,4297.32711790448,2,0.555555555555628,0.365227537922987,52,2,126.606695172978,1,0
F22,22,Global-Cap2-Range,18,20271022,20371022,300000,6467.48936568773,4267.48936568773,37.8684514,4267.48936568773,4267.48936568773,2.02625437572929,0.549721249838014,0.286364394065678,40,0,124.103559566862,1,0
F22,22,CSO,19,20271023,20371023,300000,8944.04239176124,6744.04239176124,3.9442099,6879.33589941766,6840.0837986043,NaN,NaN,NaN,NaN,NaN,NaN,NaN,NaN
F22,22,CLPSO,19,20271023,20371023,300000,2379.13025445299,179.130254452994,4.4733664,441.034656311842,291.972077830286,NaN,NaN,NaN,NaN,NaN,NaN,NaN,NaN
F22,22,DSS-Range,19,20271023,20371023,300000,7090.95558168915,4890.95558168915,38.3892453,5389.96783558075,4890.95558168915,2,0.555555555555628,0.382852697671834,49,2,154.073450263819,1,0
F22,22,Global-Cap2-Range,19,20271023,20371023,300000,7083.85911911848,4883.85911911848,37.246193,5258.74858395733,5258.74858395733,2.02937156192699,0.549028541794082,0.291604156248264,80,3,117.13465368725,1,0
F22,22,CSO,20,20271024,20371024,300000,8913.2719132444,6713.2719132444,3.9118903,6878.18474326981,6713.2719132444,NaN,NaN,NaN,NaN,NaN,NaN,NaN,NaN
F22,22,CLPSO,20,20271024,20371024,300000,2397.45056972425,197.450569724249,4.4721766,668.865464087291,219.703127758302,NaN,NaN,NaN,NaN,NaN,NaN,NaN,NaN
F22,22,DSS-Range,20,20271024,20371024,300000,5427.50852530259,3227.50852530259,38.466229,4133.88225468034,3227.50852530259,2,0.555555555555628,0.348496971717508,90,11,113.463665337827,1,0
F22,22,Global-Cap2-Range,20,20271024,20371024,300000,6587.71892567597,4387.71892567597,37.4296414,5383.79230979305,4387.71892567597,2.02607101183531,0.54976199737001,0.305662054786909,93,2,128.052341626253,1,0
F23,23,CSO,16,20271020,20371020,300000,3014.05676971543,714.056769715426,4.3585243,714.056769715426,714.056769715426,NaN,NaN,NaN,NaN,NaN,NaN,NaN,NaN
F23,23,CLPSO,16,20271020,20371020,300000,2731.1416456409,431.1416456409,4.8023419,501.744803034542,462.127827708915,NaN,NaN,NaN,NaN,NaN,NaN,NaN,NaN
F23,23,DSS-Range,16,20271020,20371020,300000,2760.22519054814,460.225190548145,39.1866923,570.58520030591,493.123521809085,2,0.555555555555628,0.363543923987331,177,23,112.827126578586,1,0
F23,23,Global-Cap2-Range,16,20271020,20371020,300000,2803.30780892935,503.307808929355,37.7718502,547.268005538342,509.635286406485,2.02308718119687,0.550425070845219,0.255303661721398,202,15,102.268124588898,1,0
F23,23,CSO,17,20271021,20371021,300000,3102.45103094579,802.451030945794,4.384015,802.451030945794,802.451030945794,NaN,NaN,NaN,NaN,NaN,NaN,NaN,NaN
F23,23,CLPSO,17,20271021,20371021,300000,2737.22642976514,437.226429765138,4.803064,515.854935787124,451.413203133738,NaN,NaN,NaN,NaN,NaN,NaN,NaN,NaN
F23,23,DSS-Range,17,20271021,20371021,300000,2886.62103508952,586.62103508952,39.630826,655.193023090027,631.695403813101,2,0.555555555555628,0.34364616324943,184,32,94.9656245398855,1,0
F23,23,Global-Cap2-Range,17,20271021,20371021,300000,2849.84113648804,549.841136488043,38.809805,568.721239896,552.263962393431,2.03135522587098,0.548587727584307,0.274845807634606,175,25,109.667449925762,1,0
F23,23,CSO,18,20271022,20371022,300000,2915.90548748469,615.905487484691,4.3745842,645.427568684906,615.905487484691,NaN,NaN,NaN,NaN,NaN,NaN,NaN,NaN
F23,23,CLPSO,18,20271022,20371022,300000,2726.7570445129,426.7570445129,4.8940083,477.89586061407,449.242643403166,NaN,NaN,NaN,NaN,NaN,NaN,NaN,NaN
F23,23,DSS-Range,18,20271022,20371022,300000,3024.92272439506,724.922724395065,39.0283094,810.278935389715,803.740565597634,2,0.555555555555628,0.335439239873312,226,8,87.998806861419,1,0
F23,23,Global-Cap2-Range,18,20271022,20371022,300000,2843.14935360492,543.14935360492,37.9825374,675.721986169858,553.915781162694,2.02198699783297,0.550669556037194,0.276301605823193,352,8,112.742324368423,1,0
F23,23,CSO,19,20271023,20371023,300000,2898.64876001577,598.648760015765,4.3517957,619.083993857573,608.853928222371,NaN,NaN,NaN,NaN,NaN,NaN,NaN,NaN
F23,23,CLPSO,19,20271023,20371023,300000,2738.43665291812,438.43665291812,4.8860912,489.864590836835,444.964530403191,NaN,NaN,NaN,NaN,NaN,NaN,NaN,NaN
F23,23,DSS-Range,19,20271023,20371023,300000,2774.79696225065,474.796962250651,39.2174149,516.323208493224,489.57658081166,2,0.555555555555628,0.363104961938101,156,21,108.960719041405,1,0
F23,23,Global-Cap2-Range,19,20271023,20371023,300000,2905.36336550889,605.363365508893,37.869715,650.079787698079,612.096559916083,2.02642107017836,0.549684206627109,0.259598822025893,203,11,87.9515752598464,1,0
F23,23,CSO,20,20271024,20371024,300000,2931.89657835206,631.896578352057,4.3441624,673.716532396024,631.896578352057,NaN,NaN,NaN,NaN,NaN,NaN,NaN,NaN
F23,23,CLPSO,20,20271024,20371024,300000,2732.71931546526,432.719315465262,4.8116803,499.25390815295,452.06792294796,NaN,NaN,NaN,NaN,NaN,NaN,NaN,NaN
F23,23,DSS-Range,20,20271024,20371024,300000,2878.7217753537,578.7217753537,38.5256098,700.418636953956,675.173380975299,2,0.555555555555628,0.35789853864533,401,9,110.240838969665,1,0
F23,23,Global-Cap2-Range,20,20271024,20371024,300000,2827.69226541781,527.692265417807,37.6484981,686.033331155108,555.184894270812,2.02648774795799,0.549669389342746,0.277029504917486,199,7,108.56502260579,1,0
F24,24,CSO,16,20271020,20371020,300000,3041.74069013324,641.74069013324,4.5997374,695.639106990524,695.639106990524,NaN,NaN,NaN,NaN,NaN,NaN,NaN,NaN
F24,24,CLPSO,16,20271020,20371020,300000,2935.33851580524,535.338515805243,5.0637721,630.929380545547,562.652262198488,NaN,NaN,NaN,NaN,NaN,NaN,NaN,NaN
F24,24,DSS-Range,16,20271020,20371020,300000,3281.58810392715,881.588103927148,38.9655213,948.270333971737,918.144729946561,2,0.555555555555628,0.318003000500083,262,18,79.8410783853301,1,0
F24,24,Global-Cap2-Range,16,20271020,20371020,300000,3131.69880624441,731.698806244409,37.6590906,810.679454628395,743.59187286425,2.02230371728621,0.550599173936474,0.284225148635884,199,10,89.4138793484672,1,0
F24,24,CSO,17,20271021,20371021,300000,3054.00132165549,654.001321655491,4.6359488,736.317912700561,685.244625868857,NaN,NaN,NaN,NaN,NaN,NaN,NaN,NaN
F24,24,CLPSO,17,20271021,20371021,300000,2942.5704891806,542.570489180604,5.139081,611.405860698896,563.053596955961,NaN,NaN,NaN,NaN,NaN,NaN,NaN,NaN
F24,24,DSS-Range,17,20271021,20371021,300000,3026.89977283415,626.899772834147,39.0197201,655.508316434569,630.975945211498,2,0.555555555555628,0.358965383119409,177,15,96.8175332028632,1,0
F24,24,Global-Cap2-Range,17,20271021,20371021,300000,2957.3339754116,557.3339754116,37.8269211,567.47667044164,557.762673598962,2.031171861977,0.548628475116302,0.303428349169306,159,14,104.490980174053,1,0
F24,24,CSO,18,20271022,20371022,300000,3098.67084041203,698.670840412031,4.6741473,748.029237641001,698.670840412031,NaN,NaN,NaN,NaN,NaN,NaN,NaN,NaN
F24,24,CLPSO,18,20271022,20371022,300000,2921.35950554952,521.359505549524,5.0745738,591.848473030727,554.068011269705,NaN,NaN,NaN,NaN,NaN,NaN,NaN,NaN
F24,24,DSS-Range,18,20271022,20371022,300000,3011.90497008946,611.904970089458,39.1240517,646.598074091929,613.316577205701,2,0.555555555555628,0.366105462021448,198,18,95.9606679425079,1,0
F24,24,Global-Cap2-Range,18,20271022,20371022,300000,3238.33881722361,838.338817223605,37.8674696,839.904676993539,839.149999488828,2.07584597432905,0.538700894593618,0.244140690115019,164,14,45.4799541244512,1,0
F24,24,CSO,19,20271023,20371023,300000,3042.32040701028,642.320407010279,4.5694181,663.237172280637,663.237172280637,NaN,NaN,NaN,NaN,NaN,NaN,NaN,NaN
F24,24,CLPSO,19,20271023,20371023,300000,2932.59138949694,532.591389496939,5.0440007,588.03244581373,554.14357051899,NaN,NaN,NaN,NaN,NaN,NaN,NaN,NaN
F24,24,DSS-Range,19,20271023,20371023,300000,3034.33613741043,634.336137410434,38.8850298,653.655078794266,635.955347761575,2,0.555555555555628,0.361360226704451,151,20,111.591246397077,1,0
F24,24,Global-Cap2-Range,19,20271023,20371023,300000,2956.64779322415,556.647793224147,37.5920065,619.924577333268,575.090530920396,2.02667111185198,0.549628641810751,0.268961493582264,240,22,94.4338745316395,1,0
F24,24,CSO,20,20271024,20371024,300000,3298.48593347873,898.485933478731,4.7665114,898.485933478731,898.485933478731,NaN,NaN,NaN,NaN,NaN,NaN,NaN,NaN
F24,24,CLPSO,20,20271024,20371024,300000,2920.87277766585,520.872777665848,5.2664681,599.49970519181,539.46075718613,NaN,NaN,NaN,NaN,NaN,NaN,NaN,NaN
F24,24,DSS-Range,20,20271024,20371024,300000,2961.27738109921,561.27738109921,43.4945224,595.643429603076,563.120338114875,2,0.555555555555628,0.334255709284881,188,17,72.0024020138215,1,0
F24,24,Global-Cap2-Range,20,20271024,20371024,300000,2998.54395345644,598.543953456444,42.1243076,617.733965604145,616.321648760875,2.02110351725288,0.550865885054994,0.259270989609379,339,15,84.8676552012596,1,0
F25,25,CSO,16,20271020,20371020,300000,3839.36838429219,1339.36838429219,4.361918,2212.58088826228,2057.72154655883,NaN,NaN,NaN,NaN,NaN,NaN,NaN,NaN
F25,25,CLPSO,16,20271020,20371020,300000,2887.6141417699,387.614141769895,4.7818674,413.418598106101,388.912214594619,NaN,NaN,NaN,NaN,NaN,NaN,NaN,NaN
F25,25,DSS-Range,16,20271020,20371020,300000,2883.49721117594,383.49721117594,45.326917,384.19381163797,383.833324235608,2,0.555555555555628,0.384891926432183,477,15,138.338719123312,1,0
F25,25,Global-Cap2-Range,16,20271020,20371020,300000,2887.03814246993,387.038142469929,44.0028759,387.857998167387,387.36312177655,2.0124687447908,0.552784723379898,0.230938489748291,335,9,136.831062842173,1,0
F25,25,CSO,17,20271021,20371021,300000,3999.85600002438,1499.85600002438,4.246732,1764.08411665246,1553.17434112652,NaN,NaN,NaN,NaN,NaN,NaN,NaN,NaN
F25,25,CLPSO,17,20271021,20371021,300000,2888.00338503694,388.00338503694,4.6093882,414.504384228497,390.435563237758,NaN,NaN,NaN,NaN,NaN,NaN,NaN,NaN
F25,25,DSS-Range,17,20271021,20371021,300000,2886.89327644854,386.893276448536,40.4934425,388.289609299864,387.314802574455,2,0.555555555555628,0.362577096182697,583,17,136.968898751335,1,0
F25,25,Global-Cap2-Range,17,20271021,20371021,300000,2887.2200974303,387.220097430301,38.9490839,387.59689784108,387.343883319265,2.0129188198033,0.552684706710452,0.268761460243374,498,9,137.608583478422,1,0
F25,25,CSO,18,20271022,20371022,300000,3698.61091427194,1198.61091427194,4.5619673,1247.47392937467,1247.47392937467,NaN,NaN,NaN,NaN,NaN,NaN,NaN,NaN
F25,25,CLPSO,18,20271022,20371022,300000,2887.75691248738,387.756912487375,4.9057961,423.011607876742,389.735027282069,NaN,NaN,NaN,NaN,NaN,NaN,NaN,NaN
F25,25,DSS-Range,18,20271022,20371022,300000,2886.92746454182,386.927464541822,40.9034161,387.588159860393,387.215163488369,2,0.555555555555628,0.422931599711063,314,9,136.106401500522,1,0
F25,25,Global-Cap2-Range,18,20271022,20371022,300000,2887.21571396592,387.215713965922,39.6144031,387.577299008683,387.36910552752,2.01903650608435,0.551325220870221,0.266988942601545,439,6,137.733135233927,1,0
F25,25,CSO,19,20271023,20371023,300000,3673.56669661733,1173.56669661733,4.2490812,1315.4094806053,1173.56669661733,NaN,NaN,NaN,NaN,NaN,NaN,NaN,NaN
F25,25,CLPSO,19,20271023,20371023,300000,2887.47145578114,387.471455781136,4.6224212,416.241082308551,388.824706829223,NaN,NaN,NaN,NaN,NaN,NaN,NaN,NaN
F25,25,DSS-Range,19,20271023,20371023,300000,2896.63594974534,396.635949745339,37.8763359,398.462077664336,397.565038988728,2,0.555555555555628,0.410323942879369,438,11,149.929833078428,1,0
F25,25,Global-Cap2-Range,19,20271023,20371023,300000,2886.79041201275,386.790412012752,36.8155984,388.061947936531,387.480645852765,2.01895315885981,0.551343742475675,0.220953492248708,553,16,136.56299688941,1,0
F25,25,CSO,20,20271024,20371024,300000,3405.21129441506,905.211294415064,4.3127915,1300.22030903291,1137.7917645872,NaN,NaN,NaN,NaN,NaN,NaN,NaN,NaN
F25,25,CLPSO,20,20271024,20371024,300000,2887.49881769937,387.498817699366,4.7183059,406.916447611673,388.857448323366,NaN,NaN,NaN,NaN,NaN,NaN,NaN,NaN
F25,25,DSS-Range,20,20271024,20371024,300000,2886.90374829068,386.903748290679,40.043968,387.555376260624,387.281932303499,2,0.555555555555628,0.396871700839029,469,16,136.918867751336,1,0
F25,25,Global-Cap2-Range,20,20271024,20371024,300000,2886.96562584467,386.965625844669,38.6555595,388.234186381436,387.637952959591,2.0095682613769,0.553429275249652,0.262904928599211,684,1984,138.633435273847,1,0
F26,26,CSO,16,20271020,20371020,300000,6814.81247386395,4214.81247386395,5.1686432,4437.33354476783,4260.71441890638,NaN,NaN,NaN,NaN,NaN,NaN,NaN,NaN
F26,26,CLPSO,16,20271020,20371020,300000,4332.25155927979,1732.25155927979,5.5664397,2551.71791883625,1911.93602347908,NaN,NaN,NaN,NaN,NaN,NaN,NaN,NaN
F26,26,DSS-Range,16,20271020,20371020,300000,5653.16540583067,3053.16540583067,38.8200967,3600.95035428266,3056.48446150808,2,0.555555555555628,0.33861199088737,134,19,100.902018785952,1,0
F26,26,Global-Cap2-Range,16,20271020,20371020,300000,6147.76329678467,3547.76329678467,37.68331,4800.86371182259,3762.80185137298,2.03022170361727,0.548839621418463,0.26279935544813,246,14,104.103356895346,1,0
F26,26,CSO,17,20271021,20371021,300000,6484.26272585287,3884.26272585287,5.1264318,4410.87955681518,4410.87955681518,NaN,NaN,NaN,NaN,NaN,NaN,NaN,NaN
F26,26,CLPSO,17,20271021,20371021,300000,3710.877608856,1110.877608856,5.573741,1532.38779471865,1409.19591391945,NaN,NaN,NaN,NaN,NaN,NaN,NaN,NaN
F26,26,DSS-Range,17,20271021,20371021,300000,5351.53878742247,2751.53878742247,39.5469353,3990.01325538601,3418.51329307191,2,0.555555555555628,0.353342223703951,234,10,97.9998652290548,1,0
F26,26,Global-Cap2-Range,17,20271021,20371021,300000,5152.54325343381,2552.54325343381,38.2355721,2745.71501119786,2561.07661448017,2.02710451741957,0.549532329462396,0.271639717730733,148,12,113.55344598153,1,0
F26,26,CSO,18,20271022,20371022,300000,6781.46987163778,4181.46987163778,5.232214,4468.88083286951,4448.96561130919,NaN,NaN,NaN,NaN,NaN,NaN,NaN,NaN
F26,26,CLPSO,18,20271022,20371022,300000,3888.6323445328,1288.6323445328,5.7779084,2030.53248777015,1446.01535411836,NaN,NaN,NaN,NaN,NaN,NaN,NaN,NaN
F26,26,DSS-Range,18,20271022,20371022,300000,5456.91052467435,2856.91052467435,51.392444,3709.30530624991,3066.62980390892,2,0.555555555555628,0.37762404845252,190,11,111.914775380059,1,0
F26,26,Global-Cap2-Range,18,20271022,20371022,300000,5057.29098870693,2457.29098870693,49.4475175,2875.24946584558,2715.57977336349,2.02353725620937,0.550325054175773,0.275779296549425,166,11,116.89774819463,1,0
F26,26,CSO,19,20271023,20371023,300000,6601.13178983263,4001.13178983263,6.9867266,4381.60471199197,4001.13178983263,NaN,NaN,NaN,NaN,NaN,NaN,NaN,NaN
F26,26,CLPSO,19,20271023,20371023,300000,3384.61931030374,784.619310303741,7.7744472,1786.4168691959,912.52843229545,NaN,NaN,NaN,NaN,NaN,NaN,NaN,NaN
F26,26,DSS-Range,19,20271023,20371023,300000,4979.5235758129,2379.5235758129,56.3621787,3371.40465475515,2470.28086820987,2,0.555555555555628,0.377485136411624,123,13,119.051605735729,1,0
F26,26,Global-Cap2-Range,19,20271023,20371023,300000,5970.44400586553,3370.44400586553,54.4738994,3565.08068808146,3522.23748622233,2.03412235372562,0.547972810283275,0.271211868644774,77,11,108.205353830792,1,0
F26,26,CSO,20,20271024,20371024,300000,6997.322177876,4397.322177876,7.3280197,4766.32670096845,4680.31112317832,NaN,NaN,NaN,NaN,NaN,NaN,NaN,NaN
F26,26,CLPSO,20,20271024,20371024,300000,4404.03054984516,1804.03054984516,8.0140657,2517.93017179978,2057.71402851624,NaN,NaN,NaN,NaN,NaN,NaN,NaN,NaN
F26,26,DSS-Range,20,20271024,20371024,300000,5521.11752581074,2921.11752581074,55.6262734,3546.92446480433,2921.11752581074,2,0.555555555555628,0.385486469967217,132,8,131.375764341866,1,0
F26,26,Global-Cap2-Range,20,20271024,20371024,300000,6216.94298473279,3616.94298473279,53.6168148,3836.98767625667,3836.98767625667,2.02883813968995,0.549147080068979,0.276807245652053,155,13,117.060438650295,1,0
F27,27,CSO,16,20271020,20371020,300000,3316.73713862093,616.737138620932,8.1077467,625.415440475971,616.737138620932,NaN,NaN,NaN,NaN,NaN,NaN,NaN,NaN
F27,27,CLPSO,16,20271020,20371020,300000,3212.24283581906,512.242835819065,8.6084769,526.734795265394,516.158217533222,NaN,NaN,NaN,NaN,NaN,NaN,NaN,NaN
F27,27,DSS-Range,16,20271020,20371020,300000,3248.64177194101,548.641771941015,56.8311304,551.78452258046,551.78452258046,2,0.555555555555628,0.336850586208813,145,36,74.5244902322439,1,0
F27,27,Global-Cap2-Range,16,20271020,20371020,300000,3254.32820718389,554.328207183888,55.1407682,566.799160939553,555.10034703256,2.01951991998666,0.551217795558596,0.166711118519753,182,26,68.6549208600871,1,0
F27,27,CSO,17,20271021,20371021,300000,3272.43559410233,572.435594102328,7.9938572,588.16467281104,572.435594102328,NaN,NaN,NaN,NaN,NaN,NaN,NaN,NaN
F27,27,CLPSO,17,20271021,20371021,300000,3214.90714332619,514.907143326189,8.6124205,531.295864717779,517.927819962454,NaN,NaN,NaN,NaN,NaN,NaN,NaN,NaN
F27,27,DSS-Range,17,20271021,20371021,300000,3239.84940176973,539.849401769734,57.8995463,559.43640094393,542.649449707714,2,0.555555555555628,0.322620436739457,348,28,91.7076239361303,1,0
F27,27,Global-Cap2-Range,17,20271021,20371021,300000,3235.62000697594,535.620006975939,55.8508219,538.943967565039,535.620006975939,2.01523587264544,0.552169806078867,0.202528199144302,227,22,104.826573897126,1,0
F27,27,CSO,18,20271022,20371022,300000,3237.83247088813,537.832470888134,7.9265124,561.193945725492,538.871602107938,NaN,NaN,NaN,NaN,NaN,NaN,NaN,NaN
F27,27,CLPSO,18,20271022,20371022,300000,3211.89729664653,511.897296646529,8.7321471,528.638046042635,516.378154699353,NaN,NaN,NaN,NaN,NaN,NaN,NaN,NaN
F27,27,DSS-Range,18,20271022,20371022,300000,3216.11142441825,516.111424418251,58.9061417,524.792993645382,516.210125652353,2,0.555555555555628,0.343990665110852,240,34,96.3390045808378,1,0
F27,27,Global-Cap2-Range,18,20271022,20371022,300000,3215.62736866858,515.627368668583,56.587654,520.876728623012,516.855613893246,2.02128688114686,0.550825137522998,0.191137411790854,276,37,89.5715215080233,1,0
F27,27,CSO,19,20271023,20371023,300000,3308.33213606391,608.332136063906,8.0368987,608.332136063906,608.332136063906,NaN,NaN,NaN,NaN,NaN,NaN,NaN,NaN
F27,27,CLPSO,19,20271023,20371023,300000,3209.42564119391,509.425641193909,8.7849047,524.458908210653,513.70471051264,NaN,NaN,NaN,NaN,NaN,NaN,NaN,NaN
F27,27,DSS-Range,19,20271023,20371023,300000,3242.07527553001,542.075275530007,56.6853013,542.075275530007,542.075275530007,2,0.555555555555628,0.344746346613324,208,30,92.8392671442481,1,0
F27,27,Global-Cap2-Range,19,20271023,20371023,300000,3199.78883749512,499.788837495119,54.7176515,509.353230651602,503.968638206179,2.0140356726121,0.552436517197386,0.200644551869756,291,18,87.8724231235401,1,0
F27,27,CSO,20,20271024,20371024,300000,3265.688427246,565.688427246003,8.1333415,575.51037866128,575.51037866128,NaN,NaN,NaN,NaN,NaN,NaN,NaN,NaN
F27,27,CLPSO,20,20271024,20371024,300000,3213.55189773283,513.551897732828,8.6421427,526.412288486369,519.140264207347,NaN,NaN,NaN,NaN,NaN,NaN,NaN,NaN
F27,27,DSS-Range,20,20271024,20371024,300000,3259.61160323389,559.611603233886,57.8116165,564.893230647133,561.964349224028,2,0.555555555555628,0.321820303383897,209,23,95.2680537926947,1,0
F27,27,Global-Cap2-Range,20,20271024,20371024,300000,3202.22508199531,502.225081995315,55.8219065,508.976697194409,506.798399576106,2.01281880313386,0.552706932636996,0.22697116186031,191,17,86.6588390186932,1,0
F28,28,CSO,16,20271020,20371020,300000,3694.9621377315,894.962137731497,6.8691011,1019.35228841747,907.863474416687,NaN,NaN,NaN,NaN,NaN,NaN,NaN,NaN
F28,28,CLPSO,16,20271020,20371020,300000,3240.02742031416,440.027420314165,7.582117,527.87385519085,474.921748811528,NaN,NaN,NaN,NaN,NaN,NaN,NaN,NaN
F28,28,DSS-Range,16,20271020,20371020,300000,3100.01070775918,300.010707759182,56.8966044,409.538647536647,404.43005406709,2,0.555555555555628,0.399916652775463,1817,13,140.284895796841,1,0
F28,28,Global-Cap2-Range,16,20271020,20371020,300000,3100.42187310767,300.421873107667,54.8538159,410.360463490647,397.136679518636,2.0106851141857,0.553181085736586,0.283736178251931,827,16,141.663279205766,1,0
F28,28,CSO,17,20271021,20371021,300000,3954.19740908117,1154.19740908117,7.4638647,1732.925651367,1154.19740908117,NaN,NaN,NaN,NaN,NaN,NaN,NaN,NaN
F28,28,CLPSO,17,20271021,20371021,300000,3248.57475525077,448.574755250766,8.0022512,600.815940090786,478.669324191202,NaN,NaN,NaN,NaN,NaN,NaN,NaN,NaN
F28,28,DSS-Range,17,20271021,20371021,300000,3207.09910352677,407.099103526775,44.662889,452.848184215706,409.718058996737,2,0.555555555555628,0.417686281046841,1060,17,146.789054148254,1,0
F28,28,Global-Cap2-Range,17,20271021,20371021,300000,3100.24048718259,300.240487182589,43.6096343,403.265123175547,302.336885874797,2.01250208368061,0.552777314737716,0.30375618158582,866,23,144.19414626329,1,0
F28,28,CSO,18,20271022,20371022,300000,4355.46041107062,1555.46041107062,5.022769,1659.99380661994,1659.99380661994,NaN,NaN,NaN,NaN,NaN,NaN,NaN,NaN
F28,28,CLPSO,18,20271022,20371022,300000,3248.24452257122,448.244522571215,5.4154623,531.303571452443,473.42229068223,NaN,NaN,NaN,NaN,NaN,NaN,NaN,NaN
F28,28,DSS-Range,18,20271022,20371022,300000,3266.6403353713,466.640335371299,38.8113445,475.677940088857,466.980202273546,2,0.555555555555628,0.39684391843085,843,18,137.913775487927,1,0
F28,28,Global-Cap2-Range,18,20271022,20371022,300000,3214.0316069745,414.031606974496,37.4642896,425.260856871496,414.402830851871,2.01120186697783,0.553066251782779,0.266405512029783,583,25,139.751982444032,1,0
F28,28,CSO,19,20271023,20371023,300000,3665.19068034025,865.190680340252,5.0408282,1019.3165348053,944.567996323128,NaN,NaN,NaN,NaN,NaN,NaN,NaN,NaN
F28,28,CLPSO,19,20271023,20371023,300000,3244.17619973207,444.176199732067,5.4185011,559.432407273168,469.398665040395,NaN,NaN,NaN,NaN,NaN,NaN,NaN,NaN
F28,28,DSS-Range,19,20271023,20371023,300000,3133.20449432211,333.204494322111,38.4379971,413.188480848039,403.908757087737,2,0.555555555555628,0.433344446296605,1371,25,142.660403853392,1,0
F28,28,Global-Cap2-Range,19,20271023,20371023,300000,3266.66013112915,466.660131129152,37.3203392,468.700383201522,467.025907294375,2.01035172528755,0.553255172158397,0.248658109684948,623,26,134.269822332629,1,0
F28,28,CSO,20,20271024,20371024,300000,3906.40163748643,1106.40163748643,5.0245281,1237.97124377292,1112.16681944366,NaN,NaN,NaN,NaN,NaN,NaN,NaN,NaN
F28,28,CLPSO,20,20271024,20371024,300000,3244.35177645736,444.351776457357,5.3811442,560.970652429837,465.688636250973,NaN,NaN,NaN,NaN,NaN,NaN,NaN,NaN
F28,28,DSS-Range,20,20271024,20371024,300000,3213.47323615024,413.473236150241,38.6854086,421.078497795501,419.949543663904,2,0.555555555555628,0.400672334277935,873,16,141.284741846718,1,0
F28,28,Global-Cap2-Range,20,20271024,20371024,300000,3100.42209112026,300.422091120258,37.4499558,356.091634168291,302.160350963356,2.01338556426071,0.552580985719917,0.289259320997944,528,8,144.855453789022,1,0
F29,29,CSO,16,20271020,20371020,300000,4590.1971067099,1690.1971067099,4.0796363,1708.32578341656,1708.32578341656,NaN,NaN,NaN,NaN,NaN,NaN,NaN,NaN
F29,29,CLPSO,16,20271020,20371020,300000,3468.88636985483,568.886369854833,4.6042744,814.896054145202,662.042321608158,NaN,NaN,NaN,NaN,NaN,NaN,NaN,NaN
F29,29,DSS-Range,16,20271020,20371020,300000,4054.3368919324,1154.3368919324,37.5823706,1182.26060772477,1154.3368919324,2,0.555555555555628,0.387447907984664,135,8,121.481513351208,1,0
F29,29,Global-Cap2-Range,16,20271020,20371020,300000,3628.70337720053,728.703377200534,36.690348,794.275343338593,741.414296877647,2.0238206367728,0.550262080717235,0.225220870145024,183,14,76.8951636218678,1,0
F29,29,CSO,17,20271021,20371021,300000,4413.16981901139,1513.16981901139,4.1360879,1869.08310896254,1618.95185325432,NaN,NaN,NaN,NaN,NaN,NaN,NaN,NaN
F29,29,CLPSO,17,20271021,20371021,300000,3529.87414334775,629.874143347746,4.6162061,885.521099099568,677.241706493821,NaN,NaN,NaN,NaN,NaN,NaN,NaN,NaN
F29,29,DSS-Range,17,20271021,20371021,300000,3600.09882372019,700.098823720195,37.6815015,846.337516924532,814.377365328945,2,0.555555555555628,0.374056787242318,191,17,100.773372040617,1,0
F29,29,Global-Cap2-Range,17,20271021,20371021,300000,3865.59023958116,965.590239581159,36.803652,1279.12494914822,1196.27650155339,2.01866977829638,0.551406715934214,0.261004611879758,216,8,113.114267764354,1,0
F29,29,CSO,18,20271022,20371022,300000,4187.00447899902,1287.00447899902,4.1284742,1522.19016199825,1287.00447899902,NaN,NaN,NaN,NaN,NaN,NaN,NaN,NaN
F29,29,CLPSO,18,20271022,20371022,300000,3486.62865687486,586.628656874864,4.6383554,731.820707435767,682.857963582387,NaN,NaN,NaN,NaN,NaN,NaN,NaN,NaN
F29,29,DSS-Range,18,20271022,20371022,300000,3699.10301067779,799.103010677788,38.453648,858.130496116559,840.913639673939,2,0.555555555555628,0.349091515252542,242,11,112.66183279917,1,0
F29,29,Global-Cap2-Range,18,20271022,20371022,300000,3706.02209139719,806.022091397188,37.3248134,926.53260151066,809.563865453475,2.01703617269545,0.551769739401088,0.204550758459743,226,12,83.4538481251402,1,0
F29,29,CSO,19,20271023,20371023,300000,4188.54214101423,1288.54214101423,4.2629213,2178.48612824691,2004.81411689613,NaN,NaN,NaN,NaN,NaN,NaN,NaN,NaN
F29,29,CLPSO,19,20271023,20371023,300000,3502.29573772945,602.295737729451,4.8296579,871.584232391386,702.706892060926,NaN,NaN,NaN,NaN,NaN,NaN,NaN,NaN
F29,29,DSS-Range,19,20271023,20371023,300000,3762.48326639443,862.483266394425,38.8329409,997.481754884738,969.542858761026,2,0.555555555555628,0.391859754403512,157,9,121.536890270843,1,0
F29,29,Global-Cap2-Range,19,20271023,20371023,300000,3943.76416992983,1043.76416992983,37.6856393,1050.79332578364,1043.76416992983,2.02078679779963,0.550936267155714,0.256470522864922,103,7,110.328200232728,1,0
F29,29,CSO,20,20271024,20371024,300000,4426.01892513346,1526.01892513346,4.0526704,1646.38086208755,1646.38086208755,NaN,NaN,NaN,NaN,NaN,NaN,NaN,NaN
F29,29,CLPSO,20,20271024,20371024,300000,3540.465705257,640.465705256998,4.6155785,841.891621436237,693.241526740605,NaN,NaN,NaN,NaN,NaN,NaN,NaN,NaN
F29,29,DSS-Range,20,20271024,20371024,300000,3638.59611885889,738.596118858894,39.0509033,808.958512617039,738.596118858894,2,0.555555555555628,0.395054731344113,116,9,113.409588438643,1,0
F29,29,Global-Cap2-Range,20,20271024,20371024,300000,3745.86936197808,845.86936197808,37.8097066,921.757258173572,877.746378040196,2.02095349224871,0.550899223944809,0.227499027615714,247,10,78.3835305340589,1,0
F30,30,CSO,16,20271020,20371020,300000,39819522.3526329,39816522.3526329,8.6815273,68863890.3216952,39816522.3526329,NaN,NaN,NaN,NaN,NaN,NaN,NaN,NaN
F30,30,CLPSO,16,20271020,20371020,300000,13746.1132738425,10746.1132738425,9.2065322,163319.337258237,23385.4139738139,NaN,NaN,NaN,NaN,NaN,NaN,NaN,NaN
F30,30,DSS-Range,16,20271020,20371020,300000,14525.4824224122,11525.4824224122,44.5046079,25027.4518733321,13153.2870823972,2,0.555555555555628,0.408195810412847,520,33,122.262810389623,1,0
F30,30,Global-Cap2-Range,16,20271020,20371020,300000,18641.5933656184,15641.5933656184,42.9702467,29543.2713511617,19611.8537230339,2.01151858643107,0.552995869682059,0.234928043562816,778,9,122.701879239684,1,0
F30,30,CSO,17,20271021,20371021,300000,38650293.5554308,38647293.5554308,8.638358,93078229.6764783,38647293.5554308,NaN,NaN,NaN,NaN,NaN,NaN,NaN,NaN
F30,30,CLPSO,17,20271021,20371021,300000,10713.7552252646,7713.75522526456,9.0915558,186976.326220627,18021.1022709938,NaN,NaN,NaN,NaN,NaN,NaN,NaN,NaN
F30,30,DSS-Range,17,20271021,20371021,300000,13773.9977430697,10773.9977430697,43.0257688,26478.0869517117,17258.5460896533,2,0.555555555555628,0.423309440462299,358,11,135.978638168294,1,0
F30,30,Global-Cap2-Range,17,20271021,20371021,300000,15581.3481622699,12581.3481622699,41.8397935,22698.7378595398,14759.1661512876,2.01253542257043,0.552769906095536,0.248502528199144,569,9,109.690360440524,1,0
F30,30,CSO,18,20271022,20371022,300000,58139325.5099508,58136325.5099508,8.6107141,67562165.5068301,67562165.5068301,NaN,NaN,NaN,NaN,NaN,NaN,NaN,NaN
F30,30,CLPSO,18,20271022,20371022,300000,19126.231974742,16126.231974742,9.0280254,670576.27693337,50208.683758702,NaN,NaN,NaN,NaN,NaN,NaN,NaN,NaN
F30,30,DSS-Range,18,20271022,20371022,300000,10231.6438759172,7231.64387591723,42.6623874,12649.3166239686,11503.5975744424,2,0.555555555555628,0.407340112240929,348,14,120.178507867559,1,0
F30,30,Global-Cap2-Range,18,20271022,20371022,300000,7181.63230030528,4181.63230030528,41.431498,6315.99754003601,5312.81251495174,2.0120353392232,0.552881035728251,0.249619381007946,571,42,118.03466905891,1,0
F30,30,CSO,19,20271023,20371023,300000,141685034.028866,141682034.028866,8.6020581,241161950.072789,141682034.028866,NaN,NaN,NaN,NaN,NaN,NaN,NaN,NaN
F30,30,CLPSO,19,20271023,20371023,300000,16786.2194245324,13786.2194245324,9.0263004,420702.977046875,80155.4856734692,NaN,NaN,NaN,NaN,NaN,NaN,NaN,NaN
F30,30,DSS-Range,19,20271023,20371023,300000,35199.397880905,32199.397880905,42.6590214,58639.0534948498,39060.9484789747,2,0.555555555555628,0.389376007112296,329,11,119.478159709266,1,0
F30,30,Global-Cap2-Range,19,20271023,20371023,300000,29197.2977315884,26197.2977315884,41.1918937,49254.7884354945,38281.1031967294,2.01315219203201,0.552632846215185,0.290770684002889,502,8,124.114212059205,1,0
F30,30,CSO,20,20271024,20371024,300000,24408660.6696547,24405660.6696547,8.7693578,176614481.685697,24405660.6696547,NaN,NaN,NaN,NaN,NaN,NaN,NaN,NaN
F30,30,CLPSO,20,20271024,20371024,300000,19323.3800033098,16323.3800033098,9.2115366,258219.031998197,37961.7798125644,NaN,NaN,NaN,NaN,NaN,NaN,NaN,NaN
F30,30,DSS-Range,20,20271024,20371024,300000,18387.0730991133,15387.0730991133,46.0837766,172565.735778844,27131.2294221214,2,0.555555555555628,0.487870200588987,335,13,181.268214251572,1,0
F30,30,Global-Cap2-Range,20,20271024,20371024,300000,10599.5758658769,7599.57586587693,44.6004754,19160.7722130349,10555.0173523421,2.01356892815469,0.552540238187921,0.28510862921598,465,12,117.594109934599,1,0
