FunctionID,Algorithm,Run,FE,BestError
1,V1-Elite-SMP3,21,3000,365698502.07737
1,V1-Elite-SMP3,21,6000,64077841.2908423
1,V1-Elite-SMP3,21,9000,33151179.8399548
1,V1-Elite-SMP3,21,12000,33151179.8399548
1,V1-Elite-SMP3,21,15000,30558857.8159597
1,V1-Elite-SMP3,21,18000,25165366.0738572
1,V1-Elite-SMP3,21,21000,19373602.0621641
1,V1-Elite-SMP3,21,24000,19373602.0621641
1,V1-Elite-SMP3,21,27000,19373602.0621641
1,V1-Elite-SMP3,21,30000,18417674.4336648
1,V1-Elite-SMP3,21,33000,18318576.9154287
1,V1-Elite-SMP3,21,36000,18318576.9154287
1,V1-Elite-SMP3,21,39000,18318576.9154287
1,V1-Elite-SMP3,21,42000,18318576.9154287
1,V1-Elite-SMP3,21,45000,17957655.6391079
1,V1-Elite-SMP3,21,48000,17957655.6391079
1,V1-Elite-SMP3,21,51000,17957655.6391079
1,V1-Elite-SMP3,21,54000,17957655.6391079
1,V1-Elite-SMP3,21,57000,17030124.51419
1,V1-Elite-SMP3,21,60000,17030124.51419
1,V1-Elite-SMP3,21,63000,17030124.51419
1,V1-Elite-SMP3,21,66000,17030124.51419
1,V1-Elite-SMP3,21,69000,13717095.5871168
1,V1-Elite-SMP3,21,72000,12892772.3064027
1,V1-Elite-SMP3,21,75000,12892772.3064027
1,V1-Elite-SMP3,21,78000,12892772.3064027
1,V1-Elite-SMP3,21,81000,12892772.3064027
1,V1-Elite-SMP3,21,84000,11578929.0383499
1,V1-Elite-SMP3,21,87000,11578929.0383499
1,V1-Elite-SMP3,21,90000,11578929.0383499
1,V1-Elite-SMP3,21,93000,10175624.2079113
1,V1-Elite-SMP3,21,96000,9683283.50960918
1,V1-Elite-SMP3,21,99000,9683283.50960918
1,V1-Elite-SMP3,21,102000,9683283.50960918
1,V1-Elite-SMP3,21,105000,9683283.50960918
1,V1-Elite-SMP3,21,108000,9683283.50960918
1,V1-Elite-SMP3,21,111000,9683283.50960918
1,V1-Elite-SMP3,21,114000,8919758.80232445
1,V1-Elite-SMP3,21,117000,7171478.95730982
1,V1-Elite-SMP3,21,120000,7171478.95730982
1,V1-Elite-SMP3,21,123000,7171478.95730982
1,V1-Elite-SMP3,21,126000,6611099.4271658
1,V1-Elite-SMP3,21,129000,6611099.4271658
1,V1-Elite-SMP3,21,132000,6611099.4271658
1,V1-Elite-SMP3,21,135000,6611099.4271658
1,V1-Elite-SMP3,21,138000,6611099.4271658
1,V1-Elite-SMP3,21,141000,5135260.49556836
1,V1-Elite-SMP3,21,144000,5135260.49556836
1,V1-Elite-SMP3,21,147000,5135260.49556836
1,V1-Elite-SMP3,21,150000,5135260.49556836
1,V1-Elite-SMP3,21,153000,5135260.49556836
1,V1-Elite-SMP3,21,156000,4838349.62703273
1,V1-Elite-SMP3,21,159000,4838349.62703273
1,V1-Elite-SMP3,21,162000,4838349.62703273
1,V1-Elite-SMP3,21,165000,4449948.44970841
1,V1-Elite-SMP3,21,168000,4449948.44970841
1,V1-Elite-SMP3,21,171000,4449948.44970841
1,V1-Elite-SMP3,21,174000,4449948.44970841
1,V1-Elite-SMP3,21,177000,4449948.44970841
1,V1-Elite-SMP3,21,180000,4449948.44970841
1,V1-Elite-SMP3,21,183000,4449948.44970841
1,V1-Elite-SMP3,21,186000,4449948.44970841
1,V1-Elite-SMP3,21,189000,4449948.44970841
1,V1-Elite-SMP3,21,192000,4124447.22671064
1,V1-Elite-SMP3,21,195000,4092644.41574751
1,V1-Elite-SMP3,21,198000,2977799.62650393
1,V1-Elite-SMP3,21,201000,2412883.41932626
1,V1-Elite-SMP3,21,204000,2412883.41932626
1,V1-Elite-SMP3,21,207000,2247284.60556463
1,V1-Elite-SMP3,21,210000,2247284.60556463
1,V1-Elite-SMP3,21,213000,2247284.60556463
1,V1-Elite-SMP3,21,216000,2247284.60556463
1,V1-Elite-SMP3,21,219000,1981635.10179985
1,V1-Elite-SMP3,21,222000,1981635.10179985
1,V1-Elite-SMP3,21,225000,1897286.72540174
1,V1-Elite-SMP3,21,228000,1588713.81398514
1,V1-Elite-SMP3,21,231000,1588713.81398514
1,V1-Elite-SMP3,21,234000,1434587.5757405
1,V1-Elite-SMP3,21,237000,1175641.20962266
1,V1-Elite-SMP3,21,240000,1175641.20962266
1,V1-Elite-SMP3,21,243000,1016888.12332389
1,V1-Elite-SMP3,21,246000,987574.799344873
1,V1-Elite-SMP3,21,249000,987574.799344873
1,V1-Elite-SMP3,21,252000,987574.799344873
1,V1-Elite-SMP3,21,255000,852387.886327651
1,V1-Elite-SMP3,21,258000,648624.969716432
1,V1-Elite-SMP3,21,261000,566227.729540554
1,V1-Elite-SMP3,21,264000,423355.763685154
1,V1-Elite-SMP3,21,267000,423355.763685154
1,V1-Elite-SMP3,21,270000,411844.041435972
1,V1-Elite-SMP3,21,273000,411844.041435972
1,V1-Elite-SMP3,21,276000,241687.672253444
1,V1-Elite-SMP3,21,279000,221115.264319135
1,V1-Elite-SMP3,21,282000,187763.547112246
1,V1-Elite-SMP3,21,285000,152783.283280975
1,V1-Elite-SMP3,21,288000,101072.590314437
1,V1-Elite-SMP3,21,291000,84088.4470989098
1,V1-Elite-SMP3,21,294000,47578.4071828203
1,V1-Elite-SMP3,21,297000,11009.6262364698
1,V1-Elite-SMP3,21,300000,3743.52034716476
1,V1-Elite-SMP3,22,3000,250632082.736671
1,V1-Elite-SMP3,22,6000,68938559.8745214
1,V1-Elite-SMP3,22,9000,58977767.7431808
1,V1-Elite-SMP3,22,12000,54044071.7262148
1,V1-Elite-SMP3,22,15000,39238435.5715637
1,V1-Elite-SMP3,22,18000,31414053.8679419
1,V1-Elite-SMP3,22,21000,30393070.2087965
1,V1-Elite-SMP3,22,24000,23767515.3750657
1,V1-Elite-SMP3,22,27000,23767515.3750657
1,V1-Elite-SMP3,22,30000,23767515.3750657
1,V1-Elite-SMP3,22,33000,22335502.286839
1,V1-Elite-SMP3,22,36000,22335502.286839
1,V1-Elite-SMP3,22,39000,22335502.286839
1,V1-Elite-SMP3,22,42000,19668638.1849566
1,V1-Elite-SMP3,22,45000,16869270.5461213
1,V1-Elite-SMP3,22,48000,16398180.4538401
1,V1-Elite-SMP3,22,51000,16398180.4538401
1,V1-Elite-SMP3,22,54000,16268331.5412765
1,V1-Elite-SMP3,22,57000,16268331.5412765
1,V1-Elite-SMP3,22,60000,15878802.2176024
1,V1-Elite-SMP3,22,63000,15878802.2176024
1,V1-Elite-SMP3,22,66000,15878802.2176024
1,V1-Elite-SMP3,22,69000,14683247.4695069
1,V1-Elite-SMP3,22,72000,13163443.0522697
1,V1-Elite-SMP3,22,75000,13163443.0522697
1,V1-Elite-SMP3,22,78000,13163443.0522697
1,V1-Elite-SMP3,22,81000,13163443.0522697
1,V1-Elite-SMP3,22,84000,13163443.0522697
1,V1-Elite-SMP3,22,87000,11117445.7070113
1,V1-Elite-SMP3,22,90000,11117445.7070113
1,V1-Elite-SMP3,22,93000,11117445.7070113
1,V1-Elite-SMP3,22,96000,11089933.448685
1,V1-Elite-SMP3,22,99000,10824485.2602202
1,V1-Elite-SMP3,22,102000,10480709.8071824
1,V1-Elite-SMP3,22,105000,10480709.8071824
1,V1-Elite-SMP3,22,108000,8253353.48295231
1,V1-Elite-SMP3,22,111000,8253353.48295231
1,V1-Elite-SMP3,22,114000,6672789.91116137
1,V1-Elite-SMP3,22,117000,6672789.91116137
1,V1-Elite-SMP3,22,120000,6672789.91116137
1,V1-Elite-SMP3,22,123000,6672789.91116137
1,V1-Elite-SMP3,22,126000,6672789.91116137
1,V1-Elite-SMP3,22,129000,6042543.57815176
1,V1-Elite-SMP3,22,132000,6042543.57815176
1,V1-Elite-SMP3,22,135000,6042543.57815176
1,V1-Elite-SMP3,22,138000,6042543.57815176
1,V1-Elite-SMP3,22,141000,6042543.57815176
1,V1-Elite-SMP3,22,144000,5303480.40093009
1,V1-Elite-SMP3,22,147000,5303480.40093009
1,V1-Elite-SMP3,22,150000,5303480.40093009
1,V1-Elite-SMP3,22,153000,5303480.40093009
1,V1-Elite-SMP3,22,156000,5047565.58814637
1,V1-Elite-SMP3,22,159000,4223077.16016936
1,V1-Elite-SMP3,22,162000,4223077.16016936
1,V1-Elite-SMP3,22,165000,4061888.97559515
1,V1-Elite-SMP3,22,168000,4061888.97559515
1,V1-Elite-SMP3,22,171000,4061888.97559515
1,V1-Elite-SMP3,22,174000,4061888.97559515
1,V1-Elite-SMP3,22,177000,4061888.97559515
1,V1-Elite-SMP3,22,180000,3422112.94238453
1,V1-Elite-SMP3,22,183000,3422112.94238453
1,V1-Elite-SMP3,22,186000,3422112.94238453
1,V1-Elite-SMP3,22,189000,3422112.94238453
1,V1-Elite-SMP3,22,192000,3422112.94238453
1,V1-Elite-SMP3,22,195000,3422112.94238453
1,V1-Elite-SMP3,22,198000,3410007.75915137
1,V1-Elite-SMP3,22,201000,2356571.94494545
1,V1-Elite-SMP3,22,204000,2356571.94494545
1,V1-Elite-SMP3,22,207000,2336212.44411685
1,V1-Elite-SMP3,22,210000,2336212.44411685
1,V1-Elite-SMP3,22,213000,2336212.44411685
1,V1-Elite-SMP3,22,216000,2336212.44411685
1,V1-Elite-SMP3,22,219000,2336212.44411685
1,V1-Elite-SMP3,22,222000,2336212.44411685
1,V1-Elite-SMP3,22,225000,1675099.74290448
1,V1-Elite-SMP3,22,228000,1640261.71422094
1,V1-Elite-SMP3,22,231000,1640261.71422094
1,V1-Elite-SMP3,22,234000,1566664.05315863
1,V1-Elite-SMP3,22,237000,1566664.05315863
1,V1-Elite-SMP3,22,240000,1360474.15833507
1,V1-Elite-SMP3,22,243000,1203252.22024526
1,V1-Elite-SMP3,22,246000,1046558.15381006
1,V1-Elite-SMP3,22,249000,911501.796904379
1,V1-Elite-SMP3,22,252000,835658.222338959
1,V1-Elite-SMP3,22,255000,556685.263052571
1,V1-Elite-SMP3,22,258000,515856.119935456
1,V1-Elite-SMP3,22,261000,398357.458033613
1,V1-Elite-SMP3,22,264000,398357.458033613
1,V1-Elite-SMP3,22,267000,398357.458033613
1,V1-Elite-SMP3,22,270000,338909.298651336
1,V1-Elite-SMP3,22,273000,279692.410371468
1,V1-Elite-SMP3,22,276000,192239.756068427
1,V1-Elite-SMP3,22,279000,144058.913121718
1,V1-Elite-SMP3,22,282000,112879.71650767
1,V1-Elite-SMP3,22,285000,112879.71650767
1,V1-Elite-SMP3,22,288000,112879.71650767
1,V1-Elite-SMP3,22,291000,63944.0295790864
1,V1-Elite-SMP3,22,294000,40675.3776190157
1,V1-Elite-SMP3,22,297000,11921.6412487666
1,V1-Elite-SMP3,22,300000,1429.59738138089
1,V1-Elite-SMP3,23,3000,443438002.680886
1,V1-Elite-SMP3,23,6000,119807344.195513
1,V1-Elite-SMP3,23,9000,68614935.5385054
1,V1-Elite-SMP3,23,12000,53432604.8381153
1,V1-Elite-SMP3,23,15000,47545064.9839011
1,V1-Elite-SMP3,23,18000,45097066.4683152
1,V1-Elite-SMP3,23,21000,38018713.6902528
1,V1-Elite-SMP3,23,24000,35546249.9734627
1,V1-Elite-SMP3,23,27000,34380208.6015741
1,V1-Elite-SMP3,23,30000,26016845.5428058
1,V1-Elite-SMP3,23,33000,23943143.6858224
1,V1-Elite-SMP3,23,36000,23943143.6858224
1,V1-Elite-SMP3,23,39000,23943143.6858224
1,V1-Elite-SMP3,23,42000,23340679.2797676
1,V1-Elite-SMP3,23,45000,19678402.2467281
1,V1-Elite-SMP3,23,48000,19678402.2467281
1,V1-Elite-SMP3,23,51000,19678402.2467281
1,V1-Elite-SMP3,23,54000,14383184.5544107
1,V1-Elite-SMP3,23,57000,14383184.5544107
1,V1-Elite-SMP3,23,60000,13501660.3194064
1,V1-Elite-SMP3,23,63000,12806631.9607927
1,V1-Elite-SMP3,23,66000,11837984.4972637
1,V1-Elite-SMP3,23,69000,11837984.4972637
1,V1-Elite-SMP3,23,72000,11837984.4972637
1,V1-Elite-SMP3,23,75000,11837984.4972637
1,V1-Elite-SMP3,23,78000,11228545.6321122
1,V1-Elite-SMP3,23,81000,10456273.0285493
1,V1-Elite-SMP3,23,84000,10456273.0285493
1,V1-Elite-SMP3,23,87000,10456273.0285493
1,V1-Elite-SMP3,23,90000,10456273.0285493
1,V1-Elite-SMP3,23,93000,10456273.0285493
1,V1-Elite-SMP3,23,96000,10456273.0285493
1,V1-Elite-SMP3,23,99000,10415321.1656785
1,V1-Elite-SMP3,23,102000,9056106.90699805
1,V1-Elite-SMP3,23,105000,8586871.9535536
1,V1-Elite-SMP3,23,108000,8421514.68820786
1,V1-Elite-SMP3,23,111000,8421514.68820786
1,V1-Elite-SMP3,23,114000,8421514.68820786
1,V1-Elite-SMP3,23,117000,7574625.38532254
1,V1-Elite-SMP3,23,120000,7574625.38532254
1,V1-Elite-SMP3,23,123000,7574625.38532254
1,V1-Elite-SMP3,23,126000,7574625.38532254
1,V1-Elite-SMP3,23,129000,7574625.38532254
1,V1-Elite-SMP3,23,132000,7574625.38532254
1,V1-Elite-SMP3,23,135000,7574625.38532254
1,V1-Elite-SMP3,23,138000,7574625.38532254
1,V1-Elite-SMP3,23,141000,7300326.77584477
1,V1-Elite-SMP3,23,144000,7300326.77584477
1,V1-Elite-SMP3,23,147000,6905562.02941527
1,V1-Elite-SMP3,23,150000,4782147.32269913
1,V1-Elite-SMP3,23,153000,4782147.32269913
1,V1-Elite-SMP3,23,156000,4782147.32269913
1,V1-Elite-SMP3,23,159000,4782147.32269913
1,V1-Elite-SMP3,23,162000,4782147.32269913
1,V1-Elite-SMP3,23,165000,4782147.32269913
1,V1-Elite-SMP3,23,168000,4763661.07229182
1,V1-Elite-SMP3,23,171000,4763661.07229182
1,V1-Elite-SMP3,23,174000,4763661.07229182
1,V1-Elite-SMP3,23,177000,4763661.07229182
1,V1-Elite-SMP3,23,180000,4476937.28964822
1,V1-Elite-SMP3,23,183000,4000447.96787219
1,V1-Elite-SMP3,23,186000,3429630.37162182
1,V1-Elite-SMP3,23,189000,3429630.37162182
1,V1-Elite-SMP3,23,192000,2913067.78231098
1,V1-Elite-SMP3,23,195000,2754565.38352762
1,V1-Elite-SMP3,23,198000,2754565.38352762
1,V1-Elite-SMP3,23,201000,2754565.38352762
1,V1-Elite-SMP3,23,204000,2135959.40362975
1,V1-Elite-SMP3,23,207000,2080019.21559575
1,V1-Elite-SMP3,23,210000,2080019.21559575
1,V1-Elite-SMP3,23,213000,1931274.99591021
1,V1-Elite-SMP3,23,216000,1931274.99591021
1,V1-Elite-SMP3,23,219000,1916097.50740246
1,V1-Elite-SMP3,23,222000,1916097.50740246
1,V1-Elite-SMP3,23,225000,1916097.50740246
1,V1-Elite-SMP3,23,228000,1612521.95584208
1,V1-Elite-SMP3,23,231000,1526571.06875178
1,V1-Elite-SMP3,23,234000,1526571.06875178
1,V1-Elite-SMP3,23,237000,1399317.78029273
1,V1-Elite-SMP3,23,240000,1151831.93528277
1,V1-Elite-SMP3,23,243000,1151831.93528277
1,V1-Elite-SMP3,23,246000,1046658.87877262
1,V1-Elite-SMP3,23,249000,889173.989023304
1,V1-Elite-SMP3,23,252000,792271.997277477
1,V1-Elite-SMP3,23,255000,558547.904974551
1,V1-Elite-SMP3,23,258000,558547.904974551
1,V1-Elite-SMP3,23,261000,525122.733630733
1,V1-Elite-SMP3,23,264000,525122.733630733
1,V1-Elite-SMP3,23,267000,525122.733630733
1,V1-Elite-SMP3,23,270000,388692.979171066
1,V1-Elite-SMP3,23,273000,368666.780313034
1,V1-Elite-SMP3,23,276000,261200.979504792
1,V1-Elite-SMP3,23,279000,248815.132550003
1,V1-Elite-SMP3,23,282000,188316.14284726
1,V1-Elite-SMP3,23,285000,148577.756116457
1,V1-Elite-SMP3,23,288000,88645.2372634498
1,V1-Elite-SMP3,23,291000,74637.7139233351
1,V1-Elite-SMP3,23,294000,46397.3373222301
1,V1-Elite-SMP3,23,297000,17866.8533424178
1,V1-Elite-SMP3,23,300000,7658.02487193329
3,V1-Elite-SMP3,21,3000,77624.1554228348
3,V1-Elite-SMP3,21,6000,61407.5884409721
3,V1-Elite-SMP3,21,9000,49545.1475528187
3,V1-Elite-SMP3,21,12000,43300.9893949291
3,V1-Elite-SMP3,21,15000,34674.988762763
3,V1-Elite-SMP3,21,18000,27334.7073070183
3,V1-Elite-SMP3,21,21000,21653.2484684578
3,V1-Elite-SMP3,21,24000,17617.9964410802
3,V1-Elite-SMP3,21,27000,15642.0233718655
3,V1-Elite-SMP3,21,30000,13854.7395405757
3,V1-Elite-SMP3,21,33000,12348.3645996162
3,V1-Elite-SMP3,21,36000,9783.42427877735
3,V1-Elite-SMP3,21,39000,9269.1827129296
3,V1-Elite-SMP3,21,42000,7985.64661483962
3,V1-Elite-SMP3,21,45000,7644.23557069199
3,V1-Elite-SMP3,21,48000,6943.22994373617
3,V1-Elite-SMP3,21,51000,6815.02986632715
3,V1-Elite-SMP3,21,54000,6167.50557133497
3,V1-Elite-SMP3,21,57000,5856.59817969839
3,V1-Elite-SMP3,21,60000,5748.89709805714
3,V1-Elite-SMP3,21,63000,5446.48449632215
3,V1-Elite-SMP3,21,66000,4896.60000421957
3,V1-Elite-SMP3,21,69000,4101.8712185059
3,V1-Elite-SMP3,21,72000,3650.70568396292
3,V1-Elite-SMP3,21,75000,3328.77898103696
3,V1-Elite-SMP3,21,78000,3174.32881523681
3,V1-Elite-SMP3,21,81000,2788.62775819376
3,V1-Elite-SMP3,21,84000,1920.84956070095
3,V1-Elite-SMP3,21,87000,1739.0441319175
3,V1-Elite-SMP3,21,90000,1494.74119861569
3,V1-Elite-SMP3,21,93000,1101.46917821021
3,V1-Elite-SMP3,21,96000,1101.46917821021
3,V1-Elite-SMP3,21,99000,1075.98502787577
3,V1-Elite-SMP3,21,102000,1036.73560495368
3,V1-Elite-SMP3,21,105000,975.85809274844
3,V1-Elite-SMP3,21,108000,817.563808301538
3,V1-Elite-SMP3,21,111000,813.421332108917
3,V1-Elite-SMP3,21,114000,778.749607495857
3,V1-Elite-SMP3,21,117000,655.61477307666
3,V1-Elite-SMP3,21,120000,607.171858447714
3,V1-Elite-SMP3,21,123000,475.116667013534
3,V1-Elite-SMP3,21,126000,475.116667013534
3,V1-Elite-SMP3,21,129000,390.171754427115
3,V1-Elite-SMP3,21,132000,360.372923330961
3,V1-Elite-SMP3,21,135000,316.512367457282
3,V1-Elite-SMP3,21,138000,300.735069855699
3,V1-Elite-SMP3,21,141000,300.244283282378
3,V1-Elite-SMP3,21,144000,240.917772589919
3,V1-Elite-SMP3,21,147000,217.402652524321
3,V1-Elite-SMP3,21,150000,215.863133532343
3,V1-Elite-SMP3,21,153000,215.863133532343
3,V1-Elite-SMP3,21,156000,178.815209966505
3,V1-Elite-SMP3,21,159000,175.100610821604
3,V1-Elite-SMP3,21,162000,175.100610821604
3,V1-Elite-SMP3,21,165000,175.100610821604
3,V1-Elite-SMP3,21,168000,175.100610821604
3,V1-Elite-SMP3,21,171000,171.83784802927
3,V1-Elite-SMP3,21,174000,171.83784802927
3,V1-Elite-SMP3,21,177000,116.823702158884
3,V1-Elite-SMP3,21,180000,110.947878639194
3,V1-Elite-SMP3,21,183000,104.055638554324
3,V1-Elite-SMP3,21,186000,103.276454856566
3,V1-Elite-SMP3,21,189000,103.276454856566
3,V1-Elite-SMP3,21,192000,85.2615988772596
3,V1-Elite-SMP3,21,195000,85.2615988772596
3,V1-Elite-SMP3,21,198000,63.4310787094992
3,V1-Elite-SMP3,21,201000,46.5517647206771
3,V1-Elite-SMP3,21,204000,46.5517647206771
3,V1-Elite-SMP3,21,207000,46.5517647206771
3,V1-Elite-SMP3,21,210000,46.5517647206771
3,V1-Elite-SMP3,21,213000,34.7700121951085
3,V1-Elite-SMP3,21,216000,34.7700121951085
3,V1-Elite-SMP3,21,219000,34.6309377799211
3,V1-Elite-SMP3,21,222000,25.5374141490078
3,V1-Elite-SMP3,21,225000,24.1338189256745
3,V1-Elite-SMP3,21,228000,19.4520280070581
3,V1-Elite-SMP3,21,231000,18.4032905298942
3,V1-Elite-SMP3,21,234000,14.8713906112646
3,V1-Elite-SMP3,21,237000,13.1844286055119
3,V1-Elite-SMP3,21,240000,10.3592398196029
3,V1-Elite-SMP3,21,243000,9.21997107902246
3,V1-Elite-SMP3,21,246000,9.21997107902246
3,V1-Elite-SMP3,21,249000,8.10705040642694
3,V1-Elite-SMP3,21,252000,6.369080192929
3,V1-Elite-SMP3,21,255000,6.11882886596385
3,V1-Elite-SMP3,21,258000,5.9957955591733
3,V1-Elite-SMP3,21,261000,4.66979176477673
3,V1-Elite-SMP3,21,264000,4.0826858955316
3,V1-Elite-SMP3,21,267000,3.46182172195961
3,V1-Elite-SMP3,21,270000,3.4483266524752
3,V1-Elite-SMP3,21,273000,2.95234736496957
3,V1-Elite-SMP3,21,276000,2.9258900504023
3,V1-Elite-SMP3,21,279000,2.3196602673284
3,V1-Elite-SMP3,21,282000,1.59046045604089
3,V1-Elite-SMP3,21,285000,1.06454010220341
3,V1-Elite-SMP3,21,288000,0.933881187590544
3,V1-Elite-SMP3,21,291000,0.714060420143539
3,V1-Elite-SMP3,21,294000,0.585520963077613
3,V1-Elite-SMP3,21,297000,0.323240361000273
3,V1-Elite-SMP3,21,300000,0.179329560144083
3,V1-Elite-SMP3,22,3000,94133.6503746952
3,V1-Elite-SMP3,22,6000,89314.398826499
3,V1-Elite-SMP3,22,9000,75998.9895900954
3,V1-Elite-SMP3,22,12000,64023.9551941711
3,V1-Elite-SMP3,22,15000,55349.4376731417
3,V1-Elite-SMP3,22,18000,53112.538377327
3,V1-Elite-SMP3,22,21000,40611.2986741998
3,V1-Elite-SMP3,22,24000,37993.4899656207
3,V1-Elite-SMP3,22,27000,29611.4726242614
3,V1-Elite-SMP3,22,30000,24567.5316834363
3,V1-Elite-SMP3,22,33000,21254.6853375229
3,V1-Elite-SMP3,22,36000,16634.5717759395
3,V1-Elite-SMP3,22,39000,16063.9133276748
3,V1-Elite-SMP3,22,42000,15171.9950923545
3,V1-Elite-SMP3,22,45000,14715.0051465374
3,V1-Elite-SMP3,22,48000,13706.8262620598
3,V1-Elite-SMP3,22,51000,12978.941931999
3,V1-Elite-SMP3,22,54000,12137.994744828
3,V1-Elite-SMP3,22,57000,10833.3118497986
3,V1-Elite-SMP3,22,60000,10667.4060061079
3,V1-Elite-SMP3,22,63000,10286.1852738106
3,V1-Elite-SMP3,22,66000,9522.87424917286
3,V1-Elite-SMP3,22,69000,7621.99724501573
3,V1-Elite-SMP3,22,72000,6412.09314560729
3,V1-Elite-SMP3,22,75000,6110.57854375479
3,V1-Elite-SMP3,22,78000,5898.79800004546
3,V1-Elite-SMP3,22,81000,5592.16598086399
3,V1-Elite-SMP3,22,84000,5152.80142302841
3,V1-Elite-SMP3,22,87000,4444.07304610687
3,V1-Elite-SMP3,22,90000,4036.17828581306
3,V1-Elite-SMP3,22,93000,3819.93148645954
3,V1-Elite-SMP3,22,96000,3452.90362936033
3,V1-Elite-SMP3,22,99000,3271.60147058844
3,V1-Elite-SMP3,22,102000,2862.53792706069
3,V1-Elite-SMP3,22,105000,2145.59587196194
3,V1-Elite-SMP3,22,108000,1995.35694322669
3,V1-Elite-SMP3,22,111000,1856.91954543509
3,V1-Elite-SMP3,22,114000,1725.72879916978
3,V1-Elite-SMP3,22,117000,1667.2724321412
3,V1-Elite-SMP3,22,120000,1594.62915308654
3,V1-Elite-SMP3,22,123000,1407.84015517798
3,V1-Elite-SMP3,22,126000,1214.41417542978
3,V1-Elite-SMP3,22,129000,1189.70593772084
3,V1-Elite-SMP3,22,132000,1157.80820058151
3,V1-Elite-SMP3,22,135000,1058.05288823977
3,V1-Elite-SMP3,22,138000,1016.93546883498
3,V1-Elite-SMP3,22,141000,989.18556837982
3,V1-Elite-SMP3,22,144000,987.373612434038
3,V1-Elite-SMP3,22,147000,914.391125256936
3,V1-Elite-SMP3,22,150000,874.49073651286
3,V1-Elite-SMP3,22,153000,868.205678983346
3,V1-Elite-SMP3,22,156000,838.757662203415
3,V1-Elite-SMP3,22,159000,805.37249169597
3,V1-Elite-SMP3,22,162000,720.130964335881
3,V1-Elite-SMP3,22,165000,617.519825145132
3,V1-Elite-SMP3,22,168000,571.729487690036
3,V1-Elite-SMP3,22,171000,543.7558171838
3,V1-Elite-SMP3,22,174000,531.692053204444
3,V1-Elite-SMP3,22,177000,474.84178697645
3,V1-Elite-SMP3,22,180000,412.193667701485
3,V1-Elite-SMP3,22,183000,390.759364030663
3,V1-Elite-SMP3,22,186000,387.197366578806
3,V1-Elite-SMP3,22,189000,354.390305874455
3,V1-Elite-SMP3,22,192000,354.390305874455
3,V1-Elite-SMP3,22,195000,316.288473399974
3,V1-Elite-SMP3,22,198000,265.764474976002
3,V1-Elite-SMP3,22,201000,265.764474976002
3,V1-Elite-SMP3,22,204000,247.436396840212
3,V1-Elite-SMP3,22,207000,206.628749923722
3,V1-Elite-SMP3,22,210000,178.03262621066
3,V1-Elite-SMP3,22,213000,136.196159298032
3,V1-Elite-SMP3,22,216000,136.196159298032
3,V1-Elite-SMP3,22,219000,136.196159298032
3,V1-Elite-SMP3,22,222000,125.279387461631
3,V1-Elite-SMP3,22,225000,106.218491709979
3,V1-Elite-SMP3,22,228000,95.02106730651
3,V1-Elite-SMP3,22,231000,69.5789912428208
3,V1-Elite-SMP3,22,234000,65.265490453062
3,V1-Elite-SMP3,22,237000,58.9887467329288
3,V1-Elite-SMP3,22,240000,58.4146599930031
3,V1-Elite-SMP3,22,243000,51.0772827559013
3,V1-Elite-SMP3,22,246000,40.0008132431673
3,V1-Elite-SMP3,22,249000,33.4010645284033
3,V1-Elite-SMP3,22,252000,27.9715118833732
3,V1-Elite-SMP3,22,255000,22.3522698304117
3,V1-Elite-SMP3,22,258000,19.128957171356
3,V1-Elite-SMP3,22,261000,15.600495839147
3,V1-Elite-SMP3,22,264000,11.3207680000019
3,V1-Elite-SMP3,22,267000,11.0273995495562
3,V1-Elite-SMP3,22,270000,9.52713838015876
3,V1-Elite-SMP3,22,273000,5.77319249335289
3,V1-Elite-SMP3,22,276000,4.29617049653945
3,V1-Elite-SMP3,22,279000,3.97126755042103
3,V1-Elite-SMP3,22,282000,3.54688226705133
3,V1-Elite-SMP3,22,285000,3.2268030809642
3,V1-Elite-SMP3,22,288000,3.03028049203476
3,V1-Elite-SMP3,22,291000,2.63767091370971
3,V1-Elite-SMP3,22,294000,2.01962144055813
3,V1-Elite-SMP3,22,297000,1.5830101868745
3,V1-Elite-SMP3,22,300000,1.22362077962771
3,V1-Elite-SMP3,23,3000,148413.894711345
3,V1-Elite-SMP3,23,6000,89333.1406812707
3,V1-Elite-SMP3,23,9000,83717.6120293742
3,V1-Elite-SMP3,23,12000,69217.1291423271
3,V1-Elite-SMP3,23,15000,59962.69513533
3,V1-Elite-SMP3,23,18000,55433.7227912787
3,V1-Elite-SMP3,23,21000,50595.3743996583
3,V1-Elite-SMP3,23,24000,45906.2568358637
3,V1-Elite-SMP3,23,27000,43927.8783034477
3,V1-Elite-SMP3,23,30000,43907.6267726173
3,V1-Elite-SMP3,23,33000,41627.0307081252
3,V1-Elite-SMP3,23,36000,34750.7839312123
3,V1-Elite-SMP3,23,39000,32595.0694055403
3,V1-Elite-SMP3,23,42000,30090.6643640962
3,V1-Elite-SMP3,23,45000,30010.6264315343
3,V1-Elite-SMP3,23,48000,25923.3998459017
3,V1-Elite-SMP3,23,51000,24827.6727953415
3,V1-Elite-SMP3,23,54000,21589.2094928037
3,V1-Elite-SMP3,23,57000,17622.6760370542
3,V1-Elite-SMP3,23,60000,14668.8842801598
3,V1-Elite-SMP3,23,63000,12419.3591734125
3,V1-Elite-SMP3,23,66000,7820.39386457398
3,V1-Elite-SMP3,23,69000,7311.95253297487
3,V1-Elite-SMP3,23,72000,6343.02355488398
3,V1-Elite-SMP3,23,75000,5893.51587288148
3,V1-Elite-SMP3,23,78000,4271.09823319306
3,V1-Elite-SMP3,23,81000,3908.16561934492
3,V1-Elite-SMP3,23,84000,3300.49290633046
3,V1-Elite-SMP3,23,87000,3140.50457175739
3,V1-Elite-SMP3,23,90000,3069.90494384588
3,V1-Elite-SMP3,23,93000,2767.91373378668
3,V1-Elite-SMP3,23,96000,2558.18322080788
3,V1-Elite-SMP3,23,99000,2269.84356144157
3,V1-Elite-SMP3,23,102000,2116.424176193
3,V1-Elite-SMP3,23,105000,1851.62211039602
3,V1-Elite-SMP3,23,108000,1745.16651343111
3,V1-Elite-SMP3,23,111000,1519.73750501864
3,V1-Elite-SMP3,23,114000,1193.19691380033
3,V1-Elite-SMP3,23,117000,1135.39409723898
3,V1-Elite-SMP3,23,120000,1123.87281470182
3,V1-Elite-SMP3,23,123000,1104.16588926857
3,V1-Elite-SMP3,23,126000,1104.16588926857
3,V1-Elite-SMP3,23,129000,998.405297402579
3,V1-Elite-SMP3,23,132000,951.688063176643
3,V1-Elite-SMP3,23,135000,942.195766859321
3,V1-Elite-SMP3,23,138000,914.302868617208
3,V1-Elite-SMP3,23,141000,840.752046108763
3,V1-Elite-SMP3,23,144000,840.109010165334
3,V1-Elite-SMP3,23,147000,784.193477032054
3,V1-Elite-SMP3,23,150000,715.667488553945
3,V1-Elite-SMP3,23,153000,615.785705400447
3,V1-Elite-SMP3,23,156000,571.491571217837
3,V1-Elite-SMP3,23,159000,544.547245042548
3,V1-Elite-SMP3,23,162000,494.636860322946
3,V1-Elite-SMP3,23,165000,482.960802227191
3,V1-Elite-SMP3,23,168000,443.686983071162
3,V1-Elite-SMP3,23,171000,418.536840520478
3,V1-Elite-SMP3,23,174000,378.679685495207
3,V1-Elite-SMP3,23,177000,347.368824189523
3,V1-Elite-SMP3,23,180000,335.614776367404
3,V1-Elite-SMP3,23,183000,335.614776367404
3,V1-Elite-SMP3,23,186000,285.694510060513
3,V1-Elite-SMP3,23,189000,259.293488778709
3,V1-Elite-SMP3,23,192000,245.850557850016
3,V1-Elite-SMP3,23,195000,220.805887758639
3,V1-Elite-SMP3,23,198000,192.052368608468
3,V1-Elite-SMP3,23,201000,192.052368608468
3,V1-Elite-SMP3,23,204000,134.223617591579
3,V1-Elite-SMP3,23,207000,108.088654603725
3,V1-Elite-SMP3,23,210000,98.776470888345
3,V1-Elite-SMP3,23,213000,95.9443979508973
3,V1-Elite-SMP3,23,216000,94.9806524536731
3,V1-Elite-SMP3,23,219000,94.9806524536731
3,V1-Elite-SMP3,23,222000,88.4522455060415
3,V1-Elite-SMP3,23,225000,76.6741913276786
3,V1-Elite-SMP3,23,228000,60.8737531794088
3,V1-Elite-SMP3,23,231000,50.5764294127571
3,V1-Elite-SMP3,23,234000,38.4520916012492
3,V1-Elite-SMP3,23,237000,35.9960808247674
3,V1-Elite-SMP3,23,240000,32.747358445388
3,V1-Elite-SMP3,23,243000,31.357730727156
3,V1-Elite-SMP3,23,246000,30.4944733920668
3,V1-Elite-SMP3,23,249000,28.2974478270692
3,V1-Elite-SMP3,23,252000,23.8812233219706
3,V1-Elite-SMP3,23,255000,19.969496606818
3,V1-Elite-SMP3,23,258000,19.969496606818
3,V1-Elite-SMP3,23,261000,13.8055313351686
3,V1-Elite-SMP3,23,264000,13.0887903487465
3,V1-Elite-SMP3,23,267000,11.8305850207375
3,V1-Elite-SMP3,23,270000,9.62344653011007
3,V1-Elite-SMP3,23,273000,8.19827560192829
3,V1-Elite-SMP3,23,276000,6.60093822783222
3,V1-Elite-SMP3,23,279000,5.20130745782438
3,V1-Elite-SMP3,23,282000,4.69933669334421
3,V1-Elite-SMP3,23,285000,2.63800436119959
3,V1-Elite-SMP3,23,288000,2.56411541488967
3,V1-Elite-SMP3,23,291000,2.31736387399474
3,V1-Elite-SMP3,23,294000,1.64127927970299
3,V1-Elite-SMP3,23,297000,0.990506237280897
3,V1-Elite-SMP3,23,300000,0.871776605760886
6,V1-Elite-SMP3,21,3000,58.2326638084448
6,V1-Elite-SMP3,21,6000,55.6421139327094
6,V1-Elite-SMP3,21,9000,54.2365307613529
6,V1-Elite-SMP3,21,12000,51.6732702521543
6,V1-Elite-SMP3,21,15000,51.6732702521543
6,V1-Elite-SMP3,21,18000,51.1984030408258
6,V1-Elite-SMP3,21,21000,50.5065932138519
6,V1-Elite-SMP3,21,24000,50.505368147742
6,V1-Elite-SMP3,21,27000,50.505368147742
6,V1-Elite-SMP3,21,30000,49.3396300218969
6,V1-Elite-SMP3,21,33000,49.3396300218969
6,V1-Elite-SMP3,21,36000,49.3196181146892
6,V1-Elite-SMP3,21,39000,48.2512133324125
6,V1-Elite-SMP3,21,42000,47.0500589604194
6,V1-Elite-SMP3,21,45000,47.0500589604194
6,V1-Elite-SMP3,21,48000,46.700432116297
6,V1-Elite-SMP3,21,51000,46.6843364919552
6,V1-Elite-SMP3,21,54000,46.6843364919552
6,V1-Elite-SMP3,21,57000,46.615230139622
6,V1-Elite-SMP3,21,60000,46.615230139622
6,V1-Elite-SMP3,21,63000,46.4920861362606
6,V1-Elite-SMP3,21,66000,46.1938488726229
6,V1-Elite-SMP3,21,69000,45.6564112975252
6,V1-Elite-SMP3,21,72000,43.2081574729626
6,V1-Elite-SMP3,21,75000,41.9337606240647
6,V1-Elite-SMP3,21,78000,41.9337606240647
6,V1-Elite-SMP3,21,81000,41.9337606240647
6,V1-Elite-SMP3,21,84000,40.2911595585605
6,V1-Elite-SMP3,21,87000,39.1146731391606
6,V1-Elite-SMP3,21,90000,39.1146731391606
6,V1-Elite-SMP3,21,93000,39.1146731391606
6,V1-Elite-SMP3,21,96000,39.1146731391606
6,V1-Elite-SMP3,21,99000,39.1146731391606
6,V1-Elite-SMP3,21,102000,39.1146731391606
6,V1-Elite-SMP3,21,105000,39.1146731391606
6,V1-Elite-SMP3,21,108000,39.1146731391606
6,V1-Elite-SMP3,21,111000,39.1146731391606
6,V1-Elite-SMP3,21,114000,39.1146731391606
6,V1-Elite-SMP3,21,117000,39.1146731391606
6,V1-Elite-SMP3,21,120000,39.1146731391606
6,V1-Elite-SMP3,21,123000,39.1146731391606
6,V1-Elite-SMP3,21,126000,39.1146731391606
6,V1-Elite-SMP3,21,129000,39.1146731391606
6,V1-Elite-SMP3,21,132000,38.9702757415056
6,V1-Elite-SMP3,21,135000,38.9702757415056
6,V1-Elite-SMP3,21,138000,38.9702757415056
6,V1-Elite-SMP3,21,141000,38.9702757415056
6,V1-Elite-SMP3,21,144000,38.9702757415056
6,V1-Elite-SMP3,21,147000,38.9702757415056
6,V1-Elite-SMP3,21,150000,38.9702757415056
6,V1-Elite-SMP3,21,153000,38.7589859419181
6,V1-Elite-SMP3,21,156000,38.7589859419181
6,V1-Elite-SMP3,21,159000,38.6675306021505
6,V1-Elite-SMP3,21,162000,38.5300223308074
6,V1-Elite-SMP3,21,165000,38.5300223308074
6,V1-Elite-SMP3,21,168000,38.5160298479958
6,V1-Elite-SMP3,21,171000,38.5160298479958
6,V1-Elite-SMP3,21,174000,37.9024620613917
6,V1-Elite-SMP3,21,177000,37.8125334639235
6,V1-Elite-SMP3,21,180000,37.8125334639235
6,V1-Elite-SMP3,21,183000,37.8125334639235
6,V1-Elite-SMP3,21,186000,37.4897232621895
6,V1-Elite-SMP3,21,189000,37.2523282611787
6,V1-Elite-SMP3,21,192000,37.2523282611787
6,V1-Elite-SMP3,21,195000,37.2523282611787
6,V1-Elite-SMP3,21,198000,37.2523282611787
6,V1-Elite-SMP3,21,201000,37.2523282611787
6,V1-Elite-SMP3,21,204000,36.8751589827028
6,V1-Elite-SMP3,21,207000,36.8751589827028
6,V1-Elite-SMP3,21,210000,36.793696825183
6,V1-Elite-SMP3,21,213000,36.793696825183
6,V1-Elite-SMP3,21,216000,36.793696825183
6,V1-Elite-SMP3,21,219000,36.793696825183
6,V1-Elite-SMP3,21,222000,36.793696825183
6,V1-Elite-SMP3,21,225000,36.793696825183
6,V1-Elite-SMP3,21,228000,36.5283189195159
6,V1-Elite-SMP3,21,231000,36.4041832010552
6,V1-Elite-SMP3,21,234000,36.4041832010552
6,V1-Elite-SMP3,21,237000,36.3950257659367
6,V1-Elite-SMP3,21,240000,36.3950257659367
6,V1-Elite-SMP3,21,243000,36.3950257659367
6,V1-Elite-SMP3,21,246000,36.3950257659367
6,V1-Elite-SMP3,21,249000,36.3950257659367
6,V1-Elite-SMP3,21,252000,36.3950257659367
6,V1-Elite-SMP3,21,255000,36.3147740278944
6,V1-Elite-SMP3,21,258000,36.3147740278944
6,V1-Elite-SMP3,21,261000,36.052682850868
6,V1-Elite-SMP3,21,264000,36.0376432360448
6,V1-Elite-SMP3,21,267000,36.0318804299202
6,V1-Elite-SMP3,21,270000,36.0318804299202
6,V1-Elite-SMP3,21,273000,35.7725816674159
6,V1-Elite-SMP3,21,276000,35.6014993766114
6,V1-Elite-SMP3,21,279000,35.27575129248
6,V1-Elite-SMP3,21,282000,35.141441484186
6,V1-Elite-SMP3,21,285000,35.1022253172188
6,V1-Elite-SMP3,21,288000,35.1022253172188
6,V1-Elite-SMP3,21,291000,34.9403317584822
6,V1-Elite-SMP3,21,294000,34.8938578778509
6,V1-Elite-SMP3,21,297000,34.8712816450195
6,V1-Elite-SMP3,21,300000,34.8556711989713
6,V1-Elite-SMP3,22,3000,56.4437068978633
6,V1-Elite-SMP3,22,6000,48.6792893805982
6,V1-Elite-SMP3,22,9000,45.1516824950094
6,V1-Elite-SMP3,22,12000,38.5077571620834
6,V1-Elite-SMP3,22,15000,37.1648169151357
6,V1-Elite-SMP3,22,18000,33.5008574862169
6,V1-Elite-SMP3,22,21000,33.288580608146
6,V1-Elite-SMP3,22,24000,32.8892187925178
6,V1-Elite-SMP3,22,27000,32.0350261247264
6,V1-Elite-SMP3,22,30000,30.2590599162036
6,V1-Elite-SMP3,22,33000,29.4044498928781
6,V1-Elite-SMP3,22,36000,29.4044498928781
6,V1-Elite-SMP3,22,39000,29.0701466474502
6,V1-Elite-SMP3,22,42000,28.4652858543435
6,V1-Elite-SMP3,22,45000,27.4070058804833
6,V1-Elite-SMP3,22,48000,27.4070058804833
6,V1-Elite-SMP3,22,51000,27.4070058804833
6,V1-Elite-SMP3,22,54000,27.4070058804833
6,V1-Elite-SMP3,22,57000,27.4070058804833
6,V1-Elite-SMP3,22,60000,27.4070058804833
6,V1-Elite-SMP3,22,63000,27.3371181613535
6,V1-Elite-SMP3,22,66000,27.1494441673356
6,V1-Elite-SMP3,22,69000,26.9639058049662
6,V1-Elite-SMP3,22,72000,26.3451899606564
6,V1-Elite-SMP3,22,75000,26.3451899606564
6,V1-Elite-SMP3,22,78000,26.0559787762506
6,V1-Elite-SMP3,22,81000,25.8057327107504
6,V1-Elite-SMP3,22,84000,25.7380605242477
6,V1-Elite-SMP3,22,87000,25.2313239716456
6,V1-Elite-SMP3,22,90000,25.1723933585929
6,V1-Elite-SMP3,22,93000,25.1723933585929
6,V1-Elite-SMP3,22,96000,25.1170246951601
6,V1-Elite-SMP3,22,99000,24.4830573374156
6,V1-Elite-SMP3,22,102000,23.6102697069645
6,V1-Elite-SMP3,22,105000,23.035012172786
6,V1-Elite-SMP3,22,108000,23.035012172786
6,V1-Elite-SMP3,22,111000,23.035012172786
6,V1-Elite-SMP3,22,114000,23.035012172786
6,V1-Elite-SMP3,22,117000,23.035012172786
6,V1-Elite-SMP3,22,120000,23.035012172786
6,V1-Elite-SMP3,22,123000,23.035012172786
6,V1-Elite-SMP3,22,126000,23.035012172786
6,V1-Elite-SMP3,22,129000,22.5393396411572
6,V1-Elite-SMP3,22,132000,22.5393396411572
6,V1-Elite-SMP3,22,135000,22.5393396411572
6,V1-Elite-SMP3,22,138000,22.5393396411572
6,V1-Elite-SMP3,22,141000,21.9557808175527
6,V1-Elite-SMP3,22,144000,21.9557808175527
6,V1-Elite-SMP3,22,147000,21.9557808175527
6,V1-Elite-SMP3,22,150000,21.9557808175527
6,V1-Elite-SMP3,22,153000,21.9557808175527
6,V1-Elite-SMP3,22,156000,21.9557808175527
6,V1-Elite-SMP3,22,159000,21.9557808175527
6,V1-Elite-SMP3,22,162000,21.7630259395476
6,V1-Elite-SMP3,22,165000,21.7630259395476
6,V1-Elite-SMP3,22,168000,21.7630259395476
6,V1-Elite-SMP3,22,171000,21.7321841422297
6,V1-Elite-SMP3,22,174000,21.1687861783936
6,V1-Elite-SMP3,22,177000,20.9617400074226
6,V1-Elite-SMP3,22,180000,20.9617400074226
6,V1-Elite-SMP3,22,183000,20.9617400074226
6,V1-Elite-SMP3,22,186000,20.9617400074226
6,V1-Elite-SMP3,22,189000,20.5861013135215
6,V1-Elite-SMP3,22,192000,20.351332079296
6,V1-Elite-SMP3,22,195000,20.296103835871
6,V1-Elite-SMP3,22,198000,20.1185652755827
6,V1-Elite-SMP3,22,201000,20.1185652755827
6,V1-Elite-SMP3,22,204000,20.001035758923
6,V1-Elite-SMP3,22,207000,19.4873925626891
6,V1-Elite-SMP3,22,210000,19.476141343057
6,V1-Elite-SMP3,22,213000,19.476141343057
6,V1-Elite-SMP3,22,216000,19.3424133258436
6,V1-Elite-SMP3,22,219000,19.3424133258436
6,V1-Elite-SMP3,22,222000,19.3424133258436
6,V1-Elite-SMP3,22,225000,19.3424133258436
6,V1-Elite-SMP3,22,228000,19.2987393365456
6,V1-Elite-SMP3,22,231000,19.2987393365456
6,V1-Elite-SMP3,22,234000,19.2987393365456
6,V1-Elite-SMP3,22,237000,19.2987393365456
6,V1-Elite-SMP3,22,240000,19.2291587678953
6,V1-Elite-SMP3,22,243000,18.7996115476162
6,V1-Elite-SMP3,22,246000,18.229657268418
6,V1-Elite-SMP3,22,249000,17.7134610043865
6,V1-Elite-SMP3,22,252000,17.7134610043865
6,V1-Elite-SMP3,22,255000,17.5949010485574
6,V1-Elite-SMP3,22,258000,17.3958542035871
6,V1-Elite-SMP3,22,261000,16.9500845771404
6,V1-Elite-SMP3,22,264000,16.9500845771404
6,V1-Elite-SMP3,22,267000,16.7075858292443
6,V1-Elite-SMP3,22,270000,16.7075858292443
6,V1-Elite-SMP3,22,273000,16.6312993446932
6,V1-Elite-SMP3,22,276000,16.6236238028827
6,V1-Elite-SMP3,22,279000,16.6119053488073
6,V1-Elite-SMP3,22,282000,16.5616649203299
6,V1-Elite-SMP3,22,285000,16.2571805186614
6,V1-Elite-SMP3,22,288000,16.2237145956653
6,V1-Elite-SMP3,22,291000,15.9753559984416
6,V1-Elite-SMP3,22,294000,15.9125428828385
6,V1-Elite-SMP3,22,297000,15.7822180637274
6,V1-Elite-SMP3,22,300000,15.6729173087334
6,V1-Elite-SMP3,23,3000,46.9359845520523
6,V1-Elite-SMP3,23,6000,43.1468483099067
6,V1-Elite-SMP3,23,9000,43.1468483099067
6,V1-Elite-SMP3,23,12000,42.3376611800422
6,V1-Elite-SMP3,23,15000,41.0568881481622
6,V1-Elite-SMP3,23,18000,38.77868008179
6,V1-Elite-SMP3,23,21000,37.2617667574741
6,V1-Elite-SMP3,23,24000,36.0017460417915
6,V1-Elite-SMP3,23,27000,35.8404714826798
6,V1-Elite-SMP3,23,30000,35.8404714826798
6,V1-Elite-SMP3,23,33000,35.8404714826798
6,V1-Elite-SMP3,23,36000,35.8404714826798
6,V1-Elite-SMP3,23,39000,35.8404714826798
6,V1-Elite-SMP3,23,42000,35.8404714826798
6,V1-Elite-SMP3,23,45000,35.8404714826798
6,V1-Elite-SMP3,23,48000,34.4456649040386
6,V1-Elite-SMP3,23,51000,34.4456649040386
6,V1-Elite-SMP3,23,54000,34.4456649040386
6,V1-Elite-SMP3,23,57000,34.1351012491155
6,V1-Elite-SMP3,23,60000,34.1351012491155
6,V1-Elite-SMP3,23,63000,34.1351012491155
6,V1-Elite-SMP3,23,66000,34.1351012491155
6,V1-Elite-SMP3,23,69000,34.1351012491155
6,V1-Elite-SMP3,23,72000,34.1351012491155
6,V1-Elite-SMP3,23,75000,33.9576073501105
6,V1-Elite-SMP3,23,78000,33.937338819179
6,V1-Elite-SMP3,23,81000,33.5794219241199
6,V1-Elite-SMP3,23,84000,33.5794219241199
6,V1-Elite-SMP3,23,87000,31.9350024837652
6,V1-Elite-SMP3,23,90000,31.859406060549
6,V1-Elite-SMP3,23,93000,31.859406060549
6,V1-Elite-SMP3,23,96000,31.859406060549
6,V1-Elite-SMP3,23,99000,31.859406060549
6,V1-Elite-SMP3,23,102000,31.3751301986592
6,V1-Elite-SMP3,23,105000,31.0646193385885
6,V1-Elite-SMP3,23,108000,30.4619403088072
6,V1-Elite-SMP3,23,111000,28.3976110576971
6,V1-Elite-SMP3,23,114000,28.2745856021489
6,V1-Elite-SMP3,23,117000,27.9519905381668
6,V1-Elite-SMP3,23,120000,27.575617671535
6,V1-Elite-SMP3,23,123000,27.575617671535
6,V1-Elite-SMP3,23,126000,26.7606516892996
6,V1-Elite-SMP3,23,129000,26.7606516892996
6,V1-Elite-SMP3,23,132000,26.7606516892996
6,V1-Elite-SMP3,23,135000,26.7606516892996
6,V1-Elite-SMP3,23,138000,26.7606516892996
6,V1-Elite-SMP3,23,141000,26.7606516892996
6,V1-Elite-SMP3,23,144000,26.7606516892996
6,V1-Elite-SMP3,23,147000,26.7606516892996
6,V1-Elite-SMP3,23,150000,26.7606516892996
6,V1-Elite-SMP3,23,153000,26.5981082746644
6,V1-Elite-SMP3,23,156000,26.5981082746644
6,V1-Elite-SMP3,23,159000,26.5577429371345
6,V1-Elite-SMP3,23,162000,26.5577429371345
6,V1-Elite-SMP3,23,165000,26.5577429371345
6,V1-Elite-SMP3,23,168000,26.5577429371345
6,V1-Elite-SMP3,23,171000,26.3202475071995
6,V1-Elite-SMP3,23,174000,26.3048080382468
6,V1-Elite-SMP3,23,177000,26.3048080382468
6,V1-Elite-SMP3,23,180000,26.3048080382468
6,V1-Elite-SMP3,23,183000,26.3048080382468
6,V1-Elite-SMP3,23,186000,26.3048080382468
6,V1-Elite-SMP3,23,189000,26.3048080382468
6,V1-Elite-SMP3,23,192000,26.3048080382468
6,V1-Elite-SMP3,23,195000,26.3048080382468
6,V1-Elite-SMP3,23,198000,26.3048080382468
6,V1-Elite-SMP3,23,201000,26.3048080382468
6,V1-Elite-SMP3,23,204000,26.1711643051837
6,V1-Elite-SMP3,23,207000,26.1711643051837
6,V1-Elite-SMP3,23,210000,26.1711643051837
6,V1-Elite-SMP3,23,213000,26.1711643051837
6,V1-Elite-SMP3,23,216000,25.9600376588135
6,V1-Elite-SMP3,23,219000,25.7232920782741
6,V1-Elite-SMP3,23,222000,25.6366384482004
6,V1-Elite-SMP3,23,225000,25.4636694068674
6,V1-Elite-SMP3,23,228000,25.4636694068674
6,V1-Elite-SMP3,23,231000,25.4636694068674
6,V1-Elite-SMP3,23,234000,25.4024141701906
6,V1-Elite-SMP3,23,237000,25.4024141701906
6,V1-Elite-SMP3,23,240000,25.4024141701906
6,V1-Elite-SMP3,23,243000,25.3399895511645
6,V1-Elite-SMP3,23,246000,25.3355114977181
6,V1-Elite-SMP3,23,249000,25.1075771756608
6,V1-Elite-SMP3,23,252000,25.1075771756608
6,V1-Elite-SMP3,23,255000,24.8911017992328
6,V1-Elite-SMP3,23,258000,24.8911017992328
6,V1-Elite-SMP3,23,261000,24.8911017992328
6,V1-Elite-SMP3,23,264000,24.8911017992328
6,V1-Elite-SMP3,23,267000,24.7849572994988
6,V1-Elite-SMP3,23,270000,24.3992500095493
6,V1-Elite-SMP3,23,273000,24.3992500095493
6,V1-Elite-SMP3,23,276000,24.1999767588511
6,V1-Elite-SMP3,23,279000,24.1609245595262
6,V1-Elite-SMP3,23,282000,24.0980965331846
6,V1-Elite-SMP3,23,285000,24.028422347163
6,V1-Elite-SMP3,23,288000,23.8550194279475
6,V1-Elite-SMP3,23,291000,23.6569921553851
6,V1-Elite-SMP3,23,294000,23.6104268653048
6,V1-Elite-SMP3,23,297000,23.4251611595084
6,V1-Elite-SMP3,23,300000,23.3026525301526
9,V1-Elite-SMP3,21,3000,5626.42572439163
9,V1-Elite-SMP3,21,6000,5413.46318140904
9,V1-Elite-SMP3,21,9000,4548.06878766053
9,V1-Elite-SMP3,21,12000,4422.81312247428
9,V1-Elite-SMP3,21,15000,4174.40438609739
9,V1-Elite-SMP3,21,18000,3420.84173020351
9,V1-Elite-SMP3,21,21000,3420.84173020351
9,V1-Elite-SMP3,21,24000,3420.84173020351
9,V1-Elite-SMP3,21,27000,3398.76680985688
9,V1-Elite-SMP3,21,30000,3289.97498493373
9,V1-Elite-SMP3,21,33000,3289.97498493373
9,V1-Elite-SMP3,21,36000,3208.76179527684
9,V1-Elite-SMP3,21,39000,3148.53664224181
9,V1-Elite-SMP3,21,42000,3148.53664224181
9,V1-Elite-SMP3,21,45000,3109.26437273805
9,V1-Elite-SMP3,21,48000,3109.26437273805
9,V1-Elite-SMP3,21,51000,3109.26437273805
9,V1-Elite-SMP3,21,54000,3109.26437273805
9,V1-Elite-SMP3,21,57000,3040.31083010799
9,V1-Elite-SMP3,21,60000,3040.31083010799
9,V1-Elite-SMP3,21,63000,3040.31083010799
9,V1-Elite-SMP3,21,66000,2937.58046082135
9,V1-Elite-SMP3,21,69000,2937.58046082135
9,V1-Elite-SMP3,21,72000,2652.67997552551
9,V1-Elite-SMP3,21,75000,2652.67997552551
9,V1-Elite-SMP3,21,78000,2652.67997552551
9,V1-Elite-SMP3,21,81000,2652.67997552551
9,V1-Elite-SMP3,21,84000,2420.64724303834
9,V1-Elite-SMP3,21,87000,2420.64724303834
9,V1-Elite-SMP3,21,90000,2420.64724303834
9,V1-Elite-SMP3,21,93000,2420.64724303834
9,V1-Elite-SMP3,21,96000,2420.64724303834
9,V1-Elite-SMP3,21,99000,2420.64724303834
9,V1-Elite-SMP3,21,102000,2420.64724303834
9,V1-Elite-SMP3,21,105000,2420.64724303834
9,V1-Elite-SMP3,21,108000,2420.64724303834
9,V1-Elite-SMP3,21,111000,2420.64724303834
9,V1-Elite-SMP3,21,114000,2420.64724303834
9,V1-Elite-SMP3,21,117000,2420.64724303834
9,V1-Elite-SMP3,21,120000,2420.64724303834
9,V1-Elite-SMP3,21,123000,2420.64724303834
9,V1-Elite-SMP3,21,126000,2393.57041017498
9,V1-Elite-SMP3,21,129000,2393.57041017498
9,V1-Elite-SMP3,21,132000,2393.57041017498
9,V1-Elite-SMP3,21,135000,2393.57041017498
9,V1-Elite-SMP3,21,138000,2393.57041017498
9,V1-Elite-SMP3,21,141000,2393.57041017498
9,V1-Elite-SMP3,21,144000,2393.57041017498
9,V1-Elite-SMP3,21,147000,2336.83332286484
9,V1-Elite-SMP3,21,150000,2336.83332286484
9,V1-Elite-SMP3,21,153000,2298.57205494642
9,V1-Elite-SMP3,21,156000,2298.57205494642
9,V1-Elite-SMP3,21,159000,2298.57205494642
9,V1-Elite-SMP3,21,162000,2298.57205494642
9,V1-Elite-SMP3,21,165000,2298.57205494642
9,V1-Elite-SMP3,21,168000,2298.57205494642
9,V1-Elite-SMP3,21,171000,2298.57205494642
9,V1-Elite-SMP3,21,174000,2298.57205494642
9,V1-Elite-SMP3,21,177000,2298.57205494642
9,V1-Elite-SMP3,21,180000,2298.57205494642
9,V1-Elite-SMP3,21,183000,2298.57205494642
9,V1-Elite-SMP3,21,186000,2298.57205494642
9,V1-Elite-SMP3,21,189000,2298.57205494642
9,V1-Elite-SMP3,21,192000,2298.57205494642
9,V1-Elite-SMP3,21,195000,2298.57205494642
9,V1-Elite-SMP3,21,198000,2298.57205494642
9,V1-Elite-SMP3,21,201000,2298.57205494642
9,V1-Elite-SMP3,21,204000,2298.57205494642
9,V1-Elite-SMP3,21,207000,2298.57205494642
9,V1-Elite-SMP3,21,210000,2298.57205494642
9,V1-Elite-SMP3,21,213000,2214.47671472773
9,V1-Elite-SMP3,21,216000,2214.47671472773
9,V1-Elite-SMP3,21,219000,2214.47671472773
9,V1-Elite-SMP3,21,222000,2214.47671472773
9,V1-Elite-SMP3,21,225000,2092.02622971398
9,V1-Elite-SMP3,21,228000,2092.02622971398
9,V1-Elite-SMP3,21,231000,2092.02622971398
9,V1-Elite-SMP3,21,234000,2092.02622971398
9,V1-Elite-SMP3,21,237000,2092.02622971398
9,V1-Elite-SMP3,21,240000,2092.02622971398
9,V1-Elite-SMP3,21,243000,2092.02622971398
9,V1-Elite-SMP3,21,246000,2092.02622971398
9,V1-Elite-SMP3,21,249000,2092.02622971398
9,V1-Elite-SMP3,21,252000,2092.02622971398
9,V1-Elite-SMP3,21,255000,2092.02622971398
9,V1-Elite-SMP3,21,258000,2092.02622971398
9,V1-Elite-SMP3,21,261000,2089.97827999277
9,V1-Elite-SMP3,21,264000,2084.31514228047
9,V1-Elite-SMP3,21,267000,2084.31514228047
9,V1-Elite-SMP3,21,270000,2084.31514228047
9,V1-Elite-SMP3,21,273000,2084.31514228047
9,V1-Elite-SMP3,21,276000,2044.04438519098
9,V1-Elite-SMP3,21,279000,2030.3649393354
9,V1-Elite-SMP3,21,282000,1998.36432513847
9,V1-Elite-SMP3,21,285000,1992.42145149695
9,V1-Elite-SMP3,21,288000,1957.48793719302
9,V1-Elite-SMP3,21,291000,1951.29326533446
9,V1-Elite-SMP3,21,294000,1923.81285801492
9,V1-Elite-SMP3,21,297000,1909.44176020377
9,V1-Elite-SMP3,21,300000,1904.36333087365
9,V1-Elite-SMP3,22,3000,3717.59823351993
9,V1-Elite-SMP3,22,6000,3259.83355177694
9,V1-Elite-SMP3,22,9000,2855.2378213324
9,V1-Elite-SMP3,22,12000,2837.17610846331
9,V1-Elite-SMP3,22,15000,2725.66708350555
9,V1-Elite-SMP3,22,18000,2725.66708350555
9,V1-Elite-SMP3,22,21000,2632.03559545453
9,V1-Elite-SMP3,22,24000,2632.03559545453
9,V1-Elite-SMP3,22,27000,2632.03559545453
9,V1-Elite-SMP3,22,30000,2632.03559545453
9,V1-Elite-SMP3,22,33000,2632.03559545453
9,V1-Elite-SMP3,22,36000,2632.03559545453
9,V1-Elite-SMP3,22,39000,2253.8843725937
9,V1-Elite-SMP3,22,42000,2253.8843725937
9,V1-Elite-SMP3,22,45000,2253.8843725937
9,V1-Elite-SMP3,22,48000,2253.8843725937
9,V1-Elite-SMP3,22,51000,2245.24118239626
9,V1-Elite-SMP3,22,54000,2245.24118239626
9,V1-Elite-SMP3,22,57000,2245.24118239626
9,V1-Elite-SMP3,22,60000,2245.24118239626
9,V1-Elite-SMP3,22,63000,2131.1476924726
9,V1-Elite-SMP3,22,66000,2131.1476924726
9,V1-Elite-SMP3,22,69000,2131.1476924726
9,V1-Elite-SMP3,22,72000,2131.1476924726
9,V1-Elite-SMP3,22,75000,2131.1476924726
9,V1-Elite-SMP3,22,78000,2131.1476924726
9,V1-Elite-SMP3,22,81000,2131.1476924726
9,V1-Elite-SMP3,22,84000,2131.1476924726
9,V1-Elite-SMP3,22,87000,2131.1476924726
9,V1-Elite-SMP3,22,90000,2131.1476924726
9,V1-Elite-SMP3,22,93000,2131.1476924726
9,V1-Elite-SMP3,22,96000,2131.1476924726
9,V1-Elite-SMP3,22,99000,2131.1476924726
9,V1-Elite-SMP3,22,102000,2060.79204568809
9,V1-Elite-SMP3,22,105000,1962.20378920367
9,V1-Elite-SMP3,22,108000,1948.78360966202
9,V1-Elite-SMP3,22,111000,1794.30442125668
9,V1-Elite-SMP3,22,114000,1792.33356156196
9,V1-Elite-SMP3,22,117000,1766.81381472343
9,V1-Elite-SMP3,22,120000,1758.06871124558
9,V1-Elite-SMP3,22,123000,1642.73071042559
9,V1-Elite-SMP3,22,126000,1616.90522706407
9,V1-Elite-SMP3,22,129000,1557.45918065663
9,V1-Elite-SMP3,22,132000,1557.45918065663
9,V1-Elite-SMP3,22,135000,1554.76558272259
9,V1-Elite-SMP3,22,138000,1554.76558272259
9,V1-Elite-SMP3,22,141000,1554.76558272259
9,V1-Elite-SMP3,22,144000,1554.76558272259
9,V1-Elite-SMP3,22,147000,1554.76558272259
9,V1-Elite-SMP3,22,150000,1554.76558272259
9,V1-Elite-SMP3,22,153000,1486.3730223649
9,V1-Elite-SMP3,22,156000,1446.86167486553
9,V1-Elite-SMP3,22,159000,1446.86167486553
9,V1-Elite-SMP3,22,162000,1446.86167486553
9,V1-Elite-SMP3,22,165000,1446.86167486553
9,V1-Elite-SMP3,22,168000,1410.59086093342
9,V1-Elite-SMP3,22,171000,1378.71754445801
9,V1-Elite-SMP3,22,174000,1378.71754445801
9,V1-Elite-SMP3,22,177000,1378.71754445801
9,V1-Elite-SMP3,22,180000,1378.71754445801
9,V1-Elite-SMP3,22,183000,1378.71754445801
9,V1-Elite-SMP3,22,186000,1341.62886945819
9,V1-Elite-SMP3,22,189000,1341.62886945819
9,V1-Elite-SMP3,22,192000,1341.62886945819
9,V1-Elite-SMP3,22,195000,1341.62886945819
9,V1-Elite-SMP3,22,198000,1341.62886945819
9,V1-Elite-SMP3,22,201000,1341.62886945819
9,V1-Elite-SMP3,22,204000,1317.4248656342
9,V1-Elite-SMP3,22,207000,1317.4248656342
9,V1-Elite-SMP3,22,210000,1317.4248656342
9,V1-Elite-SMP3,22,213000,1317.4248656342
9,V1-Elite-SMP3,22,216000,1317.4248656342
9,V1-Elite-SMP3,22,219000,1317.4248656342
9,V1-Elite-SMP3,22,222000,1317.4248656342
9,V1-Elite-SMP3,22,225000,1317.4248656342
9,V1-Elite-SMP3,22,228000,1317.4248656342
9,V1-Elite-SMP3,22,231000,1317.4248656342
9,V1-Elite-SMP3,22,234000,1317.4248656342
9,V1-Elite-SMP3,22,237000,1317.4248656342
9,V1-Elite-SMP3,22,240000,1317.4248656342
9,V1-Elite-SMP3,22,243000,1317.4248656342
9,V1-Elite-SMP3,22,246000,1313.3098305422
9,V1-Elite-SMP3,22,249000,1313.3098305422
9,V1-Elite-SMP3,22,252000,1313.3098305422
9,V1-Elite-SMP3,22,255000,1292.37378975453
9,V1-Elite-SMP3,22,258000,1278.32676392534
9,V1-Elite-SMP3,22,261000,1278.32676392534
9,V1-Elite-SMP3,22,264000,1276.81365435514
9,V1-Elite-SMP3,22,267000,1243.88610102858
9,V1-Elite-SMP3,22,270000,1236.63711893627
9,V1-Elite-SMP3,22,273000,1215.0309763408
9,V1-Elite-SMP3,22,276000,1202.96356340728
9,V1-Elite-SMP3,22,279000,1182.09988974174
9,V1-Elite-SMP3,22,282000,1178.16240214971
9,V1-Elite-SMP3,22,285000,1173.18358515266
9,V1-Elite-SMP3,22,288000,1165.21204798501
9,V1-Elite-SMP3,22,291000,1159.03040755159
9,V1-Elite-SMP3,22,294000,1157.24531586655
9,V1-Elite-SMP3,22,297000,1156.56316020263
9,V1-Elite-SMP3,22,300000,1150.44482797489
9,V1-Elite-SMP3,23,3000,4590.36521430635
9,V1-Elite-SMP3,23,6000,3894.28441531475
9,V1-Elite-SMP3,23,9000,3894.28441531475
9,V1-Elite-SMP3,23,12000,3894.28441531475
9,V1-Elite-SMP3,23,15000,1639.77476533779
9,V1-Elite-SMP3,23,18000,767.376959592106
9,V1-Elite-SMP3,23,21000,743.555040306625
9,V1-Elite-SMP3,23,24000,685.062045990939
9,V1-Elite-SMP3,23,27000,638.256972984894
9,V1-Elite-SMP3,23,30000,596.844431401062
9,V1-Elite-SMP3,23,33000,562.110755645052
9,V1-Elite-SMP3,23,36000,562.110755645052
9,V1-Elite-SMP3,23,39000,562.110755645052
9,V1-Elite-SMP3,23,42000,562.110755645052
9,V1-Elite-SMP3,23,45000,562.110755645052
9,V1-Elite-SMP3,23,48000,559.491362137825
9,V1-Elite-SMP3,23,51000,559.491362137825
9,V1-Elite-SMP3,23,54000,559.491362137825
9,V1-Elite-SMP3,23,57000,559.491362137825
9,V1-Elite-SMP3,23,60000,559.491362137825
9,V1-Elite-SMP3,23,63000,559.491362137825
9,V1-Elite-SMP3,23,66000,559.491362137825
9,V1-Elite-SMP3,23,69000,559.491362137825
9,V1-Elite-SMP3,23,72000,538.296488875058
9,V1-Elite-SMP3,23,75000,538.296488875058
9,V1-Elite-SMP3,23,78000,538.296488875058
9,V1-Elite-SMP3,23,81000,510.866744224683
9,V1-Elite-SMP3,23,84000,510.866744224683
9,V1-Elite-SMP3,23,87000,510.866744224683
9,V1-Elite-SMP3,23,90000,502.341297279459
9,V1-Elite-SMP3,23,93000,502.341297279459
9,V1-Elite-SMP3,23,96000,494.107748152625
9,V1-Elite-SMP3,23,99000,487.109386642871
9,V1-Elite-SMP3,23,102000,462.141282705425
9,V1-Elite-SMP3,23,105000,462.141282705425
9,V1-Elite-SMP3,23,108000,462.141282705425
9,V1-Elite-SMP3,23,111000,462.141282705425
9,V1-Elite-SMP3,23,114000,462.141282705425
9,V1-Elite-SMP3,23,117000,462.141282705425
9,V1-Elite-SMP3,23,120000,462.141282705425
9,V1-Elite-SMP3,23,123000,462.141282705425
9,V1-Elite-SMP3,23,126000,462.141282705425
9,V1-Elite-SMP3,23,129000,462.141282705425
9,V1-Elite-SMP3,23,132000,462.141282705425
9,V1-Elite-SMP3,23,135000,462.141282705425
9,V1-Elite-SMP3,23,138000,462.141282705425
9,V1-Elite-SMP3,23,141000,462.141282705425
9,V1-Elite-SMP3,23,144000,462.141282705425
9,V1-Elite-SMP3,23,147000,462.141282705425
9,V1-Elite-SMP3,23,150000,462.141282705425
9,V1-Elite-SMP3,23,153000,462.141282705425
9,V1-Elite-SMP3,23,156000,462.141282705425
9,V1-Elite-SMP3,23,159000,462.141282705425
9,V1-Elite-SMP3,23,162000,462.141282705425
9,V1-Elite-SMP3,23,165000,462.141282705425
9,V1-Elite-SMP3,23,168000,462.141282705425
9,V1-Elite-SMP3,23,171000,462.141282705425
9,V1-Elite-SMP3,23,174000,462.141282705425
9,V1-Elite-SMP3,23,177000,462.141282705425
9,V1-Elite-SMP3,23,180000,450.626536685668
9,V1-Elite-SMP3,23,183000,450.626536685668
9,V1-Elite-SMP3,23,186000,450.626536685668
9,V1-Elite-SMP3,23,189000,450.626536685668
9,V1-Elite-SMP3,23,192000,450.626536685668
9,V1-Elite-SMP3,23,195000,446.879371939573
9,V1-Elite-SMP3,23,198000,446.879371939573
9,V1-Elite-SMP3,23,201000,434.087264822498
9,V1-Elite-SMP3,23,204000,434.087264822498
9,V1-Elite-SMP3,23,207000,423.028583645209
9,V1-Elite-SMP3,23,210000,423.028583645209
9,V1-Elite-SMP3,23,213000,420.820294813162
9,V1-Elite-SMP3,23,216000,420.820294813162
9,V1-Elite-SMP3,23,219000,416.190920974955
9,V1-Elite-SMP3,23,222000,416.190920974955
9,V1-Elite-SMP3,23,225000,416.190920974955
9,V1-Elite-SMP3,23,228000,416.190920974955
9,V1-Elite-SMP3,23,231000,414.901553337132
9,V1-Elite-SMP3,23,234000,414.901553337132
9,V1-Elite-SMP3,23,237000,414.901553337132
9,V1-Elite-SMP3,23,240000,407.57890879281
9,V1-Elite-SMP3,23,243000,376.011493212994
9,V1-Elite-SMP3,23,246000,364.331344424241
9,V1-Elite-SMP3,23,249000,357.719263445667
9,V1-Elite-SMP3,23,252000,357.719263445667
9,V1-Elite-SMP3,23,255000,325.423726670222
9,V1-Elite-SMP3,23,258000,325.423726670222
9,V1-Elite-SMP3,23,261000,325.423726670222
9,V1-Elite-SMP3,23,264000,325.423726670222
9,V1-Elite-SMP3,23,267000,325.423726670222
9,V1-Elite-SMP3,23,270000,323.401055397663
9,V1-Elite-SMP3,23,273000,323.401055397663
9,V1-Elite-SMP3,23,276000,323.401055397663
9,V1-Elite-SMP3,23,279000,321.982613188517
9,V1-Elite-SMP3,23,282000,317.299641026647
9,V1-Elite-SMP3,23,285000,317.299641026647
9,V1-Elite-SMP3,23,288000,306.516114239106
9,V1-Elite-SMP3,23,291000,306.516114239106
9,V1-Elite-SMP3,23,294000,305.232544631131
9,V1-Elite-SMP3,23,297000,302.865442028227
9,V1-Elite-SMP3,23,300000,302.069610932802
10,V1-Elite-SMP3,21,3000,6772.0273707002
10,V1-Elite-SMP3,21,6000,6484.07551941864
10,V1-Elite-SMP3,21,9000,6100.84522015555
10,V1-Elite-SMP3,21,12000,5792.19836283848
10,V1-Elite-SMP3,21,15000,5772.23759077828
10,V1-Elite-SMP3,21,18000,5635.29495248135
10,V1-Elite-SMP3,21,21000,5635.29495248135
10,V1-Elite-SMP3,21,24000,5210.27842276647
10,V1-Elite-SMP3,21,27000,4690.45379764552
10,V1-Elite-SMP3,21,30000,4491.94226888111
10,V1-Elite-SMP3,21,33000,4491.94226888111
10,V1-Elite-SMP3,21,36000,4491.94226888111
10,V1-Elite-SMP3,21,39000,4491.94226888111
10,V1-Elite-SMP3,21,42000,4491.94226888111
10,V1-Elite-SMP3,21,45000,4491.94226888111
10,V1-Elite-SMP3,21,48000,4491.94226888111
10,V1-Elite-SMP3,21,51000,4491.94226888111
10,V1-Elite-SMP3,21,54000,4491.94226888111
10,V1-Elite-SMP3,21,57000,4247.07642332699
10,V1-Elite-SMP3,21,60000,4247.07642332699
10,V1-Elite-SMP3,21,63000,4247.07642332699
10,V1-Elite-SMP3,21,66000,4247.07642332699
10,V1-Elite-SMP3,21,69000,4247.07642332699
10,V1-Elite-SMP3,21,72000,4115.52875589048
10,V1-Elite-SMP3,21,75000,4115.52875589048
10,V1-Elite-SMP3,21,78000,4115.52875589048
10,V1-Elite-SMP3,21,81000,4108.95852994876
10,V1-Elite-SMP3,21,84000,4064.60602073085
10,V1-Elite-SMP3,21,87000,4064.60602073085
10,V1-Elite-SMP3,21,90000,4064.60602073085
10,V1-Elite-SMP3,21,93000,4064.60602073085
10,V1-Elite-SMP3,21,96000,4064.60602073085
10,V1-Elite-SMP3,21,99000,4064.60602073085
10,V1-Elite-SMP3,21,102000,4064.60602073085
10,V1-Elite-SMP3,21,105000,4064.60602073085
10,V1-Elite-SMP3,21,108000,4064.60602073085
10,V1-Elite-SMP3,21,111000,4064.60602073085
10,V1-Elite-SMP3,21,114000,4047.17317050073
10,V1-Elite-SMP3,21,117000,4032.1757633859
10,V1-Elite-SMP3,21,120000,4005.85991823574
10,V1-Elite-SMP3,21,123000,4005.85991823574
10,V1-Elite-SMP3,21,126000,4005.2276997243
10,V1-Elite-SMP3,21,129000,3991.1782528996
10,V1-Elite-SMP3,21,132000,3991.1782528996
10,V1-Elite-SMP3,21,135000,3991.1782528996
10,V1-Elite-SMP3,21,138000,3991.1782528996
10,V1-Elite-SMP3,21,141000,3991.1782528996
10,V1-Elite-SMP3,21,144000,3991.1782528996
10,V1-Elite-SMP3,21,147000,3991.1782528996
10,V1-Elite-SMP3,21,150000,3991.1782528996
10,V1-Elite-SMP3,21,153000,3959.12890310679
10,V1-Elite-SMP3,21,156000,3959.12890310679
10,V1-Elite-SMP3,21,159000,3950.65611901626
10,V1-Elite-SMP3,21,162000,3950.65611901626
10,V1-Elite-SMP3,21,165000,3950.65611901626
10,V1-Elite-SMP3,21,168000,3913.78515688346
10,V1-Elite-SMP3,21,171000,3913.78515688346
10,V1-Elite-SMP3,21,174000,3913.54119465568
10,V1-Elite-SMP3,21,177000,3913.54119465568
10,V1-Elite-SMP3,21,180000,3913.54119465568
10,V1-Elite-SMP3,21,183000,3913.54119465568
10,V1-Elite-SMP3,21,186000,3913.54119465568
10,V1-Elite-SMP3,21,189000,3913.54119465568
10,V1-Elite-SMP3,21,192000,3905.11854424967
10,V1-Elite-SMP3,21,195000,3884.75025800353
10,V1-Elite-SMP3,21,198000,3884.75025800353
10,V1-Elite-SMP3,21,201000,3865.88285176824
10,V1-Elite-SMP3,21,204000,3865.88285176824
10,V1-Elite-SMP3,21,207000,3865.88285176824
10,V1-Elite-SMP3,21,210000,3851.75201899666
10,V1-Elite-SMP3,21,213000,3845.59009618497
10,V1-Elite-SMP3,21,216000,3845.59009618497
10,V1-Elite-SMP3,21,219000,3839.50969953913
10,V1-Elite-SMP3,21,222000,3839.50969953913
10,V1-Elite-SMP3,21,225000,3829.81849355483
10,V1-Elite-SMP3,21,228000,3829.81849355483
10,V1-Elite-SMP3,21,231000,3810.858227556
10,V1-Elite-SMP3,21,234000,3810.858227556
10,V1-Elite-SMP3,21,237000,3810.858227556
10,V1-Elite-SMP3,21,240000,3810.858227556
10,V1-Elite-SMP3,21,243000,3798.76528996189
10,V1-Elite-SMP3,21,246000,3798.76528996189
10,V1-Elite-SMP3,21,249000,3788.31030259608
10,V1-Elite-SMP3,21,252000,3788.31030259608
10,V1-Elite-SMP3,21,255000,3785.68825064554
10,V1-Elite-SMP3,21,258000,3777.8463260243
10,V1-Elite-SMP3,21,261000,3772.34837671484
10,V1-Elite-SMP3,21,264000,3771.62559389462
10,V1-Elite-SMP3,21,267000,3766.07684417014
10,V1-Elite-SMP3,21,270000,3751.8470061138
10,V1-Elite-SMP3,21,273000,3741.60833971898
10,V1-Elite-SMP3,21,276000,3735.73040753505
10,V1-Elite-SMP3,21,279000,3735.07120957662
10,V1-Elite-SMP3,21,282000,3733.86636835005
10,V1-Elite-SMP3,21,285000,3732.45347929021
10,V1-Elite-SMP3,21,288000,3728.399442034
10,V1-Elite-SMP3,21,291000,3726.81229360931
10,V1-Elite-SMP3,21,294000,3725.87198732578
10,V1-Elite-SMP3,21,297000,3724.71252070843
10,V1-Elite-SMP3,21,300000,3724.35390972779
10,V1-Elite-SMP3,22,3000,6741.1215861199
10,V1-Elite-SMP3,22,6000,5152.74778308232
10,V1-Elite-SMP3,22,9000,5001.85714620399
10,V1-Elite-SMP3,22,12000,4935.40013846729
10,V1-Elite-SMP3,22,15000,4934.03110461767
10,V1-Elite-SMP3,22,18000,4627.10322190125
10,V1-Elite-SMP3,22,21000,4478.46157526628
10,V1-Elite-SMP3,22,24000,4316.38661065355
10,V1-Elite-SMP3,22,27000,3824.20049143871
10,V1-Elite-SMP3,22,30000,3824.20049143871
10,V1-Elite-SMP3,22,33000,3824.20049143871
10,V1-Elite-SMP3,22,36000,3731.30462796278
10,V1-Elite-SMP3,22,39000,3534.79729522966
10,V1-Elite-SMP3,22,42000,3534.79729522966
10,V1-Elite-SMP3,22,45000,3534.79729522966
10,V1-Elite-SMP3,22,48000,3534.79729522966
10,V1-Elite-SMP3,22,51000,3534.79729522966
10,V1-Elite-SMP3,22,54000,3493.58348806835
10,V1-Elite-SMP3,22,57000,3493.58348806835
10,V1-Elite-SMP3,22,60000,3432.95449622763
10,V1-Elite-SMP3,22,63000,3432.95449622763
10,V1-Elite-SMP3,22,66000,3432.95449622763
10,V1-Elite-SMP3,22,69000,3432.95449622763
10,V1-Elite-SMP3,22,72000,3432.95449622763
10,V1-Elite-SMP3,22,75000,3432.95449622763
10,V1-Elite-SMP3,22,78000,3432.95449622763
10,V1-Elite-SMP3,22,81000,3423.96540039004
10,V1-Elite-SMP3,22,84000,3423.96540039004
10,V1-Elite-SMP3,22,87000,3381.15532101444
10,V1-Elite-SMP3,22,90000,3376.19924535651
10,V1-Elite-SMP3,22,93000,3327.70764908548
10,V1-Elite-SMP3,22,96000,3311.50465460077
10,V1-Elite-SMP3,22,99000,3255.28501171724
10,V1-Elite-SMP3,22,102000,3255.28501171724
10,V1-Elite-SMP3,22,105000,3255.28501171724
10,V1-Elite-SMP3,22,108000,3255.28501171724
10,V1-Elite-SMP3,22,111000,3255.28501171724
10,V1-Elite-SMP3,22,114000,3255.28501171724
10,V1-Elite-SMP3,22,117000,3255.28501171724
10,V1-Elite-SMP3,22,120000,3237.36955854807
10,V1-Elite-SMP3,22,123000,3237.36955854807
10,V1-Elite-SMP3,22,126000,3216.56560049273
10,V1-Elite-SMP3,22,129000,3216.56560049273
10,V1-Elite-SMP3,22,132000,3216.56560049273
10,V1-Elite-SMP3,22,135000,3216.56560049273
10,V1-Elite-SMP3,22,138000,3216.56560049273
10,V1-Elite-SMP3,22,141000,3216.56560049273
10,V1-Elite-SMP3,22,144000,3148.78242510533
10,V1-Elite-SMP3,22,147000,3138.75382451403
10,V1-Elite-SMP3,22,150000,3138.75382451403
10,V1-Elite-SMP3,22,153000,3138.75382451403
10,V1-Elite-SMP3,22,156000,3138.75382451403
10,V1-Elite-SMP3,22,159000,3138.75382451403
10,V1-Elite-SMP3,22,162000,3138.75382451403
10,V1-Elite-SMP3,22,165000,3138.75382451403
10,V1-Elite-SMP3,22,168000,3138.75382451403
10,V1-Elite-SMP3,22,171000,3138.75382451403
10,V1-Elite-SMP3,22,174000,3109.67150868747
10,V1-Elite-SMP3,22,177000,3109.67150868747
10,V1-Elite-SMP3,22,180000,3103.89248109711
10,V1-Elite-SMP3,22,183000,3103.89248109711
10,V1-Elite-SMP3,22,186000,3103.89248109711
10,V1-Elite-SMP3,22,189000,3101.08596707123
10,V1-Elite-SMP3,22,192000,3079.22540480263
10,V1-Elite-SMP3,22,195000,3079.22540480263
10,V1-Elite-SMP3,22,198000,3079.22540480263
10,V1-Elite-SMP3,22,201000,3079.22540480263
10,V1-Elite-SMP3,22,204000,3074.11705438039
10,V1-Elite-SMP3,22,207000,3068.10446677262
10,V1-Elite-SMP3,22,210000,3059.71168604444
10,V1-Elite-SMP3,22,213000,3059.71168604444
10,V1-Elite-SMP3,22,216000,2985.80228309966
10,V1-Elite-SMP3,22,219000,2985.80228309966
10,V1-Elite-SMP3,22,222000,2982.24134400309
10,V1-Elite-SMP3,22,225000,2952.26528121635
10,V1-Elite-SMP3,22,228000,2952.26528121635
10,V1-Elite-SMP3,22,231000,2952.26528121635
10,V1-Elite-SMP3,22,234000,2946.95795653474
10,V1-Elite-SMP3,22,237000,2946.95795653474
10,V1-Elite-SMP3,22,240000,2919.89223054962
10,V1-Elite-SMP3,22,243000,2919.89223054962
10,V1-Elite-SMP3,22,246000,2919.89223054962
10,V1-Elite-SMP3,22,249000,2919.89223054962
10,V1-Elite-SMP3,22,252000,2919.89223054962
10,V1-Elite-SMP3,22,255000,2906.16619908774
10,V1-Elite-SMP3,22,258000,2904.22375563057
10,V1-Elite-SMP3,22,261000,2894.3652425887
10,V1-Elite-SMP3,22,264000,2890.95046695252
10,V1-Elite-SMP3,22,267000,2890.95046695252
10,V1-Elite-SMP3,22,270000,2884.74053578337
10,V1-Elite-SMP3,22,273000,2877.14275955284
10,V1-Elite-SMP3,22,276000,2867.35589831376
10,V1-Elite-SMP3,22,279000,2862.85606254958
10,V1-Elite-SMP3,22,282000,2859.73604320343
10,V1-Elite-SMP3,22,285000,2855.9906782511
10,V1-Elite-SMP3,22,288000,2855.74221008837
10,V1-Elite-SMP3,22,291000,2850.82712745144
10,V1-Elite-SMP3,22,294000,2850.3131841203
10,V1-Elite-SMP3,22,297000,2850.2413024514
10,V1-Elite-SMP3,22,300000,2848.97096316384
10,V1-Elite-SMP3,23,3000,5762.51703234167
10,V1-Elite-SMP3,23,6000,5345.40603736841
10,V1-Elite-SMP3,23,9000,4963.44624244788
10,V1-Elite-SMP3,23,12000,4716.26703331055
10,V1-Elite-SMP3,23,15000,4716.26703331055
10,V1-Elite-SMP3,23,18000,4716.26703331055
10,V1-Elite-SMP3,23,21000,4632.61477830905
10,V1-Elite-SMP3,23,24000,4632.61477830905
10,V1-Elite-SMP3,23,27000,4632.61477830905
10,V1-Elite-SMP3,23,30000,4627.04275727822
10,V1-Elite-SMP3,23,33000,4627.04275727822
10,V1-Elite-SMP3,23,36000,4627.04275727822
10,V1-Elite-SMP3,23,39000,4627.04275727822
10,V1-Elite-SMP3,23,42000,4491.3570970224
10,V1-Elite-SMP3,23,45000,4491.3570970224
10,V1-Elite-SMP3,23,48000,4491.3570970224
10,V1-Elite-SMP3,23,51000,4491.3570970224
10,V1-Elite-SMP3,23,54000,4491.3570970224
10,V1-Elite-SMP3,23,57000,4439.84336849644
10,V1-Elite-SMP3,23,60000,4439.84336849644
10,V1-Elite-SMP3,23,63000,4439.84336849644
10,V1-Elite-SMP3,23,66000,4439.84336849644
10,V1-Elite-SMP3,23,69000,4439.84336849644
10,V1-Elite-SMP3,23,72000,4439.84336849644
10,V1-Elite-SMP3,23,75000,4358.58102458835
10,V1-Elite-SMP3,23,78000,4309.6530915895
10,V1-Elite-SMP3,23,81000,4309.6530915895
10,V1-Elite-SMP3,23,84000,4309.6530915895
10,V1-Elite-SMP3,23,87000,4309.6530915895
10,V1-Elite-SMP3,23,90000,4193.59412720175
10,V1-Elite-SMP3,23,93000,4090.76016250061
10,V1-Elite-SMP3,23,96000,4090.76016250061
10,V1-Elite-SMP3,23,99000,4090.76016250061
10,V1-Elite-SMP3,23,102000,4090.76016250061
10,V1-Elite-SMP3,23,105000,4052.34779141682
10,V1-Elite-SMP3,23,108000,4052.34779141682
10,V1-Elite-SMP3,23,111000,4052.34779141682
10,V1-Elite-SMP3,23,114000,4052.34779141682
10,V1-Elite-SMP3,23,117000,4040.74097267242
10,V1-Elite-SMP3,23,120000,4040.74097267242
10,V1-Elite-SMP3,23,123000,4040.74097267242
10,V1-Elite-SMP3,23,126000,3926.75911015757
10,V1-Elite-SMP3,23,129000,3885.11060081384
10,V1-Elite-SMP3,23,132000,3840.49855098003
10,V1-Elite-SMP3,23,135000,3840.49855098003
10,V1-Elite-SMP3,23,138000,3781.57771972763
10,V1-Elite-SMP3,23,141000,3781.57771972763
10,V1-Elite-SMP3,23,144000,3736.07735285421
10,V1-Elite-SMP3,23,147000,3684.16281689444
10,V1-Elite-SMP3,23,150000,3684.16281689444
10,V1-Elite-SMP3,23,153000,3659.9738542476
10,V1-Elite-SMP3,23,156000,3659.9738542476
10,V1-Elite-SMP3,23,159000,3659.9738542476
10,V1-Elite-SMP3,23,162000,3659.9738542476
10,V1-Elite-SMP3,23,165000,3659.9738542476
10,V1-Elite-SMP3,23,168000,3659.9738542476
10,V1-Elite-SMP3,23,171000,3635.09786807286
10,V1-Elite-SMP3,23,174000,3635.09786807286
10,V1-Elite-SMP3,23,177000,3591.07221994487
10,V1-Elite-SMP3,23,180000,3591.07221994487
10,V1-Elite-SMP3,23,183000,3591.07221994487
10,V1-Elite-SMP3,23,186000,3544.04251210375
10,V1-Elite-SMP3,23,189000,3535.18009872678
10,V1-Elite-SMP3,23,192000,3484.45740924051
10,V1-Elite-SMP3,23,195000,3484.45740924051
10,V1-Elite-SMP3,23,198000,3484.45740924051
10,V1-Elite-SMP3,23,201000,3484.45740924051
10,V1-Elite-SMP3,23,204000,3484.45740924051
10,V1-Elite-SMP3,23,207000,3484.45740924051
10,V1-Elite-SMP3,23,210000,3484.45740924051
10,V1-Elite-SMP3,23,213000,3484.45740924051
10,V1-Elite-SMP3,23,216000,3484.45740924051
10,V1-Elite-SMP3,23,219000,3484.45740924051
10,V1-Elite-SMP3,23,222000,3484.45740924051
10,V1-Elite-SMP3,23,225000,3469.0159063831
10,V1-Elite-SMP3,23,228000,3469.0159063831
10,V1-Elite-SMP3,23,231000,3460.48911710623
10,V1-Elite-SMP3,23,234000,3460.48911710623
10,V1-Elite-SMP3,23,237000,3455.76742728079
10,V1-Elite-SMP3,23,240000,3452.72263227024
10,V1-Elite-SMP3,23,243000,3440.28177380707
10,V1-Elite-SMP3,23,246000,3427.68734644651
10,V1-Elite-SMP3,23,249000,3424.2742281048
10,V1-Elite-SMP3,23,252000,3424.2742281048
10,V1-Elite-SMP3,23,255000,3408.15803232229
10,V1-Elite-SMP3,23,258000,3408.15803232229
10,V1-Elite-SMP3,23,261000,3404.83122888563
10,V1-Elite-SMP3,23,264000,3404.83122888563
10,V1-Elite-SMP3,23,267000,3399.47687756657
10,V1-Elite-SMP3,23,270000,3398.5407893694
10,V1-Elite-SMP3,23,273000,3379.43186234233
10,V1-Elite-SMP3,23,276000,3379.43186234233
10,V1-Elite-SMP3,23,279000,3379.43186234233
10,V1-Elite-SMP3,23,282000,3379.43186234233
10,V1-Elite-SMP3,23,285000,3374.53923098442
10,V1-Elite-SMP3,23,288000,3363.72909354344
10,V1-Elite-SMP3,23,291000,3363.29159854689
10,V1-Elite-SMP3,23,294000,3360.30560294549
10,V1-Elite-SMP3,23,297000,3358.2238328564
10,V1-Elite-SMP3,23,300000,3357.83323796808
12,V1-Elite-SMP3,21,3000,42246300.5148169
12,V1-Elite-SMP3,21,6000,16648613.2239329
12,V1-Elite-SMP3,21,9000,12357906.2846126
12,V1-Elite-SMP3,21,12000,9587986.57788846
12,V1-Elite-SMP3,21,15000,7829127.69972664
12,V1-Elite-SMP3,21,18000,6859660.86100814
12,V1-Elite-SMP3,21,21000,5475152.69120508
12,V1-Elite-SMP3,21,24000,5475152.69120508
12,V1-Elite-SMP3,21,27000,5428664.94765004
12,V1-Elite-SMP3,21,30000,5094578.14677868
12,V1-Elite-SMP3,21,33000,4801434.02370932
12,V1-Elite-SMP3,21,36000,4637583.12216298
12,V1-Elite-SMP3,21,39000,3168467.52181139
12,V1-Elite-SMP3,21,42000,2790560.75530857
12,V1-Elite-SMP3,21,45000,2547134.41071524
12,V1-Elite-SMP3,21,48000,2427898.42772848
12,V1-Elite-SMP3,21,51000,2400860.55843044
12,V1-Elite-SMP3,21,54000,2160597.55176444
12,V1-Elite-SMP3,21,57000,2057831.08613001
12,V1-Elite-SMP3,21,60000,1786125.44423337
12,V1-Elite-SMP3,21,63000,1786125.44423337
12,V1-Elite-SMP3,21,66000,1786125.44423337
12,V1-Elite-SMP3,21,69000,1583175.91560346
12,V1-Elite-SMP3,21,72000,1532808.25769855
12,V1-Elite-SMP3,21,75000,1532808.25769855
12,V1-Elite-SMP3,21,78000,1532808.25769855
12,V1-Elite-SMP3,21,81000,1471193.41812549
12,V1-Elite-SMP3,21,84000,1442301.42381676
12,V1-Elite-SMP3,21,87000,1272873.1985433
12,V1-Elite-SMP3,21,90000,1272873.1985433
12,V1-Elite-SMP3,21,93000,1201447.94474822
12,V1-Elite-SMP3,21,96000,1134892.03414925
12,V1-Elite-SMP3,21,99000,1085177.88128284
12,V1-Elite-SMP3,21,102000,1057538.13303122
12,V1-Elite-SMP3,21,105000,1040142.97149568
12,V1-Elite-SMP3,21,108000,1040142.97149568
12,V1-Elite-SMP3,21,111000,1040142.97149568
12,V1-Elite-SMP3,21,114000,992892.794496038
12,V1-Elite-SMP3,21,117000,953260.925160358
12,V1-Elite-SMP3,21,120000,916733.535531087
12,V1-Elite-SMP3,21,123000,916733.535531087
12,V1-Elite-SMP3,21,126000,909680.662662945
12,V1-Elite-SMP3,21,129000,892026.833292704
12,V1-Elite-SMP3,21,132000,828140.741707813
12,V1-Elite-SMP3,21,135000,817357.598011645
12,V1-Elite-SMP3,21,138000,806574.199219173
12,V1-Elite-SMP3,21,141000,806574.199219173
12,V1-Elite-SMP3,21,144000,806574.199219173
12,V1-Elite-SMP3,21,147000,806554.419353659
12,V1-Elite-SMP3,21,150000,785288.937282543
12,V1-Elite-SMP3,21,153000,785288.937282543
12,V1-Elite-SMP3,21,156000,785288.937282543
12,V1-Elite-SMP3,21,159000,785288.937282543
12,V1-Elite-SMP3,21,162000,785288.937282543
12,V1-Elite-SMP3,21,165000,785288.937282543
12,V1-Elite-SMP3,21,168000,747803.831139633
12,V1-Elite-SMP3,21,171000,705131.983749861
12,V1-Elite-SMP3,21,174000,704095.181145753
12,V1-Elite-SMP3,21,177000,704095.181145753
12,V1-Elite-SMP3,21,180000,685314.9576504
12,V1-Elite-SMP3,21,183000,678890.486760303
12,V1-Elite-SMP3,21,186000,677588.860189753
12,V1-Elite-SMP3,21,189000,675557.793833987
12,V1-Elite-SMP3,21,192000,675557.793833987
12,V1-Elite-SMP3,21,195000,675557.793833987
12,V1-Elite-SMP3,21,198000,655185.144183154
12,V1-Elite-SMP3,21,201000,632624.444847455
12,V1-Elite-SMP3,21,204000,627268.404681784
12,V1-Elite-SMP3,21,207000,596841.151223058
12,V1-Elite-SMP3,21,210000,596841.151223058
12,V1-Elite-SMP3,21,213000,585128.791954042
12,V1-Elite-SMP3,21,216000,583697.445909646
12,V1-Elite-SMP3,21,219000,581112.115041504
12,V1-Elite-SMP3,21,222000,579342.672586958
12,V1-Elite-SMP3,21,225000,579342.672586958
12,V1-Elite-SMP3,21,228000,563136.520911957
12,V1-Elite-SMP3,21,231000,563136.520911957
12,V1-Elite-SMP3,21,234000,563136.520911957
12,V1-Elite-SMP3,21,237000,562319.777326136
12,V1-Elite-SMP3,21,240000,562319.777326136
12,V1-Elite-SMP3,21,243000,562319.777326136
12,V1-Elite-SMP3,21,246000,562319.777326136
12,V1-Elite-SMP3,21,249000,562319.777326136
12,V1-Elite-SMP3,21,252000,562319.777326136
12,V1-Elite-SMP3,21,255000,559449.473834681
12,V1-Elite-SMP3,21,258000,552315.413428622
12,V1-Elite-SMP3,21,261000,551019.424942755
12,V1-Elite-SMP3,21,264000,535809.63698217
12,V1-Elite-SMP3,21,267000,527529.195310418
12,V1-Elite-SMP3,21,270000,527529.195310418
12,V1-Elite-SMP3,21,273000,524927.9043504
12,V1-Elite-SMP3,21,276000,524927.9043504
12,V1-Elite-SMP3,21,279000,524851.058889473
12,V1-Elite-SMP3,21,282000,524056.816743535
12,V1-Elite-SMP3,21,285000,523853.104882555
12,V1-Elite-SMP3,21,288000,520692.423548078
12,V1-Elite-SMP3,21,291000,518836.92212768
12,V1-Elite-SMP3,21,294000,510257.43897982
12,V1-Elite-SMP3,21,297000,502997.612887804
12,V1-Elite-SMP3,21,300000,498015.740510057
12,V1-Elite-SMP3,22,3000,22776154.3613303
12,V1-Elite-SMP3,22,6000,5445962.71771832
12,V1-Elite-SMP3,22,9000,4976223.65335981
12,V1-Elite-SMP3,22,12000,4502737.98938287
12,V1-Elite-SMP3,22,15000,3314050.95163727
12,V1-Elite-SMP3,22,18000,3272259.60784169
12,V1-Elite-SMP3,22,21000,3135012.32973212
12,V1-Elite-SMP3,22,24000,3116125.31419776
12,V1-Elite-SMP3,22,27000,2898531.50335922
12,V1-Elite-SMP3,22,30000,2657935.94541451
12,V1-Elite-SMP3,22,33000,2657935.94541451
12,V1-Elite-SMP3,22,36000,2560072.1090279
12,V1-Elite-SMP3,22,39000,2428993.93695618
12,V1-Elite-SMP3,22,42000,2235186.5443306
12,V1-Elite-SMP3,22,45000,2169524.1107993
12,V1-Elite-SMP3,22,48000,2143788.85886712
12,V1-Elite-SMP3,22,51000,2117267.74618219
12,V1-Elite-SMP3,22,54000,2117267.74618219
12,V1-Elite-SMP3,22,57000,2086056.01914756
12,V1-Elite-SMP3,22,60000,2003481.30155234
12,V1-Elite-SMP3,22,63000,1976908.26758973
12,V1-Elite-SMP3,22,66000,1976908.26758973
12,V1-Elite-SMP3,22,69000,1961675.23889931
12,V1-Elite-SMP3,22,72000,1961675.23889931
12,V1-Elite-SMP3,22,75000,1961675.23889931
12,V1-Elite-SMP3,22,78000,1956746.42126862
12,V1-Elite-SMP3,22,81000,1956746.42126862
12,V1-Elite-SMP3,22,84000,1956746.42126862
12,V1-Elite-SMP3,22,87000,1955780.37363834
12,V1-Elite-SMP3,22,90000,1955780.37363834
12,V1-Elite-SMP3,22,93000,1955780.37363834
12,V1-Elite-SMP3,22,96000,1955780.37363834
12,V1-Elite-SMP3,22,99000,1928758.98201134
12,V1-Elite-SMP3,22,102000,1925761.9529656
12,V1-Elite-SMP3,22,105000,1904544.26683323
12,V1-Elite-SMP3,22,108000,1874843.1155218
12,V1-Elite-SMP3,22,111000,1874843.1155218
12,V1-Elite-SMP3,22,114000,1874843.1155218
12,V1-Elite-SMP3,22,117000,1872062.40049675
12,V1-Elite-SMP3,22,120000,1870495.97389096
12,V1-Elite-SMP3,22,123000,1856920.51101689
12,V1-Elite-SMP3,22,126000,1856920.51101689
12,V1-Elite-SMP3,22,129000,1856920.51101689
12,V1-Elite-SMP3,22,132000,1856920.51101689
12,V1-Elite-SMP3,22,135000,1853111.75285478
12,V1-Elite-SMP3,22,138000,1852873.31262358
12,V1-Elite-SMP3,22,141000,1847177.41333196
12,V1-Elite-SMP3,22,144000,1841702.96694691
12,V1-Elite-SMP3,22,147000,1841702.96694691
12,V1-Elite-SMP3,22,150000,1841702.96694691
12,V1-Elite-SMP3,22,153000,1841702.96694691
12,V1-Elite-SMP3,22,156000,1841702.96694691
12,V1-Elite-SMP3,22,159000,1838865.19014835
12,V1-Elite-SMP3,22,162000,1828704.20916199
12,V1-Elite-SMP3,22,165000,1828704.20916199
12,V1-Elite-SMP3,22,168000,1812131.28536149
12,V1-Elite-SMP3,22,171000,1812131.28536149
12,V1-Elite-SMP3,22,174000,1809687.43604754
12,V1-Elite-SMP3,22,177000,1795794.12092144
12,V1-Elite-SMP3,22,180000,1795794.12092144
12,V1-Elite-SMP3,22,183000,1795794.12092144
12,V1-Elite-SMP3,22,186000,1787592.42558272
12,V1-Elite-SMP3,22,189000,1773964.04255572
12,V1-Elite-SMP3,22,192000,1773806.20839371
12,V1-Elite-SMP3,22,195000,1735742.41994222
12,V1-Elite-SMP3,22,198000,1659937.36735373
12,V1-Elite-SMP3,22,201000,1659937.36735373
12,V1-Elite-SMP3,22,204000,1628427.83284716
12,V1-Elite-SMP3,22,207000,1626665.37968031
12,V1-Elite-SMP3,22,210000,1612514.36762395
12,V1-Elite-SMP3,22,213000,1612514.36762395
12,V1-Elite-SMP3,22,216000,1604446.16551895
12,V1-Elite-SMP3,22,219000,1581943.78907113
12,V1-Elite-SMP3,22,222000,1579516.23708332
12,V1-Elite-SMP3,22,225000,1579516.23708332
12,V1-Elite-SMP3,22,228000,1579516.23708332
12,V1-Elite-SMP3,22,231000,1571517.30496481
12,V1-Elite-SMP3,22,234000,1571517.30496481
12,V1-Elite-SMP3,22,237000,1569847.20355283
12,V1-Elite-SMP3,22,240000,1542860.38184615
12,V1-Elite-SMP3,22,243000,1539029.9734488
12,V1-Elite-SMP3,22,246000,1527919.8504285
12,V1-Elite-SMP3,22,249000,1527919.8504285
12,V1-Elite-SMP3,22,252000,1527919.8504285
12,V1-Elite-SMP3,22,255000,1527919.8504285
12,V1-Elite-SMP3,22,258000,1525869.60531733
12,V1-Elite-SMP3,22,261000,1525869.60531733
12,V1-Elite-SMP3,22,264000,1518133.00246053
12,V1-Elite-SMP3,22,267000,1508544.32915244
12,V1-Elite-SMP3,22,270000,1506767.12547439
12,V1-Elite-SMP3,22,273000,1484984.74328849
12,V1-Elite-SMP3,22,276000,1435999.46083741
12,V1-Elite-SMP3,22,279000,1433456.09887426
12,V1-Elite-SMP3,22,282000,1430144.0983946
12,V1-Elite-SMP3,22,285000,1423430.76167803
12,V1-Elite-SMP3,22,288000,1420606.89649065
12,V1-Elite-SMP3,22,291000,1419142.44460111
12,V1-Elite-SMP3,22,294000,1407817.41219042
12,V1-Elite-SMP3,22,297000,1401651.77336708
12,V1-Elite-SMP3,22,300000,1398184.18632097
12,V1-Elite-SMP3,23,3000,36240807.5895484
12,V1-Elite-SMP3,23,6000,11715727.1315081
12,V1-Elite-SMP3,23,9000,8671275.66869411
12,V1-Elite-SMP3,23,12000,7624159.63853212
12,V1-Elite-SMP3,23,15000,4785971.20798758
12,V1-Elite-SMP3,23,18000,4085285.9168743
12,V1-Elite-SMP3,23,21000,4048823.87364567
12,V1-Elite-SMP3,23,24000,3467691.32639607
12,V1-Elite-SMP3,23,27000,3428853.86035337
12,V1-Elite-SMP3,23,30000,3428853.86035337
12,V1-Elite-SMP3,23,33000,3072757.60919225
12,V1-Elite-SMP3,23,36000,2733262.60611323
12,V1-Elite-SMP3,23,39000,2586477.93886881
12,V1-Elite-SMP3,23,42000,2329307.39783633
12,V1-Elite-SMP3,23,45000,2115435.18370001
12,V1-Elite-SMP3,23,48000,2023035.88115906
12,V1-Elite-SMP3,23,51000,1688034.74578899
12,V1-Elite-SMP3,23,54000,1688034.74578899
12,V1-Elite-SMP3,23,57000,1687808.13554294
12,V1-Elite-SMP3,23,60000,1618829.65662406
12,V1-Elite-SMP3,23,63000,1618829.65662406
12,V1-Elite-SMP3,23,66000,1615656.82339459
12,V1-Elite-SMP3,23,69000,1615656.82339459
12,V1-Elite-SMP3,23,72000,1615656.82339459
12,V1-Elite-SMP3,23,75000,1535277.44013762
12,V1-Elite-SMP3,23,78000,1535277.44013762
12,V1-Elite-SMP3,23,81000,1446092.87848904
12,V1-Elite-SMP3,23,84000,1414826.44630596
12,V1-Elite-SMP3,23,87000,1414826.44630596
12,V1-Elite-SMP3,23,90000,1414826.44630596
12,V1-Elite-SMP3,23,93000,1414826.44630596
12,V1-Elite-SMP3,23,96000,1376125.94453538
12,V1-Elite-SMP3,23,99000,1359618.06756822
12,V1-Elite-SMP3,23,102000,1359618.06756822
12,V1-Elite-SMP3,23,105000,1359618.06756822
12,V1-Elite-SMP3,23,108000,1359618.06756822
12,V1-Elite-SMP3,23,111000,1359618.06756822
12,V1-Elite-SMP3,23,114000,1353137.28127841
12,V1-Elite-SMP3,23,117000,1272298.91072198
12,V1-Elite-SMP3,23,120000,1272298.91072198
12,V1-Elite-SMP3,23,123000,1269308.58937299
12,V1-Elite-SMP3,23,126000,1219673.90005661
12,V1-Elite-SMP3,23,129000,1216013.76802696
12,V1-Elite-SMP3,23,132000,1216013.76802696
12,V1-Elite-SMP3,23,135000,1201361.83110862
12,V1-Elite-SMP3,23,138000,1201361.83110862
12,V1-Elite-SMP3,23,141000,1189813.98371469
12,V1-Elite-SMP3,23,144000,1189813.98371469
12,V1-Elite-SMP3,23,147000,1189813.98371469
12,V1-Elite-SMP3,23,150000,1164400.62165538
12,V1-Elite-SMP3,23,153000,1164400.62165538
12,V1-Elite-SMP3,23,156000,1162554.26436092
12,V1-Elite-SMP3,23,159000,1162554.26436092
12,V1-Elite-SMP3,23,162000,1162554.26436092
12,V1-Elite-SMP3,23,165000,1162554.26436092
12,V1-Elite-SMP3,23,168000,1162554.26436092
12,V1-Elite-SMP3,23,171000,1162554.26436092
12,V1-Elite-SMP3,23,174000,1128352.0072121
12,V1-Elite-SMP3,23,177000,1125682.11044457
12,V1-Elite-SMP3,23,180000,1125682.11044457
12,V1-Elite-SMP3,23,183000,1125682.11044457
12,V1-Elite-SMP3,23,186000,1125682.11044457
12,V1-Elite-SMP3,23,189000,1125682.11044457
12,V1-Elite-SMP3,23,192000,1116449.05840251
12,V1-Elite-SMP3,23,195000,1116449.05840251
12,V1-Elite-SMP3,23,198000,1116449.05840251
12,V1-Elite-SMP3,23,201000,1116449.05840251
12,V1-Elite-SMP3,23,204000,1098249.30937476
12,V1-Elite-SMP3,23,207000,1086919.63996961
12,V1-Elite-SMP3,23,210000,1086919.63996961
12,V1-Elite-SMP3,23,213000,1078970.48607146
12,V1-Elite-SMP3,23,216000,1078970.48607146
12,V1-Elite-SMP3,23,219000,1056319.04560117
12,V1-Elite-SMP3,23,222000,1056319.04560117
12,V1-Elite-SMP3,23,225000,1052560.55440409
12,V1-Elite-SMP3,23,228000,1051274.74014215
12,V1-Elite-SMP3,23,231000,1038033.26741956
12,V1-Elite-SMP3,23,234000,1038033.26741956
12,V1-Elite-SMP3,23,237000,1032258.18428665
12,V1-Elite-SMP3,23,240000,1028596.32179999
12,V1-Elite-SMP3,23,243000,1026204.29292813
12,V1-Elite-SMP3,23,246000,1026204.29292813
12,V1-Elite-SMP3,23,249000,1025934.65076998
12,V1-Elite-SMP3,23,252000,1019442.77185527
12,V1-Elite-SMP3,23,255000,1019442.77185527
12,V1-Elite-SMP3,23,258000,1019442.77185527
12,V1-Elite-SMP3,23,261000,1018727.70486144
12,V1-Elite-SMP3,23,264000,1018727.70486144
12,V1-Elite-SMP3,23,267000,1018547.12798688
12,V1-Elite-SMP3,23,270000,1012806.77635175
12,V1-Elite-SMP3,23,273000,1011914.17742115
12,V1-Elite-SMP3,23,276000,1011914.17742115
12,V1-Elite-SMP3,23,279000,1011112.8616367
12,V1-Elite-SMP3,23,282000,1009451.46778715
12,V1-Elite-SMP3,23,285000,1008329.78610394
12,V1-Elite-SMP3,23,288000,1004760.66736713
12,V1-Elite-SMP3,23,291000,993025.843665042
12,V1-Elite-SMP3,23,294000,992805.734201141
12,V1-Elite-SMP3,23,297000,988655.752948904
12,V1-Elite-SMP3,23,300000,982355.641058271
15,V1-Elite-SMP3,21,3000,834323.954805431
15,V1-Elite-SMP3,21,6000,39328.4643192366
15,V1-Elite-SMP3,21,9000,14914.81494462
15,V1-Elite-SMP3,21,12000,7334.418504583
15,V1-Elite-SMP3,21,15000,4632.18867560234
15,V1-Elite-SMP3,21,18000,4592.01939399822
15,V1-Elite-SMP3,21,21000,3255.77747567536
15,V1-Elite-SMP3,21,24000,3108.61380914511
15,V1-Elite-SMP3,21,27000,3075.01092406851
15,V1-Elite-SMP3,21,30000,2389.65387232498
15,V1-Elite-SMP3,21,33000,2389.65387232498
15,V1-Elite-SMP3,21,36000,2377.1889012111
15,V1-Elite-SMP3,21,39000,2050.83479051761
15,V1-Elite-SMP3,21,42000,1825.98620273991
15,V1-Elite-SMP3,21,45000,1816.18398938822
15,V1-Elite-SMP3,21,48000,1804.21495405874
15,V1-Elite-SMP3,21,51000,1753.74534497266
15,V1-Elite-SMP3,21,54000,1748.91139389571
15,V1-Elite-SMP3,21,57000,1744.18212504263
15,V1-Elite-SMP3,21,60000,1596.26375214644
15,V1-Elite-SMP3,21,63000,1571.63972651748
15,V1-Elite-SMP3,21,66000,1567.5860207946
15,V1-Elite-SMP3,21,69000,1566.98924579394
15,V1-Elite-SMP3,21,72000,1565.38639591298
15,V1-Elite-SMP3,21,75000,1562.79199293195
15,V1-Elite-SMP3,21,78000,1560.7832968911
15,V1-Elite-SMP3,21,81000,1560.0956162135
15,V1-Elite-SMP3,21,84000,1538.1142333816
15,V1-Elite-SMP3,21,87000,1486.97957999359
15,V1-Elite-SMP3,21,90000,1482.61673234624
15,V1-Elite-SMP3,21,93000,1482.05444507415
15,V1-Elite-SMP3,21,96000,1478.41898060431
15,V1-Elite-SMP3,21,99000,1478.1152642138
15,V1-Elite-SMP3,21,102000,1477.78692839577
15,V1-Elite-SMP3,21,105000,1476.05990361259
15,V1-Elite-SMP3,21,108000,1476.05990361259
15,V1-Elite-SMP3,21,111000,1475.27502526797
15,V1-Elite-SMP3,21,114000,1474.90243943505
15,V1-Elite-SMP3,21,117000,1474.90243943505
15,V1-Elite-SMP3,21,120000,1474.90243943505
15,V1-Elite-SMP3,21,123000,1474.90243943505
15,V1-Elite-SMP3,21,126000,1473.98045636991
15,V1-Elite-SMP3,21,129000,1473.98045636991
15,V1-Elite-SMP3,21,132000,1473.98045636991
15,V1-Elite-SMP3,21,135000,1473.98045636991
15,V1-Elite-SMP3,21,138000,1472.66633431892
15,V1-Elite-SMP3,21,141000,1472.66633431892
15,V1-Elite-SMP3,21,144000,1472.66633431892
15,V1-Elite-SMP3,21,147000,1472.66633431892
15,V1-Elite-SMP3,21,150000,1470.82161483793
15,V1-Elite-SMP3,21,153000,1470.66270507008
15,V1-Elite-SMP3,21,156000,1470.66270507008
15,V1-Elite-SMP3,21,159000,1470.66270507008
15,V1-Elite-SMP3,21,162000,1429.55401942592
15,V1-Elite-SMP3,21,165000,1428.12978722877
15,V1-Elite-SMP3,21,168000,1425.90439788367
15,V1-Elite-SMP3,21,171000,1425.12944759411
15,V1-Elite-SMP3,21,174000,1382.30727577568
15,V1-Elite-SMP3,21,177000,1375.71011402223
15,V1-Elite-SMP3,21,180000,1375.71011402223
15,V1-Elite-SMP3,21,183000,1374.22098835539
15,V1-Elite-SMP3,21,186000,1373.48895183809
15,V1-Elite-SMP3,21,189000,1373.48895183809
15,V1-Elite-SMP3,21,192000,1340.5984703009
15,V1-Elite-SMP3,21,195000,1339.62946238652
15,V1-Elite-SMP3,21,198000,1339.51412497873
15,V1-Elite-SMP3,21,201000,1317.08622937034
15,V1-Elite-SMP3,21,204000,1315.91213207794
15,V1-Elite-SMP3,21,207000,1315.91213207794
15,V1-Elite-SMP3,21,210000,1185.82882833207
15,V1-Elite-SMP3,21,213000,1181.62252558979
15,V1-Elite-SMP3,21,216000,1093.49033652241
15,V1-Elite-SMP3,21,219000,1093.49033652241
15,V1-Elite-SMP3,21,222000,1091.8780288365
15,V1-Elite-SMP3,21,225000,1091.53740409954
15,V1-Elite-SMP3,21,228000,1091.53740409954
15,V1-Elite-SMP3,21,231000,1091.10522147557
15,V1-Elite-SMP3,21,234000,1091.0602294612
15,V1-Elite-SMP3,21,237000,1090.09378229685
15,V1-Elite-SMP3,21,240000,1086.1785114006
15,V1-Elite-SMP3,21,243000,1084.47314648648
15,V1-Elite-SMP3,21,246000,1081.79773319489
15,V1-Elite-SMP3,21,249000,1080.80237702177
15,V1-Elite-SMP3,21,252000,440.010689675436
15,V1-Elite-SMP3,21,255000,426.514173670216
15,V1-Elite-SMP3,21,258000,422.12913173863
15,V1-Elite-SMP3,21,261000,418.33545773733
15,V1-Elite-SMP3,21,264000,401.557411994035
15,V1-Elite-SMP3,21,267000,368.530206340689
15,V1-Elite-SMP3,21,270000,368.079882973801
15,V1-Elite-SMP3,21,273000,367.373237641815
15,V1-Elite-SMP3,21,276000,367.03426415894
15,V1-Elite-SMP3,21,279000,366.725463292223
15,V1-Elite-SMP3,21,282000,366.526573074969
15,V1-Elite-SMP3,21,285000,363.797717815339
15,V1-Elite-SMP3,21,288000,363.753167359655
15,V1-Elite-SMP3,21,291000,363.719809860796
15,V1-Elite-SMP3,21,294000,363.640708672425
15,V1-Elite-SMP3,21,297000,363.557471951054
15,V1-Elite-SMP3,21,300000,357.322128323945
15,V1-Elite-SMP3,22,3000,162266.451048892
15,V1-Elite-SMP3,22,6000,9746.39910338242
15,V1-Elite-SMP3,22,9000,4638.87884048482
15,V1-Elite-SMP3,22,12000,2542.63877967859
15,V1-Elite-SMP3,22,15000,2070.42883286656
15,V1-Elite-SMP3,22,18000,1832.33417416434
15,V1-Elite-SMP3,22,21000,1544.89530997367
15,V1-Elite-SMP3,22,24000,1465.93365723638
15,V1-Elite-SMP3,22,27000,981.729828000206
15,V1-Elite-SMP3,22,30000,875.959956771705
15,V1-Elite-SMP3,22,33000,830.060740188502
15,V1-Elite-SMP3,22,36000,743.318563076198
15,V1-Elite-SMP3,22,39000,718.325399903631
15,V1-Elite-SMP3,22,42000,717.841082002641
15,V1-Elite-SMP3,22,45000,715.564038359153
15,V1-Elite-SMP3,22,48000,498.432198661328
15,V1-Elite-SMP3,22,51000,480.735535864769
15,V1-Elite-SMP3,22,54000,469.551604531442
15,V1-Elite-SMP3,22,57000,453.288409218971
15,V1-Elite-SMP3,22,60000,450.430022143449
15,V1-Elite-SMP3,22,63000,449.618165213229
15,V1-Elite-SMP3,22,66000,448.740331101792
15,V1-Elite-SMP3,22,69000,448.271262930941
15,V1-Elite-SMP3,22,72000,445.124642361838
15,V1-Elite-SMP3,22,75000,443.72972568182
15,V1-Elite-SMP3,22,78000,442.083208687541
15,V1-Elite-SMP3,22,81000,442.083208687541
15,V1-Elite-SMP3,22,84000,442.083208687541
15,V1-Elite-SMP3,22,87000,438.090130055692
15,V1-Elite-SMP3,22,90000,438.090130055692
15,V1-Elite-SMP3,22,93000,435.891491317739
15,V1-Elite-SMP3,22,96000,435.891491317739
15,V1-Elite-SMP3,22,99000,435.431669848422
15,V1-Elite-SMP3,22,102000,435.431669848422
15,V1-Elite-SMP3,22,105000,435.431669848422
15,V1-Elite-SMP3,22,108000,435.431669848422
15,V1-Elite-SMP3,22,111000,435.431669848422
15,V1-Elite-SMP3,22,114000,434.297497904439
15,V1-Elite-SMP3,22,117000,434.106731156411
15,V1-Elite-SMP3,22,120000,434.106731156411
15,V1-Elite-SMP3,22,123000,434.106731156411
15,V1-Elite-SMP3,22,126000,434.106731156411
15,V1-Elite-SMP3,22,129000,434.106731156411
15,V1-Elite-SMP3,22,132000,434.106731156411
15,V1-Elite-SMP3,22,135000,434.106731156411
15,V1-Elite-SMP3,22,138000,434.106731156411
15,V1-Elite-SMP3,22,141000,433.803032133183
15,V1-Elite-SMP3,22,144000,433.803032133183
15,V1-Elite-SMP3,22,147000,433.803032133183
15,V1-Elite-SMP3,22,150000,433.803032133183
15,V1-Elite-SMP3,22,153000,433.803032133183
15,V1-Elite-SMP3,22,156000,433.803032133183
15,V1-Elite-SMP3,22,159000,433.803032133183
15,V1-Elite-SMP3,22,162000,433.803032133183
15,V1-Elite-SMP3,22,165000,433.275930226573
15,V1-Elite-SMP3,22,168000,432.316760271072
15,V1-Elite-SMP3,22,171000,431.144465876312
15,V1-Elite-SMP3,22,174000,430.664728000373
15,V1-Elite-SMP3,22,177000,430.496024530444
15,V1-Elite-SMP3,22,180000,430.047804815169
15,V1-Elite-SMP3,22,183000,429.652516732729
15,V1-Elite-SMP3,22,186000,429.393947408108
15,V1-Elite-SMP3,22,189000,427.902279636553
15,V1-Elite-SMP3,22,192000,398.129070689571
15,V1-Elite-SMP3,22,195000,383.866074446777
15,V1-Elite-SMP3,22,198000,382.112062373169
15,V1-Elite-SMP3,22,201000,380.401940110686
15,V1-Elite-SMP3,22,204000,380.094301828037
15,V1-Elite-SMP3,22,207000,340.775813539381
15,V1-Elite-SMP3,22,210000,338.971585554926
15,V1-Elite-SMP3,22,213000,328.196091027591
15,V1-Elite-SMP3,22,216000,327.105927219121
15,V1-Elite-SMP3,22,219000,324.938020754377
15,V1-Elite-SMP3,22,222000,324.023493238701
15,V1-Elite-SMP3,22,225000,323.946164176456
15,V1-Elite-SMP3,22,228000,269.484828475171
15,V1-Elite-SMP3,22,231000,267.721530514445
15,V1-Elite-SMP3,22,234000,266.789097465978
15,V1-Elite-SMP3,22,237000,266.447745023363
15,V1-Elite-SMP3,22,240000,266.447745023363
15,V1-Elite-SMP3,22,243000,266.380963308594
15,V1-Elite-SMP3,22,246000,266.243305825847
15,V1-Elite-SMP3,22,249000,266.132411774672
15,V1-Elite-SMP3,22,252000,266.027264061409
15,V1-Elite-SMP3,22,255000,259.552019383013
15,V1-Elite-SMP3,22,258000,259.246773917284
15,V1-Elite-SMP3,22,261000,258.892770951672
15,V1-Elite-SMP3,22,264000,258.563655675185
15,V1-Elite-SMP3,22,267000,258.3234293521
15,V1-Elite-SMP3,22,270000,258.056978332317
15,V1-Elite-SMP3,22,273000,257.905729890295
15,V1-Elite-SMP3,22,276000,257.726648222227
15,V1-Elite-SMP3,22,279000,251.09295302755
15,V1-Elite-SMP3,22,282000,250.902510380648
15,V1-Elite-SMP3,22,285000,236.156721204437
15,V1-Elite-SMP3,22,288000,236.118070223284
15,V1-Elite-SMP3,22,291000,235.887620292998
15,V1-Elite-SMP3,22,294000,235.825472628999
15,V1-Elite-SMP3,22,297000,235.75410415447
15,V1-Elite-SMP3,22,300000,207.671113973313
15,V1-Elite-SMP3,23,3000,385114.412662984
15,V1-Elite-SMP3,23,6000,19165.4316506395
15,V1-Elite-SMP3,23,9000,13122.7279051082
15,V1-Elite-SMP3,23,12000,12007.3616267853
15,V1-Elite-SMP3,23,15000,5295.9928601774
15,V1-Elite-SMP3,23,18000,2843.35410302023
15,V1-Elite-SMP3,23,21000,1661.03690194026
15,V1-Elite-SMP3,23,24000,1515.60136773522
15,V1-Elite-SMP3,23,27000,1377.43325102636
15,V1-Elite-SMP3,23,30000,1332.42403979224
15,V1-Elite-SMP3,23,33000,1270.09419921447
15,V1-Elite-SMP3,23,36000,1250.87002689244
15,V1-Elite-SMP3,23,39000,1221.66275354465
15,V1-Elite-SMP3,23,42000,1214.85531313345
15,V1-Elite-SMP3,23,45000,1201.2988562769
15,V1-Elite-SMP3,23,48000,1189.56132048794
15,V1-Elite-SMP3,23,51000,1140.11578945294
15,V1-Elite-SMP3,23,54000,1130.46833617428
15,V1-Elite-SMP3,23,57000,1123.43158653179
15,V1-Elite-SMP3,23,60000,1112.45309265511
15,V1-Elite-SMP3,23,63000,1112.45309265511
15,V1-Elite-SMP3,23,66000,1112.31029786927
15,V1-Elite-SMP3,23,69000,1109.18240410709
15,V1-Elite-SMP3,23,72000,1108.33890647455
15,V1-Elite-SMP3,23,75000,1021.48531202524
15,V1-Elite-SMP3,23,78000,1020.69142302899
15,V1-Elite-SMP3,23,81000,924.180001561758
15,V1-Elite-SMP3,23,84000,902.735439137158
15,V1-Elite-SMP3,23,87000,894.74085698036
15,V1-Elite-SMP3,23,90000,890.522487272713
15,V1-Elite-SMP3,23,93000,890.368839292415
15,V1-Elite-SMP3,23,96000,887.155102697905
15,V1-Elite-SMP3,23,99000,885.538081729627
15,V1-Elite-SMP3,23,102000,866.425846749026
15,V1-Elite-SMP3,23,105000,865.231692592497
15,V1-Elite-SMP3,23,108000,863.18411286941
15,V1-Elite-SMP3,23,111000,861.584630751108
15,V1-Elite-SMP3,23,114000,858.730334172531
15,V1-Elite-SMP3,23,117000,858.730334172531
15,V1-Elite-SMP3,23,120000,858.633130822293
15,V1-Elite-SMP3,23,123000,858.633130822293
15,V1-Elite-SMP3,23,126000,857.011136602911
15,V1-Elite-SMP3,23,129000,856.657700478909
15,V1-Elite-SMP3,23,132000,856.657700478909
15,V1-Elite-SMP3,23,135000,856.207692759017
15,V1-Elite-SMP3,23,138000,856.207692759017
15,V1-Elite-SMP3,23,141000,855.886451272557
15,V1-Elite-SMP3,23,144000,854.709885841525
15,V1-Elite-SMP3,23,147000,835.261129486368
15,V1-Elite-SMP3,23,150000,834.480062097811
15,V1-Elite-SMP3,23,153000,833.713502444875
15,V1-Elite-SMP3,23,156000,832.895174289764
15,V1-Elite-SMP3,23,159000,832.895174289764
15,V1-Elite-SMP3,23,162000,832.225210445351
15,V1-Elite-SMP3,23,165000,823.934396388583
15,V1-Elite-SMP3,23,168000,820.632932236897
15,V1-Elite-SMP3,23,171000,819.546388460328
15,V1-Elite-SMP3,23,174000,817.63221030852
15,V1-Elite-SMP3,23,177000,817.565404312727
15,V1-Elite-SMP3,23,180000,816.861589298117
15,V1-Elite-SMP3,23,183000,816.327059591624
15,V1-Elite-SMP3,23,186000,816.192975347821
15,V1-Elite-SMP3,23,189000,816.192975347821
15,V1-Elite-SMP3,23,192000,815.883828821078
15,V1-Elite-SMP3,23,195000,815.883828821078
15,V1-Elite-SMP3,23,198000,815.268202363818
15,V1-Elite-SMP3,23,201000,605.421624683081
15,V1-Elite-SMP3,23,204000,402.934502619326
15,V1-Elite-SMP3,23,207000,320.775200744376
15,V1-Elite-SMP3,23,210000,298.226787354348
15,V1-Elite-SMP3,23,213000,279.597430783027
15,V1-Elite-SMP3,23,216000,278.728542359329
15,V1-Elite-SMP3,23,219000,242.286777427978
15,V1-Elite-SMP3,23,222000,215.640371849926
15,V1-Elite-SMP3,23,225000,215.623493234916
15,V1-Elite-SMP3,23,228000,213.477778346599
15,V1-Elite-SMP3,23,231000,213.469222730981
15,V1-Elite-SMP3,23,234000,212.694421883985
15,V1-Elite-SMP3,23,237000,212.654160219131
15,V1-Elite-SMP3,23,240000,212.445818833872
15,V1-Elite-SMP3,23,243000,212.108007768533
15,V1-Elite-SMP3,23,246000,210.620245750761
15,V1-Elite-SMP3,23,249000,209.881631764148
15,V1-Elite-SMP3,23,252000,209.570655435576
15,V1-Elite-SMP3,23,255000,209.489640768808
15,V1-Elite-SMP3,23,258000,209.489640768808
15,V1-Elite-SMP3,23,261000,202.462441965038
15,V1-Elite-SMP3,23,264000,201.972313137298
15,V1-Elite-SMP3,23,267000,201.839917441584
15,V1-Elite-SMP3,23,270000,201.260906037891
15,V1-Elite-SMP3,23,273000,200.69394287496
15,V1-Elite-SMP3,23,276000,200.619829937616
15,V1-Elite-SMP3,23,279000,200.193591630694
15,V1-Elite-SMP3,23,282000,199.871153776394
15,V1-Elite-SMP3,23,285000,199.700620188574
15,V1-Elite-SMP3,23,288000,199.489304848741
15,V1-Elite-SMP3,23,291000,193.062910497969
15,V1-Elite-SMP3,23,294000,192.771966252529
15,V1-Elite-SMP3,23,297000,186.315311495547
15,V1-Elite-SMP3,23,300000,181.273507109066
19,V1-Elite-SMP3,21,3000,470671.332309317
19,V1-Elite-SMP3,21,6000,335859.238168281
19,V1-Elite-SMP3,21,9000,24517.5911981378
19,V1-Elite-SMP3,21,12000,22236.8514218732
19,V1-Elite-SMP3,21,15000,21312.1097811898
19,V1-Elite-SMP3,21,18000,21305.289840491
19,V1-Elite-SMP3,21,21000,21052.4297428786
19,V1-Elite-SMP3,21,24000,21045.5506581461
19,V1-Elite-SMP3,21,27000,21045.5506581461
19,V1-Elite-SMP3,21,30000,21043.4253695974
19,V1-Elite-SMP3,21,33000,21043.1760196752
19,V1-Elite-SMP3,21,36000,21043.1760196752
19,V1-Elite-SMP3,21,39000,20998.8654255862
19,V1-Elite-SMP3,21,42000,20969.2511734635
19,V1-Elite-SMP3,21,45000,20606.5747963286
19,V1-Elite-SMP3,21,48000,20587.9964031914
19,V1-Elite-SMP3,21,51000,20587.194673042
19,V1-Elite-SMP3,21,54000,20585.3197764175
19,V1-Elite-SMP3,21,57000,20585.3197764175
19,V1-Elite-SMP3,21,60000,20584.768622592
19,V1-Elite-SMP3,21,63000,20584.768622592
19,V1-Elite-SMP3,21,66000,20584.768622592
19,V1-Elite-SMP3,21,69000,20584.768622592
19,V1-Elite-SMP3,21,72000,20584.768622592
19,V1-Elite-SMP3,21,75000,20584.540991969
19,V1-Elite-SMP3,21,78000,20584.540991969
19,V1-Elite-SMP3,21,81000,20584.540991969
19,V1-Elite-SMP3,21,84000,20584.540991969
19,V1-Elite-SMP3,21,87000,20583.9713007492
19,V1-Elite-SMP3,21,90000,20583.9713007492
19,V1-Elite-SMP3,21,93000,20583.9713007492
19,V1-Elite-SMP3,21,96000,20583.9713007492
19,V1-Elite-SMP3,21,99000,20583.9713007492
19,V1-Elite-SMP3,21,102000,18652.7760019027
19,V1-Elite-SMP3,21,105000,13581.3994012955
19,V1-Elite-SMP3,21,108000,13575.2692234787
19,V1-Elite-SMP3,21,111000,13575.2692234787
19,V1-Elite-SMP3,21,114000,13559.1532346483
19,V1-Elite-SMP3,21,117000,13557.6948672313
19,V1-Elite-SMP3,21,120000,13555.0692147667
19,V1-Elite-SMP3,21,123000,13555.0153380759
19,V1-Elite-SMP3,21,126000,13554.65039118
19,V1-Elite-SMP3,21,129000,13554.65039118
19,V1-Elite-SMP3,21,132000,13554.65039118
19,V1-Elite-SMP3,21,135000,13505.7837213372
19,V1-Elite-SMP3,21,138000,13452.8790078933
19,V1-Elite-SMP3,21,141000,13436.546091231
19,V1-Elite-SMP3,21,144000,13415.4976065275
19,V1-Elite-SMP3,21,147000,13415.4976065275
19,V1-Elite-SMP3,21,150000,13414.0956032957
19,V1-Elite-SMP3,21,153000,13411.3072813346
19,V1-Elite-SMP3,21,156000,13411.156949319
19,V1-Elite-SMP3,21,159000,13411.156949319
19,V1-Elite-SMP3,21,162000,13411.156949319
19,V1-Elite-SMP3,21,165000,13410.2383004693
19,V1-Elite-SMP3,21,168000,13410.2383004693
19,V1-Elite-SMP3,21,171000,13410.2383004693
19,V1-Elite-SMP3,21,174000,13410.2383004693
19,V1-Elite-SMP3,21,177000,13410.2383004693
19,V1-Elite-SMP3,21,180000,13410.2383004693
19,V1-Elite-SMP3,21,183000,11663.7536585855
19,V1-Elite-SMP3,21,186000,11534.6263367685
19,V1-Elite-SMP3,21,189000,9020.26652130987
19,V1-Elite-SMP3,21,192000,8820.14733153715
19,V1-Elite-SMP3,21,195000,8818.45143922074
19,V1-Elite-SMP3,21,198000,8817.05294682077
19,V1-Elite-SMP3,21,201000,8627.35235537679
19,V1-Elite-SMP3,21,204000,8527.16163444961
19,V1-Elite-SMP3,21,207000,8524.86843946476
19,V1-Elite-SMP3,21,210000,8522.8387397087
19,V1-Elite-SMP3,21,213000,8522.8387397087
19,V1-Elite-SMP3,21,216000,8522.77172522524
19,V1-Elite-SMP3,21,219000,8432.84039048788
19,V1-Elite-SMP3,21,222000,8431.63832653636
19,V1-Elite-SMP3,21,225000,8430.51077648465
19,V1-Elite-SMP3,21,228000,8430.22513849659
19,V1-Elite-SMP3,21,231000,8430.22513849659
19,V1-Elite-SMP3,21,234000,8430.22513849659
19,V1-Elite-SMP3,21,237000,8430.22513849659
19,V1-Elite-SMP3,21,240000,8430.22513849659
19,V1-Elite-SMP3,21,243000,8430.19768633752
19,V1-Elite-SMP3,21,246000,8429.85141666924
19,V1-Elite-SMP3,21,249000,8429.85141666924
19,V1-Elite-SMP3,21,252000,8415.99940397682
19,V1-Elite-SMP3,21,255000,8415.69427395353
19,V1-Elite-SMP3,21,258000,8415.28368103094
19,V1-Elite-SMP3,21,261000,8415.28368103094
19,V1-Elite-SMP3,21,264000,8415.01269191411
19,V1-Elite-SMP3,21,267000,8414.98200714522
19,V1-Elite-SMP3,21,270000,8414.84633903819
19,V1-Elite-SMP3,21,273000,8414.64178116084
19,V1-Elite-SMP3,21,276000,8414.64103434064
19,V1-Elite-SMP3,21,279000,8414.64103434064
19,V1-Elite-SMP3,21,282000,8414.64103434064
19,V1-Elite-SMP3,21,285000,8414.64103434064
19,V1-Elite-SMP3,21,288000,8411.33263251101
19,V1-Elite-SMP3,21,291000,8411.27377842853
19,V1-Elite-SMP3,21,294000,8408.53834335148
19,V1-Elite-SMP3,21,297000,8408.53834335148
19,V1-Elite-SMP3,21,300000,8381.24690497297
19,V1-Elite-SMP3,22,3000,256807.459508924
19,V1-Elite-SMP3,22,6000,91179.0291221993
19,V1-Elite-SMP3,22,9000,27146.2157604436
19,V1-Elite-SMP3,22,12000,17942.228745035
19,V1-Elite-SMP3,22,15000,17732.0661328732
19,V1-Elite-SMP3,22,18000,13348.6452887497
19,V1-Elite-SMP3,22,21000,13338.2845342044
19,V1-Elite-SMP3,22,24000,7499.33303426355
19,V1-Elite-SMP3,22,27000,7471.33506951375
19,V1-Elite-SMP3,22,30000,7469.86082033479
19,V1-Elite-SMP3,22,33000,7469.86082033479
19,V1-Elite-SMP3,22,36000,7467.85662353033
19,V1-Elite-SMP3,22,39000,5855.3330873012
19,V1-Elite-SMP3,22,42000,5502.73219324046
19,V1-Elite-SMP3,22,45000,5496.72750719411
19,V1-Elite-SMP3,22,48000,5494.93590824511
19,V1-Elite-SMP3,22,51000,5494.93590824511
19,V1-Elite-SMP3,22,54000,5494.81071877895
19,V1-Elite-SMP3,22,57000,5493.96499250813
19,V1-Elite-SMP3,22,60000,5118.12672498962
19,V1-Elite-SMP3,22,63000,5103.64459767837
19,V1-Elite-SMP3,22,66000,5036.02847793133
19,V1-Elite-SMP3,22,69000,5035.98767509473
19,V1-Elite-SMP3,22,72000,5034.39876820228
19,V1-Elite-SMP3,22,75000,5034.39876820228
19,V1-Elite-SMP3,22,78000,5034.37269060886
19,V1-Elite-SMP3,22,81000,5034.37269060886
19,V1-Elite-SMP3,22,84000,5034.37269060886
19,V1-Elite-SMP3,22,87000,5017.37163627257
19,V1-Elite-SMP3,22,90000,5017.37163627257
19,V1-Elite-SMP3,22,93000,5017.37163627257
19,V1-Elite-SMP3,22,96000,4942.99401069828
19,V1-Elite-SMP3,22,99000,4942.70654954505
19,V1-Elite-SMP3,22,102000,4809.53833028155
19,V1-Elite-SMP3,22,105000,4789.72425742722
19,V1-Elite-SMP3,22,108000,4789.46468321361
19,V1-Elite-SMP3,22,111000,4788.059947187
19,V1-Elite-SMP3,22,114000,4787.97897663244
19,V1-Elite-SMP3,22,117000,4787.97897663244
19,V1-Elite-SMP3,22,120000,4787.93597961774
19,V1-Elite-SMP3,22,123000,4787.93597961774
19,V1-Elite-SMP3,22,126000,4787.90447081648
19,V1-Elite-SMP3,22,129000,4780.79139943556
19,V1-Elite-SMP3,22,132000,4627.75243962809
19,V1-Elite-SMP3,22,135000,4626.3190872834
19,V1-Elite-SMP3,22,138000,4612.74115262744
19,V1-Elite-SMP3,22,141000,4612.74115262744
19,V1-Elite-SMP3,22,144000,4611.87194140843
19,V1-Elite-SMP3,22,147000,4611.61688865792
19,V1-Elite-SMP3,22,150000,4611.3302854864
19,V1-Elite-SMP3,22,153000,4466.7553293322
19,V1-Elite-SMP3,22,156000,4168.45327721371
19,V1-Elite-SMP3,22,159000,4167.76108999856
19,V1-Elite-SMP3,22,162000,4163.04369333179
19,V1-Elite-SMP3,22,165000,4118.41802170096
19,V1-Elite-SMP3,22,168000,3582.83193955818
19,V1-Elite-SMP3,22,171000,3578.78926210962
19,V1-Elite-SMP3,22,174000,3577.48803467485
19,V1-Elite-SMP3,22,177000,3577.14462704623
19,V1-Elite-SMP3,22,180000,3576.60203724439
19,V1-Elite-SMP3,22,183000,3576.60203724439
19,V1-Elite-SMP3,22,186000,3214.481342742
19,V1-Elite-SMP3,22,189000,3213.82314144946
19,V1-Elite-SMP3,22,192000,3124.45989903444
19,V1-Elite-SMP3,22,195000,3026.40503086909
19,V1-Elite-SMP3,22,198000,3024.32407945213
19,V1-Elite-SMP3,22,201000,3022.09296791047
19,V1-Elite-SMP3,22,204000,3021.97939326303
19,V1-Elite-SMP3,22,207000,3021.97939326303
19,V1-Elite-SMP3,22,210000,3021.92237696824
19,V1-Elite-SMP3,22,213000,3021.88272557184
19,V1-Elite-SMP3,22,216000,3021.88272557184
19,V1-Elite-SMP3,22,219000,3021.88272557184
19,V1-Elite-SMP3,22,222000,3021.87211765973
19,V1-Elite-SMP3,22,225000,3021.87211765973
19,V1-Elite-SMP3,22,228000,3021.87211765973
19,V1-Elite-SMP3,22,231000,3021.87211765973
19,V1-Elite-SMP3,22,234000,3021.67780843778
19,V1-Elite-SMP3,22,237000,3021.67780843778
19,V1-Elite-SMP3,22,240000,3021.67780843778
19,V1-Elite-SMP3,22,243000,3021.67780843778
19,V1-Elite-SMP3,22,246000,3021.67780843778
19,V1-Elite-SMP3,22,249000,3021.67780843778
19,V1-Elite-SMP3,22,252000,3013.18704702952
19,V1-Elite-SMP3,22,255000,3012.53299607076
19,V1-Elite-SMP3,22,258000,3012.53299607076
19,V1-Elite-SMP3,22,261000,2988.61121498709
19,V1-Elite-SMP3,22,264000,2987.67958378665
19,V1-Elite-SMP3,22,267000,2975.30756585229
19,V1-Elite-SMP3,22,270000,2975.22824754777
19,V1-Elite-SMP3,22,273000,2974.726469567
19,V1-Elite-SMP3,22,276000,2974.726469567
19,V1-Elite-SMP3,22,279000,2974.69654304811
19,V1-Elite-SMP3,22,282000,2974.34661080848
19,V1-Elite-SMP3,22,285000,2973.72824047552
19,V1-Elite-SMP3,22,288000,2973.71710748016
19,V1-Elite-SMP3,22,291000,2973.71710748016
19,V1-Elite-SMP3,22,294000,2973.53647007452
19,V1-Elite-SMP3,22,297000,2973.48187760797
19,V1-Elite-SMP3,22,300000,2970.71113917277
19,V1-Elite-SMP3,23,3000,594268.879164039
19,V1-Elite-SMP3,23,6000,92186.4209447437
19,V1-Elite-SMP3,23,9000,85148.6274585421
19,V1-Elite-SMP3,23,12000,43060.3239061832
19,V1-Elite-SMP3,23,15000,25110.8714283552
19,V1-Elite-SMP3,23,18000,23668.7714390741
19,V1-Elite-SMP3,23,21000,20832.5230408182
19,V1-Elite-SMP3,23,24000,20785.2236304899
19,V1-Elite-SMP3,23,27000,20527.5470604806
19,V1-Elite-SMP3,23,30000,20519.469094479
19,V1-Elite-SMP3,23,33000,20517.6879875436
19,V1-Elite-SMP3,23,36000,20517.6879875436
19,V1-Elite-SMP3,23,39000,20517.6879875436
19,V1-Elite-SMP3,23,42000,20517.4140054153
19,V1-Elite-SMP3,23,45000,20460.7708600668
19,V1-Elite-SMP3,23,48000,17552.4200781307
19,V1-Elite-SMP3,23,51000,12828.0781183399
19,V1-Elite-SMP3,23,54000,12299.2208443615
19,V1-Elite-SMP3,23,57000,12276.6112366723
19,V1-Elite-SMP3,23,60000,10615.5058760564
19,V1-Elite-SMP3,23,63000,10377.367731311
19,V1-Elite-SMP3,23,66000,5908.49719308401
19,V1-Elite-SMP3,23,69000,5852.10146722408
19,V1-Elite-SMP3,23,72000,5843.17621936725
19,V1-Elite-SMP3,23,75000,5458.70587233338
19,V1-Elite-SMP3,23,78000,5457.61654221764
19,V1-Elite-SMP3,23,81000,5204.06186999653
19,V1-Elite-SMP3,23,84000,3507.34543198947
19,V1-Elite-SMP3,23,87000,3348.19684638908
19,V1-Elite-SMP3,23,90000,3346.79038761101
19,V1-Elite-SMP3,23,93000,3346.50591075333
19,V1-Elite-SMP3,23,96000,3344.97288034492
19,V1-Elite-SMP3,23,99000,3343.75164446668
19,V1-Elite-SMP3,23,102000,3342.58834705509
19,V1-Elite-SMP3,23,105000,3341.52192024615
19,V1-Elite-SMP3,23,108000,3140.43200634713
19,V1-Elite-SMP3,23,111000,3139.73561085374
19,V1-Elite-SMP3,23,114000,2110.77164995426
19,V1-Elite-SMP3,23,117000,2107.06585465511
19,V1-Elite-SMP3,23,120000,2106.26192727276
19,V1-Elite-SMP3,23,123000,2105.60170922825
19,V1-Elite-SMP3,23,126000,2105.0744292622
19,V1-Elite-SMP3,23,129000,2105.0744292622
19,V1-Elite-SMP3,23,132000,2105.0744292622
19,V1-Elite-SMP3,23,135000,2103.53075584433
19,V1-Elite-SMP3,23,138000,2102.97420193757
19,V1-Elite-SMP3,23,141000,2102.97420193757
19,V1-Elite-SMP3,23,144000,2102.63925065437
19,V1-Elite-SMP3,23,147000,2102.63925065437
19,V1-Elite-SMP3,23,150000,1956.06068302573
19,V1-Elite-SMP3,23,153000,1953.82364570155
19,V1-Elite-SMP3,23,156000,1952.7227669187
19,V1-Elite-SMP3,23,159000,1952.7227669187
19,V1-Elite-SMP3,23,162000,1932.85789040382
19,V1-Elite-SMP3,23,165000,1932.85789040382
19,V1-Elite-SMP3,23,168000,1834.94270404545
19,V1-Elite-SMP3,23,171000,1834.68580342449
19,V1-Elite-SMP3,23,174000,1796.02036256565
19,V1-Elite-SMP3,23,177000,1794.6368133835
19,V1-Elite-SMP3,23,180000,1776.37046945413
19,V1-Elite-SMP3,23,183000,1775.01949269966
19,V1-Elite-SMP3,23,186000,1774.75975379172
19,V1-Elite-SMP3,23,189000,1766.56641338587
19,V1-Elite-SMP3,23,192000,1763.32624752643
19,V1-Elite-SMP3,23,195000,1763.32624752643
19,V1-Elite-SMP3,23,198000,1763.32624752643
19,V1-Elite-SMP3,23,201000,1750.69616874673
19,V1-Elite-SMP3,23,204000,1749.45317430304
19,V1-Elite-SMP3,23,207000,1749.02234304843
19,V1-Elite-SMP3,23,210000,1748.45850699409
19,V1-Elite-SMP3,23,213000,1748.45850699409
19,V1-Elite-SMP3,23,216000,1748.30612185248
19,V1-Elite-SMP3,23,219000,1747.99624442278
19,V1-Elite-SMP3,23,222000,1740.60540105766
19,V1-Elite-SMP3,23,225000,1738.31096252468
19,V1-Elite-SMP3,23,228000,1721.20200923968
19,V1-Elite-SMP3,23,231000,1720.62256626486
19,V1-Elite-SMP3,23,234000,1623.03299087395
19,V1-Elite-SMP3,23,237000,1622.90271979198
19,V1-Elite-SMP3,23,240000,1622.4716931364
19,V1-Elite-SMP3,23,243000,1622.38939361885
19,V1-Elite-SMP3,23,246000,1622.38939361885
19,V1-Elite-SMP3,23,249000,1622.07876542827
19,V1-Elite-SMP3,23,252000,1622.07876542827
19,V1-Elite-SMP3,23,255000,1613.82779267179
19,V1-Elite-SMP3,23,258000,1609.71651446081
19,V1-Elite-SMP3,23,261000,1609.18501899411
19,V1-Elite-SMP3,23,264000,1609.10143777294
19,V1-Elite-SMP3,23,267000,1606.62481512083
19,V1-Elite-SMP3,23,270000,1603.48749499422
19,V1-Elite-SMP3,23,273000,1603.16119604463
19,V1-Elite-SMP3,23,276000,1602.7672139832
19,V1-Elite-SMP3,23,279000,1602.7672139832
19,V1-Elite-SMP3,23,282000,1602.72956994275
19,V1-Elite-SMP3,23,285000,1602.57542249382
19,V1-Elite-SMP3,23,288000,1601.67808729816
19,V1-Elite-SMP3,23,291000,1599.78945160345
19,V1-Elite-SMP3,23,294000,1598.70572033568
19,V1-Elite-SMP3,23,297000,1598.54688665541
19,V1-Elite-SMP3,23,300000,1598.45249454296
22,V1-Elite-SMP3,21,3000,6298.981460372
22,V1-Elite-SMP3,21,6000,6086.1666181917
22,V1-Elite-SMP3,21,9000,4563.689308692
22,V1-Elite-SMP3,21,12000,4563.689308692
22,V1-Elite-SMP3,21,15000,4563.689308692
22,V1-Elite-SMP3,21,18000,4563.689308692
22,V1-Elite-SMP3,21,21000,4530.85858469577
22,V1-Elite-SMP3,21,24000,4306.86522982718
22,V1-Elite-SMP3,21,27000,4306.86522982718
22,V1-Elite-SMP3,21,30000,4188.56865242622
22,V1-Elite-SMP3,21,33000,4188.56865242622
22,V1-Elite-SMP3,21,36000,4174.17914545004
22,V1-Elite-SMP3,21,39000,4036.7803680928
22,V1-Elite-SMP3,21,42000,4036.7803680928
22,V1-Elite-SMP3,21,45000,4036.7803680928
22,V1-Elite-SMP3,21,48000,4036.7803680928
22,V1-Elite-SMP3,21,51000,3950.78501112125
22,V1-Elite-SMP3,21,54000,3950.78501112125
22,V1-Elite-SMP3,21,57000,3950.78501112125
22,V1-Elite-SMP3,21,60000,3950.78501112125
22,V1-Elite-SMP3,21,63000,3950.78501112125
22,V1-Elite-SMP3,21,66000,3950.78501112125
22,V1-Elite-SMP3,21,69000,3950.78501112125
22,V1-Elite-SMP3,21,72000,3889.60876700636
22,V1-Elite-SMP3,21,75000,3889.60876700636
22,V1-Elite-SMP3,21,78000,3889.60876700636
22,V1-Elite-SMP3,21,81000,3889.60876700636
22,V1-Elite-SMP3,21,84000,3889.60876700636
22,V1-Elite-SMP3,21,87000,3889.60876700636
22,V1-Elite-SMP3,21,90000,3850.08963928149
22,V1-Elite-SMP3,21,93000,3850.08963928149
22,V1-Elite-SMP3,21,96000,3850.08963928149
22,V1-Elite-SMP3,21,99000,3845.82188348153
22,V1-Elite-SMP3,21,102000,3845.82188348153
22,V1-Elite-SMP3,21,105000,3845.82188348153
22,V1-Elite-SMP3,21,108000,3834.03974328115
22,V1-Elite-SMP3,21,111000,3834.03974328115
22,V1-Elite-SMP3,21,114000,3834.03974328115
22,V1-Elite-SMP3,21,117000,3834.03974328115
22,V1-Elite-SMP3,21,120000,3834.03974328115
22,V1-Elite-SMP3,21,123000,3834.03974328115
22,V1-Elite-SMP3,21,126000,3829.84297417831
22,V1-Elite-SMP3,21,129000,3825.70361580601
22,V1-Elite-SMP3,21,132000,3825.70361580601
22,V1-Elite-SMP3,21,135000,3825.70361580601
22,V1-Elite-SMP3,21,138000,3825.70361580601
22,V1-Elite-SMP3,21,141000,3825.70361580601
22,V1-Elite-SMP3,21,144000,3825.70361580601
22,V1-Elite-SMP3,21,147000,3805.75644426131
22,V1-Elite-SMP3,21,150000,3797.26587257317
22,V1-Elite-SMP3,21,153000,3743.31336664535
22,V1-Elite-SMP3,21,156000,3741.09357661114
22,V1-Elite-SMP3,21,159000,3741.09357661114
22,V1-Elite-SMP3,21,162000,3741.09357661114
22,V1-Elite-SMP3,21,165000,3733.32045769895
22,V1-Elite-SMP3,21,168000,3733.32045769895
22,V1-Elite-SMP3,21,171000,3731.56666023907
22,V1-Elite-SMP3,21,174000,3731.56666023907
22,V1-Elite-SMP3,21,177000,3731.56666023907
22,V1-Elite-SMP3,21,180000,3727.30552690585
22,V1-Elite-SMP3,21,183000,3717.17058872629
22,V1-Elite-SMP3,21,186000,3712.47131639858
22,V1-Elite-SMP3,21,189000,3688.06580646324
22,V1-Elite-SMP3,21,192000,3688.06580646324
22,V1-Elite-SMP3,21,195000,3688.06580646324
22,V1-Elite-SMP3,21,198000,3688.06580646324
22,V1-Elite-SMP3,21,201000,3688.06580646324
22,V1-Elite-SMP3,21,204000,3648.27729082598
22,V1-Elite-SMP3,21,207000,3647.36552047092
22,V1-Elite-SMP3,21,210000,3647.36552047092
22,V1-Elite-SMP3,21,213000,3647.36552047092
22,V1-Elite-SMP3,21,216000,3647.36552047092
22,V1-Elite-SMP3,21,219000,3647.36552047092
22,V1-Elite-SMP3,21,222000,3647.36552047092
22,V1-Elite-SMP3,21,225000,3647.36552047092
22,V1-Elite-SMP3,21,228000,3647.36552047092
22,V1-Elite-SMP3,21,231000,3647.36552047092
22,V1-Elite-SMP3,21,234000,3639.59940069646
22,V1-Elite-SMP3,21,237000,3639.59940069646
22,V1-Elite-SMP3,21,240000,3628.31256885233
22,V1-Elite-SMP3,21,243000,3628.31256885233
22,V1-Elite-SMP3,21,246000,3624.63053742978
22,V1-Elite-SMP3,21,249000,3607.67089932357
22,V1-Elite-SMP3,21,252000,3601.79367732975
22,V1-Elite-SMP3,21,255000,3599.25622510112
22,V1-Elite-SMP3,21,258000,3599.25622510112
22,V1-Elite-SMP3,21,261000,3599.25622510112
22,V1-Elite-SMP3,21,264000,3598.02546056732
22,V1-Elite-SMP3,21,267000,3590.33963519052
22,V1-Elite-SMP3,21,270000,3589.20396318778
22,V1-Elite-SMP3,21,273000,3584.12184369027
22,V1-Elite-SMP3,21,276000,3582.32525650854
22,V1-Elite-SMP3,21,279000,3580.82311262937
22,V1-Elite-SMP3,21,282000,3580.82311262937
22,V1-Elite-SMP3,21,285000,3576.15678262919
22,V1-Elite-SMP3,21,288000,3575.26910112322
22,V1-Elite-SMP3,21,291000,3574.70743143489
22,V1-Elite-SMP3,21,294000,3573.54135757964
22,V1-Elite-SMP3,21,297000,3572.99190647183
22,V1-Elite-SMP3,21,300000,3572.85260219331
22,V1-Elite-SMP3,22,3000,245.036759978598
22,V1-Elite-SMP3,22,6000,151.601413628934
22,V1-Elite-SMP3,22,9000,132.748115584052
22,V1-Elite-SMP3,22,12000,132.343472331955
22,V1-Elite-SMP3,22,15000,130.908769139085
22,V1-Elite-SMP3,22,18000,128.786225767477
22,V1-Elite-SMP3,22,21000,128.786225767477
22,V1-Elite-SMP3,22,24000,127.791790891581
22,V1-Elite-SMP3,22,27000,125.512849733865
22,V1-Elite-SMP3,22,30000,125.512849733865
22,V1-Elite-SMP3,22,33000,125.512849733865
22,V1-Elite-SMP3,22,36000,125.512849733865
22,V1-Elite-SMP3,22,39000,125.092550836814
22,V1-Elite-SMP3,22,42000,125.082204087051
22,V1-Elite-SMP3,22,45000,124.352754815694
22,V1-Elite-SMP3,22,48000,123.626242184498
22,V1-Elite-SMP3,22,51000,123.604031211473
22,V1-Elite-SMP3,22,54000,122.771125673084
22,V1-Elite-SMP3,22,57000,122.387461684491
22,V1-Elite-SMP3,22,60000,121.724440165538
22,V1-Elite-SMP3,22,63000,121.724440165538
22,V1-Elite-SMP3,22,66000,120.539267094808
22,V1-Elite-SMP3,22,69000,120.539267094808
22,V1-Elite-SMP3,22,72000,119.923437623971
22,V1-Elite-SMP3,22,75000,119.923437623971
22,V1-Elite-SMP3,22,78000,119.923437623971
22,V1-Elite-SMP3,22,81000,119.923437623971
22,V1-Elite-SMP3,22,84000,119.82262890927
22,V1-Elite-SMP3,22,87000,119.82262890927
22,V1-Elite-SMP3,22,90000,119.781516723636
22,V1-Elite-SMP3,22,93000,119.299108409931
22,V1-Elite-SMP3,22,96000,119.299108409931
22,V1-Elite-SMP3,22,99000,119.299108409931
22,V1-Elite-SMP3,22,102000,119.003780669166
22,V1-Elite-SMP3,22,105000,118.908616444427
22,V1-Elite-SMP3,22,108000,118.908616444427
22,V1-Elite-SMP3,22,111000,118.908616444427
22,V1-Elite-SMP3,22,114000,118.60000510292
22,V1-Elite-SMP3,22,117000,118.02831421818
22,V1-Elite-SMP3,22,120000,118.02831421818
22,V1-Elite-SMP3,22,123000,118.02831421818
22,V1-Elite-SMP3,22,126000,118.02831421818
22,V1-Elite-SMP3,22,129000,118.02831421818
22,V1-Elite-SMP3,22,132000,117.336101323004
22,V1-Elite-SMP3,22,135000,117.319874562742
22,V1-Elite-SMP3,22,138000,117.319874562742
22,V1-Elite-SMP3,22,141000,117.319874562742
22,V1-Elite-SMP3,22,144000,117.319874562742
22,V1-Elite-SMP3,22,147000,117.319874562742
22,V1-Elite-SMP3,22,150000,117.319874562742
22,V1-Elite-SMP3,22,153000,117.166664511784
22,V1-Elite-SMP3,22,156000,116.642161346141
22,V1-Elite-SMP3,22,159000,116.642161346141
22,V1-Elite-SMP3,22,162000,116.642161346141
22,V1-Elite-SMP3,22,165000,115.746027602525
22,V1-Elite-SMP3,22,168000,115.6147785951
22,V1-Elite-SMP3,22,171000,115.6147785951
22,V1-Elite-SMP3,22,174000,115.6147785951
22,V1-Elite-SMP3,22,177000,114.547920125648
22,V1-Elite-SMP3,22,180000,114.547920125648
22,V1-Elite-SMP3,22,183000,114.547920125648
22,V1-Elite-SMP3,22,186000,114.547920125648
22,V1-Elite-SMP3,22,189000,114.547920125648
22,V1-Elite-SMP3,22,192000,114.547920125648
22,V1-Elite-SMP3,22,195000,114.547920125648
22,V1-Elite-SMP3,22,198000,114.547920125648
22,V1-Elite-SMP3,22,201000,114.498783477342
22,V1-Elite-SMP3,22,204000,114.485589381854
22,V1-Elite-SMP3,22,207000,114.485589381854
22,V1-Elite-SMP3,22,210000,113.834000380656
22,V1-Elite-SMP3,22,213000,113.834000380656
22,V1-Elite-SMP3,22,216000,113.719146925408
22,V1-Elite-SMP3,22,219000,113.719146925408
22,V1-Elite-SMP3,22,222000,113.719146925408
22,V1-Elite-SMP3,22,225000,113.393672901814
22,V1-Elite-SMP3,22,228000,113.393672901814
22,V1-Elite-SMP3,22,231000,112.938621885141
22,V1-Elite-SMP3,22,234000,112.938621885141
22,V1-Elite-SMP3,22,237000,112.938621885141
22,V1-Elite-SMP3,22,240000,112.004300228655
22,V1-Elite-SMP3,22,243000,111.91828665
22,V1-Elite-SMP3,22,246000,111.91828665
22,V1-Elite-SMP3,22,249000,111.306286562923
22,V1-Elite-SMP3,22,252000,110.454793777602
22,V1-Elite-SMP3,22,255000,108.955023301878
22,V1-Elite-SMP3,22,258000,108.388864912677
22,V1-Elite-SMP3,22,261000,108.329974091429
22,V1-Elite-SMP3,22,264000,107.628672263771
22,V1-Elite-SMP3,22,267000,107.558608325321
22,V1-Elite-SMP3,22,270000,106.534722409067
22,V1-Elite-SMP3,22,273000,104.984719026361
22,V1-Elite-SMP3,22,276000,104.879480578961
22,V1-Elite-SMP3,22,279000,104.434757225977
22,V1-Elite-SMP3,22,282000,103.149942612503
22,V1-Elite-SMP3,22,285000,102.4401032652
22,V1-Elite-SMP3,22,288000,102.327968622519
22,V1-Elite-SMP3,22,291000,101.806025326685
22,V1-Elite-SMP3,22,294000,101.155825034514
22,V1-Elite-SMP3,22,297000,100.574882522583
22,V1-Elite-SMP3,22,300000,100.066031963597
22,V1-Elite-SMP3,23,3000,754.654692218086
22,V1-Elite-SMP3,23,6000,252.408007235786
22,V1-Elite-SMP3,23,9000,170.301340840333
22,V1-Elite-SMP3,23,12000,140.580582383323
22,V1-Elite-SMP3,23,15000,131.001854303658
22,V1-Elite-SMP3,23,18000,131.001854303658
22,V1-Elite-SMP3,23,21000,130.10728783896
22,V1-Elite-SMP3,23,24000,129.715492575131
22,V1-Elite-SMP3,23,27000,127.372977135959
22,V1-Elite-SMP3,23,30000,126.978012832683
22,V1-Elite-SMP3,23,33000,126.978012832683
22,V1-Elite-SMP3,23,36000,125.08007343565
22,V1-Elite-SMP3,23,39000,123.869230158154
22,V1-Elite-SMP3,23,42000,123.869230158154
22,V1-Elite-SMP3,23,45000,122.847060404745
22,V1-Elite-SMP3,23,48000,122.847060404745
22,V1-Elite-SMP3,23,51000,122.847060404745
22,V1-Elite-SMP3,23,54000,122.847060404745
22,V1-Elite-SMP3,23,57000,122.62065301552
22,V1-Elite-SMP3,23,60000,122.508290210777
22,V1-Elite-SMP3,23,63000,122.508290210777
22,V1-Elite-SMP3,23,66000,122.508290210777
22,V1-Elite-SMP3,23,69000,122.347155911937
22,V1-Elite-SMP3,23,72000,122.347155911937
22,V1-Elite-SMP3,23,75000,122.347155911937
22,V1-Elite-SMP3,23,78000,122.347155911937
22,V1-Elite-SMP3,23,81000,122.347155911937
22,V1-Elite-SMP3,23,84000,122.054944192739
22,V1-Elite-SMP3,23,87000,122.049985402061
22,V1-Elite-SMP3,23,90000,122.049985402061
22,V1-Elite-SMP3,23,93000,120.849683631378
22,V1-Elite-SMP3,23,96000,120.176028247275
22,V1-Elite-SMP3,23,99000,120.176028247275
22,V1-Elite-SMP3,23,102000,120.176028247275
22,V1-Elite-SMP3,23,105000,119.415690223892
22,V1-Elite-SMP3,23,108000,119.415690223892
22,V1-Elite-SMP3,23,111000,119.415690223892
22,V1-Elite-SMP3,23,114000,119.415690223892
22,V1-Elite-SMP3,23,117000,119.142460120054
22,V1-Elite-SMP3,23,120000,119.142460120054
22,V1-Elite-SMP3,23,123000,119.142460120054
22,V1-Elite-SMP3,23,126000,119.070248904184
22,V1-Elite-SMP3,23,129000,118.964154767945
22,V1-Elite-SMP3,23,132000,118.900015361121
22,V1-Elite-SMP3,23,135000,118.883695457114
22,V1-Elite-SMP3,23,138000,118.834694219935
22,V1-Elite-SMP3,23,141000,117.98518780483
22,V1-Elite-SMP3,23,144000,117.98518780483
22,V1-Elite-SMP3,23,147000,117.114791199474
22,V1-Elite-SMP3,23,150000,117.114791199474
22,V1-Elite-SMP3,23,153000,117.038240324612
22,V1-Elite-SMP3,23,156000,116.826582814636
22,V1-Elite-SMP3,23,159000,116.826582814636
22,V1-Elite-SMP3,23,162000,116.826582814636
22,V1-Elite-SMP3,23,165000,116.826582814636
22,V1-Elite-SMP3,23,168000,116.826582814636
22,V1-Elite-SMP3,23,171000,116.157799440784
22,V1-Elite-SMP3,23,174000,116.038357998549
22,V1-Elite-SMP3,23,177000,116.038357998549
22,V1-Elite-SMP3,23,180000,116.038357998549
22,V1-Elite-SMP3,23,183000,116.038357998549
22,V1-Elite-SMP3,23,186000,115.824760948452
22,V1-Elite-SMP3,23,189000,115.824760948452
22,V1-Elite-SMP3,23,192000,115.705908370619
22,V1-Elite-SMP3,23,195000,115.627719638921
22,V1-Elite-SMP3,23,198000,115.12558673914
22,V1-Elite-SMP3,23,201000,115.12558673914
22,V1-Elite-SMP3,23,204000,114.724544863035
22,V1-Elite-SMP3,23,207000,114.655656313973
22,V1-Elite-SMP3,23,210000,114.617729151653
22,V1-Elite-SMP3,23,213000,114.509970473394
22,V1-Elite-SMP3,23,216000,114.310498907521
22,V1-Elite-SMP3,23,219000,113.282390531327
22,V1-Elite-SMP3,23,222000,113.282390531327
22,V1-Elite-SMP3,23,225000,113.282390531327
22,V1-Elite-SMP3,23,228000,113.282390531327
22,V1-Elite-SMP3,23,231000,112.884086930648
22,V1-Elite-SMP3,23,234000,112.884086930648
22,V1-Elite-SMP3,23,237000,112.760047245053
22,V1-Elite-SMP3,23,240000,112.760047245053
22,V1-Elite-SMP3,23,243000,112.162119083465
22,V1-Elite-SMP3,23,246000,112.162119083465
22,V1-Elite-SMP3,23,249000,112.12392042919
22,V1-Elite-SMP3,23,252000,110.81692758053
22,V1-Elite-SMP3,23,255000,109.372439787242
22,V1-Elite-SMP3,23,258000,108.947980271454
22,V1-Elite-SMP3,23,261000,108.947980271454
22,V1-Elite-SMP3,23,264000,107.951370349643
22,V1-Elite-SMP3,23,267000,107.259432367819
22,V1-Elite-SMP3,23,270000,107.259432367819
22,V1-Elite-SMP3,23,273000,105.872243418718
22,V1-Elite-SMP3,23,276000,105.204243938559
22,V1-Elite-SMP3,23,279000,105.197108178907
22,V1-Elite-SMP3,23,282000,104.447189333089
22,V1-Elite-SMP3,23,285000,103.24103936388
22,V1-Elite-SMP3,23,288000,101.884421085467
22,V1-Elite-SMP3,23,291000,101.593751925552
22,V1-Elite-SMP3,23,294000,100.829576124632
22,V1-Elite-SMP3,23,297000,100.520250002045
22,V1-Elite-SMP3,23,300000,100.065037085819
26,V1-Elite-SMP3,21,3000,4541.21503011126
26,V1-Elite-SMP3,21,6000,3347.57547964907
26,V1-Elite-SMP3,21,9000,3113.44334165918
26,V1-Elite-SMP3,21,12000,2839.90151324998
26,V1-Elite-SMP3,21,15000,2801.95176205342
26,V1-Elite-SMP3,21,18000,2772.77567462684
26,V1-Elite-SMP3,21,21000,2713.82145541871
26,V1-Elite-SMP3,21,24000,2713.82145541871
26,V1-Elite-SMP3,21,27000,2713.82145541871
26,V1-Elite-SMP3,21,30000,2713.82145541871
26,V1-Elite-SMP3,21,33000,2709.98971265383
26,V1-Elite-SMP3,21,36000,2709.98971265383
26,V1-Elite-SMP3,21,39000,2709.98971265383
26,V1-Elite-SMP3,21,42000,2709.98971265383
26,V1-Elite-SMP3,21,45000,2709.98971265383
26,V1-Elite-SMP3,21,48000,2684.02217541961
26,V1-Elite-SMP3,21,51000,2684.02217541961
26,V1-Elite-SMP3,21,54000,2627.67158567066
26,V1-Elite-SMP3,21,57000,2627.67158567066
26,V1-Elite-SMP3,21,60000,2627.67158567066
26,V1-Elite-SMP3,21,63000,2627.67158567066
26,V1-Elite-SMP3,21,66000,2627.67158567066
26,V1-Elite-SMP3,21,69000,2625.9470714618
26,V1-Elite-SMP3,21,72000,2625.9470714618
26,V1-Elite-SMP3,21,75000,2625.84727570447
26,V1-Elite-SMP3,21,78000,2625.84727570447
26,V1-Elite-SMP3,21,81000,2625.84727570447
26,V1-Elite-SMP3,21,84000,2625.84727570447
26,V1-Elite-SMP3,21,87000,2621.99940688987
26,V1-Elite-SMP3,21,90000,2621.99940688987
26,V1-Elite-SMP3,21,93000,2621.99940688987
26,V1-Elite-SMP3,21,96000,2611.95701960567
26,V1-Elite-SMP3,21,99000,2611.95701960567
26,V1-Elite-SMP3,21,102000,2611.95701960567
26,V1-Elite-SMP3,21,105000,2611.95701960567
26,V1-Elite-SMP3,21,108000,2611.95701960567
26,V1-Elite-SMP3,21,111000,2611.95701960567
26,V1-Elite-SMP3,21,114000,2611.95701960567
26,V1-Elite-SMP3,21,117000,2611.95701960567
26,V1-Elite-SMP3,21,120000,2611.95701960567
26,V1-Elite-SMP3,21,123000,2611.95701960567
26,V1-Elite-SMP3,21,126000,2609.86882469392
26,V1-Elite-SMP3,21,129000,2609.86882469392
26,V1-Elite-SMP3,21,132000,2604.66008709174
26,V1-Elite-SMP3,21,135000,2604.66008709174
26,V1-Elite-SMP3,21,138000,2600.65461836217
26,V1-Elite-SMP3,21,141000,2600.65461836217
26,V1-Elite-SMP3,21,144000,2589.13969781927
26,V1-Elite-SMP3,21,147000,2589.13969781927
26,V1-Elite-SMP3,21,150000,2575.94182700338
26,V1-Elite-SMP3,21,153000,2575.94182700338
26,V1-Elite-SMP3,21,156000,2568.40263505117
26,V1-Elite-SMP3,21,159000,2568.40263505117
26,V1-Elite-SMP3,21,162000,2568.40263505117
26,V1-Elite-SMP3,21,165000,2568.40263505117
26,V1-Elite-SMP3,21,168000,2568.40263505117
26,V1-Elite-SMP3,21,171000,2567.60539334703
26,V1-Elite-SMP3,21,174000,2567.60539334703
26,V1-Elite-SMP3,21,177000,2565.04443993986
26,V1-Elite-SMP3,21,180000,2551.87258248933
26,V1-Elite-SMP3,21,183000,2551.87258248933
26,V1-Elite-SMP3,21,186000,2551.87258248933
26,V1-Elite-SMP3,21,189000,2527.65462607124
26,V1-Elite-SMP3,21,192000,2527.65462607124
26,V1-Elite-SMP3,21,195000,2515.46551435259
26,V1-Elite-SMP3,21,198000,2515.46551435259
26,V1-Elite-SMP3,21,201000,2508.1924239888
26,V1-Elite-SMP3,21,204000,2505.40730401821
26,V1-Elite-SMP3,21,207000,2503.65686436603
26,V1-Elite-SMP3,21,210000,2503.65686436603
26,V1-Elite-SMP3,21,213000,2503.65686436603
26,V1-Elite-SMP3,21,216000,2500.43216332174
26,V1-Elite-SMP3,21,219000,2500.11431095346
26,V1-Elite-SMP3,21,222000,2487.59586187843
26,V1-Elite-SMP3,21,225000,2486.92884423157
26,V1-Elite-SMP3,21,228000,2482.04280111796
26,V1-Elite-SMP3,21,231000,2382.15078611949
26,V1-Elite-SMP3,21,234000,2356.83665483101
26,V1-Elite-SMP3,21,237000,2344.47532557735
26,V1-Elite-SMP3,21,240000,2331.89529496738
26,V1-Elite-SMP3,21,243000,2323.12887141774
26,V1-Elite-SMP3,21,246000,2318.60913938184
26,V1-Elite-SMP3,21,249000,2308.33892770765
26,V1-Elite-SMP3,21,252000,2304.76676167988
26,V1-Elite-SMP3,21,255000,2304.76676167988
26,V1-Elite-SMP3,21,258000,2303.90891736017
26,V1-Elite-SMP3,21,261000,2303.84066942907
26,V1-Elite-SMP3,21,264000,2300.11255920406
26,V1-Elite-SMP3,21,267000,2298.7480670465
26,V1-Elite-SMP3,21,270000,2296.5200106638
26,V1-Elite-SMP3,21,273000,2296.45146071783
26,V1-Elite-SMP3,21,276000,2295.85602037591
26,V1-Elite-SMP3,21,279000,2295.56710085024
26,V1-Elite-SMP3,21,282000,2294.9724856755
26,V1-Elite-SMP3,21,285000,2294.86805661185
26,V1-Elite-SMP3,21,288000,2293.74800900158
26,V1-Elite-SMP3,21,291000,2293.10265147529
26,V1-Elite-SMP3,21,294000,2292.67194302681
26,V1-Elite-SMP3,21,297000,2291.96688560696
26,V1-Elite-SMP3,21,300000,2291.88356003658
26,V1-Elite-SMP3,22,3000,1155.14339363537
26,V1-Elite-SMP3,22,6000,653.325665973241
26,V1-Elite-SMP3,22,9000,458.591475096748
26,V1-Elite-SMP3,22,12000,389.133348722469
26,V1-Elite-SMP3,22,15000,354.497145812372
26,V1-Elite-SMP3,22,18000,346.282489062647
26,V1-Elite-SMP3,22,21000,341.131370562417
26,V1-Elite-SMP3,22,24000,340.915404059841
26,V1-Elite-SMP3,22,27000,334.532220915061
26,V1-Elite-SMP3,22,30000,334.412191628173
26,V1-Elite-SMP3,22,33000,330.952099531114
26,V1-Elite-SMP3,22,36000,330.613066113187
26,V1-Elite-SMP3,22,39000,327.844934971166
26,V1-Elite-SMP3,22,42000,325.156550685023
26,V1-Elite-SMP3,22,45000,323.24153648507
26,V1-Elite-SMP3,22,48000,320.722392333138
26,V1-Elite-SMP3,22,51000,320.722392333138
26,V1-Elite-SMP3,22,54000,319.726699729543
26,V1-Elite-SMP3,22,57000,319.726699729543
26,V1-Elite-SMP3,22,60000,319.726699729543
26,V1-Elite-SMP3,22,63000,319.726699729543
26,V1-Elite-SMP3,22,66000,319.726699729543
26,V1-Elite-SMP3,22,69000,319.726699729543
26,V1-Elite-SMP3,22,72000,319.726699729543
26,V1-Elite-SMP3,22,75000,318.560866786731
26,V1-Elite-SMP3,22,78000,318.560866786731
26,V1-Elite-SMP3,22,81000,318.560866786731
26,V1-Elite-SMP3,22,84000,318.560866786731
26,V1-Elite-SMP3,22,87000,318.560866786731
26,V1-Elite-SMP3,22,90000,318.560866786731
26,V1-Elite-SMP3,22,93000,317.625385720588
26,V1-Elite-SMP3,22,96000,315.801703364324
26,V1-Elite-SMP3,22,99000,315.801703364324
26,V1-Elite-SMP3,22,102000,315.801703364324
26,V1-Elite-SMP3,22,105000,315.801703364324
26,V1-Elite-SMP3,22,108000,315.801703364324
26,V1-Elite-SMP3,22,111000,314.971507991158
26,V1-Elite-SMP3,22,114000,314.939748789066
26,V1-Elite-SMP3,22,117000,314.833405220667
26,V1-Elite-SMP3,22,120000,314.833405220667
26,V1-Elite-SMP3,22,123000,314.833405220667
26,V1-Elite-SMP3,22,126000,313.419726096934
26,V1-Elite-SMP3,22,129000,313.163619472743
26,V1-Elite-SMP3,22,132000,313.163619472743
26,V1-Elite-SMP3,22,135000,313.163619472743
26,V1-Elite-SMP3,22,138000,313.163619472743
26,V1-Elite-SMP3,22,141000,312.170441651687
26,V1-Elite-SMP3,22,144000,312.170441651687
26,V1-Elite-SMP3,22,147000,312.170441651687
26,V1-Elite-SMP3,22,150000,311.988187924928
26,V1-Elite-SMP3,22,153000,311.656120758654
26,V1-Elite-SMP3,22,156000,311.656120758654
26,V1-Elite-SMP3,22,159000,311.298712055591
26,V1-Elite-SMP3,22,162000,311.298712055591
26,V1-Elite-SMP3,22,165000,311.298712055591
26,V1-Elite-SMP3,22,168000,311.298712055591
26,V1-Elite-SMP3,22,171000,310.923100830121
26,V1-Elite-SMP3,22,174000,310.923100830121
26,V1-Elite-SMP3,22,177000,310.08424923227
26,V1-Elite-SMP3,22,180000,309.42563874914
26,V1-Elite-SMP3,22,183000,309.42563874914
26,V1-Elite-SMP3,22,186000,309.42563874914
26,V1-Elite-SMP3,22,189000,309.42563874914
26,V1-Elite-SMP3,22,192000,308.625968342988
26,V1-Elite-SMP3,22,195000,307.499044811731
26,V1-Elite-SMP3,22,198000,307.499044811731
26,V1-Elite-SMP3,22,201000,307.499044811731
26,V1-Elite-SMP3,22,204000,307.499044811731
26,V1-Elite-SMP3,22,207000,307.499044811731
26,V1-Elite-SMP3,22,210000,307.071309563818
26,V1-Elite-SMP3,22,213000,307.071309563818
26,V1-Elite-SMP3,22,216000,307.054112917568
26,V1-Elite-SMP3,22,219000,306.999275895285
26,V1-Elite-SMP3,22,222000,306.270693185024
26,V1-Elite-SMP3,22,225000,306.270693185024
26,V1-Elite-SMP3,22,228000,306.270693185024
26,V1-Elite-SMP3,22,231000,306.052043401921
26,V1-Elite-SMP3,22,234000,305.754335938948
26,V1-Elite-SMP3,22,237000,305.621955829159
26,V1-Elite-SMP3,22,240000,304.98437950352
26,V1-Elite-SMP3,22,243000,304.98437950352
26,V1-Elite-SMP3,22,246000,304.979157369461
26,V1-Elite-SMP3,22,249000,304.669572357373
26,V1-Elite-SMP3,22,252000,304.16422334855
26,V1-Elite-SMP3,22,255000,304.16422334855
26,V1-Elite-SMP3,22,258000,304.16422334855
26,V1-Elite-SMP3,22,261000,303.970539845971
26,V1-Elite-SMP3,22,264000,303.088056364976
26,V1-Elite-SMP3,22,267000,303.085227120689
26,V1-Elite-SMP3,22,270000,302.893487615177
26,V1-Elite-SMP3,22,273000,302.473288252843
26,V1-Elite-SMP3,22,276000,302.473288252843
26,V1-Elite-SMP3,22,279000,302.054110693627
26,V1-Elite-SMP3,22,282000,301.990707347323
26,V1-Elite-SMP3,22,285000,301.391936788951
26,V1-Elite-SMP3,22,288000,301.299185964134
26,V1-Elite-SMP3,22,291000,301.048843071954
26,V1-Elite-SMP3,22,294000,300.760637423474
26,V1-Elite-SMP3,22,297000,300.425095382188
26,V1-Elite-SMP3,22,300000,300.061060174252
26,V1-Elite-SMP3,23,3000,5107.21992868386
26,V1-Elite-SMP3,23,6000,4093.69463958668
26,V1-Elite-SMP3,23,9000,3924.24413761936
26,V1-Elite-SMP3,23,12000,3841.88371015866
26,V1-Elite-SMP3,23,15000,3836.45896652882
26,V1-Elite-SMP3,23,18000,3767.16211478015
26,V1-Elite-SMP3,23,21000,3767.16211478015
26,V1-Elite-SMP3,23,24000,3753.77756628313
26,V1-Elite-SMP3,23,27000,3753.77756628313
26,V1-Elite-SMP3,23,30000,3751.71265241766
26,V1-Elite-SMP3,23,33000,3750.49513319752
26,V1-Elite-SMP3,23,36000,3746.86451089831
26,V1-Elite-SMP3,23,39000,3746.86451089831
26,V1-Elite-SMP3,23,42000,3737.51769736729
26,V1-Elite-SMP3,23,45000,3729.5937732002
26,V1-Elite-SMP3,23,48000,3729.5937732002
26,V1-Elite-SMP3,23,51000,3659.11679561351
26,V1-Elite-SMP3,23,54000,3554.17586987184
26,V1-Elite-SMP3,23,57000,3529.07145908033
26,V1-Elite-SMP3,23,60000,3529.07145908033
26,V1-Elite-SMP3,23,63000,3517.86997328176
26,V1-Elite-SMP3,23,66000,3492.30073115074
26,V1-Elite-SMP3,23,69000,3461.40378555845
26,V1-Elite-SMP3,23,72000,3294.27820311435
26,V1-Elite-SMP3,23,75000,3216.22357311012
26,V1-Elite-SMP3,23,78000,3079.55032422867
26,V1-Elite-SMP3,23,81000,2923.07321704879
26,V1-Elite-SMP3,23,84000,2872.82071461912
26,V1-Elite-SMP3,23,87000,2856.23748862774
26,V1-Elite-SMP3,23,90000,2856.23748862774
26,V1-Elite-SMP3,23,93000,2838.58427134193
26,V1-Elite-SMP3,23,96000,2831.63029998998
26,V1-Elite-SMP3,23,99000,2831.63029998998
26,V1-Elite-SMP3,23,102000,2831.63029998998
26,V1-Elite-SMP3,23,105000,2831.63029998998
26,V1-Elite-SMP3,23,108000,2831.63029998998
26,V1-Elite-SMP3,23,111000,2831.63029998998
26,V1-Elite-SMP3,23,114000,2831.63029998998
26,V1-Elite-SMP3,23,117000,2816.30276410258
26,V1-Elite-SMP3,23,120000,2810.99252331356
26,V1-Elite-SMP3,23,123000,2809.99568814119
26,V1-Elite-SMP3,23,126000,2803.46966614486
26,V1-Elite-SMP3,23,129000,2803.46966614486
26,V1-Elite-SMP3,23,132000,2803.46966614486
26,V1-Elite-SMP3,23,135000,2803.46966614486
26,V1-Elite-SMP3,23,138000,2789.73530538439
26,V1-Elite-SMP3,23,141000,2789.73530538439
26,V1-Elite-SMP3,23,144000,2789.73530538439
26,V1-Elite-SMP3,23,147000,2780.0566047484
26,V1-Elite-SMP3,23,150000,2780.0566047484
26,V1-Elite-SMP3,23,153000,2780.0566047484
26,V1-Elite-SMP3,23,156000,2773.25200127363
26,V1-Elite-SMP3,23,159000,2754.81944889593
26,V1-Elite-SMP3,23,162000,2754.81944889593
26,V1-Elite-SMP3,23,165000,2754.81944889593
26,V1-Elite-SMP3,23,168000,2754.81944889593
26,V1-Elite-SMP3,23,171000,2754.81944889593
26,V1-Elite-SMP3,23,174000,2750.22368554095
26,V1-Elite-SMP3,23,177000,2750.22368554095
26,V1-Elite-SMP3,23,180000,2742.6236922455
26,V1-Elite-SMP3,23,183000,2742.6236922455
26,V1-Elite-SMP3,23,186000,2742.6236922455
26,V1-Elite-SMP3,23,189000,2742.6236922455
26,V1-Elite-SMP3,23,192000,2742.6236922455
26,V1-Elite-SMP3,23,195000,2742.6236922455
26,V1-Elite-SMP3,23,198000,2742.6236922455
26,V1-Elite-SMP3,23,201000,2742.6236922455
26,V1-Elite-SMP3,23,204000,2739.35410692654
26,V1-Elite-SMP3,23,207000,2739.35410692654
26,V1-Elite-SMP3,23,210000,2739.35410692654
26,V1-Elite-SMP3,23,213000,2739.35410692654
26,V1-Elite-SMP3,23,216000,2739.35410692654
26,V1-Elite-SMP3,23,219000,2739.35410692654
26,V1-Elite-SMP3,23,222000,2734.97916334787
26,V1-Elite-SMP3,23,225000,2734.97916334787
26,V1-Elite-SMP3,23,228000,2734.97916334787
26,V1-Elite-SMP3,23,231000,2732.65222600343
26,V1-Elite-SMP3,23,234000,2732.65222600343
26,V1-Elite-SMP3,23,237000,2732.65222600343
26,V1-Elite-SMP3,23,240000,2732.22745981369
26,V1-Elite-SMP3,23,243000,2732.22745981369
26,V1-Elite-SMP3,23,246000,2732.22745981369
26,V1-Elite-SMP3,23,249000,2732.22745981369
26,V1-Elite-SMP3,23,252000,2729.82549049954
26,V1-Elite-SMP3,23,255000,2729.82549049954
26,V1-Elite-SMP3,23,258000,2729.82549049954
26,V1-Elite-SMP3,23,261000,2729.67323945562
26,V1-Elite-SMP3,23,264000,2729.41964200436
26,V1-Elite-SMP3,23,267000,2729.41964200436
26,V1-Elite-SMP3,23,270000,2728.26358333404
26,V1-Elite-SMP3,23,273000,2726.89682161526
26,V1-Elite-SMP3,23,276000,2725.50427871108
26,V1-Elite-SMP3,23,279000,2724.50022883297
26,V1-Elite-SMP3,23,282000,2724.26807772659
26,V1-Elite-SMP3,23,285000,2724.2195762775
26,V1-Elite-SMP3,23,288000,2723.97490747619
26,V1-Elite-SMP3,23,291000,2723.73819299309
26,V1-Elite-SMP3,23,294000,2723.17020628183
26,V1-Elite-SMP3,23,297000,2722.87460328003
26,V1-Elite-SMP3,23,300000,2722.55408665595
