FunctionID,Algorithm,Run,FE,BestError
1,D3-Both,41,3000,1596486103.12249
1,D3-Both,41,6000,153631075.305813
1,D3-Both,41,9000,41340496.744131
1,D3-Both,41,12000,33954510.8623623
1,D3-Both,41,15000,25652039.8083586
1,D3-Both,41,18000,24274893.2919309
1,D3-Both,41,21000,20004644.4080072
1,D3-Both,41,24000,11359020.2459773
1,D3-Both,41,27000,11359020.2459773
1,D3-Both,41,30000,9406804.61186515
1,D3-Both,41,33000,7780790.5304637
1,D3-Both,41,36000,5742017.78731787
1,D3-Both,41,39000,1772493.58715449
1,D3-Both,41,42000,957487.29254254
1,D3-Both,41,45000,373591.641661481
1,D3-Both,41,48000,82976.4691740378
1,D3-Both,41,51000,10446.9126692785
1,D3-Both,41,54000,3416.63651987051
1,D3-Both,41,57000,2855.9098363061
1,D3-Both,41,60000,2818.39053827611
1,D1-TracingDecay,41,3000,159841199.297609
1,D1-TracingDecay,41,6000,44369988.4683126
1,D1-TracingDecay,41,9000,41189185.5706227
1,D1-TracingDecay,41,12000,27738809.5071494
1,D1-TracingDecay,41,15000,19000692.1646409
1,D1-TracingDecay,41,18000,18515150.6714745
1,D1-TracingDecay,41,21000,14350668.7569292
1,D1-TracingDecay,41,24000,11010052.6876531
1,D1-TracingDecay,41,27000,4623864.44317421
1,D1-TracingDecay,41,30000,2862023.38334371
1,D1-TracingDecay,41,33000,1629560.3418761
1,D1-TracingDecay,41,36000,1053994.42561449
1,D1-TracingDecay,41,39000,611317.682958783
1,D1-TracingDecay,41,42000,374643.831846317
1,D1-TracingDecay,41,45000,177867.691480246
1,D1-TracingDecay,41,48000,63244.7795363841
1,D1-TracingDecay,41,51000,31232.0443110676
1,D1-TracingDecay,41,54000,17347.8104253522
1,D1-TracingDecay,41,57000,8040.24794175654
1,D1-TracingDecay,41,60000,5807.38173079459
1,CLPSO,41,3000,59229447928.1183
1,CLPSO,41,6000,35223255229.4203
1,CLPSO,41,9000,22050924853.0708
1,CLPSO,41,12000,17630527657.8417
1,CLPSO,41,15000,10413486299.8505
1,CLPSO,41,18000,9522977619.4052
1,CLPSO,41,21000,5430064703.24229
1,CLPSO,41,24000,4825772174.28736
1,CLPSO,41,27000,2592396892.23456
1,CLPSO,41,30000,2162013015.67135
1,CLPSO,41,33000,957456298.32493
1,CLPSO,41,36000,577210847.293697
1,CLPSO,41,39000,526556001.283347
1,CLPSO,41,42000,309332110.354248
1,CLPSO,41,45000,194463257.631613
1,CLPSO,41,48000,147059465.745951
1,CLPSO,41,51000,122617493.883969
1,CLPSO,41,54000,73676904.9934698
1,CLPSO,41,57000,44297427.7909519
1,CLPSO,41,60000,38710078.5150416
1,LSHADE,41,3000,311314745.808686
1,LSHADE,41,6000,2158336.42104352
1,LSHADE,41,9000,25404.3811971957
1,LSHADE,41,12000,739.851845588529
1,LSHADE,41,15000,524.439443311083
1,LSHADE,41,18000,521.113044225233
1,LSHADE,41,21000,83.425847096953
1,LSHADE,41,24000,3.19759172451289
1,LSHADE,41,27000,0.0998753557699956
1,LSHADE,41,30000,0.0055425370892408
1,LSHADE,41,33000,0.000204604655834828
1,LSHADE,41,36000,2.55473824495311e-06
1,LSHADE,41,39000,2.19646963728337e-07
1,LSHADE,41,42000,2.89419403998181e-08
1,LSHADE,41,45000,7.34037541860744e-09
1,LSHADE,41,48000,2.46268427872565e-09
1,LSHADE,41,51000,9.60142187977908e-10
1,LSHADE,41,54000,8.66322125148145e-10
1,LSHADE,41,57000,8.60239879330038e-10
1,LSHADE,41,60000,8.60239879330038e-10
1,D3-Both,42,3000,2369609386.06982
1,D3-Both,42,6000,106699930.254587
1,D3-Both,42,9000,48510168.3986662
1,D3-Both,42,12000,28145056.4254517
1,D3-Both,42,15000,21582704.1541627
1,D3-Both,42,18000,21582704.1541627
1,D3-Both,42,21000,17020516.4467109
1,D3-Both,42,24000,17020516.4467109
1,D3-Both,42,27000,14746812.3413997
1,D3-Both,42,30000,12499675.0742796
1,D3-Both,42,33000,10570619.8758097
1,D3-Both,42,36000,8211080.06087244
1,D3-Both,42,39000,4763541.64854162
1,D3-Both,42,42000,2116003.43647016
1,D3-Both,42,45000,767394.648482894
1,D3-Both,42,48000,158329.663524594
1,D3-Both,42,51000,34677.398950511
1,D3-Both,42,54000,2662.44952784092
1,D3-Both,42,57000,254.963436854838
1,D3-Both,42,60000,78.9611703633596
1,D1-TracingDecay,42,3000,151061781.157718
1,D1-TracingDecay,42,6000,47690749.8017956
1,D1-TracingDecay,42,9000,40119489.1230715
1,D1-TracingDecay,42,12000,26782506.021306
1,D1-TracingDecay,42,15000,24203812.5576829
1,D1-TracingDecay,42,18000,16904233.7919761
1,D1-TracingDecay,42,21000,11531974.5374737
1,D1-TracingDecay,42,24000,9121499.56682252
1,D1-TracingDecay,42,27000,7588052.61241708
1,D1-TracingDecay,42,30000,3271439.17363832
1,D1-TracingDecay,42,33000,1350084.83914109
1,D1-TracingDecay,42,36000,714948.131119897
1,D1-TracingDecay,42,39000,583669.525102255
1,D1-TracingDecay,42,42000,338685.193561749
1,D1-TracingDecay,42,45000,129987.422888645
1,D1-TracingDecay,42,48000,35430.7948203465
1,D1-TracingDecay,42,51000,18749.7684834447
1,D1-TracingDecay,42,54000,8948.48874195018
1,D1-TracingDecay,42,57000,5708.32745356867
1,D1-TracingDecay,42,60000,3273.03722530013
1,CLPSO,42,3000,79097902370.7382
1,CLPSO,42,6000,34402899021.1471
1,CLPSO,42,9000,28462998127.1193
1,CLPSO,42,12000,16360428010.0048
1,CLPSO,42,15000,13744661634.9335
1,CLPSO,42,18000,10012774527.9866
1,CLPSO,42,21000,5962409093.75531
1,CLPSO,42,24000,5083773097.36842
1,CLPSO,42,27000,3085223162.04042
1,CLPSO,42,30000,2083117152.16775
1,CLPSO,42,33000,1030262954.16938
1,CLPSO,42,36000,704937455.232126
1,CLPSO,42,39000,556013701.385143
1,CLPSO,42,42000,303216513.139255
1,CLPSO,42,45000,177326262.834698
1,CLPSO,42,48000,115449882.131979
1,CLPSO,42,51000,105527162.130532
1,CLPSO,42,54000,62263291.0853863
1,CLPSO,42,57000,48168141.3456911
1,CLPSO,42,60000,44059440.2186615
1,LSHADE,42,3000,262771558.468304
1,LSHADE,42,6000,1318202.09235132
1,LSHADE,42,9000,4381.52665113337
1,LSHADE,42,12000,652.895437886641
1,LSHADE,42,15000,625.077248910486
1,LSHADE,42,18000,592.420961292883
1,LSHADE,42,21000,73.9523963637676
1,LSHADE,42,24000,5.69587778126218
1,LSHADE,42,27000,0.465436160375106
1,LSHADE,42,30000,0.139477047305206
1,LSHADE,42,33000,0.0207113626998563
1,LSHADE,42,36000,0.00559633449523744
1,LSHADE,42,39000,0.000891866492821691
1,LSHADE,42,42000,5.22748364204517e-05
1,LSHADE,42,45000,4.80920051870726e-06
1,LSHADE,42,48000,8.06525562779825e-07
1,LSHADE,42,51000,1.29368160628474e-07
1,LSHADE,42,54000,9.11957442895073e-09
1,LSHADE,42,57000,6.47111164653325e-09
1,LSHADE,42,60000,6.37297148387006e-09
1,D3-Both,43,3000,2510379813.18421
1,D3-Both,43,6000,211078968.864434
1,D3-Both,43,9000,48106389.6791948
1,D3-Both,43,12000,34159325.7594405
1,D3-Both,43,15000,29946721.0825322
1,D3-Both,43,18000,23604475.6703402
1,D3-Both,43,21000,20659733.1007843
1,D3-Both,43,24000,17636510.0419484
1,D3-Both,43,27000,14234704.1286824
1,D3-Both,43,30000,8094334.22014706
1,D3-Both,43,33000,7548174.27480422
1,D3-Both,43,36000,6088418.89570365
1,D3-Both,43,39000,2480963.03221134
1,D3-Both,43,42000,1044888.98115755
1,D3-Both,43,45000,384748.065367162
1,D3-Both,43,48000,63635.421888059
1,D3-Both,43,51000,11790.543082054
1,D3-Both,43,54000,2076.5047950597
1,D3-Both,43,57000,438.011770742132
1,D3-Both,43,60000,305.916594405505
1,D1-TracingDecay,43,3000,118177344.55154
1,D1-TracingDecay,43,6000,47181601.4484887
1,D1-TracingDecay,43,9000,34684063.7247279
1,D1-TracingDecay,43,12000,31228990.1463329
1,D1-TracingDecay,43,15000,16442480.470132
1,D1-TracingDecay,43,18000,13623806.5167833
1,D1-TracingDecay,43,21000,13285238.4624834
1,D1-TracingDecay,43,24000,11176418.6193115
1,D1-TracingDecay,43,27000,5407866.6350482
1,D1-TracingDecay,43,30000,2627122.96889121
1,D1-TracingDecay,43,33000,2079974.09693409
1,D1-TracingDecay,43,36000,1424348.60265101
1,D1-TracingDecay,43,39000,419067.527616915
1,D1-TracingDecay,43,42000,185181.185320787
1,D1-TracingDecay,43,45000,78603.424512503
1,D1-TracingDecay,43,48000,30543.8420914395
1,D1-TracingDecay,43,51000,11208.3104352443
1,D1-TracingDecay,43,54000,4419.35138751907
1,D1-TracingDecay,43,57000,3084.97688858691
1,D1-TracingDecay,43,60000,2164.38591247767
1,CLPSO,43,3000,56554328278.305
1,CLPSO,43,6000,43407867593.7353
1,CLPSO,43,9000,19854983324.3023
1,CLPSO,43,12000,15129824768.534
1,CLPSO,43,15000,12360867126.6667
1,CLPSO,43,18000,8898875431.29725
1,CLPSO,43,21000,5161032123.29936
1,CLPSO,43,24000,2636543161.8595
1,CLPSO,43,27000,2213325430.42078
1,CLPSO,43,30000,1007489344.46479
1,CLPSO,43,33000,961840082.997655
1,CLPSO,43,36000,752509329.048936
1,CLPSO,43,39000,516904183.401655
1,CLPSO,43,42000,341525205.774834
1,CLPSO,43,45000,271272096.579469
1,CLPSO,43,48000,170991543.25003
1,CLPSO,43,51000,89391959.0990378
1,CLPSO,43,54000,70831659.957973
1,CLPSO,43,57000,51644322.8209839
1,CLPSO,43,60000,41585595.8058502
1,LSHADE,43,3000,154826778.236768
1,LSHADE,43,6000,1039629.61190518
1,LSHADE,43,9000,8527.7544219861
1,LSHADE,43,12000,4201.33693338209
1,LSHADE,43,15000,4151.38863044792
1,LSHADE,43,18000,2148.84521801586
1,LSHADE,43,21000,228.315002796923
1,LSHADE,43,24000,25.4119003316379
1,LSHADE,43,27000,0.732079186030148
1,LSHADE,43,30000,0.0255651932266545
1,LSHADE,43,33000,0.00132259845517524
1,LSHADE,43,36000,8.1003781048139e-05
1,LSHADE,43,39000,1.1271244872546e-05
1,LSHADE,43,42000,5.32314840029358e-06
1,LSHADE,43,45000,5.4263067283955e-07
1,LSHADE,43,48000,9.22447895845835e-08
1,LSHADE,43,51000,5.96506026795396e-08
1,LSHADE,43,54000,2.55102889923364e-08
1,LSHADE,43,57000,6.83408529766893e-09
1,LSHADE,43,60000,4.84949680412683e-09
1,D3-Both,44,3000,1415589664.46925
1,D3-Both,44,6000,96052588.9303323
1,D3-Both,44,9000,55004901.6295463
1,D3-Both,44,12000,24010776.3411699
1,D3-Both,44,15000,22304926.4365647
1,D3-Both,44,18000,19544044.8499266
1,D3-Both,44,21000,19544044.8499266
1,D3-Both,44,24000,18767964.1845552
1,D3-Both,44,27000,16041437.7603156
1,D3-Both,44,30000,10469605.7547242
1,D3-Both,44,33000,5548191.90256604
1,D3-Both,44,36000,4522312.013769
1,D3-Both,44,39000,2401484.27984102
1,D3-Both,44,42000,1022183.71037214
1,D3-Both,44,45000,244012.552651113
1,D3-Both,44,48000,65331.0307586391
1,D3-Both,44,51000,7611.54601384391
1,D3-Both,44,54000,1242.11157160002
1,D3-Both,44,57000,181.57308931733
1,D3-Both,44,60000,131.897968103029
1,D1-TracingDecay,44,3000,104638723.275412
1,D1-TracingDecay,44,6000,38532197.98504
1,D1-TracingDecay,44,9000,32000709.1273342
1,D1-TracingDecay,44,12000,16704384.159993
1,D1-TracingDecay,44,15000,11036015.2181769
1,D1-TracingDecay,44,18000,11036015.2181769
1,D1-TracingDecay,44,21000,10729673.9168803
1,D1-TracingDecay,44,24000,9232200.71364708
1,D1-TracingDecay,44,27000,7181307.80855295
1,D1-TracingDecay,44,30000,3468678.82101651
1,D1-TracingDecay,44,33000,1441063.44480642
1,D1-TracingDecay,44,36000,791141.886584439
1,D1-TracingDecay,44,39000,505099.618289929
1,D1-TracingDecay,44,42000,320594.713054574
1,D1-TracingDecay,44,45000,142739.353950511
1,D1-TracingDecay,44,48000,72952.3753545212
1,D1-TracingDecay,44,51000,24269.0991141956
1,D1-TracingDecay,44,54000,11443.7628373036
1,D1-TracingDecay,44,57000,5761.56070267822
1,D1-TracingDecay,44,60000,4916.69893179102
1,CLPSO,44,3000,82918435754.6375
1,CLPSO,44,6000,55108696017.8896
1,CLPSO,44,9000,29189991719.3872
1,CLPSO,44,12000,20966252371.7665
1,CLPSO,44,15000,12822369630.8757
1,CLPSO,44,18000,8398471033.95333
1,CLPSO,44,21000,5312962637.09117
1,CLPSO,44,24000,5023926325.37892
1,CLPSO,44,27000,3317632875.66715
1,CLPSO,44,30000,2520362069.44384
1,CLPSO,44,33000,1287000120.73655
1,CLPSO,44,36000,882164107.548827
1,CLPSO,44,39000,579298731.811439
1,CLPSO,44,42000,303142309.394511
1,CLPSO,44,45000,303142309.394511
1,CLPSO,44,48000,193901417.679932
1,CLPSO,44,51000,132000447.997906
1,CLPSO,44,54000,74525533.0900298
1,CLPSO,44,57000,60882098.4669406
1,CLPSO,44,60000,46566854.4578852
1,LSHADE,44,3000,286894494.841453
1,LSHADE,44,6000,1317864.3905627
1,LSHADE,44,9000,7767.07538772417
1,LSHADE,44,12000,379.781758386563
1,LSHADE,44,15000,186.922226220251
1,LSHADE,44,18000,183.111153649668
1,LSHADE,44,21000,182.447734398303
1,LSHADE,44,24000,50.3199742723975
1,LSHADE,44,27000,2.42049004232122
1,LSHADE,44,30000,0.0753254894657829
1,LSHADE,44,33000,0.0106585079672783
1,LSHADE,44,36000,0.000353351547616398
1,LSHADE,44,39000,3.16213044868618e-05
1,LSHADE,44,42000,2.78658902175266e-06
1,LSHADE,44,45000,5.43200343372519e-07
1,LSHADE,44,48000,3.87640724852645e-07
1,LSHADE,44,51000,3.14332950779317e-07
1,LSHADE,44,54000,1.67157310215771e-08
1,LSHADE,44,57000,9.94036497559136e-09
1,LSHADE,44,60000,9.3682075430479e-09
1,D3-Both,45,3000,2725530642.15245
1,D3-Both,45,6000,188312748.558923
1,D3-Both,45,9000,47688847.2631217
1,D3-Both,45,12000,26011053.9783302
1,D3-Both,45,15000,15019125.8297609
1,D3-Both,45,18000,15019125.8297609
1,D3-Both,45,21000,13692320.9829828
1,D3-Both,45,24000,10706648.7349905
1,D3-Both,45,27000,10128741.1589046
1,D3-Both,45,30000,9918395.91070184
1,D3-Both,45,33000,9918395.91070184
1,D3-Both,45,36000,5178053.09887256
1,D3-Both,45,39000,3301961.85364954
1,D3-Both,45,42000,912886.028614753
1,D3-Both,45,45000,271192.745310818
1,D3-Both,45,48000,101915.878415777
1,D3-Both,45,51000,18234.135939185
1,D3-Both,45,54000,1957.21160258726
1,D3-Both,45,57000,368.245092278737
1,D3-Both,45,60000,298.106290846019
1,D1-TracingDecay,45,3000,90861216.2168668
1,D1-TracingDecay,45,6000,54041057.9826019
1,D1-TracingDecay,45,9000,24433102.6775577
1,D1-TracingDecay,45,12000,24433102.6775577
1,D1-TracingDecay,45,15000,23356389.2836716
1,D1-TracingDecay,45,18000,17521121.533868
1,D1-TracingDecay,45,21000,14100874.6378198
1,D1-TracingDecay,45,24000,6999784.9217741
1,D1-TracingDecay,45,27000,6411920.8496743
1,D1-TracingDecay,45,30000,2757963.6825791
1,D1-TracingDecay,45,33000,1847520.59973977
1,D1-TracingDecay,45,36000,1305408.05759062
1,D1-TracingDecay,45,39000,417428.276145032
1,D1-TracingDecay,45,42000,245213.232045165
1,D1-TracingDecay,45,45000,114864.152366444
1,D1-TracingDecay,45,48000,29131.6936169161
1,D1-TracingDecay,45,51000,10723.0482434581
1,D1-TracingDecay,45,54000,5481.09681452701
1,D1-TracingDecay,45,57000,4361.91318928886
1,D1-TracingDecay,45,60000,2314.27103580181
1,CLPSO,45,3000,65710791751.1158
1,CLPSO,45,6000,27108009340.6772
1,CLPSO,45,9000,22891307660.4425
1,CLPSO,45,12000,16888451934.6184
1,CLPSO,45,15000,11029066828.4686
1,CLPSO,45,18000,8013095249.73256
1,CLPSO,45,21000,6615999848.53587
1,CLPSO,45,24000,3315262568.66497
1,CLPSO,45,27000,1859948550.58201
1,CLPSO,45,30000,1118428121.48343
1,CLPSO,45,33000,959664818.15767
1,CLPSO,45,36000,585315472.102023
1,CLPSO,45,39000,505641782.535381
1,CLPSO,45,42000,304475230.468008
1,CLPSO,45,45000,238639022.128403
1,CLPSO,45,48000,148584523.55679
1,CLPSO,45,51000,137402952.074041
1,CLPSO,45,54000,96914283.7443274
1,CLPSO,45,57000,37898500.0198134
1,CLPSO,45,60000,32075086.778506
1,LSHADE,45,3000,334257824.83488
1,LSHADE,45,6000,1417397.09722999
1,LSHADE,45,9000,8418.45538993799
1,LSHADE,45,12000,174.722720728979
1,LSHADE,45,15000,111.486772366618
1,LSHADE,45,18000,111.163534174656
1,LSHADE,45,21000,69.0252666592486
1,LSHADE,45,24000,4.02145576083184
1,LSHADE,45,27000,0.30389580163758
1,LSHADE,45,30000,0.123326695183366
1,LSHADE,45,33000,0.00444122804861991
1,LSHADE,45,36000,0.000425188200523507
1,LSHADE,45,39000,5.79555559028222e-05
1,LSHADE,45,42000,4.41501558015034e-05
1,LSHADE,45,45000,1.24401794892037e-05
1,LSHADE,45,48000,2.07224783821403e-06
1,LSHADE,45,51000,1.30658030172981e-06
1,LSHADE,45,54000,2.36713447065995e-07
1,LSHADE,45,57000,2.15131365166599e-07
1,LSHADE,45,60000,2.14640508033881e-07
3,D3-Both,41,3000,96571.3289536578
3,D3-Both,41,6000,83930.9444541687
3,D3-Both,41,9000,74553.4063595998
3,D3-Both,41,12000,68261.3544679173
3,D3-Both,41,15000,43719.0079274876
3,D3-Both,41,18000,40317.746411339
3,D3-Both,41,21000,40317.746411339
3,D3-Both,41,24000,37147.3605167559
3,D3-Both,41,27000,30252.1014931139
3,D3-Both,41,30000,26601.7105246987
3,D3-Both,41,33000,24333.7295251885
3,D3-Both,41,36000,20274.2633913378
3,D3-Both,41,39000,20019.9344789243
3,D3-Both,41,42000,16829.4309618086
3,D3-Both,41,45000,15819.1582281598
3,D3-Both,41,48000,14158.3821640125
3,D3-Both,41,51000,13071.9358663565
3,D3-Both,41,54000,9247.20100006961
3,D3-Both,41,57000,8395.76863832857
3,D3-Both,41,60000,7105.18564527268
3,D1-TracingDecay,41,3000,109143.009580429
3,D1-TracingDecay,41,6000,78348.739267011
3,D1-TracingDecay,41,9000,72233.4553026389
3,D1-TracingDecay,41,12000,65989.4580777036
3,D1-TracingDecay,41,15000,54069.4833793214
3,D1-TracingDecay,41,18000,44792.9474542843
3,D1-TracingDecay,41,21000,39547.3768158916
3,D1-TracingDecay,41,24000,32930.5700942851
3,D1-TracingDecay,41,27000,29560.6844366528
3,D1-TracingDecay,41,30000,26027.9212561243
3,D1-TracingDecay,41,33000,23456.8393394293
3,D1-TracingDecay,41,36000,22463.7788885944
3,D1-TracingDecay,41,39000,18248.150451077
3,D1-TracingDecay,41,42000,16074.7931516588
3,D1-TracingDecay,41,45000,10590.0394841159
3,D1-TracingDecay,41,48000,8214.03767645729
3,D1-TracingDecay,41,51000,6925.11689604782
3,D1-TracingDecay,41,54000,6093.96788412219
3,D1-TracingDecay,41,57000,3606.36210028969
3,D1-TracingDecay,41,60000,2783.80507585394
3,CLPSO,41,3000,175792.325070671
3,CLPSO,41,6000,162558.746178197
3,CLPSO,41,9000,162558.746178197
3,CLPSO,41,12000,162558.746178197
3,CLPSO,41,15000,162558.746178197
3,CLPSO,41,18000,162558.746178197
3,CLPSO,41,21000,152274.693602106
3,CLPSO,41,24000,140806.235770466
3,CLPSO,41,27000,140806.235770466
3,CLPSO,41,30000,140806.235770466
3,CLPSO,41,33000,137871.327084778
3,CLPSO,41,36000,137513.764958267
3,CLPSO,41,39000,137513.764958267
3,CLPSO,41,42000,137513.764958267
3,CLPSO,41,45000,137513.764958267
3,CLPSO,41,48000,128914.437630545
3,CLPSO,41,51000,128914.437630545
3,CLPSO,41,54000,128118.025261125
3,CLPSO,41,57000,124584.853812848
3,CLPSO,41,60000,124584.853812848
3,LSHADE,41,3000,53603.5718048829
3,LSHADE,41,6000,16660.4043344178
3,LSHADE,41,9000,8563.73779650389
3,LSHADE,41,12000,4570.60970158967
3,LSHADE,41,15000,2234.1748537543
3,LSHADE,41,18000,1066.88358633747
3,LSHADE,41,21000,493.849125205241
3,LSHADE,41,24000,181.393757719477
3,LSHADE,41,27000,74.6733394237135
3,LSHADE,41,30000,26.5825542124531
3,LSHADE,41,33000,7.70822729436691
3,LSHADE,41,36000,1.54861204310384
3,LSHADE,41,39000,0.298247920666427
3,LSHADE,41,42000,0.0680856257076812
3,LSHADE,41,45000,0.0326839675601605
3,LSHADE,41,48000,0.00771815475656012
3,LSHADE,41,51000,0.000994224745568317
3,LSHADE,41,54000,0.000244570748577644
3,LSHADE,41,57000,0.000107907731603518
3,LSHADE,41,60000,9.65535722912136e-05
3,D3-Both,42,3000,171784.968003451
3,D3-Both,42,6000,113160.775488566
3,D3-Both,42,9000,88894.4925940282
3,D3-Both,42,12000,68761.454920296
3,D3-Both,42,15000,60761.9887363298
3,D3-Both,42,18000,54542.9524412672
3,D3-Both,42,21000,54183.2260156064
3,D3-Both,42,24000,48486.5530403929
3,D3-Both,42,27000,42040.4915473175
3,D3-Both,42,30000,38876.9045355546
3,D3-Both,42,33000,31003.5869767043
3,D3-Both,42,36000,29376.5264281734
3,D3-Both,42,39000,24232.7631156386
3,D3-Both,42,42000,19707.1336490657
3,D3-Both,42,45000,15270.6729276909
3,D3-Both,42,48000,12609.7518020617
3,D3-Both,42,51000,11150.1438736166
3,D3-Both,42,54000,10652.3695373246
3,D3-Both,42,57000,9884.36761344936
3,D3-Both,42,60000,5983.41508258708
3,D1-TracingDecay,42,3000,99988.2289689603
3,D1-TracingDecay,42,6000,85081.5654766533
3,D1-TracingDecay,42,9000,56419.4686908018
3,D1-TracingDecay,42,12000,47290.4254633568
3,D1-TracingDecay,42,15000,41254.1515303084
3,D1-TracingDecay,42,18000,37901.2988220368
3,D1-TracingDecay,42,21000,34414.4105134008
3,D1-TracingDecay,42,24000,29947.3806809896
3,D1-TracingDecay,42,27000,26307.9699995779
3,D1-TracingDecay,42,30000,20789.5698610356
3,D1-TracingDecay,42,33000,18203.5571560651
3,D1-TracingDecay,42,36000,15165.5875068684
3,D1-TracingDecay,42,39000,13365.2371244233
3,D1-TracingDecay,42,42000,11771.3952996157
3,D1-TracingDecay,42,45000,10394.0744835559
3,D1-TracingDecay,42,48000,9484.84455087799
3,D1-TracingDecay,42,51000,8229.97715448241
3,D1-TracingDecay,42,54000,6147.91467276966
3,D1-TracingDecay,42,57000,4671.11251200429
3,D1-TracingDecay,42,60000,2859.76373677773
3,CLPSO,42,3000,181577.000151887
3,CLPSO,42,6000,181577.000151887
3,CLPSO,42,9000,165260.889531726
3,CLPSO,42,12000,165260.889531726
3,CLPSO,42,15000,164622.04407723
3,CLPSO,42,18000,164622.04407723
3,CLPSO,42,21000,162956.608513918
3,CLPSO,42,24000,154588.667449876
3,CLPSO,42,27000,154588.667449876
3,CLPSO,42,30000,154588.667449876
3,CLPSO,42,33000,154588.667449876
3,CLPSO,42,36000,154588.667449876
3,CLPSO,42,39000,154588.667449876
3,CLPSO,42,42000,154588.667449876
3,CLPSO,42,45000,152914.65703929
3,CLPSO,42,48000,150007.223530466
3,CLPSO,42,51000,119405.781614495
3,CLPSO,42,54000,119405.781614495
3,CLPSO,42,57000,119405.781614495
3,CLPSO,42,60000,119405.781614495
3,LSHADE,42,3000,106252.949382995
3,LSHADE,42,6000,105904.406426494
3,LSHADE,42,9000,105506.483447571
3,LSHADE,42,12000,105085.716936006
3,LSHADE,42,15000,104985.114730853
3,LSHADE,42,18000,104920.525609673
3,LSHADE,42,21000,104714.35441006
3,LSHADE,42,24000,104714.35441006
3,LSHADE,42,27000,103955.48180547
3,LSHADE,42,30000,103695.628783673
3,LSHADE,42,33000,103069.12084384
3,LSHADE,42,36000,102306.301643009
3,LSHADE,42,39000,101793.89163625
3,LSHADE,42,42000,101363.084990654
3,LSHADE,42,45000,100905.161092406
3,LSHADE,42,48000,100484.557735621
3,LSHADE,42,51000,99961.6883315208
3,LSHADE,42,54000,99084.7177554981
3,LSHADE,42,57000,97805.8365334953
3,LSHADE,42,60000,96829.7905041758
3,D3-Both,43,3000,102124.977073478
3,D3-Both,43,6000,64930.5536221127
3,D3-Both,43,9000,57492.8252064013
3,D3-Both,43,12000,46368.6226350621
3,D3-Both,43,15000,43540.1261124022
3,D3-Both,43,18000,37417.5340929727
3,D3-Both,43,21000,37417.5340929727
3,D3-Both,43,24000,33631.9514131758
3,D3-Both,43,27000,29806.5080030766
3,D3-Both,43,30000,25069.5788434423
3,D3-Both,43,33000,17455.9364478147
3,D3-Both,43,36000,15460.229480359
3,D3-Both,43,39000,15358.6204752095
3,D3-Both,43,42000,13373.3083912417
3,D3-Both,43,45000,11453.9558051619
3,D3-Both,43,48000,9014.66405398792
3,D3-Both,43,51000,6583.50302226624
3,D3-Both,43,54000,5829.89591567612
3,D3-Both,43,57000,4344.47188709189
3,D3-Both,43,60000,2999.72458455607
3,D1-TracingDecay,43,3000,82889.6848694415
3,D1-TracingDecay,43,6000,75390.9618356685
3,D1-TracingDecay,43,9000,66118.386809002
3,D1-TracingDecay,43,12000,61588.2939254158
3,D1-TracingDecay,43,15000,55834.8721280068
3,D1-TracingDecay,43,18000,46981.2820628157
3,D1-TracingDecay,43,21000,41564.1224820267
3,D1-TracingDecay,43,24000,32104.9164010247
3,D1-TracingDecay,43,27000,24215.7174964541
3,D1-TracingDecay,43,30000,19027.6662846796
3,D1-TracingDecay,43,33000,16722.5424909701
3,D1-TracingDecay,43,36000,12207.554121368
3,D1-TracingDecay,43,39000,9435.1700522537
3,D1-TracingDecay,43,42000,8702.76986592713
3,D1-TracingDecay,43,45000,5926.57208757316
3,D1-TracingDecay,43,48000,4400.87666957384
3,D1-TracingDecay,43,51000,3880.53142623503
3,D1-TracingDecay,43,54000,3355.73570960193
3,D1-TracingDecay,43,57000,2400.87406849484
3,D1-TracingDecay,43,60000,1466.07519835053
3,CLPSO,43,3000,228379.826660082
3,CLPSO,43,6000,174640.800995336
3,CLPSO,43,9000,174640.800995336
3,CLPSO,43,12000,174640.800995336
3,CLPSO,43,15000,174640.800995336
3,CLPSO,43,18000,167993.098962214
3,CLPSO,43,21000,164258.949041252
3,CLPSO,43,24000,164258.949041252
3,CLPSO,43,27000,138435.936824744
3,CLPSO,43,30000,136444.015557064
3,CLPSO,43,33000,121938.151040359
3,CLPSO,43,36000,121938.151040359
3,CLPSO,43,39000,116414.086857572
3,CLPSO,43,42000,116414.086857572
3,CLPSO,43,45000,116414.086857572
3,CLPSO,43,48000,116414.086857572
3,CLPSO,43,51000,116414.086857572
3,CLPSO,43,54000,116414.086857572
3,CLPSO,43,57000,116414.086857572
3,CLPSO,43,60000,112085.121592609
3,LSHADE,43,3000,134572.636450968
3,LSHADE,43,6000,131748.795952708
3,LSHADE,43,9000,129414.92763993
3,LSHADE,43,12000,129355.191212248
3,LSHADE,43,15000,129337.857747731
3,LSHADE,43,18000,129119.580374744
3,LSHADE,43,21000,127883.471473561
3,LSHADE,43,24000,127487.185478922
3,LSHADE,43,27000,126863.806022641
3,LSHADE,43,30000,125269.451284874
3,LSHADE,43,33000,123951.269653408
3,LSHADE,43,36000,123156.079985234
3,LSHADE,43,39000,117578.420413904
3,LSHADE,43,42000,114441.445763707
3,LSHADE,43,45000,111983.134953795
3,LSHADE,43,48000,110502.117817984
3,LSHADE,43,51000,107963.342797989
3,LSHADE,43,54000,106104.813901631
3,LSHADE,43,57000,101590.19958635
3,LSHADE,43,60000,95043.3946922483
3,D3-Both,44,3000,109611.457507016
3,D3-Both,44,6000,76597.6733602165
3,D3-Both,44,9000,75863.8051890309
3,D3-Both,44,12000,71915.1830362572
3,D3-Both,44,15000,69197.0149527331
3,D3-Both,44,18000,50872.5854317239
3,D3-Both,44,21000,46191.0040640117
3,D3-Both,44,24000,45393.5836438205
3,D3-Both,44,27000,37790.282683719
3,D3-Both,44,30000,35971.6860137294
3,D3-Both,44,33000,32998.1936414486
3,D3-Both,44,36000,31300.8298024338
3,D3-Both,44,39000,26034.648071424
3,D3-Both,44,42000,24581.5196203703
3,D3-Both,44,45000,23692.6740127127
3,D3-Both,44,48000,20298.9872158625
3,D3-Both,44,51000,18042.6554704524
3,D3-Both,44,54000,15158.8350510021
3,D3-Both,44,57000,11516.9919746165
3,D3-Both,44,60000,8785.03257375467
3,D1-TracingDecay,44,3000,84683.9514986122
3,D1-TracingDecay,44,6000,74004.1152513936
3,D1-TracingDecay,44,9000,66467.4523462273
3,D1-TracingDecay,44,12000,56201.3061442677
3,D1-TracingDecay,44,15000,49363.0365035003
3,D1-TracingDecay,44,18000,43019.7735012212
3,D1-TracingDecay,44,21000,40541.2987621204
3,D1-TracingDecay,44,24000,32323.328978459
3,D1-TracingDecay,44,27000,29160.810149252
3,D1-TracingDecay,44,30000,24574.7896727215
3,D1-TracingDecay,44,33000,20827.6919586659
3,D1-TracingDecay,44,36000,18176.1514418918
3,D1-TracingDecay,44,39000,15741.8314529947
3,D1-TracingDecay,44,42000,14005.1957908801
3,D1-TracingDecay,44,45000,11081.9579881066
3,D1-TracingDecay,44,48000,8744.84783588854
3,D1-TracingDecay,44,51000,5901.18147963947
3,D1-TracingDecay,44,54000,4795.12339065238
3,D1-TracingDecay,44,57000,2880.81864865104
3,D1-TracingDecay,44,60000,2415.34865637901
3,CLPSO,44,3000,206779.214285079
3,CLPSO,44,6000,206779.214285079
3,CLPSO,44,9000,161605.606353884
3,CLPSO,44,12000,161605.606353884
3,CLPSO,44,15000,161605.606353884
3,CLPSO,44,18000,161605.606353884
3,CLPSO,44,21000,161605.606353884
3,CLPSO,44,24000,161605.606353884
3,CLPSO,44,27000,161605.606353884
3,CLPSO,44,30000,140344.68469441
3,CLPSO,44,33000,140344.68469441
3,CLPSO,44,36000,140344.68469441
3,CLPSO,44,39000,140344.68469441
3,CLPSO,44,42000,131149.659486053
3,CLPSO,44,45000,124336.218483748
3,CLPSO,44,48000,124336.218483748
3,CLPSO,44,51000,124336.218483748
3,CLPSO,44,54000,124336.218483748
3,CLPSO,44,57000,120890.958397717
3,CLPSO,44,60000,86249.6369620021
3,LSHADE,44,3000,122454.78737751
3,LSHADE,44,6000,104396.720353481
3,LSHADE,44,9000,96375.2678878993
3,LSHADE,44,12000,95710.7829840655
3,LSHADE,44,15000,94379.8024071638
3,LSHADE,44,18000,93944.7170066781
3,LSHADE,44,21000,93457.7342825206
3,LSHADE,44,24000,93238.5335936379
3,LSHADE,44,27000,92386.0781873146
3,LSHADE,44,30000,91451.8818273918
3,LSHADE,44,33000,89998.0821282717
3,LSHADE,44,36000,89492.7901242687
3,LSHADE,44,39000,87420.8688897339
3,LSHADE,44,42000,86763.387150915
3,LSHADE,44,45000,85135.8080285787
3,LSHADE,44,48000,83598.8708708449
3,LSHADE,44,51000,82645.4097793793
3,LSHADE,44,54000,81842.2568436343
3,LSHADE,44,57000,80821.3384721661
3,LSHADE,44,60000,78690.2296983241
3,D3-Both,45,3000,124456.65069849
3,D3-Both,45,6000,82220.644798504
3,D3-Both,45,9000,77181.214511017
3,D3-Both,45,12000,68996.0672647124
3,D3-Both,45,15000,56475.8709036114
3,D3-Both,45,18000,41530.8834466405
3,D3-Both,45,21000,37320.9504495679
3,D3-Both,45,24000,36254.0969796147
3,D3-Both,45,27000,33936.7699048718
3,D3-Both,45,30000,32422.7985676786
3,D3-Both,45,33000,31492.9596472115
3,D3-Both,45,36000,30442.865557544
3,D3-Both,45,39000,28468.7593254922
3,D3-Both,45,42000,26185.3290420449
3,D3-Both,45,45000,23802.8119226643
3,D3-Both,45,48000,21428.8499461843
3,D3-Both,45,51000,17257.4496700248
3,D3-Both,45,54000,11048.2429407636
3,D3-Both,45,57000,9554.55435767129
3,D3-Both,45,60000,6462.6799252064
3,D1-TracingDecay,45,3000,129533.794057671
3,D1-TracingDecay,45,6000,120827.929011616
3,D1-TracingDecay,45,9000,90123.9034943577
3,D1-TracingDecay,45,12000,63228.6481393375
3,D1-TracingDecay,45,15000,53830.8508280576
3,D1-TracingDecay,45,18000,43949.7705185138
3,D1-TracingDecay,45,21000,35554.1830204476
3,D1-TracingDecay,45,24000,30519.8315336307
3,D1-TracingDecay,45,27000,25188.3727290195
3,D1-TracingDecay,45,30000,22710.1584030954
3,D1-TracingDecay,45,33000,16093.7315355228
3,D1-TracingDecay,45,36000,12666.4221183587
3,D1-TracingDecay,45,39000,11540.2660202284
3,D1-TracingDecay,45,42000,7459.97253300086
3,D1-TracingDecay,45,45000,6502.52962965781
3,D1-TracingDecay,45,48000,5716.92924908802
3,D1-TracingDecay,45,51000,4482.9473203294
3,D1-TracingDecay,45,54000,3206.35207202454
3,D1-TracingDecay,45,57000,2628.83466783989
3,D1-TracingDecay,45,60000,2054.79561213605
3,CLPSO,45,3000,180017.152781365
3,CLPSO,45,6000,131995.688928455
3,CLPSO,45,9000,131995.688928455
3,CLPSO,45,12000,131995.688928455
3,CLPSO,45,15000,131995.688928455
3,CLPSO,45,18000,116024.867134781
3,CLPSO,45,21000,107114.850603228
3,CLPSO,45,24000,95630.0684778544
3,CLPSO,45,27000,95630.0684778544
3,CLPSO,45,30000,95630.0684778544
3,CLPSO,45,33000,95630.0684778544
3,CLPSO,45,36000,95630.0684778544
3,CLPSO,45,39000,95630.0684778544
3,CLPSO,45,42000,86103.6051425997
3,CLPSO,45,45000,86103.6051425997
3,CLPSO,45,48000,86103.6051425997
3,CLPSO,45,51000,86103.6051425997
3,CLPSO,45,54000,86103.6051425997
3,CLPSO,45,57000,86103.6051425997
3,CLPSO,45,60000,86103.6051425997
3,LSHADE,45,3000,23798.8369236608
3,LSHADE,45,6000,7670.2546874733
3,LSHADE,45,9000,4149.36655414166
3,LSHADE,45,12000,2384.8672957867
3,LSHADE,45,15000,1129.75712533701
3,LSHADE,45,18000,480.867432243028
3,LSHADE,45,21000,194.196479349921
3,LSHADE,45,24000,73.142288750255
3,LSHADE,45,27000,27.1585394590803
3,LSHADE,45,30000,5.62331006606064
3,LSHADE,45,33000,1.15407928086142
3,LSHADE,45,36000,0.362056699508628
3,LSHADE,45,39000,0.10165105894805
3,LSHADE,45,42000,0.0283593591072986
3,LSHADE,45,45000,0.00798249240290261
3,LSHADE,45,48000,0.00154219484431906
3,LSHADE,45,51000,0.000229326196233615
3,LSHADE,45,54000,8.73176338131998e-05
3,LSHADE,45,57000,2.05802630262042e-05
3,LSHADE,45,60000,9.13789955347966e-06
4,D3-Both,41,3000,476.233999506051
4,D3-Both,41,6000,189.096199192363
4,D3-Both,41,9000,157.327320569166
4,D3-Both,41,12000,149.776306989563
4,D3-Both,41,15000,142.634230932623
4,D3-Both,41,18000,136.521712428097
4,D3-Both,41,21000,116.851608588227
4,D3-Both,41,24000,96.7824341073069
4,D3-Both,41,27000,92.0202460305863
4,D3-Both,41,30000,91.028280172566
4,D3-Both,41,33000,89.4859777659163
4,D3-Both,41,36000,88.7245242398216
4,D3-Both,41,39000,86.761420449233
4,D3-Both,41,42000,85.771150507592
4,D3-Both,41,45000,85.1284781100157
4,D3-Both,41,48000,84.8925870382394
4,D3-Both,41,51000,84.7394657697049
4,D3-Both,41,54000,84.1594265525595
4,D3-Both,41,57000,83.9596414312585
4,D3-Both,41,60000,83.7507282989049
4,D1-TracingDecay,41,3000,191.487495917101
4,D1-TracingDecay,41,6000,142.733055505253
4,D1-TracingDecay,41,9000,114.555256072195
4,D1-TracingDecay,41,12000,103.834051168031
4,D1-TracingDecay,41,15000,91.5449437594225
4,D1-TracingDecay,41,18000,83.8840263608057
4,D1-TracingDecay,41,21000,79.5789514021308
4,D1-TracingDecay,41,24000,75.1642204032548
4,D1-TracingDecay,41,27000,74.2477749670667
4,D1-TracingDecay,41,30000,73.1263260927809
4,D1-TracingDecay,41,33000,72.8466194871423
4,D1-TracingDecay,41,36000,72.5306770557248
4,D1-TracingDecay,41,39000,72.4451734475448
4,D1-TracingDecay,41,42000,72.3861307486031
4,D1-TracingDecay,41,45000,72.32081374779
4,D1-TracingDecay,41,48000,72.2488233821149
4,D1-TracingDecay,41,51000,72.1871511456729
4,D1-TracingDecay,41,54000,72.157441176549
4,D1-TracingDecay,41,57000,72.1451915713463
4,D1-TracingDecay,41,60000,72.0708737137732
4,CLPSO,41,3000,22936.1131149293
4,CLPSO,41,6000,15472.1515870163
4,CLPSO,41,9000,4850.99351210529
4,CLPSO,41,12000,2781.65701621424
4,CLPSO,41,15000,2493.63036524589
4,CLPSO,41,18000,1409.27655849598
4,CLPSO,41,21000,855.625070133223
4,CLPSO,41,24000,599.203469416271
4,CLPSO,41,27000,527.698351823038
4,CLPSO,41,30000,439.140005325897
4,CLPSO,41,33000,399.120280345397
4,CLPSO,41,36000,388.257703133053
4,CLPSO,41,39000,330.890833060071
4,CLPSO,41,42000,303.969571778883
4,CLPSO,41,45000,294.242386550996
4,CLPSO,41,48000,245.57272183584
4,CLPSO,41,51000,198.603975738636
4,CLPSO,41,54000,195.762920332848
4,CLPSO,41,57000,170.923704687412
4,CLPSO,41,60000,170.923704687412
4,LSHADE,41,3000,156.211482506618
4,LSHADE,41,6000,119.713877629615
4,LSHADE,41,9000,117.042128562993
4,LSHADE,41,12000,115.041415412771
4,LSHADE,41,15000,113.820299694556
4,LSHADE,41,18000,112.955245911645
4,LSHADE,41,21000,112.639981614514
4,LSHADE,41,24000,110.841120152618
4,LSHADE,41,27000,89.5159314639192
4,LSHADE,41,30000,87.1057550200595
4,LSHADE,41,33000,86.6562577813459
4,LSHADE,41,36000,86.3427494465889
4,LSHADE,41,39000,86.3237429694448
4,LSHADE,41,42000,85.7642491064477
4,LSHADE,41,45000,84.8781079982826
4,LSHADE,41,48000,84.5435721964266
4,LSHADE,41,51000,84.3622095331972
4,LSHADE,41,54000,84.1267709947101
4,LSHADE,41,57000,83.7519293403932
4,LSHADE,41,60000,83.6087530523727
4,D3-Both,42,3000,273.06633670531
4,D3-Both,42,6000,169.249027335145
4,D3-Both,42,9000,140.867854570339
4,D3-Both,42,12000,126.006791721288
4,D3-Both,42,15000,121.868716085372
4,D3-Both,42,18000,118.892924874001
4,D3-Both,42,21000,117.203754620516
4,D3-Both,42,24000,116.653484761141
4,D3-Both,42,27000,116.049299796509
4,D3-Both,42,30000,115.6393588804
4,D3-Both,42,33000,115.16161612037
4,D3-Both,42,36000,115.045607140096
4,D3-Both,42,39000,114.716328481051
4,D3-Both,42,42000,114.526679971004
4,D3-Both,42,45000,114.323156988444
4,D3-Both,42,48000,114.069406583095
4,D3-Both,42,51000,113.814865217148
4,D3-Both,42,54000,113.592433582306
4,D3-Both,42,57000,113.375017902667
4,D3-Both,42,60000,113.139655892501
4,D1-TracingDecay,42,3000,179.30285149719
4,D1-TracingDecay,42,6000,131.866526379426
4,D1-TracingDecay,42,9000,127.33962695272
4,D1-TracingDecay,42,12000,125.693465065391
4,D1-TracingDecay,42,15000,122.358712359321
4,D1-TracingDecay,42,18000,118.012555197038
4,D1-TracingDecay,42,21000,116.01984255199
4,D1-TracingDecay,42,24000,115.100385826786
4,D1-TracingDecay,42,27000,114.015717776008
4,D1-TracingDecay,42,30000,111.192254940913
4,D1-TracingDecay,42,33000,107.345173417635
4,D1-TracingDecay,42,36000,92.5007501927476
4,D1-TracingDecay,42,39000,75.5441065043585
4,D1-TracingDecay,42,42000,72.4254031883921
4,D1-TracingDecay,42,45000,72.0424847471314
4,D1-TracingDecay,42,48000,71.9629460969855
4,D1-TracingDecay,42,51000,71.8808606551798
4,D1-TracingDecay,42,54000,71.7919469892733
4,D1-TracingDecay,42,57000,71.7225439830377
4,D1-TracingDecay,42,60000,71.6144852178608
4,CLPSO,42,3000,16336.4278884407
4,CLPSO,42,6000,7269.44626472647
4,CLPSO,42,9000,3806.25461205147
4,CLPSO,42,12000,2788.30094215495
4,CLPSO,42,15000,2034.07695033766
4,CLPSO,42,18000,1448.62051958191
4,CLPSO,42,21000,867.585336811681
4,CLPSO,42,24000,834.808397759816
4,CLPSO,42,27000,636.374477505223
4,CLPSO,42,30000,462.019746942726
4,CLPSO,42,33000,331.260984306962
4,CLPSO,42,36000,293.458201785407
4,CLPSO,42,39000,250.008171009512
4,CLPSO,42,42000,250.008171009512
4,CLPSO,42,45000,224.416954700452
4,CLPSO,42,48000,209.543707368641
4,CLPSO,42,51000,203.520858961629
4,CLPSO,42,54000,203.520858961629
4,CLPSO,42,57000,199.441525257305
4,CLPSO,42,60000,196.987053076291
4,LSHADE,42,3000,153.712425591854
4,LSHADE,42,6000,97.565102936208
4,LSHADE,42,9000,93.6119882549738
4,LSHADE,42,12000,91.7463689549965
4,LSHADE,42,15000,90.3008921160543
4,LSHADE,42,18000,90.0201339519987
4,LSHADE,42,21000,89.5276910355337
4,LSHADE,42,24000,88.1447373701781
4,LSHADE,42,27000,87.1786038513723
4,LSHADE,42,30000,67.8876620937932
4,LSHADE,42,33000,64.1765879536672
4,LSHADE,42,36000,64.1239881063223
4,LSHADE,42,39000,64.1174529777078
4,LSHADE,42,42000,64.1173970552145
4,LSHADE,42,45000,64.1173950685917
4,LSHADE,42,48000,64.1173950142098
4,LSHADE,42,51000,64.1173950133646
4,LSHADE,42,54000,64.1173950133584
4,LSHADE,42,57000,64.1173950133576
4,LSHADE,42,60000,64.1173950133576
4,D3-Both,43,3000,238.967108351345
4,D3-Both,43,6000,124.451783457659
4,D3-Both,43,9000,96.4040558191961
4,D3-Both,43,12000,91.1438574940626
4,D3-Both,43,15000,89.7336272519913
4,D3-Both,43,18000,88.4828783007778
4,D3-Both,43,21000,87.4238552405066
4,D3-Both,43,24000,86.8945079271967
4,D3-Both,43,27000,86.2393284908395
4,D3-Both,43,30000,85.7843756623414
4,D3-Both,43,33000,85.5583400736287
4,D3-Both,43,36000,85.1724515045893
4,D3-Both,43,39000,84.8247861254544
4,D3-Both,43,42000,84.6174433380216
4,D3-Both,43,45000,84.4020698339548
4,D3-Both,43,48000,84.3201472033106
4,D3-Both,43,51000,84.1847027342809
4,D3-Both,43,54000,83.9928092858059
4,D3-Both,43,57000,83.8332109544212
4,D3-Both,43,60000,83.5955383184829
4,D1-TracingDecay,43,3000,155.305389430955
4,D1-TracingDecay,43,6000,143.408920671406
4,D1-TracingDecay,43,9000,141.32405719504
4,D1-TracingDecay,43,12000,139.999012239881
4,D1-TracingDecay,43,15000,137.889640794363
4,D1-TracingDecay,43,18000,135.966779386298
4,D1-TracingDecay,43,21000,135.86844382557
4,D1-TracingDecay,43,24000,134.486784103184
4,D1-TracingDecay,43,27000,134.167206859198
4,D1-TracingDecay,43,30000,133.250744615452
4,D1-TracingDecay,43,33000,132.07767217425
4,D1-TracingDecay,43,36000,131.179459055006
4,D1-TracingDecay,43,39000,129.88583865593
4,D1-TracingDecay,43,42000,127.270100085717
4,D1-TracingDecay,43,45000,106.236701379601
4,D1-TracingDecay,43,48000,87.9397914213296
4,D1-TracingDecay,43,51000,84.5717227959599
4,D1-TracingDecay,43,54000,83.5561868271537
4,D1-TracingDecay,43,57000,83.4316628824927
4,D1-TracingDecay,43,60000,83.3620509861353
4,CLPSO,43,3000,20676.8690388377
4,CLPSO,43,6000,13907.5689124049
4,CLPSO,43,9000,3716.22938117108
4,CLPSO,43,12000,2521.68399699705
4,CLPSO,43,15000,2521.68399699705
4,CLPSO,43,18000,2186.69315104627
4,CLPSO,43,21000,1777.32235822043
4,CLPSO,43,24000,997.959306875227
4,CLPSO,43,27000,617.306181492212
4,CLPSO,43,30000,363.748004118504
4,CLPSO,43,33000,363.748004118504
4,CLPSO,43,36000,363.748004118504
4,CLPSO,43,39000,354.165028994239
4,CLPSO,43,42000,272.206443182262
4,CLPSO,43,45000,244.801311081836
4,CLPSO,43,48000,227.045474986561
4,CLPSO,43,51000,216.776832330719
4,CLPSO,43,54000,204.59460953115
4,CLPSO,43,57000,195.364440248626
4,CLPSO,43,60000,195.364440248626
4,LSHADE,43,3000,270.11636169256
4,LSHADE,43,6000,105.909971973625
4,LSHADE,43,9000,92.5192046044393
4,LSHADE,43,12000,89.2510995801745
4,LSHADE,43,15000,87.6256392772294
4,LSHADE,43,18000,86.6774372089288
4,LSHADE,43,21000,86.3509412844721
4,LSHADE,43,24000,85.9420338283043
4,LSHADE,43,27000,84.6046774723742
4,LSHADE,43,30000,83.3756683297461
4,LSHADE,43,33000,72.8612785437786
4,LSHADE,43,36000,58.8883781760254
4,LSHADE,43,39000,58.5643143603477
4,LSHADE,43,42000,58.561587274139
4,LSHADE,43,45000,58.5615579089325
4,LSHADE,43,48000,58.561557399972
4,LSHADE,43,51000,58.5615573030296
4,LSHADE,43,54000,58.5615573024172
4,LSHADE,43,57000,58.5615573023871
4,LSHADE,43,60000,58.5615573023866
4,D3-Both,44,3000,467.584791990567
4,D3-Both,44,6000,294.603381004121
4,D3-Both,44,9000,258.4394014582
4,D3-Both,44,12000,241.711710018661
4,D3-Both,44,15000,222.625911086357
4,D3-Both,44,18000,212.421057645913
4,D3-Both,44,21000,205.476411869686
4,D3-Both,44,24000,191.221982030786
4,D3-Both,44,27000,171.775062232211
4,D3-Both,44,30000,158.417221456725
4,D3-Both,44,33000,128.08120871907
4,D3-Both,44,36000,103.443953597358
4,D3-Both,44,39000,94.3360723841648
4,D3-Both,44,42000,93.0533118604724
4,D3-Both,44,45000,92.7584617026931
4,D3-Both,44,48000,92.4508501798293
4,D3-Both,44,51000,92.3134666737569
4,D3-Both,44,54000,92.1661891296396
4,D3-Both,44,57000,91.9810878008365
4,D3-Both,44,60000,91.7732837342695
4,D1-TracingDecay,44,3000,185.953917230668
4,D1-TracingDecay,44,6000,118.005641896488
4,D1-TracingDecay,44,9000,101.126308773906
4,D1-TracingDecay,44,12000,99.9955790666577
4,D1-TracingDecay,44,15000,93.480080204335
4,D1-TracingDecay,44,18000,92.1360703714296
4,D1-TracingDecay,44,21000,91.4230853970767
4,D1-TracingDecay,44,24000,90.3873318309346
4,D1-TracingDecay,44,27000,90.0557350285928
4,D1-TracingDecay,44,30000,89.6877791980081
4,D1-TracingDecay,44,33000,88.995503176192
4,D1-TracingDecay,44,36000,88.2571355366648
4,D1-TracingDecay,44,39000,87.971920013364
4,D1-TracingDecay,44,42000,87.7606098713513
4,D1-TracingDecay,44,45000,87.6204897608441
4,D1-TracingDecay,44,48000,87.5542431815758
4,D1-TracingDecay,44,51000,87.5156903997487
4,D1-TracingDecay,44,54000,87.4970068716478
4,D1-TracingDecay,44,57000,87.4558416310499
4,D1-TracingDecay,44,60000,87.4133128597822
4,CLPSO,44,3000,26706.0329135169
4,CLPSO,44,6000,13341.6244818129
4,CLPSO,44,9000,3927.80385147847
4,CLPSO,44,12000,3313.57707722151
4,CLPSO,44,15000,3057.57600635254
4,CLPSO,44,18000,1707.0161892277
4,CLPSO,44,21000,847.037000804808
4,CLPSO,44,24000,724.121717845372
4,CLPSO,44,27000,644.42025033169
4,CLPSO,44,30000,474.204906413385
4,CLPSO,44,33000,438.535889780302
4,CLPSO,44,36000,410.497966397389
4,CLPSO,44,39000,276.440798948872
4,CLPSO,44,42000,276.440798948872
4,CLPSO,44,45000,275.584222579437
4,CLPSO,44,48000,242.705183543015
4,CLPSO,44,51000,242.705183543015
4,CLPSO,44,54000,232.395368387682
4,CLPSO,44,57000,226.631742165078
4,CLPSO,44,60000,218.643953052352
4,LSHADE,44,3000,183.908392118115
4,LSHADE,44,6000,106.818525268588
4,LSHADE,44,9000,87.9849298695159
4,LSHADE,44,12000,85.7829741910637
4,LSHADE,44,15000,84.6281653285593
4,LSHADE,44,18000,83.4913406735262
4,LSHADE,44,21000,83.1821641841225
4,LSHADE,44,24000,59.2979694332697
4,LSHADE,44,27000,58.5796972713669
4,LSHADE,44,30000,58.5620114477275
4,LSHADE,44,33000,58.561562714538
4,LSHADE,44,36000,58.5615573696922
4,LSHADE,44,39000,58.5615573034395
4,LSHADE,44,42000,58.5615573024182
4,LSHADE,44,45000,58.5615573023859
4,LSHADE,44,48000,58.5615573023856
4,LSHADE,44,51000,58.5615573023856
4,LSHADE,44,54000,58.5615573023855
4,LSHADE,44,57000,58.5615573023855
4,LSHADE,44,60000,58.5615573023855
4,D3-Both,45,3000,325.425107697691
4,D3-Both,45,6000,239.407764678721
4,D3-Both,45,9000,208.263445186788
4,D3-Both,45,12000,187.488980646996
4,D3-Both,45,15000,180.736774539758
4,D3-Both,45,18000,180.308667425679
4,D3-Both,45,21000,178.479498074696
4,D3-Both,45,24000,177.8485413164
4,D3-Both,45,27000,177.149034476728
4,D3-Both,45,30000,175.615487179951
4,D3-Both,45,33000,174.902782317564
4,D3-Both,45,36000,173.506235582848
4,D3-Both,45,39000,171.911658932515
4,D3-Both,45,42000,168.941942259173
4,D3-Both,45,45000,167.076388824098
4,D3-Both,45,48000,165.339449432368
4,D3-Both,45,51000,158.436342404078
4,D3-Both,45,54000,115.936039888966
4,D3-Both,45,57000,108.760193211944
4,D3-Both,45,60000,108.369730368299
4,D1-TracingDecay,45,3000,196.428277802329
4,D1-TracingDecay,45,6000,166.456747609778
4,D1-TracingDecay,45,9000,142.444574855389
4,D1-TracingDecay,45,12000,131.857291015799
4,D1-TracingDecay,45,15000,128.942821477556
4,D1-TracingDecay,45,18000,125.811502889682
4,D1-TracingDecay,45,21000,123.573480401286
4,D1-TracingDecay,45,24000,121.126935378381
4,D1-TracingDecay,45,27000,120.227941733202
4,D1-TracingDecay,45,30000,119.664641469003
4,D1-TracingDecay,45,33000,118.955118638497
4,D1-TracingDecay,45,36000,118.736893706334
4,D1-TracingDecay,45,39000,118.355485704619
4,D1-TracingDecay,45,42000,117.897760297298
4,D1-TracingDecay,45,45000,117.34533184174
4,D1-TracingDecay,45,48000,117.056995194041
4,D1-TracingDecay,45,51000,116.602151000403
4,D1-TracingDecay,45,54000,115.818962546861
4,D1-TracingDecay,45,57000,115.147771554339
4,D1-TracingDecay,45,60000,114.921527887708
4,CLPSO,45,3000,21387.4192795741
4,CLPSO,45,6000,6529.97362922501
4,CLPSO,45,9000,4325.82777990623
4,CLPSO,45,12000,2035.71250481357
4,CLPSO,45,15000,1595.72186175193
4,CLPSO,45,18000,1367.96253270372
4,CLPSO,45,21000,1067.49978301489
4,CLPSO,45,24000,619.242102108244
4,CLPSO,45,27000,608.438087536883
4,CLPSO,45,30000,415.487526018462
4,CLPSO,45,33000,381.755176764343
4,CLPSO,45,36000,329.865157998811
4,CLPSO,45,39000,329.865157998811
4,CLPSO,45,42000,265.268570276615
4,CLPSO,45,45000,261.120858474304
4,CLPSO,45,48000,259.281182981306
4,CLPSO,45,51000,251.948662103719
4,CLPSO,45,54000,235.617675497662
4,CLPSO,45,57000,216.802736154813
4,CLPSO,45,60000,209.277864358577
4,LSHADE,45,3000,214.951913618881
4,LSHADE,45,6000,90.8722287182085
4,LSHADE,45,9000,86.8990650674364
4,LSHADE,45,12000,86.0964534096959
4,LSHADE,45,15000,84.4004300146509
4,LSHADE,45,18000,83.3870814522675
4,LSHADE,45,21000,60.224358924644
4,LSHADE,45,24000,58.5808039126401
4,LSHADE,45,27000,58.5628671122006
4,LSHADE,45,30000,58.5616138192902
4,LSHADE,45,33000,58.5615582685272
4,LSHADE,45,36000,58.5615573639074
4,LSHADE,45,39000,58.5615573030124
4,LSHADE,45,42000,58.5615573024495
4,LSHADE,45,45000,58.5615573023866
4,LSHADE,45,48000,58.5615573023855
4,LSHADE,45,51000,58.5615573023855
4,LSHADE,45,54000,58.5615573023855
4,LSHADE,45,57000,58.5615573023855
4,LSHADE,45,60000,58.5615573023854
5,D3-Both,41,3000,195.159755167711
5,D3-Both,41,6000,179.052748493681
5,D3-Both,41,9000,175.586184932353
5,D3-Both,41,12000,156.851258425236
5,D3-Both,41,15000,156.851258425236
5,D3-Both,41,18000,156.851258425236
5,D3-Both,41,21000,150.773220801765
5,D3-Both,41,24000,145.342906370485
5,D3-Both,41,27000,143.483005356153
5,D3-Both,41,30000,133.674170006784
5,D3-Both,41,33000,133.674170006784
5,D3-Both,41,36000,133.366492240891
5,D3-Both,41,39000,131.471935606273
5,D3-Both,41,42000,130.001673008291
5,D3-Both,41,45000,127.842744476179
5,D3-Both,41,48000,124.242897792635
5,D3-Both,41,51000,122.606607196152
5,D3-Both,41,54000,122.606607196152
5,D3-Both,41,57000,121.969537757102
5,D3-Both,41,60000,121.452582018823
5,D1-TracingDecay,41,3000,214.547686056634
5,D1-TracingDecay,41,6000,201.32613274974
5,D1-TracingDecay,41,9000,191.313901305711
5,D1-TracingDecay,41,12000,186.926283895823
5,D1-TracingDecay,41,15000,183.657457139197
5,D1-TracingDecay,41,18000,178.566262239935
5,D1-TracingDecay,41,21000,175.679138680221
5,D1-TracingDecay,41,24000,175.679138680221
5,D1-TracingDecay,41,27000,170.20352144255
5,D1-TracingDecay,41,30000,168.598640542729
5,D1-TracingDecay,41,33000,166.570154869704
5,D1-TracingDecay,41,36000,165.379815343118
5,D1-TracingDecay,41,39000,165.379815343118
5,D1-TracingDecay,41,42000,165.379815343118
5,D1-TracingDecay,41,45000,164.27981743491
5,D1-TracingDecay,41,48000,159.890668143737
5,D1-TracingDecay,41,51000,139.606079093163
5,D1-TracingDecay,41,54000,136.552337655125
5,D1-TracingDecay,41,57000,132.869704635997
5,D1-TracingDecay,41,60000,132.336144923909
5,CLPSO,41,3000,524.442763665608
5,CLPSO,41,6000,425.905169070728
5,CLPSO,41,9000,340.820666525362
5,CLPSO,41,12000,338.065016020817
5,CLPSO,41,15000,275.870133457644
5,CLPSO,41,18000,258.542494739236
5,CLPSO,41,21000,258.542494739236
5,CLPSO,41,24000,258.542494739236
5,CLPSO,41,27000,231.435576127842
5,CLPSO,41,30000,211.427207606194
5,CLPSO,41,33000,188.717963711447
5,CLPSO,41,36000,163.283883174642
5,CLPSO,41,39000,154.851512516308
5,CLPSO,41,42000,136.283380992811
5,CLPSO,41,45000,125.633072306025
5,CLPSO,41,48000,125.633072306025
5,CLPSO,41,51000,125.633072306025
5,CLPSO,41,54000,115.684615014889
5,CLPSO,41,57000,114.495922516481
5,CLPSO,41,60000,114.495922516481
5,LSHADE,41,3000,243.067313042944
5,LSHADE,41,6000,196.117071183622
5,LSHADE,41,9000,149.237600739529
5,LSHADE,41,12000,123.004682911962
5,LSHADE,41,15000,81.0649389437189
5,LSHADE,41,18000,73.8215458782962
5,LSHADE,41,21000,58.0605878286096
5,LSHADE,41,24000,47.0333831969979
5,LSHADE,41,27000,38.5177612260711
5,LSHADE,41,30000,30.962178814189
5,LSHADE,41,33000,30.2630860370901
5,LSHADE,41,36000,29.7657530528322
5,LSHADE,41,39000,28.810957739146
5,LSHADE,41,42000,27.0240875446208
5,LSHADE,41,45000,23.4981186390927
5,LSHADE,41,48000,22.696402078638
5,LSHADE,41,51000,21.5173235880808
5,LSHADE,41,54000,21.1129161248203
5,LSHADE,41,57000,21.0599827748897
5,LSHADE,41,60000,20.9902640279108
5,D3-Both,42,3000,208.703729848423
5,D3-Both,42,6000,157.838449203012
5,D3-Both,42,9000,143.526388520147
5,D3-Both,42,12000,134.498398790623
5,D3-Both,42,15000,127.809862282173
5,D3-Both,42,18000,117.802824203758
5,D3-Both,42,21000,115.751219166692
5,D3-Both,42,24000,115.751219166692
5,D3-Both,42,27000,113.554348067809
5,D3-Both,42,30000,112.569435878982
5,D3-Both,42,33000,110.265495503896
5,D3-Both,42,36000,107.938332451542
5,D3-Both,42,39000,99.1795481309006
5,D3-Both,42,42000,94.6074171136265
5,D3-Both,42,45000,90.4982271715576
5,D3-Both,42,48000,88.4098846762291
5,D3-Both,42,51000,87.7285293813079
5,D3-Both,42,54000,87.6109519896016
5,D3-Both,42,57000,87.5589612712587
5,D3-Both,42,60000,87.5562712417143
5,D1-TracingDecay,42,3000,209.75976148768
5,D1-TracingDecay,42,6000,186.602747912178
5,D1-TracingDecay,42,9000,179.347116710618
5,D1-TracingDecay,42,12000,168.353038398554
5,D1-TracingDecay,42,15000,165.821503900065
5,D1-TracingDecay,42,18000,165.764607749482
5,D1-TracingDecay,42,21000,158.658900321619
5,D1-TracingDecay,42,24000,158.658900321619
5,D1-TracingDecay,42,27000,158.539862683004
5,D1-TracingDecay,42,30000,158.539862683004
5,D1-TracingDecay,42,33000,157.795098942361
5,D1-TracingDecay,42,36000,156.668719821553
5,D1-TracingDecay,42,39000,154.877011190715
5,D1-TracingDecay,42,42000,134.130041819609
5,D1-TracingDecay,42,45000,129.730340365861
5,D1-TracingDecay,42,48000,127.801315820214
5,D1-TracingDecay,42,51000,127.145905713436
5,D1-TracingDecay,42,54000,125.672316687824
5,D1-TracingDecay,42,57000,124.440557399612
5,D1-TracingDecay,42,60000,124.219276750835
5,CLPSO,42,3000,603.898228805252
5,CLPSO,42,6000,443.291743610702
5,CLPSO,42,9000,390.331576801537
5,CLPSO,42,12000,328.650354226572
5,CLPSO,42,15000,305.42676053396
5,CLPSO,42,18000,263.500167826123
5,CLPSO,42,21000,262.632618239282
5,CLPSO,42,24000,240.660381131525
5,CLPSO,42,27000,240.660381131525
5,CLPSO,42,30000,240.660381131525
5,CLPSO,42,33000,222.852395521805
5,CLPSO,42,36000,198.327064007958
5,CLPSO,42,39000,180.66512059509
5,CLPSO,42,42000,164.900601917649
5,CLPSO,42,45000,164.900601917649
5,CLPSO,42,48000,164.900601917649
5,CLPSO,42,51000,162.544516497906
5,CLPSO,42,54000,162.544516497906
5,CLPSO,42,57000,151.316706030467
5,CLPSO,42,60000,151.316706030467
5,LSHADE,42,3000,192.954879592045
5,LSHADE,42,6000,186.854592241072
5,LSHADE,42,9000,154.785674312221
5,LSHADE,42,12000,123.148690642452
5,LSHADE,42,15000,94.1324952709136
5,LSHADE,42,18000,72.8534571888064
5,LSHADE,42,21000,53.962730050652
5,LSHADE,42,24000,46.9753863258545
5,LSHADE,42,27000,44.7233395726935
5,LSHADE,42,30000,37.5845267447695
5,LSHADE,42,33000,34.6729239766299
5,LSHADE,42,36000,28.5485269046839
5,LSHADE,42,39000,24.1338303734551
5,LSHADE,42,42000,23.828993534851
5,LSHADE,42,45000,22.9685637803019
5,LSHADE,42,48000,22.4145123974745
5,LSHADE,42,51000,22.391314005116
5,LSHADE,42,54000,22.0751274556857
5,LSHADE,42,57000,21.9990472834451
5,LSHADE,42,60000,21.9902939399929
5,D3-Both,43,3000,217.002288707039
5,D3-Both,43,6000,182.921248412875
5,D3-Both,43,9000,147.378065632078
5,D3-Both,43,12000,140.479965103132
5,D3-Both,43,15000,109.110451290006
5,D3-Both,43,18000,86.6460999244179
5,D3-Both,43,21000,82.9179214991273
5,D3-Both,43,24000,79.0829724764858
5,D3-Both,43,27000,74.9040152317742
5,D3-Both,43,30000,72.2030368645931
5,D3-Both,43,33000,69.8965514497668
5,D3-Both,43,36000,69.5250167913297
5,D3-Both,43,39000,67.8066955694892
5,D3-Both,43,42000,65.1978453407247
5,D3-Both,43,45000,59.230694768129
5,D3-Both,43,48000,58.1509323929299
5,D3-Both,43,51000,57.7738819588826
5,D3-Both,43,54000,57.7155754499749
5,D3-Both,43,57000,57.7083273699059
5,D3-Both,43,60000,57.7075796479279
5,D1-TracingDecay,43,3000,307.390615566392
5,D1-TracingDecay,43,6000,302.027846096061
5,D1-TracingDecay,43,9000,297.006093784424
5,D1-TracingDecay,43,12000,242.019735306946
5,D1-TracingDecay,43,15000,223.435343974318
5,D1-TracingDecay,43,18000,216.902439613987
5,D1-TracingDecay,43,21000,212.274933612228
5,D1-TracingDecay,43,24000,202.83392057895
5,D1-TracingDecay,43,27000,202.83392057895
5,D1-TracingDecay,43,30000,199.914334783577
5,D1-TracingDecay,43,33000,196.740593262059
5,D1-TracingDecay,43,36000,196.497851603852
5,D1-TracingDecay,43,39000,196.429554771158
5,D1-TracingDecay,43,42000,195.758163073806
5,D1-TracingDecay,43,45000,187.01217874814
5,D1-TracingDecay,43,48000,171.101511068919
5,D1-TracingDecay,43,51000,164.329069470301
5,D1-TracingDecay,43,54000,158.194342621562
5,D1-TracingDecay,43,57000,155.418641771088
5,D1-TracingDecay,43,60000,155.215474705274
5,CLPSO,43,3000,535.376309897788
5,CLPSO,43,6000,443.837061167165
5,CLPSO,43,9000,410.3290040414
5,CLPSO,43,12000,369.802714461621
5,CLPSO,43,15000,307.38519519583
5,CLPSO,43,18000,295.203612521474
5,CLPSO,43,21000,285.331065036338
5,CLPSO,43,24000,237.307253767557
5,CLPSO,43,27000,222.477466617602
5,CLPSO,43,30000,209.788926720397
5,CLPSO,43,33000,203.692773013297
5,CLPSO,43,36000,158.96226509677
5,CLPSO,43,39000,148.792149481294
5,CLPSO,43,42000,142.230719381672
5,CLPSO,43,45000,142.230719381672
5,CLPSO,43,48000,132.032924285963
5,CLPSO,43,51000,132.032924285963
5,CLPSO,43,54000,132.032924285963
5,CLPSO,43,57000,124.487351492812
5,CLPSO,43,60000,121.903011843943
5,LSHADE,43,3000,252.869096164759
5,LSHADE,43,6000,195.423147916444
5,LSHADE,43,9000,144.927694808943
5,LSHADE,43,12000,111.04453177208
5,LSHADE,43,15000,94.5841937923024
5,LSHADE,43,18000,81.8657136899309
5,LSHADE,43,21000,61.1982825351965
5,LSHADE,43,24000,54.8548410308246
5,LSHADE,43,27000,44.6880396673131
5,LSHADE,43,30000,40.6845911888873
5,LSHADE,43,33000,35.6913425588248
5,LSHADE,43,36000,33.7710993071154
5,LSHADE,43,39000,31.4585342973432
5,LSHADE,43,42000,31.1321306055457
5,LSHADE,43,45000,30.2509993363245
5,LSHADE,43,48000,30.1054576048584
5,LSHADE,43,51000,29.9804984236748
5,LSHADE,43,54000,29.4183751871528
5,LSHADE,43,57000,29.2718438601967
5,LSHADE,43,60000,29.1443638548598
5,D3-Both,44,3000,228.915240365216
5,D3-Both,44,6000,179.430482614202
5,D3-Both,44,9000,165.253873576504
5,D3-Both,44,12000,164.046691598142
5,D3-Both,44,15000,155.546947403865
5,D3-Both,44,18000,155.546947403865
5,D3-Both,44,21000,155.546947403865
5,D3-Both,44,24000,152.614071268702
5,D3-Both,44,27000,146.411282724896
5,D3-Both,44,30000,141.002882103484
5,D3-Both,44,33000,132.179841327321
5,D3-Both,44,36000,130.286544057502
5,D3-Both,44,39000,130.286544057502
5,D3-Both,44,42000,130.121793244026
5,D3-Both,44,45000,127.247701422322
5,D3-Both,44,48000,125.299955088548
5,D3-Both,44,51000,124.707729958099
5,D3-Both,44,54000,122.604211798511
5,D3-Both,44,57000,122.038741658781
5,D3-Both,44,60000,121.888833513602
5,D1-TracingDecay,44,3000,217.853080590281
5,D1-TracingDecay,44,6000,206.805482435434
5,D1-TracingDecay,44,9000,203.765888124149
5,D1-TracingDecay,44,12000,202.2079178229
5,D1-TracingDecay,44,15000,191.795250131347
5,D1-TracingDecay,44,18000,186.603200699154
5,D1-TracingDecay,44,21000,185.1069008208
5,D1-TracingDecay,44,24000,183.684063803682
5,D1-TracingDecay,44,27000,180.008167348717
5,D1-TracingDecay,44,30000,178.130640275553
5,D1-TracingDecay,44,33000,178.130640275553
5,D1-TracingDecay,44,36000,176.343924617844
5,D1-TracingDecay,44,39000,171.92021042186
5,D1-TracingDecay,44,42000,170.948490751215
5,D1-TracingDecay,44,45000,166.139043300255
5,D1-TracingDecay,44,48000,152.467474823078
5,D1-TracingDecay,44,51000,146.28607097994
5,D1-TracingDecay,44,54000,143.900894831554
5,D1-TracingDecay,44,57000,138.637590963274
5,D1-TracingDecay,44,60000,138.301322183008
5,CLPSO,44,3000,537.253980429532
5,CLPSO,44,6000,400.662154037715
5,CLPSO,44,9000,341.711671675645
5,CLPSO,44,12000,341.711671675645
5,CLPSO,44,15000,305.274902859129
5,CLPSO,44,18000,305.274902859129
5,CLPSO,44,21000,254.784624859113
5,CLPSO,44,24000,254.784624859113
5,CLPSO,44,27000,254.784624859113
5,CLPSO,44,30000,215.890074939263
5,CLPSO,44,33000,207.53780929566
5,CLPSO,44,36000,188.456239288444
5,CLPSO,44,39000,188.432521783494
5,CLPSO,44,42000,172.34165000995
5,CLPSO,44,45000,160.72844802438
5,CLPSO,44,48000,160.72844802438
5,CLPSO,44,51000,160.72844802438
5,CLPSO,44,54000,160.38133309721
5,CLPSO,44,57000,158.96464858089
5,CLPSO,44,60000,158.96464858089
5,LSHADE,44,3000,215.121947025489
5,LSHADE,44,6000,183.277164747669
5,LSHADE,44,9000,116.542148655825
5,LSHADE,44,12000,55.7461279376028
5,LSHADE,44,15000,53.7341710212979
5,LSHADE,44,18000,53.7277216009841
5,LSHADE,44,21000,53.7276984895276
5,LSHADE,44,24000,53.7276983119032
5,LSHADE,44,27000,53.7276983114206
5,LSHADE,44,30000,53.7276983114182
5,LSHADE,44,33000,53.7276983114182
5,LSHADE,44,36000,53.7276983114182
5,LSHADE,44,39000,53.7276983114182
5,LSHADE,44,42000,53.7276983114182
5,LSHADE,44,45000,53.7276983114182
5,LSHADE,44,48000,53.7276983114182
5,LSHADE,44,51000,53.7276983114182
5,LSHADE,44,54000,53.7276983114182
5,LSHADE,44,57000,53.7276983114182
5,LSHADE,44,60000,53.7276983114182
5,D3-Both,45,3000,251.789066412343
5,D3-Both,45,6000,182.864544968094
5,D3-Both,45,9000,160.208347406999
5,D3-Both,45,12000,136.330082192947
5,D3-Both,45,15000,131.946982261084
5,D3-Both,45,18000,130.157298841669
5,D3-Both,45,21000,130.157298841669
5,D3-Both,45,24000,124.524540786365
5,D3-Both,45,27000,109.384403404176
5,D3-Both,45,30000,96.6981877108186
5,D3-Both,45,33000,94.4921793513151
5,D3-Both,45,36000,93.9286315740817
5,D3-Both,45,39000,93.2035594810782
5,D3-Both,45,42000,92.6338439281506
5,D3-Both,45,45000,84.3369388517749
5,D3-Both,45,48000,82.0245778256798
5,D3-Both,45,51000,81.0212504111411
5,D3-Both,45,54000,80.6538240682402
5,D3-Both,45,57000,80.5954035242074
5,D3-Both,45,60000,80.5915289712949
5,D1-TracingDecay,45,3000,211.961134122771
5,D1-TracingDecay,45,6000,199.852727045596
5,D1-TracingDecay,45,9000,187.23625276932
5,D1-TracingDecay,45,12000,187.131822077652
5,D1-TracingDecay,45,15000,185.374017031297
5,D1-TracingDecay,45,18000,185.374017031297
5,D1-TracingDecay,45,21000,185.374017031297
5,D1-TracingDecay,45,24000,182.553921053546
5,D1-TracingDecay,45,27000,180.46990179066
5,D1-TracingDecay,45,30000,178.436469074491
5,D1-TracingDecay,45,33000,176.560305616105
5,D1-TracingDecay,45,36000,168.388897091471
5,D1-TracingDecay,45,39000,152.851595980929
5,D1-TracingDecay,45,42000,147.637630919608
5,D1-TracingDecay,45,45000,143.510112432296
5,D1-TracingDecay,45,48000,140.784522148323
5,D1-TracingDecay,45,51000,137.759304793639
5,D1-TracingDecay,45,54000,136.756480909401
5,D1-TracingDecay,45,57000,136.422693297003
5,D1-TracingDecay,45,60000,136.311130049817
5,CLPSO,45,3000,423.460722319605
5,CLPSO,45,6000,414.578691618797
5,CLPSO,45,9000,390.315802552398
5,CLPSO,45,12000,328.228272283031
5,CLPSO,45,15000,328.228272283031
5,CLPSO,45,18000,314.090106614962
5,CLPSO,45,21000,286.433985840838
5,CLPSO,45,24000,264.814707731976
5,CLPSO,45,27000,217.241915442209
5,CLPSO,45,30000,217.241915442209
5,CLPSO,45,33000,217.241915442209
5,CLPSO,45,36000,179.770813181498
5,CLPSO,45,39000,179.770813181498
5,CLPSO,45,42000,179.770813181498
5,CLPSO,45,45000,179.770813181498
5,CLPSO,45,48000,178.800179728846
5,CLPSO,45,51000,178.737224940725
5,CLPSO,45,54000,158.628727923705
5,CLPSO,45,57000,148.869902514293
5,CLPSO,45,60000,147.260349405082
5,LSHADE,45,3000,223.054951125179
5,LSHADE,45,6000,153.690843613504
5,LSHADE,45,9000,134.735917171422
5,LSHADE,45,12000,93.7649766964432
5,LSHADE,45,15000,67.9296295317135
5,LSHADE,45,18000,61.2333396028097
5,LSHADE,45,21000,45.2954755056016
5,LSHADE,45,24000,41.3581943820899
5,LSHADE,45,27000,29.0055440554529
5,LSHADE,45,30000,26.7063877674751
5,LSHADE,45,33000,25.1768110354049
5,LSHADE,45,36000,22.1731814486498
5,LSHADE,45,39000,19.2557054575944
5,LSHADE,45,42000,19.1264537715491
5,LSHADE,45,45000,18.8355324666157
5,LSHADE,45,48000,18.4863302531427
5,LSHADE,45,51000,18.3922105663167
5,LSHADE,45,54000,18.3250001933856
5,LSHADE,45,57000,18.0534743760045
5,LSHADE,45,60000,17.9778635896066
6,D3-Both,41,3000,65.8242230299326
6,D3-Both,41,6000,36.0750080292233
6,D3-Both,41,9000,30.4149051676105
6,D3-Both,41,12000,25.991559734216
6,D3-Both,41,15000,25.991559734216
6,D3-Both,41,18000,23.1464804146472
6,D3-Both,41,21000,22.0068123851386
6,D3-Both,41,24000,22.0068123851386
6,D3-Both,41,27000,21.3622270349128
6,D3-Both,41,30000,21.1446124026417
6,D3-Both,41,33000,20.8942601969812
6,D3-Both,41,36000,12.1427974312077
6,D3-Both,41,39000,8.3409275762491
6,D3-Both,41,42000,5.73866944854501
6,D3-Both,41,45000,4.46708588289118
6,D3-Both,41,48000,4.30845490843092
6,D3-Both,41,51000,3.68310451458774
6,D3-Both,41,54000,3.26861884140567
6,D3-Both,41,57000,2.82378790838629
6,D3-Both,41,60000,2.45719116825285
6,D1-TracingDecay,41,3000,59.2539477279423
6,D1-TracingDecay,41,6000,52.6973936650656
6,D1-TracingDecay,41,9000,52.0866727038917
6,D1-TracingDecay,41,12000,47.2649283289263
6,D1-TracingDecay,41,15000,46.9239051707339
6,D1-TracingDecay,41,18000,46.6216213403158
6,D1-TracingDecay,41,21000,45.3519118644251
6,D1-TracingDecay,41,24000,45.2939524433798
6,D1-TracingDecay,41,27000,44.7756024014496
6,D1-TracingDecay,41,30000,44.0190313827271
6,D1-TracingDecay,41,33000,41.6072813401814
6,D1-TracingDecay,41,36000,40.9686446911003
6,D1-TracingDecay,41,39000,40.1389804431004
6,D1-TracingDecay,41,42000,40.0500875845287
6,D1-TracingDecay,41,45000,39.5735625951978
6,D1-TracingDecay,41,48000,38.3996973179317
6,D1-TracingDecay,41,51000,37.9408312014467
6,D1-TracingDecay,41,54000,37.6684313370839
6,D1-TracingDecay,41,57000,37.1951667104079
6,D1-TracingDecay,41,60000,36.6577376055947
6,CLPSO,41,3000,106.846741571879
6,CLPSO,41,6000,79.6908929201862
6,CLPSO,41,9000,77.9069903037872
6,CLPSO,41,12000,58.0245176049839
6,CLPSO,41,15000,55.8010383124775
6,CLPSO,41,18000,47.0475173199394
6,CLPSO,41,21000,43.7077868474303
6,CLPSO,41,24000,30.269435521222
6,CLPSO,41,27000,27.8221715252535
6,CLPSO,41,30000,25.2788882515976
6,CLPSO,41,33000,20.7836159572497
6,CLPSO,41,36000,15.097760336172
6,CLPSO,41,39000,9.60062330250037
6,CLPSO,41,42000,8.3611064862547
6,CLPSO,41,45000,7.27627324883258
6,CLPSO,41,48000,5.68861993250164
6,CLPSO,41,51000,5.10933549622223
6,CLPSO,41,54000,4.27066905812501
6,CLPSO,41,57000,4.13330216156874
6,CLPSO,41,60000,2.76727818132997
6,LSHADE,41,3000,17.9997984882684
6,LSHADE,41,6000,4.43410597039485
6,LSHADE,41,9000,1.71103211951652
6,LSHADE,41,12000,0.642794706397808
6,LSHADE,41,15000,0.448725992626919
6,LSHADE,41,18000,0.380878660784106
6,LSHADE,41,21000,0.219658937957206
6,LSHADE,41,24000,0.153749019408679
6,LSHADE,41,27000,0.14500480594495
6,LSHADE,41,30000,0.144115702194881
6,LSHADE,41,33000,0.144025289695037
6,LSHADE,41,36000,0.144005573171171
6,LSHADE,41,39000,0.144004241779044
6,LSHADE,41,42000,0.144004134034617
6,LSHADE,41,45000,0.144003483394158
6,LSHADE,41,48000,0.144003444460054
6,LSHADE,41,51000,0.144003441979862
6,LSHADE,41,54000,0.14400344178614
6,LSHADE,41,57000,0.144003441782502
6,LSHADE,41,60000,0.144003441782274
6,D3-Both,42,3000,41.3881739555193
6,D3-Both,42,6000,31.123084468985
6,D3-Both,42,9000,28.4735799075926
6,D3-Both,42,12000,25.1485153624849
6,D3-Both,42,15000,23.4068103037632
6,D3-Both,42,18000,22.1219802078455
6,D3-Both,42,21000,18.7719843356122
6,D3-Both,42,24000,17.7957258002355
6,D3-Both,42,27000,17.0710074654219
6,D3-Both,42,30000,16.6620997376359
6,D3-Both,42,33000,15.7892848806231
6,D3-Both,42,36000,14.7265125691406
6,D3-Both,42,39000,14.568604385654
6,D3-Both,42,42000,13.8114076035042
6,D3-Both,42,45000,12.7255117664878
6,D3-Both,42,48000,12.4495135735453
6,D3-Both,42,51000,11.8792092421952
6,D3-Both,42,54000,11.0879793204969
6,D3-Both,42,57000,8.36474821467186
6,D3-Both,42,60000,7.35842052109695
6,D1-TracingDecay,42,3000,53.5241831218983
6,D1-TracingDecay,42,6000,47.4473598629488
6,D1-TracingDecay,42,9000,46.8627279012268
6,D1-TracingDecay,42,12000,45.939248978819
6,D1-TracingDecay,42,15000,45.0325648567629
6,D1-TracingDecay,42,18000,44.0519408449244
6,D1-TracingDecay,42,21000,43.5737150225457
6,D1-TracingDecay,42,24000,43.5737150225457
6,D1-TracingDecay,42,27000,43.5737150225457
6,D1-TracingDecay,42,30000,43.5737150225457
6,D1-TracingDecay,42,33000,43.5737150225457
6,D1-TracingDecay,42,36000,43.4995384988796
6,D1-TracingDecay,42,39000,41.9698250741835
6,D1-TracingDecay,42,42000,39.2935468940929
6,D1-TracingDecay,42,45000,38.8253887801213
6,D1-TracingDecay,42,48000,38.2147377933717
6,D1-TracingDecay,42,51000,37.7838728189059
6,D1-TracingDecay,42,54000,37.3072995637845
6,D1-TracingDecay,42,57000,36.9869832116967
6,D1-TracingDecay,42,60000,36.621122497829
6,CLPSO,42,3000,92.433628552804
6,CLPSO,42,6000,76.5985057939452
6,CLPSO,42,9000,64.5024588877477
6,CLPSO,42,12000,53.8021373358628
6,CLPSO,42,15000,44.3757196847059
6,CLPSO,42,18000,35.5868821258993
6,CLPSO,42,21000,35.5868821258993
6,CLPSO,42,24000,30.6522459035926
6,CLPSO,42,27000,26.6117476180096
6,CLPSO,42,30000,24.9293172647853
6,CLPSO,42,33000,19.1004329085035
6,CLPSO,42,36000,16.6010112984989
6,CLPSO,42,39000,15.80346834097
6,CLPSO,42,42000,10.6424739932909
6,CLPSO,42,45000,9.06043827452459
6,CLPSO,42,48000,8.7890026349346
6,CLPSO,42,51000,7.38401107519167
6,CLPSO,42,54000,6.25122492374862
6,CLPSO,42,57000,4.51888758101154
6,CLPSO,42,60000,4.10498441657808
6,LSHADE,42,3000,14.2900116765793
6,LSHADE,42,6000,3.34887567730971
6,LSHADE,42,9000,1.455577674697
6,LSHADE,42,12000,0.574097830316532
6,LSHADE,42,15000,0.199713397531468
6,LSHADE,42,18000,0.0874052370955951
6,LSHADE,42,21000,0.0373089636860868
6,LSHADE,42,24000,0.0263854350448582
6,LSHADE,42,27000,0.0254909865751642
6,LSHADE,42,30000,0.0252636280328034
6,LSHADE,42,33000,0.0252132248788257
6,LSHADE,42,36000,0.0251441645214072
6,LSHADE,42,39000,0.0251002541855314
6,LSHADE,42,42000,0.0250986652840766
6,LSHADE,42,45000,0.0250985119273537
6,LSHADE,42,48000,0.0250981625642908
6,LSHADE,42,51000,0.0250978403483941
6,LSHADE,42,54000,0.025097732800532
6,LSHADE,42,57000,0.0250977266259724
6,LSHADE,42,60000,0.0250977245991635
6,D3-Both,43,3000,26.8212990478656
6,D3-Both,43,6000,22.6859862070635
6,D3-Both,43,9000,19.7499348835015
6,D3-Both,43,12000,18.2154365200643
6,D3-Both,43,15000,17.0009103008341
6,D3-Both,43,18000,16.05725388115
6,D3-Both,43,21000,13.3449331212446
6,D3-Both,43,24000,12.5155043040057
6,D3-Both,43,27000,10.398016901246
6,D3-Both,43,30000,8.90044218923822
6,D3-Both,43,33000,8.8490966865196
6,D3-Both,43,36000,8.43621463774718
6,D3-Both,43,39000,7.85263486639042
6,D3-Both,43,42000,4.19607035796014
6,D3-Both,43,45000,3.12384716515112
6,D3-Both,43,48000,2.6183018711381
6,D3-Both,43,51000,1.84332044344967
6,D3-Both,43,54000,1.29298182886464
6,D3-Both,43,57000,1.25489797178204
6,D3-Both,43,60000,0.822483305464971
6,D1-TracingDecay,43,3000,53.2781186988472
6,D1-TracingDecay,43,6000,50.1533116872292
6,D1-TracingDecay,43,9000,47.940016990865
6,D1-TracingDecay,43,12000,41.6583957272928
6,D1-TracingDecay,43,15000,39.9672872623185
6,D1-TracingDecay,43,18000,39.3363054722566
6,D1-TracingDecay,43,21000,38.4823070387234
6,D1-TracingDecay,43,24000,37.5233115333748
6,D1-TracingDecay,43,27000,36.8745179613373
6,D1-TracingDecay,43,30000,36.8745179613373
6,D1-TracingDecay,43,33000,36.8745179613373
6,D1-TracingDecay,43,36000,36.6707041875695
6,D1-TracingDecay,43,39000,36.6707041875695
6,D1-TracingDecay,43,42000,36.5519711264683
6,D1-TracingDecay,43,45000,32.8283111708355
6,D1-TracingDecay,43,48000,32.5668244610127
6,D1-TracingDecay,43,51000,32.1285980072602
6,D1-TracingDecay,43,54000,30.9663968831339
6,D1-TracingDecay,43,57000,30.4303722952454
6,D1-TracingDecay,43,60000,30.0546024592182
6,CLPSO,43,3000,108.539054597507
6,CLPSO,43,6000,94.6168825544156
6,CLPSO,43,9000,67.6560360205931
6,CLPSO,43,12000,65.5075029945438
6,CLPSO,43,15000,48.5025018339031
6,CLPSO,43,18000,39.9051627833868
6,CLPSO,43,21000,37.331857737229
6,CLPSO,43,24000,31.4649367060306
6,CLPSO,43,27000,26.1789067473594
6,CLPSO,43,30000,20.2941391775793
6,CLPSO,43,33000,17.7549219612152
6,CLPSO,43,36000,13.5126312195566
6,CLPSO,43,39000,12.6349812390863
6,CLPSO,43,42000,9.65888696996194
6,CLPSO,43,45000,8.90821916740492
6,CLPSO,43,48000,6.93284087712016
6,CLPSO,43,51000,6.03918592537389
6,CLPSO,43,54000,5.14333248393189
6,CLPSO,43,57000,3.98989509898354
6,CLPSO,43,60000,3.33146071994759
6,LSHADE,43,3000,16.2259808757919
6,LSHADE,43,6000,3.37548593228087
6,LSHADE,43,9000,1.59110357040197
6,LSHADE,43,12000,1.04093519976777
6,LSHADE,43,15000,0.52789372731911
6,LSHADE,43,18000,0.203453559805098
6,LSHADE,43,21000,0.0795331129374972
6,LSHADE,43,24000,0.0138869194513518
6,LSHADE,43,27000,0.00771350022080242
6,LSHADE,43,30000,0.00744443764824609
6,LSHADE,43,33000,0.00742109492739473
6,LSHADE,43,36000,0.00741885158993227
6,LSHADE,43,39000,0.00741863963764899
6,LSHADE,43,42000,0.00741855343926545
6,LSHADE,43,45000,0.00741827466254108
6,LSHADE,43,48000,0.0074182602700148
6,LSHADE,43,51000,0.00741825829231857
6,LSHADE,43,54000,0.00741825233637883
6,LSHADE,43,57000,0.00741824588328654
6,LSHADE,43,60000,0.00741824533656654
6,D3-Both,44,3000,42.2038853833013
6,D3-Both,44,6000,29.8264317419172
6,D3-Both,44,9000,26.7210998025715
6,D3-Both,44,12000,24.9352277432986
6,D3-Both,44,15000,24.2009459954246
6,D3-Both,44,18000,20.9647190988485
6,D3-Both,44,21000,20.3291931856362
6,D3-Both,44,24000,20.3291931856362
6,D3-Both,44,27000,14.6774479769198
6,D3-Both,44,30000,12.8102313229402
6,D3-Both,44,33000,11.9192421635635
6,D3-Both,44,36000,8.76587039367087
6,D3-Both,44,39000,6.61635523586187
6,D3-Both,44,42000,6.5546775898847
6,D3-Both,44,45000,5.26844931933078
6,D3-Both,44,48000,3.72281541422001
6,D3-Both,44,51000,2.05362402516391
6,D3-Both,44,54000,1.14269935477307
6,D3-Both,44,57000,0.915713512514685
6,D3-Both,44,60000,0.655457932414947
6,D1-TracingDecay,44,3000,49.431354073932
6,D1-TracingDecay,44,6000,44.6477360082246
6,D1-TracingDecay,44,9000,39.0783079595608
6,D1-TracingDecay,44,12000,38.4000713847813
6,D1-TracingDecay,44,15000,38.3594897992085
6,D1-TracingDecay,44,18000,37.9950356580334
6,D1-TracingDecay,44,21000,37.5341349604203
6,D1-TracingDecay,44,24000,36.9286408998387
6,D1-TracingDecay,44,27000,35.9642781692221
6,D1-TracingDecay,44,30000,33.7029906923221
6,D1-TracingDecay,44,33000,31.0758085281229
6,D1-TracingDecay,44,36000,30.1548014997871
6,D1-TracingDecay,44,39000,29.4906947738837
6,D1-TracingDecay,44,42000,29.1528134318468
6,D1-TracingDecay,44,45000,28.1832465193729
6,D1-TracingDecay,44,48000,27.2242476465128
6,D1-TracingDecay,44,51000,26.4468194544609
6,D1-TracingDecay,44,54000,26.3770087810336
6,D1-TracingDecay,44,57000,25.8709140657091
6,D1-TracingDecay,44,60000,25.5476579941164
6,CLPSO,44,3000,98.7294311756364
6,CLPSO,44,6000,81.8357488621394
6,CLPSO,44,9000,71.7615848415543
6,CLPSO,44,12000,63.5254787405034
6,CLPSO,44,15000,47.9866602443462
6,CLPSO,44,18000,47.9866602443462
6,CLPSO,44,21000,45.2958481916451
6,CLPSO,44,24000,35.0878860192681
6,CLPSO,44,27000,29.3250094674889
6,CLPSO,44,30000,21.6158842568201
6,CLPSO,44,33000,16.8137052308009
6,CLPSO,44,36000,13.6192924881243
6,CLPSO,44,39000,11.5924050804874
6,CLPSO,44,42000,10.6554512627309
6,CLPSO,44,45000,9.23748412222494
6,CLPSO,44,48000,7.89837123863492
6,CLPSO,44,51000,6.83682167965094
6,CLPSO,44,54000,5.13988691948452
6,CLPSO,44,57000,4.11652371508467
6,CLPSO,44,60000,3.7023281303268
6,LSHADE,44,3000,18.9439603569414
6,LSHADE,44,6000,2.79316113129664
6,LSHADE,44,9000,0.378459929768837
6,LSHADE,44,12000,0.116161019979586
6,LSHADE,44,15000,0.0427067851055654
6,LSHADE,44,18000,0.0191982332040652
6,LSHADE,44,21000,0.0133922242887365
6,LSHADE,44,24000,0.0109188260295241
6,LSHADE,44,27000,0.0100464777605112
6,LSHADE,44,30000,0.00988290081011201
6,LSHADE,44,33000,0.0098501673409146
6,LSHADE,44,36000,0.00983608808235203
6,LSHADE,44,39000,0.00982685363101155
6,LSHADE,44,42000,0.00982632919078696
6,LSHADE,44,45000,0.00979962546830393
6,LSHADE,44,48000,0.00979897376078043
6,LSHADE,44,51000,0.00979887714811412
6,LSHADE,44,54000,0.00979886965205878
6,LSHADE,44,57000,0.00979886965149035
6,LSHADE,44,60000,0.00979886965149035
6,D3-Both,45,3000,41.5045350332346
6,D3-Both,45,6000,33.5024371907473
6,D3-Both,45,9000,19.2974969906637
6,D3-Both,45,12000,14.1925372776077
6,D3-Both,45,15000,12.1605845916635
6,D3-Both,45,18000,9.91548568492351
6,D3-Both,45,21000,9.23607453713407
6,D3-Both,45,24000,8.58669808996365
6,D3-Both,45,27000,8.48898792399461
6,D3-Both,45,30000,7.68991359112965
6,D3-Both,45,33000,7.10545474139622
6,D3-Both,45,36000,6.57089307539093
6,D3-Both,45,39000,6.32998692802505
6,D3-Both,45,42000,5.90670974605598
6,D3-Both,45,45000,5.30065829914486
6,D3-Both,45,48000,4.85295619691829
6,D3-Both,45,51000,4.76197317525896
6,D3-Both,45,54000,4.31919945570417
6,D3-Both,45,57000,2.83749924905487
6,D3-Both,45,60000,1.70443301224532
6,D1-TracingDecay,45,3000,46.8814235186015
6,D1-TracingDecay,45,6000,44.038282388869
6,D1-TracingDecay,45,9000,41.2246274156169
6,D1-TracingDecay,45,12000,37.2307842872405
6,D1-TracingDecay,45,15000,32.5790603783864
6,D1-TracingDecay,45,18000,28.0023444874552
6,D1-TracingDecay,45,21000,26.1763349567553
6,D1-TracingDecay,45,24000,25.559726564013
6,D1-TracingDecay,45,27000,24.1749062946825
6,D1-TracingDecay,45,30000,22.5018193898961
6,D1-TracingDecay,45,33000,21.806485854309
6,D1-TracingDecay,45,36000,21.4200113125008
6,D1-TracingDecay,45,39000,20.6977508900467
6,D1-TracingDecay,45,42000,19.5638079796112
6,D1-TracingDecay,45,45000,19.4748539116532
6,D1-TracingDecay,45,48000,18.612818457431
6,D1-TracingDecay,45,51000,18.1773577798563
6,D1-TracingDecay,45,54000,17.917507737709
6,D1-TracingDecay,45,57000,17.286717139341
6,D1-TracingDecay,45,60000,16.8602525058
6,CLPSO,45,3000,104.447730518405
6,CLPSO,45,6000,88.653490263532
6,CLPSO,45,9000,72.580044769669
6,CLPSO,45,12000,57.4548026697119
6,CLPSO,45,15000,49.6197538430599
6,CLPSO,45,18000,40.2071652566818
6,CLPSO,45,21000,40.2071652566818
6,CLPSO,45,24000,31.6191830935794
6,CLPSO,45,27000,29.1925062501648
6,CLPSO,45,30000,24.8161947616049
6,CLPSO,45,33000,21.7242473212367
6,CLPSO,45,36000,16.3525517084163
6,CLPSO,45,39000,13.436791508979
6,CLPSO,45,42000,10.8222585007594
6,CLPSO,45,45000,9.1706489742578
6,CLPSO,45,48000,9.10291496066804
6,CLPSO,45,51000,6.85532311226893
6,CLPSO,45,54000,5.28448005687721
6,CLPSO,45,57000,4.12774367480552
6,CLPSO,45,60000,3.51854400101104
6,LSHADE,45,3000,20.0307059031496
6,LSHADE,45,6000,5.63093272645676
6,LSHADE,45,9000,1.51064099588621
6,LSHADE,45,12000,0.678590763538182
6,LSHADE,45,15000,0.32563632192614
6,LSHADE,45,18000,0.262013039991416
6,LSHADE,45,21000,0.242313244229308
6,LSHADE,45,24000,0.238115395164982
6,LSHADE,45,27000,0.237720915666955
6,LSHADE,45,30000,0.237576979548408
6,LSHADE,45,33000,0.237419210528742
6,LSHADE,45,36000,0.237377312936928
6,LSHADE,45,39000,0.237373356335297
6,LSHADE,45,42000,0.237371521354248
6,LSHADE,45,45000,0.237371251817422
6,LSHADE,45,48000,0.237371245054533
6,LSHADE,45,51000,0.237371245053851
6,LSHADE,45,54000,0.237371245053737
6,LSHADE,45,57000,0.237371245053737
6,LSHADE,45,60000,0.237371245053737
7,D3-Both,41,3000,303.564982880126
7,D3-Both,41,6000,292.87236301784
7,D3-Both,41,9000,244.382367437417
7,D3-Both,41,12000,233.321943892889
7,D3-Both,41,15000,231.74495872397
7,D3-Both,41,18000,199.692395539712
7,D3-Both,41,21000,190.453180256962
7,D3-Both,41,24000,190.453180256962
7,D3-Both,41,27000,190.453180256962
7,D3-Both,41,30000,172.80317749518
7,D3-Both,41,33000,156.568583741281
7,D3-Both,41,36000,156.568583741281
7,D3-Both,41,39000,156.568583741281
7,D3-Both,41,42000,156.568583741281
7,D3-Both,41,45000,147.905211996673
7,D3-Both,41,48000,131.607544326154
7,D3-Both,41,51000,129.556967969874
7,D3-Both,41,54000,110.215245370232
7,D3-Both,41,57000,108.628143443905
7,D3-Both,41,60000,103.648699296754
7,D1-TracingDecay,41,3000,408.447875558311
7,D1-TracingDecay,41,6000,362.253284915768
7,D1-TracingDecay,41,9000,361.538009288925
7,D1-TracingDecay,41,12000,324.938117553264
7,D1-TracingDecay,41,15000,299.538625919249
7,D1-TracingDecay,41,18000,275.430637220267
7,D1-TracingDecay,41,21000,269.460518503243
7,D1-TracingDecay,41,24000,254.69622024785
7,D1-TracingDecay,41,27000,254.269488411085
7,D1-TracingDecay,41,30000,249.07775107516
7,D1-TracingDecay,41,33000,249.07775107516
7,D1-TracingDecay,41,36000,247.894185763542
7,D1-TracingDecay,41,39000,228.894582206144
7,D1-TracingDecay,41,42000,225.423887466747
7,D1-TracingDecay,41,45000,222.349730760384
7,D1-TracingDecay,41,48000,213.265636591945
7,D1-TracingDecay,41,51000,207.175286195005
7,D1-TracingDecay,41,54000,192.538832222347
7,D1-TracingDecay,41,57000,186.496434789639
7,D1-TracingDecay,41,60000,184.379946841973
7,CLPSO,41,3000,1834.95831109854
7,CLPSO,41,6000,959.128059441932
7,CLPSO,41,9000,930.986800182314
7,CLPSO,41,12000,695.812928234654
7,CLPSO,41,15000,590.979493489324
7,CLPSO,41,18000,464.84519808476
7,CLPSO,41,21000,453.668241816435
7,CLPSO,41,24000,397.94949703766
7,CLPSO,41,27000,320.171449835713
7,CLPSO,41,30000,320.171449835713
7,CLPSO,41,33000,305.298843155945
7,CLPSO,41,36000,281.539173566162
7,CLPSO,41,39000,264.00189436869
7,CLPSO,41,42000,238.473995615816
7,CLPSO,41,45000,229.339077842828
7,CLPSO,41,48000,224.043734369715
7,CLPSO,41,51000,203.796883857935
7,CLPSO,41,54000,183.874145678289
7,CLPSO,41,57000,183.874145678289
7,CLPSO,41,60000,182.761348374769
7,LSHADE,41,3000,279.591255377429
7,LSHADE,41,6000,219.782525995131
7,LSHADE,41,9000,186.978273027543
7,LSHADE,41,12000,156.223385635222
7,LSHADE,41,15000,120.800222737348
7,LSHADE,41,18000,115.788807067156
7,LSHADE,41,21000,94.9644430898242
7,LSHADE,41,24000,90.700076742855
7,LSHADE,41,27000,75.9503322003517
7,LSHADE,41,30000,69.1822048613072
7,LSHADE,41,33000,63.5355130529532
7,LSHADE,41,36000,60.7099245859531
7,LSHADE,41,39000,58.5851482261156
7,LSHADE,41,42000,57.1304465610532
7,LSHADE,41,45000,55.4047582059059
7,LSHADE,41,48000,54.6110254889056
7,LSHADE,41,51000,53.7404769921242
7,LSHADE,41,54000,53.3338121636651
7,LSHADE,41,57000,53.016653015436
7,LSHADE,41,60000,52.8908653525533
7,D3-Both,42,3000,346.326441166095
7,D3-Both,42,6000,319.059069856312
7,D3-Both,42,9000,301.690882560957
7,D3-Both,42,12000,294.680451619452
7,D3-Both,42,15000,267.183566826247
7,D3-Both,42,18000,265.897253306545
7,D3-Both,42,21000,250.400003227409
7,D3-Both,42,24000,248.385662666178
7,D3-Both,42,27000,221.232140417566
7,D3-Both,42,30000,216.678971099406
7,D3-Both,42,33000,203.660168594598
7,D3-Both,42,36000,185.787932731667
7,D3-Both,42,39000,181.119178118761
7,D3-Both,42,42000,166.17987550079
7,D3-Both,42,45000,160.522095379599
7,D3-Both,42,48000,149.149531320987
7,D3-Both,42,51000,124.646135234988
7,D3-Both,42,54000,119.763133564693
7,D3-Both,42,57000,112.535355415161
7,D3-Both,42,60000,109.630429352183
7,D1-TracingDecay,42,3000,384.581342975917
7,D1-TracingDecay,42,6000,343.228694449828
7,D1-TracingDecay,42,9000,317.25027440545
7,D1-TracingDecay,42,12000,297.912670791907
7,D1-TracingDecay,42,15000,278.758790157953
7,D1-TracingDecay,42,18000,264.629870301635
7,D1-TracingDecay,42,21000,247.739127319409
7,D1-TracingDecay,42,24000,240.650176211253
7,D1-TracingDecay,42,27000,237.643679141856
7,D1-TracingDecay,42,30000,228.93292078009
7,D1-TracingDecay,42,33000,228.93292078009
7,D1-TracingDecay,42,36000,214.399763147985
7,D1-TracingDecay,42,39000,208.854580196341
7,D1-TracingDecay,42,42000,193.548120238548
7,D1-TracingDecay,42,45000,181.6996173129
7,D1-TracingDecay,42,48000,181.071295124933
7,D1-TracingDecay,42,51000,177.248087414243
7,D1-TracingDecay,42,54000,168.113351937453
7,D1-TracingDecay,42,57000,158.375186706447
7,D1-TracingDecay,42,60000,156.74905750016
7,CLPSO,42,3000,1704.00591562412
7,CLPSO,42,6000,1174.21039366156
7,CLPSO,42,9000,953.786296297889
7,CLPSO,42,12000,605.389485191427
7,CLPSO,42,15000,573.99568788093
7,CLPSO,42,18000,453.498211345379
7,CLPSO,42,21000,398.801784768823
7,CLPSO,42,24000,390.379610523539
7,CLPSO,42,27000,324.197396231722
7,CLPSO,42,30000,324.197396231722
7,CLPSO,42,33000,324.197396231722
7,CLPSO,42,36000,282.081571557789
7,CLPSO,42,39000,268.658801996259
7,CLPSO,42,42000,263.546737414512
7,CLPSO,42,45000,208.906977382347
7,CLPSO,42,48000,202.352873553764
7,CLPSO,42,51000,202.352873553764
7,CLPSO,42,54000,196.656917269635
7,CLPSO,42,57000,181.385601074491
7,CLPSO,42,60000,162.818404268028
7,LSHADE,42,3000,297.436822400208
7,LSHADE,42,6000,223.157725854663
7,LSHADE,42,9000,204.394314174867
7,LSHADE,42,12000,166.560903576317
7,LSHADE,42,15000,129.683530228811
7,LSHADE,42,18000,108.956113093599
7,LSHADE,42,21000,94.4067749143735
7,LSHADE,42,24000,82.8035231155578
7,LSHADE,42,27000,76.6385944366783
7,LSHADE,42,30000,71.9446403396976
7,LSHADE,42,33000,69.7479678279453
7,LSHADE,42,36000,66.8568365352863
7,LSHADE,42,39000,65.0600728224607
7,LSHADE,42,42000,60.2437839057552
7,LSHADE,42,45000,58.8996965082598
7,LSHADE,42,48000,58.4763332059869
7,LSHADE,42,51000,57.828995665236
7,LSHADE,42,54000,57.5829113665334
7,LSHADE,42,57000,57.4949331759989
7,LSHADE,42,60000,57.4395846557061
7,D3-Both,43,3000,433.952798998891
7,D3-Both,43,6000,348.251164960036
7,D3-Both,43,9000,302.016812217219
7,D3-Both,43,12000,299.116894307972
7,D3-Both,43,15000,270.261827125247
7,D3-Both,43,18000,249.445328715645
7,D3-Both,43,21000,249.445328715645
7,D3-Both,43,24000,249.445328715645
7,D3-Both,43,27000,245.670667937209
7,D3-Both,43,30000,206.625353445675
7,D3-Both,43,33000,206.625353445675
7,D3-Both,43,36000,203.968444831999
7,D3-Both,43,39000,191.698115956197
7,D3-Both,43,42000,167.005438861327
7,D3-Both,43,45000,155.533592667746
7,D3-Both,43,48000,135.179673003544
7,D3-Both,43,51000,135.179673003544
7,D3-Both,43,54000,132.123157353889
7,D3-Both,43,57000,129.021833255885
7,D3-Both,43,60000,124.804251691124
7,D1-TracingDecay,43,3000,471.391259768583
7,D1-TracingDecay,43,6000,410.673809136923
7,D1-TracingDecay,43,9000,392.594872306421
7,D1-TracingDecay,43,12000,373.95514906758
7,D1-TracingDecay,43,15000,373.95514906758
7,D1-TracingDecay,43,18000,363.308316457453
7,D1-TracingDecay,43,21000,360.545663137247
7,D1-TracingDecay,43,24000,359.70642040311
7,D1-TracingDecay,43,27000,324.564839606753
7,D1-TracingDecay,43,30000,308.875683603087
7,D1-TracingDecay,43,33000,306.269962696749
7,D1-TracingDecay,43,36000,299.328021142799
7,D1-TracingDecay,43,39000,291.838238955415
7,D1-TracingDecay,43,42000,287.752104104669
7,D1-TracingDecay,43,45000,277.468153195472
7,D1-TracingDecay,43,48000,275.996063412157
7,D1-TracingDecay,43,51000,264.437314167207
7,D1-TracingDecay,43,54000,248.039878299239
7,D1-TracingDecay,43,57000,243.71454438101
7,D1-TracingDecay,43,60000,239.799537786643
7,CLPSO,43,3000,1851.99897375968
7,CLPSO,43,6000,1148.57984821008
7,CLPSO,43,9000,785.323820866573
7,CLPSO,43,12000,670.002555613209
7,CLPSO,43,15000,530.631084119166
7,CLPSO,43,18000,441.422285608355
7,CLPSO,43,21000,380.53259839034
7,CLPSO,43,24000,372.889284522746
7,CLPSO,43,27000,307.448149950426
7,CLPSO,43,30000,291.969240376465
7,CLPSO,43,33000,290.038601237153
7,CLPSO,43,36000,290.038601237153
7,CLPSO,43,39000,262.302771130457
7,CLPSO,43,42000,240.604316522434
7,CLPSO,43,45000,202.528673268162
7,CLPSO,43,48000,198.409749328993
7,CLPSO,43,51000,198.409749328993
7,CLPSO,43,54000,198.409749328993
7,CLPSO,43,57000,183.977163629116
7,CLPSO,43,60000,179.556651186596
7,LSHADE,43,3000,312.088592477544
7,LSHADE,43,6000,207.487538603479
7,LSHADE,43,9000,204.556350221538
7,LSHADE,43,12000,192.286609701847
7,LSHADE,43,15000,138.771725360162
7,LSHADE,43,18000,115.866950941105
7,LSHADE,43,21000,108.032701114965
7,LSHADE,43,24000,81.5009967782389
7,LSHADE,43,27000,70.1020127388006
7,LSHADE,43,30000,65.1627780239231
7,LSHADE,43,33000,61.5789853280274
7,LSHADE,43,36000,59.6655950981224
7,LSHADE,43,39000,58.1294128049576
7,LSHADE,43,42000,58.0352688489118
7,LSHADE,43,45000,56.6905557936909
7,LSHADE,43,48000,56.4947878676481
7,LSHADE,43,51000,56.4160888718483
7,LSHADE,43,54000,56.3695065726761
7,LSHADE,43,57000,56.2944073715167
7,LSHADE,43,60000,56.2758451065599
7,D3-Both,44,3000,538.525955909547
7,D3-Both,44,6000,476.893457937648
7,D3-Both,44,9000,355.116956772802
7,D3-Both,44,12000,322.089086601379
7,D3-Both,44,15000,300.828404853182
7,D3-Both,44,18000,289.064928175225
7,D3-Both,44,21000,271.882780551598
7,D3-Both,44,24000,246.05242949509
7,D3-Both,44,27000,238.636155108893
7,D3-Both,44,30000,230.816810586867
7,D3-Both,44,33000,229.951024904589
7,D3-Both,44,36000,206.119338722582
7,D3-Both,44,39000,199.695489230763
7,D3-Both,44,42000,183.297735838263
7,D3-Both,44,45000,177.000593096663
7,D3-Both,44,48000,164.787409265781
7,D3-Both,44,51000,151.99737978257
7,D3-Both,44,54000,148.805396785773
7,D3-Both,44,57000,145.343517391431
7,D3-Both,44,60000,134.17493586534
7,D1-TracingDecay,44,3000,557.581885055358
7,D1-TracingDecay,44,6000,462.813937985374
7,D1-TracingDecay,44,9000,389.342214219685
7,D1-TracingDecay,44,12000,363.768097170701
7,D1-TracingDecay,44,15000,323.066140240039
7,D1-TracingDecay,44,18000,309.889943009725
7,D1-TracingDecay,44,21000,299.86299653846
7,D1-TracingDecay,44,24000,296.567029393785
7,D1-TracingDecay,44,27000,293.374344607454
7,D1-TracingDecay,44,30000,288.988235291616
7,D1-TracingDecay,44,33000,282.236250654938
7,D1-TracingDecay,44,36000,278.089627169491
7,D1-TracingDecay,44,39000,266.38802787054
7,D1-TracingDecay,44,42000,259.229277898592
7,D1-TracingDecay,44,45000,255.29302348176
7,D1-TracingDecay,44,48000,242.32889892465
7,D1-TracingDecay,44,51000,236.631018116552
7,D1-TracingDecay,44,54000,229.294995261548
7,D1-TracingDecay,44,57000,223.301236892795
7,D1-TracingDecay,44,60000,219.679220038566
7,CLPSO,44,3000,1604.55452683178
7,CLPSO,44,6000,961.492410270469
7,CLPSO,44,9000,838.928961127451
7,CLPSO,44,12000,605.29115268156
7,CLPSO,44,15000,554.452532457345
7,CLPSO,44,18000,465.896996350075
7,CLPSO,44,21000,383.767616589395
7,CLPSO,44,24000,368.1562411556
7,CLPSO,44,27000,326.183511902508
7,CLPSO,44,30000,291.512266989462
7,CLPSO,44,33000,291.512266989462
7,CLPSO,44,36000,272.594076262877
7,CLPSO,44,39000,272.594076262877
7,CLPSO,44,42000,235.128487536822
7,CLPSO,44,45000,235.128487536822
7,CLPSO,44,48000,229.318128716244
7,CLPSO,44,51000,229.318128716244
7,CLPSO,44,54000,197.157550346201
7,CLPSO,44,57000,161.232644592095
7,CLPSO,44,60000,161.204117366177
7,LSHADE,44,3000,279.496124569215
7,LSHADE,44,6000,217.040362456169
7,LSHADE,44,9000,165.032974856878
7,LSHADE,44,12000,139.749616472377
7,LSHADE,44,15000,127.626175387858
7,LSHADE,44,18000,107.527181297361
7,LSHADE,44,21000,85.904374709492
7,LSHADE,44,24000,68.5156323341458
7,LSHADE,44,27000,62.2882039697306
7,LSHADE,44,30000,57.8584229580688
7,LSHADE,44,33000,56.3106544823269
7,LSHADE,44,36000,53.0027302295979
7,LSHADE,44,39000,52.3224757090821
7,LSHADE,44,42000,47.9625227136215
7,LSHADE,44,45000,47.1652683331937
7,LSHADE,44,48000,47.066586500106
7,LSHADE,44,51000,46.9427599710637
7,LSHADE,44,54000,46.9115118024156
7,LSHADE,44,57000,46.606227626025
7,LSHADE,44,60000,46.4858391122293
7,D3-Both,45,3000,392.344550266477
7,D3-Both,45,6000,300.426766586111
7,D3-Both,45,9000,292.853248963228
7,D3-Both,45,12000,272.076885558788
7,D3-Both,45,15000,270.498158303107
7,D3-Both,45,18000,255.54355328499
7,D3-Both,45,21000,237.218690907972
7,D3-Both,45,24000,213.223524709594
7,D3-Both,45,27000,213.223524709594
7,D3-Both,45,30000,213.223524709594
7,D3-Both,45,33000,210.185472240823
7,D3-Both,45,36000,210.185472240823
7,D3-Both,45,39000,210.185472240823
7,D3-Both,45,42000,210.185472240823
7,D3-Both,45,45000,206.243288733716
7,D3-Both,45,48000,201.009301386594
7,D3-Both,45,51000,188.728037734485
7,D3-Both,45,54000,183.981805918752
7,D3-Both,45,57000,174.328636146366
7,D3-Both,45,60000,173.769766030291
7,D1-TracingDecay,45,3000,390.454698488822
7,D1-TracingDecay,45,6000,366.246332155443
7,D1-TracingDecay,45,9000,330.843703410614
7,D1-TracingDecay,45,12000,313.726856944859
7,D1-TracingDecay,45,15000,301.560045280479
7,D1-TracingDecay,45,18000,301.472518422326
7,D1-TracingDecay,45,21000,274.77589266327
7,D1-TracingDecay,45,24000,274.77589266327
7,D1-TracingDecay,45,27000,274.77589266327
7,D1-TracingDecay,45,30000,274.77589266327
7,D1-TracingDecay,45,33000,265.117705257567
7,D1-TracingDecay,45,36000,264.185967173699
7,D1-TracingDecay,45,39000,261.209461098247
7,D1-TracingDecay,45,42000,252.663771974495
7,D1-TracingDecay,45,45000,231.88547003076
7,D1-TracingDecay,45,48000,222.347404077857
7,D1-TracingDecay,45,51000,218.988557568284
7,D1-TracingDecay,45,54000,214.421721225237
7,D1-TracingDecay,45,57000,209.118466440503
7,D1-TracingDecay,45,60000,204.649911915623
7,CLPSO,45,3000,1305.42501075107
7,CLPSO,45,6000,1031.95212889746
7,CLPSO,45,9000,977.623831112348
7,CLPSO,45,12000,751.900709409231
7,CLPSO,45,15000,570.91558518747
7,CLPSO,45,18000,479.771835934417
7,CLPSO,45,21000,443.929263728746
7,CLPSO,45,24000,343.322601188444
7,CLPSO,45,27000,338.75665171776
7,CLPSO,45,30000,329.772743003786
7,CLPSO,45,33000,261.057933575166
7,CLPSO,45,36000,261.057933575166
7,CLPSO,45,39000,261.057933575166
7,CLPSO,45,42000,222.653457957532
7,CLPSO,45,45000,222.653457957532
7,CLPSO,45,48000,222.653457957532
7,CLPSO,45,51000,222.653457957532
7,CLPSO,45,54000,203.476508918662
7,CLPSO,45,57000,201.931189925165
7,CLPSO,45,60000,201.931189925165
7,LSHADE,45,3000,297.462864763698
7,LSHADE,45,6000,228.96110472632
7,LSHADE,45,9000,181.512683732098
7,LSHADE,45,12000,175.561771039573
7,LSHADE,45,15000,135.383078948961
7,LSHADE,45,18000,115.103854372052
7,LSHADE,45,21000,100.931824199708
7,LSHADE,45,24000,90.2762278326272
7,LSHADE,45,27000,85.5837034244
7,LSHADE,45,30000,76.0923902470281
7,LSHADE,45,33000,69.5557319899913
7,LSHADE,45,36000,67.3743083634583
7,LSHADE,45,39000,66.6071969410964
7,LSHADE,45,42000,66.1039096334475
7,LSHADE,45,45000,65.6150637481667
7,LSHADE,45,48000,64.4523766697612
7,LSHADE,45,51000,64.3437577306895
7,LSHADE,45,54000,64.3007498557674
7,LSHADE,45,57000,63.3837137731272
7,LSHADE,45,60000,63.2912332647201
8,D3-Both,41,3000,239.980883198291
8,D3-Both,41,6000,209.680613458561
8,D3-Both,41,9000,158.99307156577
8,D3-Both,41,12000,139.717164857851
8,D3-Both,41,15000,126.880275867146
8,D3-Both,41,18000,108.320146086134
8,D3-Both,41,21000,99.2759891335004
8,D3-Both,41,24000,96.0971397576375
8,D3-Both,41,27000,94.7805589005297
8,D3-Both,41,30000,91.1205598996403
8,D3-Both,41,33000,91.1205598996403
8,D3-Both,41,36000,90.9413612262788
8,D3-Both,41,39000,87.8438817217475
8,D3-Both,41,42000,86.3647617464462
8,D3-Both,41,45000,82.6803740870644
8,D3-Both,41,48000,80.140201239905
8,D3-Both,41,51000,79.7253505305832
8,D3-Both,41,54000,79.6095945705611
8,D3-Both,41,57000,79.5974645645416
8,D3-Both,41,60000,79.5965227403985
8,D1-TracingDecay,41,3000,239.010456871278
8,D1-TracingDecay,41,6000,217.274810602269
8,D1-TracingDecay,41,9000,196.922993778242
8,D1-TracingDecay,41,12000,175.724097510003
8,D1-TracingDecay,41,15000,162.320286404071
8,D1-TracingDecay,41,18000,159.629192201677
8,D1-TracingDecay,41,21000,153.334018082922
8,D1-TracingDecay,41,24000,151.605692153846
8,D1-TracingDecay,41,27000,151.265951870992
8,D1-TracingDecay,41,30000,150.441142512509
8,D1-TracingDecay,41,33000,146.076050380121
8,D1-TracingDecay,41,36000,143.366891149131
8,D1-TracingDecay,41,39000,140.088325525164
8,D1-TracingDecay,41,42000,137.316968570186
8,D1-TracingDecay,41,45000,136.189946628396
8,D1-TracingDecay,41,48000,135.838133242299
8,D1-TracingDecay,41,51000,134.978981587496
8,D1-TracingDecay,41,54000,134.045973085326
8,D1-TracingDecay,41,57000,133.54646202609
8,D1-TracingDecay,41,60000,133.350191610023
8,CLPSO,41,3000,391.849424054967
8,CLPSO,41,6000,372.09962890654
8,CLPSO,41,9000,372.09962890654
8,CLPSO,41,12000,353.36371235735
8,CLPSO,41,15000,331.268519909627
8,CLPSO,41,18000,304.186913307095
8,CLPSO,41,21000,261.101529051278
8,CLPSO,41,24000,257.442073162183
8,CLPSO,41,27000,248.676643585748
8,CLPSO,41,30000,206.591524966848
8,CLPSO,41,33000,206.591524966848
8,CLPSO,41,36000,192.207191304284
8,CLPSO,41,39000,192.207191304284
8,CLPSO,41,42000,182.274256083363
8,CLPSO,41,45000,178.573199373125
8,CLPSO,41,48000,176.551764119244
8,CLPSO,41,51000,171.89893994304
8,CLPSO,41,54000,152.85653107305
8,CLPSO,41,57000,140.447750315542
8,CLPSO,41,60000,140.447750315542
8,LSHADE,41,3000,210.920094599075
8,LSHADE,41,6000,175.203070401558
8,LSHADE,41,9000,165.509214580628
8,LSHADE,41,12000,114.37012613199
8,LSHADE,41,15000,86.1662833253399
8,LSHADE,41,18000,71.9302399535222
8,LSHADE,41,21000,59.2484441923514
8,LSHADE,41,24000,53.2821693723746
8,LSHADE,41,27000,48.2329836949133
8,LSHADE,41,30000,42.5513509749696
8,LSHADE,41,33000,36.6685699503007
8,LSHADE,41,36000,34.6248045344963
8,LSHADE,41,39000,33.5359836321138
8,LSHADE,41,42000,27.9883717830869
8,LSHADE,41,45000,27.7344646209771
8,LSHADE,41,48000,27.3471805777364
8,LSHADE,41,51000,27.3110505487094
8,LSHADE,41,54000,27.2884485688273
8,LSHADE,41,57000,27.1654511179005
8,LSHADE,41,60000,27.136208108057
8,D3-Both,42,3000,251.626349132402
8,D3-Both,42,6000,213.971805403816
8,D3-Both,42,9000,196.138253661167
8,D3-Both,42,12000,179.35604577271
8,D3-Both,42,15000,144.270233937871
8,D3-Both,42,18000,125.461451906065
8,D3-Both,42,21000,123.108069786322
8,D3-Both,42,24000,117.10228927856
8,D3-Both,42,27000,115.150753225096
8,D3-Both,42,30000,102.305681507137
8,D3-Both,42,33000,99.2073429813504
8,D3-Both,42,36000,97.8878592905303
8,D3-Both,42,39000,95.4771148253139
8,D3-Both,42,42000,90.939516797964
8,D3-Both,42,45000,90.1682770049354
8,D3-Both,42,48000,87.2812787721541
8,D3-Both,42,51000,85.7793849509094
8,D3-Both,42,54000,82.9756511245031
8,D3-Both,42,57000,75.7632781184479
8,D3-Both,42,60000,75.6212219300846
8,D1-TracingDecay,42,3000,208.067678695989
8,D1-TracingDecay,42,6000,199.954278089398
8,D1-TracingDecay,42,9000,192.455315814939
8,D1-TracingDecay,42,12000,188.817097159048
8,D1-TracingDecay,42,15000,188.817097159048
8,D1-TracingDecay,42,18000,183.412083372302
8,D1-TracingDecay,42,21000,181.739296951446
8,D1-TracingDecay,42,24000,180.926648105043
8,D1-TracingDecay,42,27000,180.926648105043
8,D1-TracingDecay,42,30000,177.672932554861
8,D1-TracingDecay,42,33000,176.480722999166
8,D1-TracingDecay,42,36000,175.89489061365
8,D1-TracingDecay,42,39000,175.052873254653
8,D1-TracingDecay,42,42000,174.242043746066
8,D1-TracingDecay,42,45000,170.982030321911
8,D1-TracingDecay,42,48000,170.347401868492
8,D1-TracingDecay,42,51000,169.064116512461
8,D1-TracingDecay,42,54000,168.403706304714
8,D1-TracingDecay,42,57000,167.78456238908
8,D1-TracingDecay,42,60000,167.564520632546
8,CLPSO,42,3000,518.742094926925
8,CLPSO,42,6000,358.892137331323
8,CLPSO,42,9000,354.794056513376
8,CLPSO,42,12000,341.537021472632
8,CLPSO,42,15000,311.644341914193
8,CLPSO,42,18000,295.599368537855
8,CLPSO,42,21000,271.167327309142
8,CLPSO,42,24000,227.635075741053
8,CLPSO,42,27000,227.635075741053
8,CLPSO,42,30000,225.074942105045
8,CLPSO,42,33000,191.914688418547
8,CLPSO,42,36000,190.116434804183
8,CLPSO,42,39000,186.251397970532
8,CLPSO,42,42000,178.240455972239
8,CLPSO,42,45000,178.240455972239
8,CLPSO,42,48000,154.082591318295
8,CLPSO,42,51000,154.082591318295
8,CLPSO,42,54000,149.92071878565
8,CLPSO,42,57000,145.261477655862
8,CLPSO,42,60000,142.987326694616
8,LSHADE,42,3000,228.327861640523
8,LSHADE,42,6000,187.437864016133
8,LSHADE,42,9000,126.821622508982
8,LSHADE,42,12000,113.061468763941
8,LSHADE,42,15000,94.3737414107427
8,LSHADE,42,18000,60.40510766879
8,LSHADE,42,21000,47.3608166271869
8,LSHADE,42,24000,39.8033562317127
8,LSHADE,42,27000,38.9311255169613
8,LSHADE,42,30000,32.7312659853511
8,LSHADE,42,33000,28.9856851116853
8,LSHADE,42,36000,26.0579474690575
8,LSHADE,42,39000,23.9262970579349
8,LSHADE,42,42000,22.7449863535867
8,LSHADE,42,45000,22.5855243732688
8,LSHADE,42,48000,22.3189027080987
8,LSHADE,42,51000,22.1525771201258
8,LSHADE,42,54000,22.0044598400058
8,LSHADE,42,57000,21.9826680985741
8,LSHADE,42,60000,21.9374870086328
8,D3-Both,43,3000,236.7958962713
8,D3-Both,43,6000,205.805235997026
8,D3-Both,43,9000,198.747337664287
8,D3-Both,43,12000,168.986317292503
8,D3-Both,43,15000,166.010949600832
8,D3-Both,43,18000,164.708182686349
8,D3-Both,43,21000,162.847398514252
8,D3-Both,43,24000,153.723172506114
8,D3-Both,43,27000,153.723172506114
8,D3-Both,43,30000,153.723172506114
8,D3-Both,43,33000,138.849674768214
8,D3-Both,43,36000,126.596140007915
8,D3-Both,43,39000,120.677159705058
8,D3-Both,43,42000,116.402715875481
8,D3-Both,43,45000,114.91620182057
8,D3-Both,43,48000,114.331196191524
8,D3-Both,43,51000,114.248865352258
8,D3-Both,43,54000,112.49456323917
8,D3-Both,43,57000,107.934072101913
8,D3-Both,43,60000,107.460138161198
8,D1-TracingDecay,43,3000,222.872827260433
8,D1-TracingDecay,43,6000,186.280927520334
8,D1-TracingDecay,43,9000,170.928978982816
8,D1-TracingDecay,43,12000,167.923468014836
8,D1-TracingDecay,43,15000,164.970347366157
8,D1-TracingDecay,43,18000,164.824015241403
8,D1-TracingDecay,43,21000,159.119788054496
8,D1-TracingDecay,43,24000,151.59146908089
8,D1-TracingDecay,43,27000,139.330370138801
8,D1-TracingDecay,43,30000,136.197186338384
8,D1-TracingDecay,43,33000,135.480611209812
8,D1-TracingDecay,43,36000,134.779350327949
8,D1-TracingDecay,43,39000,134.250274510452
8,D1-TracingDecay,43,42000,133.48283897318
8,D1-TracingDecay,43,45000,131.053952714406
8,D1-TracingDecay,43,48000,130.434295046874
8,D1-TracingDecay,43,51000,129.415085957195
8,D1-TracingDecay,43,54000,128.664170749974
8,D1-TracingDecay,43,57000,128.420461912054
8,D1-TracingDecay,43,60000,128.351441722994
8,CLPSO,43,3000,421.146933567827
8,CLPSO,43,6000,380.511256497758
8,CLPSO,43,9000,301.314850679453
8,CLPSO,43,12000,301.314850679453
8,CLPSO,43,15000,245.588489476355
8,CLPSO,43,18000,245.588489476355
8,CLPSO,43,21000,242.853057173251
8,CLPSO,43,24000,241.758645787568
8,CLPSO,43,27000,216.320022258966
8,CLPSO,43,30000,216.320022258966
8,CLPSO,43,33000,203.050425739672
8,CLPSO,43,36000,202.635318180533
8,CLPSO,43,39000,193.537583330456
8,CLPSO,43,42000,191.730339207309
8,CLPSO,43,45000,168.009267794009
8,CLPSO,43,48000,168.009267794009
8,CLPSO,43,51000,166.391491053313
8,CLPSO,43,54000,166.391491053313
8,CLPSO,43,57000,158.894200806365
8,CLPSO,43,60000,157.731506520628
8,LSHADE,43,3000,258.652835898017
8,LSHADE,43,6000,206.086955633365
8,LSHADE,43,9000,147.78236986439
8,LSHADE,43,12000,110.047874134012
8,LSHADE,43,15000,74.561103328293
8,LSHADE,43,18000,63.3514679081418
8,LSHADE,43,21000,50.0575538369255
8,LSHADE,43,24000,40.7374618762225
8,LSHADE,43,27000,38.6026651383547
8,LSHADE,43,30000,37.5106347702456
8,LSHADE,43,33000,34.6097951539723
8,LSHADE,43,36000,32.3865827913038
8,LSHADE,43,39000,31.824254721367
8,LSHADE,43,42000,31.32563065524
8,LSHADE,43,45000,31.1708147029701
8,LSHADE,43,48000,31.0786244550372
8,LSHADE,43,51000,30.9510178005038
8,LSHADE,43,54000,30.9291075886342
8,LSHADE,43,57000,30.8914752409332
8,LSHADE,43,60000,30.8843541026902
8,D3-Both,44,3000,168.810106673036
8,D3-Both,44,6000,168.810106673036
8,D3-Both,44,9000,145.40407443848
8,D3-Both,44,12000,138.669152714085
8,D3-Both,44,15000,120.32645246174
8,D3-Both,44,18000,88.1109837018704
8,D3-Both,44,21000,85.9107929762883
8,D3-Both,44,24000,84.4052185635267
8,D3-Both,44,27000,81.481263808306
8,D3-Both,44,30000,80.8957798863831
8,D3-Both,44,33000,80.8957798863831
8,D3-Both,44,36000,78.3744351604455
8,D3-Both,44,39000,78.0796641950586
8,D3-Both,44,42000,76.0399949976406
8,D3-Both,44,45000,74.2639101133681
8,D3-Both,44,48000,70.3898003024485
8,D3-Both,44,51000,65.3627819299625
8,D3-Both,44,54000,64.8366571775614
8,D3-Both,44,57000,64.6885260417047
8,D3-Both,44,60000,64.6736020705756
8,D1-TracingDecay,44,3000,205.476227289132
8,D1-TracingDecay,44,6000,188.340739132023
8,D1-TracingDecay,44,9000,186.143167329808
8,D1-TracingDecay,44,12000,179.826382154935
8,D1-TracingDecay,44,15000,179.826382154935
8,D1-TracingDecay,44,18000,174.2124759275
8,D1-TracingDecay,44,21000,174.2124759275
8,D1-TracingDecay,44,24000,170.906746903731
8,D1-TracingDecay,44,27000,170.425021237091
8,D1-TracingDecay,44,30000,168.395870516613
8,D1-TracingDecay,44,33000,167.217107972109
8,D1-TracingDecay,44,36000,166.581192276869
8,D1-TracingDecay,44,39000,165.865803747957
8,D1-TracingDecay,44,42000,165.865803747957
8,D1-TracingDecay,44,45000,156.431255058001
8,D1-TracingDecay,44,48000,136.215473154218
8,D1-TracingDecay,44,51000,128.014168186975
8,D1-TracingDecay,44,54000,127.616305085859
8,D1-TracingDecay,44,57000,127.438180212985
8,D1-TracingDecay,44,60000,127.357171019238
8,CLPSO,44,3000,436.529577121093
8,CLPSO,44,6000,414.880835348656
8,CLPSO,44,9000,365.431575213338
8,CLPSO,44,12000,314.208582266981
8,CLPSO,44,15000,299.031289049489
8,CLPSO,44,18000,271.018833608153
8,CLPSO,44,21000,270.863792176635
8,CLPSO,44,24000,259.850178543801
8,CLPSO,44,27000,212.43689056499
8,CLPSO,44,30000,187.125213851644
8,CLPSO,44,33000,187.125213851644
8,CLPSO,44,36000,185.043293956445
8,CLPSO,44,39000,175.713843102973
8,CLPSO,44,42000,175.713843102973
8,CLPSO,44,45000,168.340050859566
8,CLPSO,44,48000,168.340050859566
8,CLPSO,44,51000,168.340050859566
8,CLPSO,44,54000,168.340050859566
8,CLPSO,44,57000,163.666046164622
8,CLPSO,44,60000,155.317295443836
8,LSHADE,44,3000,233.976098762399
8,LSHADE,44,6000,177.699280237147
8,LSHADE,44,9000,132.693435620782
8,LSHADE,44,12000,95.835849299528
8,LSHADE,44,15000,74.740819780105
8,LSHADE,44,18000,61.6519452624409
8,LSHADE,44,21000,44.0930868602286
8,LSHADE,44,24000,38.0916776616127
8,LSHADE,44,27000,35.9800961442091
8,LSHADE,44,30000,32.8276388348982
8,LSHADE,44,33000,31.7160693508582
8,LSHADE,44,36000,27.9355304550177
8,LSHADE,44,39000,27.301568089734
8,LSHADE,44,42000,27.042451207219
8,LSHADE,44,45000,26.5985896421791
8,LSHADE,44,48000,26.2017113073309
8,LSHADE,44,51000,26.0147740058522
8,LSHADE,44,54000,25.9534719048993
8,LSHADE,44,57000,25.9052505170706
8,LSHADE,44,60000,25.899406584084
8,D3-Both,45,3000,164.058345637405
8,D3-Both,45,6000,155.753050135802
8,D3-Both,45,9000,131.575534241979
8,D3-Both,45,12000,116.301973614541
8,D3-Both,45,15000,111.799574963512
8,D3-Both,45,18000,100.029012968026
8,D3-Both,45,21000,90.9024083481277
8,D3-Both,45,24000,77.8442775096481
8,D3-Both,45,27000,77.8442775096481
8,D3-Both,45,30000,74.6712417044796
8,D3-Both,45,33000,68.2631890747589
8,D3-Both,45,36000,67.7003190525645
8,D3-Both,45,39000,67.6719200735824
8,D3-Both,45,42000,60.7306311387856
8,D3-Both,45,45000,60.7306311387856
8,D3-Both,45,48000,59.6733490580306
8,D3-Both,45,51000,58.8249623559301
8,D3-Both,45,54000,47.8542665924307
8,D3-Both,45,57000,46.8549371527313
8,D3-Both,45,60000,46.7644171431608
8,D1-TracingDecay,45,3000,221.562143035725
8,D1-TracingDecay,45,6000,183.407438633635
8,D1-TracingDecay,45,9000,183.407438633635
8,D1-TracingDecay,45,12000,180.63804343713
8,D1-TracingDecay,45,15000,174.759303128025
8,D1-TracingDecay,45,18000,164.564769068072
8,D1-TracingDecay,45,21000,160.513831707499
8,D1-TracingDecay,45,24000,155.42666298519
8,D1-TracingDecay,45,27000,153.882892315135
8,D1-TracingDecay,45,30000,153.882892315135
8,D1-TracingDecay,45,33000,153.882892315135
8,D1-TracingDecay,45,36000,153.882892315135
8,D1-TracingDecay,45,39000,152.338763447066
8,D1-TracingDecay,45,42000,152.051147250255
8,D1-TracingDecay,45,45000,150.1969335245
8,D1-TracingDecay,45,48000,147.362599664866
8,D1-TracingDecay,45,51000,146.519639438328
8,D1-TracingDecay,45,54000,145.733486602294
8,D1-TracingDecay,45,57000,145.436419034701
8,D1-TracingDecay,45,60000,145.273173495617
8,CLPSO,45,3000,422.027041248974
8,CLPSO,45,6000,379.251470126572
8,CLPSO,45,9000,349.876589394069
8,CLPSO,45,12000,299.013597677812
8,CLPSO,45,15000,296.362247325279
8,CLPSO,45,18000,282.810834302876
8,CLPSO,45,21000,268.719871134077
8,CLPSO,45,24000,231.765763433485
8,CLPSO,45,27000,205.130254876917
8,CLPSO,45,30000,205.130254876917
8,CLPSO,45,33000,203.304618758909
8,CLPSO,45,36000,203.304618758909
8,CLPSO,45,39000,191.424897260684
8,CLPSO,45,42000,179.951638145873
8,CLPSO,45,45000,179.422378265513
8,CLPSO,45,48000,179.422378265513
8,CLPSO,45,51000,175.39726486718
8,CLPSO,45,54000,164.53534227671
8,CLPSO,45,57000,164.53534227671
8,CLPSO,45,60000,158.338786876551
8,LSHADE,45,3000,235.565985999375
8,LSHADE,45,6000,197.896595335138
8,LSHADE,45,9000,163.697014720559
8,LSHADE,45,12000,113.613600698338
8,LSHADE,45,15000,88.5656524510968
8,LSHADE,45,18000,61.7877282833398
8,LSHADE,45,21000,50.2796606595695
8,LSHADE,45,24000,40.5760519085632
8,LSHADE,45,27000,35.2953005095219
8,LSHADE,45,30000,32.0426319835584
8,LSHADE,45,33000,28.0577133754351
8,LSHADE,45,36000,27.7656673004111
8,LSHADE,45,39000,26.968542057065
8,LSHADE,45,42000,26.177087450703
8,LSHADE,45,45000,25.9820742037133
8,LSHADE,45,48000,25.764126278712
8,LSHADE,45,51000,25.4943829047851
8,LSHADE,45,54000,25.1147496648673
8,LSHADE,45,57000,25.0732474743324
8,LSHADE,45,60000,24.9706254512786
9,D3-Both,41,3000,3582.86801502655
9,D3-Both,41,6000,3369.77484799465
9,D3-Both,41,9000,2051.02484205661
9,D3-Both,41,12000,1053.4510452179
9,D3-Both,41,15000,721.49908242725
9,D3-Both,41,18000,556.596766932988
9,D3-Both,41,21000,536.539581959813
9,D3-Both,41,24000,399.215703794519
9,D3-Both,41,27000,288.233805659038
9,D3-Both,41,30000,195.802218840626
9,D3-Both,41,33000,114.89088505744
9,D3-Both,41,36000,72.1808916576626
9,D3-Both,41,39000,54.0275362598319
9,D3-Both,41,42000,37.2239211082308
9,D3-Both,41,45000,31.3574350248866
9,D3-Both,41,48000,24.9893557641061
9,D3-Both,41,51000,19.3248934346041
9,D3-Both,41,54000,17.3859944332262
9,D3-Both,41,57000,16.8396923340116
9,D3-Both,41,60000,16.5337527387445
9,D1-TracingDecay,41,3000,3907.7761962739
9,D1-TracingDecay,41,6000,2262.25197675251
9,D1-TracingDecay,41,9000,1514.99212534193
9,D1-TracingDecay,41,12000,1277.4208256014
9,D1-TracingDecay,41,15000,926.118076920962
9,D1-TracingDecay,41,18000,642.695400300844
9,D1-TracingDecay,41,21000,642.695400300844
9,D1-TracingDecay,41,24000,617.223883133004
9,D1-TracingDecay,41,27000,617.223883133004
9,D1-TracingDecay,41,30000,617.223883133004
9,D1-TracingDecay,41,33000,602.374157835402
9,D1-TracingDecay,41,36000,581.098320203686
9,D1-TracingDecay,41,39000,565.600905678606
9,D1-TracingDecay,41,42000,565.055280465933
9,D1-TracingDecay,41,45000,565.055280465933
9,D1-TracingDecay,41,48000,529.609323690241
9,D1-TracingDecay,41,51000,521.302265757901
9,D1-TracingDecay,41,54000,488.482690117912
9,D1-TracingDecay,41,57000,467.603339815845
9,D1-TracingDecay,41,60000,454.217487918313
9,CLPSO,41,3000,21020.2717153171
9,CLPSO,41,6000,13015.1449751886
9,CLPSO,41,9000,10423.402060793
9,CLPSO,41,12000,10423.402060793
9,CLPSO,41,15000,10423.402060793
9,CLPSO,41,18000,9360.13712227867
9,CLPSO,41,21000,8327.37578070929
9,CLPSO,41,24000,4552.87927431491
9,CLPSO,41,27000,4552.87927431491
9,CLPSO,41,30000,4552.87927431491
9,CLPSO,41,33000,4451.04296278378
9,CLPSO,41,36000,4064.28111294751
9,CLPSO,41,39000,3014.68751215935
9,CLPSO,41,42000,3014.68751215935
9,CLPSO,41,45000,3014.68751215935
9,CLPSO,41,48000,3014.68751215935
9,CLPSO,41,51000,2877.16240671982
9,CLPSO,41,54000,2509.34087699518
9,CLPSO,41,57000,2509.34087699518
9,CLPSO,41,60000,2470.16923385638
9,LSHADE,41,3000,952.890430567207
9,LSHADE,41,6000,67.4891248760669
9,LSHADE,41,9000,13.4666922048948
9,LSHADE,41,12000,9.49771735309946
9,LSHADE,41,15000,9.36377530329594
9,LSHADE,41,18000,9.36004737433154
9,LSHADE,41,21000,9.35992529613065
9,LSHADE,41,24000,9.35992257445707
9,LSHADE,41,27000,9.35992243545979
9,LSHADE,41,30000,9.35992241813301
9,LSHADE,41,33000,9.35992241801137
9,LSHADE,41,36000,9.35992241801011
9,LSHADE,41,39000,9.35992241801011
9,LSHADE,41,42000,9.35992241801011
9,LSHADE,41,45000,9.35992241801011
9,LSHADE,41,48000,9.35992241801011
9,LSHADE,41,51000,9.35992241801011
9,LSHADE,41,54000,9.35992241801011
9,LSHADE,41,57000,9.35992241801011
9,LSHADE,41,60000,9.35992241801011
9,D3-Both,42,3000,2965.34782829214
9,D3-Both,42,6000,2039.91125299016
9,D3-Both,42,9000,1641.62363315606
9,D3-Both,42,12000,1509.70166979547
9,D3-Both,42,15000,1022.41091908264
9,D3-Both,42,18000,557.939726874992
9,D3-Both,42,21000,259.012731672565
9,D3-Both,42,24000,232.613287733108
9,D3-Both,42,27000,149.633174167111
9,D3-Both,42,30000,92.7425899501723
9,D3-Both,42,33000,92.7425899501723
9,D3-Both,42,36000,59.8334046029423
9,D3-Both,42,39000,42.3850339238704
9,D3-Both,42,42000,30.2294130577933
9,D3-Both,42,45000,23.6632274355568
9,D3-Both,42,48000,20.9895480651702
9,D3-Both,42,51000,19.1986597087932
9,D3-Both,42,54000,17.446398556261
9,D3-Both,42,57000,13.1436800992118
9,D3-Both,42,60000,11.393298018595
9,D1-TracingDecay,42,3000,6787.6140502128
9,D1-TracingDecay,42,6000,5836.94963229654
9,D1-TracingDecay,42,9000,5653.36826675694
9,D1-TracingDecay,42,12000,5525.51266762871
9,D1-TracingDecay,42,15000,5137.44346183476
9,D1-TracingDecay,42,18000,5112.17918375075
9,D1-TracingDecay,42,21000,5112.17918375075
9,D1-TracingDecay,42,24000,4660.20648905218
9,D1-TracingDecay,42,27000,4606.54378938158
9,D1-TracingDecay,42,30000,4606.54378938158
9,D1-TracingDecay,42,33000,4606.54378938158
9,D1-TracingDecay,42,36000,4606.54378938158
9,D1-TracingDecay,42,39000,4606.54378938158
9,D1-TracingDecay,42,42000,4349.00359701617
9,D1-TracingDecay,42,45000,4349.00359701617
9,D1-TracingDecay,42,48000,4251.31943596741
9,D1-TracingDecay,42,51000,4251.31943596741
9,D1-TracingDecay,42,54000,4251.31943596741
9,D1-TracingDecay,42,57000,4158.95101177226
9,D1-TracingDecay,42,60000,4099.59239545023
9,CLPSO,42,3000,23816.6986310586
9,CLPSO,42,6000,20245.395935927
9,CLPSO,42,9000,13390.8557002746
9,CLPSO,42,12000,13390.8557002746
9,CLPSO,42,15000,10246.2710083986
9,CLPSO,42,18000,9768.28555562901
9,CLPSO,42,21000,8127.94425080618
9,CLPSO,42,24000,7562.60039057895
9,CLPSO,42,27000,5935.21553498324
9,CLPSO,42,30000,5906.81041016277
9,CLPSO,42,33000,5154.90157584182
9,CLPSO,42,36000,4353.54966126526
9,CLPSO,42,39000,4353.54966126526
9,CLPSO,42,42000,3788.10924253049
9,CLPSO,42,45000,3788.10924253049
9,CLPSO,42,48000,2667.72754930527
9,CLPSO,42,51000,2667.72754930527
9,CLPSO,42,54000,2451.77489363875
9,CLPSO,42,57000,2349.07681838058
9,CLPSO,42,60000,1765.61354232498
9,LSHADE,42,3000,717.131556892934
9,LSHADE,42,6000,113.461424281122
9,LSHADE,42,9000,27.2788738273545
9,LSHADE,42,12000,17.3722047633694
9,LSHADE,42,15000,17.1502190410251
9,LSHADE,42,18000,16.9860532187059
9,LSHADE,42,21000,16.9657088633116
9,LSHADE,42,24000,16.9652065682969
9,LSHADE,42,27000,16.9651575403216
9,LSHADE,42,30000,16.9651523712283
9,LSHADE,42,33000,16.9651519535123
9,LSHADE,42,36000,16.9651519394333
9,LSHADE,42,39000,16.9651519387448
9,LSHADE,42,42000,16.9651519387103
9,LSHADE,42,45000,16.9651519387093
9,LSHADE,42,48000,16.9651519387088
9,LSHADE,42,51000,16.9651519387087
9,LSHADE,42,54000,16.9651519387087
9,LSHADE,42,57000,16.9651519387087
9,LSHADE,42,60000,16.9651519387086
9,D3-Both,43,3000,6541.47532532976
9,D3-Both,43,6000,2078.17051753636
9,D3-Both,43,9000,1329.55809259037
9,D3-Both,43,12000,763.141368914874
9,D3-Both,43,15000,508.839826310173
9,D3-Both,43,18000,508.839826310173
9,D3-Both,43,21000,410.530382304763
9,D3-Both,43,24000,379.708458632344
9,D3-Both,43,27000,335.63785486967
9,D3-Both,43,30000,301.478296230838
9,D3-Both,43,33000,198.95133479011
9,D3-Both,43,36000,138.915424673527
9,D3-Both,43,39000,113.974806771296
9,D3-Both,43,42000,95.8695274765914
9,D3-Both,43,45000,80.384854973286
9,D3-Both,43,48000,56.960511836251
9,D3-Both,43,51000,48.4579508680583
9,D3-Both,43,54000,42.7056332805417
9,D3-Both,43,57000,41.3363748328146
9,D3-Both,43,60000,20.3505790430544
9,D1-TracingDecay,43,3000,5159.00931763122
9,D1-TracingDecay,43,6000,4848.50926157253
9,D1-TracingDecay,43,9000,3895.3982948623
9,D1-TracingDecay,43,12000,3824.46400284759
9,D1-TracingDecay,43,15000,3653.67872279267
9,D1-TracingDecay,43,18000,3653.67872279267
9,D1-TracingDecay,43,21000,3653.67872279267
9,D1-TracingDecay,43,24000,2940.43697549005
9,D1-TracingDecay,43,27000,2510.61061259646
9,D1-TracingDecay,43,30000,2282.03226202492
9,D1-TracingDecay,43,33000,2085.08819356366
9,D1-TracingDecay,43,36000,2029.24675468879
9,D1-TracingDecay,43,39000,1845.34892932641
9,D1-TracingDecay,43,42000,1845.34892932641
9,D1-TracingDecay,43,45000,1845.34892932641
9,D1-TracingDecay,43,48000,1814.25345136925
9,D1-TracingDecay,43,51000,1664.68096854783
9,D1-TracingDecay,43,54000,1634.10398513798
9,D1-TracingDecay,43,57000,1508.29079931833
9,D1-TracingDecay,43,60000,1470.06814886151
9,CLPSO,43,3000,17565.6217649995
9,CLPSO,43,6000,13469.3944318139
9,CLPSO,43,9000,13349.4510935154
9,CLPSO,43,12000,8744.87034841794
9,CLPSO,43,15000,8565.46833310127
9,CLPSO,43,18000,7916.02103805708
9,CLPSO,43,21000,3438.34005195113
9,CLPSO,43,24000,3438.34005195113
9,CLPSO,43,27000,3438.34005195113
9,CLPSO,43,30000,2471.46842070612
9,CLPSO,43,33000,2311.68957114019
9,CLPSO,43,36000,2311.68957114019
9,CLPSO,43,39000,2311.68957114019
9,CLPSO,43,42000,2311.68957114019
9,CLPSO,43,45000,2311.68957114019
9,CLPSO,43,48000,1970.28097216309
9,CLPSO,43,51000,1858.98173908385
9,CLPSO,43,54000,1858.98173908385
9,CLPSO,43,57000,1767.7474986615
9,CLPSO,43,60000,1282.49109542169
9,LSHADE,43,3000,827.810960577115
9,LSHADE,43,6000,53.5554774596434
9,LSHADE,43,9000,14.6848767723843
9,LSHADE,43,12000,7.32793051324131
9,LSHADE,43,15000,7.18233781929666
9,LSHADE,43,18000,7.17555203607151
9,LSHADE,43,21000,7.17539631831778
9,LSHADE,43,24000,7.17539141258283
9,LSHADE,43,27000,7.17539135109359
9,LSHADE,43,30000,7.17539135006496
9,LSHADE,43,33000,7.17539135004381
9,LSHADE,43,36000,7.1753913500437
9,LSHADE,43,39000,7.17539135004324
9,LSHADE,43,42000,7.17539135004324
9,LSHADE,43,45000,7.17539135004324
9,LSHADE,43,48000,7.17539135004324
9,LSHADE,43,51000,7.17539135004313
9,LSHADE,43,54000,7.17539135004313
9,LSHADE,43,57000,7.17539135004313
9,LSHADE,43,60000,7.17539135004313
9,D3-Both,44,3000,4492.09001118581
9,D3-Both,44,6000,2675.21381879329
9,D3-Both,44,9000,1721.79444764109
9,D3-Both,44,12000,1047.82264932454
9,D3-Both,44,15000,891.676668825318
9,D3-Both,44,18000,876.852438748733
9,D3-Both,44,21000,635.179043696015
9,D3-Both,44,24000,421.846126371212
9,D3-Both,44,27000,357.897593134387
9,D3-Both,44,30000,276.260684250898
9,D3-Both,44,33000,94.0854887733863
9,D3-Both,44,36000,30.7131438531364
9,D3-Both,44,39000,12.0213023654159
9,D3-Both,44,42000,3.55641155759179
9,D3-Both,44,45000,1.77443834263806
9,D3-Both,44,48000,1.06568697849218
9,D3-Both,44,51000,0.53274578136029
9,D3-Both,44,54000,0.273482812649831
9,D3-Both,44,57000,0.104501117665109
9,D3-Both,44,60000,0.0902172310188689
9,D1-TracingDecay,44,3000,6064.47494072716
9,D1-TracingDecay,44,6000,6064.47494072716
9,D1-TracingDecay,44,9000,5076.20723911515
9,D1-TracingDecay,44,12000,4732.89488280155
9,D1-TracingDecay,44,15000,4732.89488280155
9,D1-TracingDecay,44,18000,4712.85565305877
9,D1-TracingDecay,44,21000,1636.0718777084
9,D1-TracingDecay,44,24000,1213.00009399173
9,D1-TracingDecay,44,27000,1162.81675483077
9,D1-TracingDecay,44,30000,1119.83709898002
9,D1-TracingDecay,44,33000,1028.99691656341
9,D1-TracingDecay,44,36000,991.53385329258
9,D1-TracingDecay,44,39000,958.622577304388
9,D1-TracingDecay,44,42000,900.961976984957
9,D1-TracingDecay,44,45000,871.862430920795
9,D1-TracingDecay,44,48000,808.217624949551
9,D1-TracingDecay,44,51000,774.169761463727
9,D1-TracingDecay,44,54000,756.55726051484
9,D1-TracingDecay,44,57000,675.720486972998
9,D1-TracingDecay,44,60000,655.559927969789
9,CLPSO,44,3000,22874.4012086635
9,CLPSO,44,6000,20835.0080054784
9,CLPSO,44,9000,9149.06767114687
9,CLPSO,44,12000,9149.06767114687
9,CLPSO,44,15000,9149.06767114687
9,CLPSO,44,18000,9149.06767114687
9,CLPSO,44,21000,6324.36651515417
9,CLPSO,44,24000,6324.36651515417
9,CLPSO,44,27000,6324.36651515417
9,CLPSO,44,30000,5386.87160146651
9,CLPSO,44,33000,5168.64302750446
9,CLPSO,44,36000,3694.63206185719
9,CLPSO,44,39000,3621.8408937569
9,CLPSO,44,42000,3544.83761693689
9,CLPSO,44,45000,2750.53771381356
9,CLPSO,44,48000,2123.0896605975
9,CLPSO,44,51000,2123.0896605975
9,CLPSO,44,54000,2123.0896605975
9,CLPSO,44,57000,2123.0896605975
9,CLPSO,44,60000,2123.0896605975
9,LSHADE,44,3000,1255.54237940887
9,LSHADE,44,6000,41.7226985653939
9,LSHADE,44,9000,8.15677123809235
9,LSHADE,44,12000,7.3443355092096
9,LSHADE,44,15000,7.09525505820591
9,LSHADE,44,18000,7.09013450044029
9,LSHADE,44,21000,7.09006570790655
9,LSHADE,44,24000,7.09006434830133
9,LSHADE,44,27000,7.09006432926446
9,LSHADE,44,30000,7.09006432888873
9,LSHADE,44,33000,7.09006432887895
9,LSHADE,44,36000,7.09006432887884
9,LSHADE,44,39000,7.09006432887884
9,LSHADE,44,42000,7.09006432887884
9,LSHADE,44,45000,7.09006432887884
9,LSHADE,44,48000,7.09006432887884
9,LSHADE,44,51000,7.09006432887884
9,LSHADE,44,54000,7.09006432887873
9,LSHADE,44,57000,7.09006432887873
9,LSHADE,44,60000,7.09006432887873
9,D3-Both,45,3000,4920.77553961803
9,D3-Both,45,6000,2342.44302182233
9,D3-Both,45,9000,1890.79434812496
9,D3-Both,45,12000,1860.52602121054
9,D3-Both,45,15000,1657.46194541622
9,D3-Both,45,18000,1657.46194541622
9,D3-Both,45,21000,1539.56083536599
9,D3-Both,45,24000,1345.67862863558
9,D3-Both,45,27000,1334.20888789948
9,D3-Both,45,30000,990.257783892318
9,D3-Both,45,33000,746.600321243794
9,D3-Both,45,36000,447.988453886719
9,D3-Both,45,39000,290.939139892658
9,D3-Both,45,42000,285.249209778028
9,D3-Both,45,45000,172.756668244519
9,D3-Both,45,48000,114.930609170495
9,D3-Both,45,51000,74.2842941633844
9,D3-Both,45,54000,67.9061652756528
9,D3-Both,45,57000,62.969862906599
9,D3-Both,45,60000,60.8455763277738
9,D1-TracingDecay,45,3000,4803.12351752694
9,D1-TracingDecay,45,6000,4560.48692471672
9,D1-TracingDecay,45,9000,4305.69304640726
9,D1-TracingDecay,45,12000,3756.65069410881
9,D1-TracingDecay,45,15000,3239.95564158971
9,D1-TracingDecay,45,18000,3145.95175615591
9,D1-TracingDecay,45,21000,2266.09114939318
9,D1-TracingDecay,45,24000,2266.09114939318
9,D1-TracingDecay,45,27000,2266.09114939318
9,D1-TracingDecay,45,30000,2266.09114939318
9,D1-TracingDecay,45,33000,2266.09114939318
9,D1-TracingDecay,45,36000,2266.09114939318
9,D1-TracingDecay,45,39000,2266.09114939318
9,D1-TracingDecay,45,42000,2266.09114939318
9,D1-TracingDecay,45,45000,2016.05644829438
9,D1-TracingDecay,45,48000,2011.94188959649
9,D1-TracingDecay,45,51000,1993.14460983211
9,D1-TracingDecay,45,54000,1993.14460983211
9,D1-TracingDecay,45,57000,1922.23585065303
9,D1-TracingDecay,45,60000,1836.47227278579
9,CLPSO,45,3000,24056.0626063835
9,CLPSO,45,6000,19270.7091609061
9,CLPSO,45,9000,14304.9337627314
9,CLPSO,45,12000,12646.3375294348
9,CLPSO,45,15000,8587.72581005034
9,CLPSO,45,18000,6872.43626191841
9,CLPSO,45,21000,6872.43626191841
9,CLPSO,45,24000,6872.43626191841
9,CLPSO,45,27000,6872.43626191841
9,CLPSO,45,30000,6344.41966710514
9,CLPSO,45,33000,5159.49564610773
9,CLPSO,45,36000,4358.74307031037
9,CLPSO,45,39000,4358.74307031037
9,CLPSO,45,42000,4047.11217432671
9,CLPSO,45,45000,3525.46168220835
9,CLPSO,45,48000,3525.46168220835
9,CLPSO,45,51000,2342.47652125108
9,CLPSO,45,54000,1640.02517355989
9,CLPSO,45,57000,1493.69607737028
9,CLPSO,45,60000,1171.50631186076
9,LSHADE,45,3000,756.935447152534
9,LSHADE,45,6000,97.2954568576691
9,LSHADE,45,9000,28.22090692048
9,LSHADE,45,12000,10.8121477351563
9,LSHADE,45,15000,10.2769857938465
9,LSHADE,45,18000,10.1903108223088
9,LSHADE,45,21000,10.1768101203293
9,LSHADE,45,24000,10.1762220977408
9,LSHADE,45,27000,10.1761929178825
9,LSHADE,45,30000,10.1761913980387
9,LSHADE,45,33000,10.1761913823319
9,LSHADE,45,36000,10.1761913813079
9,LSHADE,45,39000,10.1761913812953
9,LSHADE,45,42000,10.1761913812949
9,LSHADE,45,45000,10.1761913812946
9,LSHADE,45,48000,10.1761913812946
9,LSHADE,45,51000,10.1761913812946
9,LSHADE,45,54000,10.1761913812946
9,LSHADE,45,57000,10.1761913812946
9,LSHADE,45,60000,10.1761913812946
10,D3-Both,41,3000,6790.45827387923
10,D3-Both,41,6000,6588.95149603456
10,D3-Both,41,9000,6009.8448333089
10,D3-Both,41,12000,5491.89687776417
10,D3-Both,41,15000,5199.18444640481
10,D3-Both,41,18000,5037.86642514415
10,D3-Both,41,21000,4948.19718986474
10,D3-Both,41,24000,4656.88754675695
10,D3-Both,41,27000,4656.88754675695
10,D3-Both,41,30000,4640.92237973602
10,D3-Both,41,33000,4277.83265842434
10,D3-Both,41,36000,4277.83265842434
10,D3-Both,41,39000,4277.83265842434
10,D3-Both,41,42000,4150.21294232013
10,D3-Both,41,45000,3852.99810474364
10,D3-Both,41,48000,3578.47744651869
10,D3-Both,41,51000,3288.32104483527
10,D3-Both,41,54000,3170.29096672859
10,D3-Both,41,57000,3119.18341635449
10,D3-Both,41,60000,3117.36224079351
10,D1-TracingDecay,41,3000,4598.92108830806
10,D1-TracingDecay,41,6000,4118.29989709814
10,D1-TracingDecay,41,9000,3587.92279725842
10,D1-TracingDecay,41,12000,3538.11243296924
10,D1-TracingDecay,41,15000,3239.74359516413
10,D1-TracingDecay,41,18000,3124.79204143576
10,D1-TracingDecay,41,21000,3107.78696954121
10,D1-TracingDecay,41,24000,3058.60547299728
10,D1-TracingDecay,41,27000,3043.42570366826
10,D1-TracingDecay,41,30000,3031.99785294001
10,D1-TracingDecay,41,33000,2960.09101460205
10,D1-TracingDecay,41,36000,2937.42658406122
10,D1-TracingDecay,41,39000,2895.62336283052
10,D1-TracingDecay,41,42000,2890.7843295799
10,D1-TracingDecay,41,45000,2888.54200314992
10,D1-TracingDecay,41,48000,2807.16552988932
10,D1-TracingDecay,41,51000,2763.78236881258
10,D1-TracingDecay,41,54000,2719.50778396951
10,D1-TracingDecay,41,57000,2712.79244715677
10,D1-TracingDecay,41,60000,2704.40583623492
10,CLPSO,41,3000,7949.11203855954
10,CLPSO,41,6000,7334.91969169212
10,CLPSO,41,9000,5742.95771344051
10,CLPSO,41,12000,5742.95771344051
10,CLPSO,41,15000,5742.95771344051
10,CLPSO,41,18000,5068.39328985143
10,CLPSO,41,21000,5068.39328985143
10,CLPSO,41,24000,5068.39328985143
10,CLPSO,41,27000,5068.39328985143
10,CLPSO,41,30000,5068.39328985143
10,CLPSO,41,33000,5068.39328985143
10,CLPSO,41,36000,5068.39328985143
10,CLPSO,41,39000,5068.39328985143
10,CLPSO,41,42000,5068.39328985143
10,CLPSO,41,45000,4779.45702013129
10,CLPSO,41,48000,4779.45702013129
10,CLPSO,41,51000,4615.78407981652
10,CLPSO,41,54000,4615.78407981652
10,CLPSO,41,57000,4382.04808236031
10,CLPSO,41,60000,4382.04808236031
10,LSHADE,41,3000,8058.11936473019
10,LSHADE,41,6000,6537.50605758176
10,LSHADE,41,9000,5293.19783595787
10,LSHADE,41,12000,4757.9711032709
10,LSHADE,41,15000,4324.32194878704
10,LSHADE,41,18000,3964.90116493076
10,LSHADE,41,21000,3439.39581412147
10,LSHADE,41,24000,2828.57909519677
10,LSHADE,41,27000,2291.81582784653
10,LSHADE,41,30000,2190.63143803653
10,LSHADE,41,33000,2112.25820932836
10,LSHADE,41,36000,2096.73287918196
10,LSHADE,41,39000,1987.52313764344
10,LSHADE,41,42000,1957.62387114237
10,LSHADE,41,45000,1890.53026373306
10,LSHADE,41,48000,1874.81358703613
10,LSHADE,41,51000,1698.6984783785
10,LSHADE,41,54000,1689.16723965715
10,LSHADE,41,57000,1304.84553561352
10,LSHADE,41,60000,1271.94047738994
10,D3-Both,42,3000,6929.43152011003
10,D3-Both,42,6000,6343.87260923145
10,D3-Both,42,9000,5801.40603665616
10,D3-Both,42,12000,5403.34923966322
10,D3-Both,42,15000,5247.99609345728
10,D3-Both,42,18000,4782.44755321842
10,D3-Both,42,21000,4782.44755321842
10,D3-Both,42,24000,4782.44755321842
10,D3-Both,42,27000,4774.60629193748
10,D3-Both,42,30000,4774.60629193748
10,D3-Both,42,33000,4774.60629193748
10,D3-Both,42,36000,4627.07204875093
10,D3-Both,42,39000,4549.23570799816
10,D3-Both,42,42000,4549.23570799816
10,D3-Both,42,45000,4456.32626061346
10,D3-Both,42,48000,4456.32626061346
10,D3-Both,42,51000,4303.97043341472
10,D3-Both,42,54000,4196.12087275725
10,D3-Both,42,57000,4028.07624978698
10,D3-Both,42,60000,3991.0843454208
10,D1-TracingDecay,42,3000,5822.07815899894
10,D1-TracingDecay,42,6000,4886.9997391957
10,D1-TracingDecay,42,9000,4636.08527877334
10,D1-TracingDecay,42,12000,4425.15640183908
10,D1-TracingDecay,42,15000,4341.12682021383
10,D1-TracingDecay,42,18000,4302.0495075593
10,D1-TracingDecay,42,21000,4281.80247896494
10,D1-TracingDecay,42,24000,4092.77817399135
10,D1-TracingDecay,42,27000,4023.16542507675
10,D1-TracingDecay,42,30000,4023.16542507675
10,D1-TracingDecay,42,33000,4023.16542507675
10,D1-TracingDecay,42,36000,4018.24711743418
10,D1-TracingDecay,42,39000,3979.85865516445
10,D1-TracingDecay,42,42000,3873.42081832512
10,D1-TracingDecay,42,45000,3850.39844281481
10,D1-TracingDecay,42,48000,3768.61008640746
10,D1-TracingDecay,42,51000,3722.9041056715
10,D1-TracingDecay,42,54000,3714.14390792802
10,D1-TracingDecay,42,57000,3704.9413022981
10,D1-TracingDecay,42,60000,3686.55725644475
10,CLPSO,42,3000,7840.65126170049
10,CLPSO,42,6000,7769.21085246965
10,CLPSO,42,9000,7488.918350355
10,CLPSO,42,12000,7132.83762483465
10,CLPSO,42,15000,6827.39798435341
10,CLPSO,42,18000,6827.39798435341
10,CLPSO,42,21000,6683.26286522094
10,CLPSO,42,24000,6683.26286522094
10,CLPSO,42,27000,6172.35059514217
10,CLPSO,42,30000,6172.35059514217
10,CLPSO,42,33000,6172.35059514217
10,CLPSO,42,36000,5861.4955211221
10,CLPSO,42,39000,5861.4955211221
10,CLPSO,42,42000,5745.54003085984
10,CLPSO,42,45000,5745.54003085984
10,CLPSO,42,48000,5704.30942655668
10,CLPSO,42,51000,5618.7011890432
10,CLPSO,42,54000,5564.98270011367
10,CLPSO,42,57000,5309.53172425312
10,CLPSO,42,60000,5309.53172425312
10,LSHADE,42,3000,8192.75840988382
10,LSHADE,42,6000,7964.63039346387
10,LSHADE,42,9000,7335.23008297977
10,LSHADE,42,12000,7154.86614008039
10,LSHADE,42,15000,5910.52845582386
10,LSHADE,42,18000,3404.5277963891
10,LSHADE,42,21000,2687.58712261002
10,LSHADE,42,24000,2643.01581747554
10,LSHADE,42,27000,2640.08952552969
10,LSHADE,42,30000,2639.03105930914
10,LSHADE,42,33000,2638.37029498002
10,LSHADE,42,36000,2638.29672535399
10,LSHADE,42,39000,2638.28175482346
10,LSHADE,42,42000,2638.26882942533
10,LSHADE,42,45000,2638.26762673604
10,LSHADE,42,48000,2638.26754683174
10,LSHADE,42,51000,2638.2675382352
10,LSHADE,42,54000,2638.26753774684
10,LSHADE,42,57000,2638.26753773225
10,LSHADE,42,60000,2638.26753773126
10,D3-Both,43,3000,6804.07247853724
10,D3-Both,43,6000,5502.43549870017
10,D3-Both,43,9000,5471.79036624855
10,D3-Both,43,12000,5400.94839269224
10,D3-Both,43,15000,5182.5832145503
10,D3-Both,43,18000,4760.11464756653
10,D3-Both,43,21000,4458.71819353025
10,D3-Both,43,24000,4456.79936267396
10,D3-Both,43,27000,4195.67213522866
10,D3-Both,43,30000,4096.72843835528
10,D3-Both,43,33000,4096.72843835528
10,D3-Both,43,36000,4067.16214625807
10,D3-Both,43,39000,3858.85770929121
10,D3-Both,43,42000,3809.04898831002
10,D3-Both,43,45000,3562.810989299
10,D3-Both,43,48000,3550.85577134754
10,D3-Both,43,51000,3534.56680006642
10,D3-Both,43,54000,3304.98146676188
10,D3-Both,43,57000,3285.8619674778
10,D3-Both,43,60000,3276.34816163904
10,D1-TracingDecay,43,3000,5820.07201258827
10,D1-TracingDecay,43,6000,4652.83318494903
10,D1-TracingDecay,43,9000,4411.32563520603
10,D1-TracingDecay,43,12000,4369.77315426767
10,D1-TracingDecay,43,15000,4296.71517869077
10,D1-TracingDecay,43,18000,4199.24557284937
10,D1-TracingDecay,43,21000,4078.81320090948
10,D1-TracingDecay,43,24000,4025.40549927564
10,D1-TracingDecay,43,27000,4011.84275869124
10,D1-TracingDecay,43,30000,3985.87429581931
10,D1-TracingDecay,43,33000,3913.34860089302
10,D1-TracingDecay,43,36000,3797.57397946157
10,D1-TracingDecay,43,39000,3733.05766543994
10,D1-TracingDecay,43,42000,3728.06113858775
10,D1-TracingDecay,43,45000,3710.55652766082
10,D1-TracingDecay,43,48000,3708.93738638674
10,D1-TracingDecay,43,51000,3675.70176878432
10,D1-TracingDecay,43,54000,3631.58175891609
10,D1-TracingDecay,43,57000,3592.56851444107
10,D1-TracingDecay,43,60000,3581.2916941112
10,CLPSO,43,3000,7905.54153848862
10,CLPSO,43,6000,7338.09497966669
10,CLPSO,43,9000,7207.28955758686
10,CLPSO,43,12000,7207.28955758686
10,CLPSO,43,15000,7207.28955758686
10,CLPSO,43,18000,6635.86071429194
10,CLPSO,43,21000,6635.86071429194
10,CLPSO,43,24000,6435.8795967556
10,CLPSO,43,27000,6235.28491618174
10,CLPSO,43,30000,6042.39580518778
10,CLPSO,43,33000,5774.83990395052
10,CLPSO,43,36000,5724.60921208202
10,CLPSO,43,39000,5252.35777435096
10,CLPSO,43,42000,5252.35777435096
10,CLPSO,43,45000,5252.35777435096
10,CLPSO,43,48000,5054.42527761856
10,CLPSO,43,51000,5005.5862465773
10,CLPSO,43,54000,5005.5862465773
10,CLPSO,43,57000,5005.5862465773
10,CLPSO,43,60000,4626.69776400041
10,LSHADE,43,3000,7634.67612817071
10,LSHADE,43,6000,7071.97455970765
10,LSHADE,43,9000,5559.76662246939
10,LSHADE,43,12000,5132.12243504994
10,LSHADE,43,15000,4842.65055238949
10,LSHADE,43,18000,4146.56517569743
10,LSHADE,43,21000,3711.32602084073
10,LSHADE,43,24000,3070.41671297759
10,LSHADE,43,27000,2726.75563995762
10,LSHADE,43,30000,2502.29206972442
10,LSHADE,43,33000,2344.62356947677
10,LSHADE,43,36000,2226.61834922913
10,LSHADE,43,39000,2008.42161388233
10,LSHADE,43,42000,1832.77180619432
10,LSHADE,43,45000,1775.39283966233
10,LSHADE,43,48000,1747.95689392774
10,LSHADE,43,51000,1701.14941504527
10,LSHADE,43,54000,1661.90986295114
10,LSHADE,43,57000,1657.30428100585
10,LSHADE,43,60000,1641.86121700735
10,D3-Both,44,3000,7747.1097936624
10,D3-Both,44,6000,6947.49572470999
10,D3-Both,44,9000,5495.9304326886
10,D3-Both,44,12000,5270.35479876445
10,D3-Both,44,15000,5270.35479876445
10,D3-Both,44,18000,5180.08358902439
10,D3-Both,44,21000,5180.08358902439
10,D3-Both,44,24000,5180.08358902439
10,D3-Both,44,27000,5053.78886414019
10,D3-Both,44,30000,5025.11646695814
10,D3-Both,44,33000,4902.07046426601
10,D3-Both,44,36000,4797.56279212203
10,D3-Both,44,39000,4797.56279212203
10,D3-Both,44,42000,4737.25366386654
10,D3-Both,44,45000,4737.25366386654
10,D3-Both,44,48000,4737.25366386654
10,D3-Both,44,51000,4737.25366386654
10,D3-Both,44,54000,4737.25366386654
10,D3-Both,44,57000,4682.70846606757
10,D3-Both,44,60000,4669.63261045183
10,D1-TracingDecay,44,3000,5612.51313082196
10,D1-TracingDecay,44,6000,5278.54454785982
10,D1-TracingDecay,44,9000,4922.41956025344
10,D1-TracingDecay,44,12000,4624.26314096833
10,D1-TracingDecay,44,15000,4564.10333413263
10,D1-TracingDecay,44,18000,4498.93421953806
10,D1-TracingDecay,44,21000,4435.67034626704
10,D1-TracingDecay,44,24000,4369.74632175917
10,D1-TracingDecay,44,27000,4316.19353726346
10,D1-TracingDecay,44,30000,4169.96927906689
10,D1-TracingDecay,44,33000,4076.14190594385
10,D1-TracingDecay,44,36000,4052.42553495998
10,D1-TracingDecay,44,39000,4028.01954037685
10,D1-TracingDecay,44,42000,3998.88814900962
10,D1-TracingDecay,44,45000,3935.06494893739
10,D1-TracingDecay,44,48000,3886.62267200789
10,D1-TracingDecay,44,51000,3822.3678361295
10,D1-TracingDecay,44,54000,3796.23082797416
10,D1-TracingDecay,44,57000,3785.1606590323
10,D1-TracingDecay,44,60000,3780.13497212153
10,CLPSO,44,3000,8435.31655298035
10,CLPSO,44,6000,7247.41177088309
10,CLPSO,44,9000,7247.41177088309
10,CLPSO,44,12000,7247.41177088309
10,CLPSO,44,15000,6820.52800211941
10,CLPSO,44,18000,6820.52800211941
10,CLPSO,44,21000,6244.7814554405
10,CLPSO,44,24000,6113.24904965924
10,CLPSO,44,27000,5624.63841805803
10,CLPSO,44,30000,5624.63841805803
10,CLPSO,44,33000,5624.63841805803
10,CLPSO,44,36000,5624.63841805803
10,CLPSO,44,39000,5624.63841805803
10,CLPSO,44,42000,5624.63841805803
10,CLPSO,44,45000,5624.63841805803
10,CLPSO,44,48000,5516.66502035304
10,CLPSO,44,51000,5390.59745322691
10,CLPSO,44,54000,5390.59745322691
10,CLPSO,44,57000,5390.59745322691
10,CLPSO,44,60000,5390.59745322691
10,LSHADE,44,3000,7110.669843626
10,LSHADE,44,6000,6089.78214933074
10,LSHADE,44,9000,5121.9040075914
10,LSHADE,44,12000,4617.68023465081
10,LSHADE,44,15000,4259.71413408108
10,LSHADE,44,18000,3981.6992087218
10,LSHADE,44,21000,3258.15092865779
10,LSHADE,44,24000,3122.6241712646
10,LSHADE,44,27000,2949.73638743705
10,LSHADE,44,30000,2729.87434400019
10,LSHADE,44,33000,2401.35496246588
10,LSHADE,44,36000,2231.39541937253
10,LSHADE,44,39000,2204.95243672803
10,LSHADE,44,42000,2174.82150623757
10,LSHADE,44,45000,2170.52740728721
10,LSHADE,44,48000,2151.07971719166
10,LSHADE,44,51000,2147.51648375685
10,LSHADE,44,54000,2140.7180926461
10,LSHADE,44,57000,2133.84435147869
10,LSHADE,44,60000,2130.38091118742
10,D3-Both,45,3000,6845.33439621945
10,D3-Both,45,6000,5976.62087009157
10,D3-Both,45,9000,5976.62087009157
10,D3-Both,45,12000,5526.32181308676
10,D3-Both,45,15000,4964.14573550773
10,D3-Both,45,18000,4964.14573550773
10,D3-Both,45,21000,4832.99675046597
10,D3-Both,45,24000,4820.50113163001
10,D3-Both,45,27000,4607.10698991843
10,D3-Both,45,30000,4607.10698991843
10,D3-Both,45,33000,4606.6678685535
10,D3-Both,45,36000,4568.18616181132
10,D3-Both,45,39000,4499.65764904378
10,D3-Both,45,42000,4473.1682175464
10,D3-Both,45,45000,4350.92142266612
10,D3-Both,45,48000,4348.60233135119
10,D3-Both,45,51000,4272.24974644808
10,D3-Both,45,54000,4205.93797771435
10,D3-Both,45,57000,4122.14341684036
10,D3-Both,45,60000,4113.90995608302
10,D1-TracingDecay,45,3000,6064.91350710846
10,D1-TracingDecay,45,6000,4886.84757334475
10,D1-TracingDecay,45,9000,4631.13866734865
10,D1-TracingDecay,45,12000,4517.85517044937
10,D1-TracingDecay,45,15000,4351.17558064147
10,D1-TracingDecay,45,18000,4312.23902321072
10,D1-TracingDecay,45,21000,4176.5054738691
10,D1-TracingDecay,45,24000,4057.9362320696
10,D1-TracingDecay,45,27000,3960.73359472364
10,D1-TracingDecay,45,30000,3922.13287406526
10,D1-TracingDecay,45,33000,3774.61029157398
10,D1-TracingDecay,45,36000,3751.95437673937
10,D1-TracingDecay,45,39000,3745.57882632733
10,D1-TracingDecay,45,42000,3706.72313306742
10,D1-TracingDecay,45,45000,3621.07111844428
10,D1-TracingDecay,45,48000,3583.5274860936
10,D1-TracingDecay,45,51000,3556.32048126197
10,D1-TracingDecay,45,54000,3531.00466551108
10,D1-TracingDecay,45,57000,3510.29039470479
10,D1-TracingDecay,45,60000,3493.90040449475
10,CLPSO,45,3000,6978.68608689013
10,CLPSO,45,6000,6978.68608689013
10,CLPSO,45,9000,6978.68608689013
10,CLPSO,45,12000,6978.68608689013
10,CLPSO,45,15000,6361.10409614545
10,CLPSO,45,18000,6361.10409614545
10,CLPSO,45,21000,6361.10409614545
10,CLPSO,45,24000,6038.45119623159
10,CLPSO,45,27000,5865.53378069259
10,CLPSO,45,30000,5339.77330997704
10,CLPSO,45,33000,5339.77330997704
10,CLPSO,45,36000,5339.77330997704
10,CLPSO,45,39000,5339.77330997704
10,CLPSO,45,42000,4977.70070189894
10,CLPSO,45,45000,4977.70070189894
10,CLPSO,45,48000,4977.70070189894
10,CLPSO,45,51000,4977.70070189894
10,CLPSO,45,54000,4977.70070189894
10,CLPSO,45,57000,4977.70070189894
10,CLPSO,45,60000,4977.70070189894
10,LSHADE,45,3000,8181.49903501937
10,LSHADE,45,6000,6464.65105248947
10,LSHADE,45,9000,5511.05743063255
10,LSHADE,45,12000,5304.15756147758
10,LSHADE,45,15000,4558.03340454299
10,LSHADE,45,18000,4298.44222188915
10,LSHADE,45,21000,3726.21598665576
10,LSHADE,45,24000,3494.78125935815
10,LSHADE,45,27000,3113.25645007984
10,LSHADE,45,30000,2897.68874963969
10,LSHADE,45,33000,2658.6744708106
10,LSHADE,45,36000,2545.01412327382
10,LSHADE,45,39000,2478.55544195238
10,LSHADE,45,42000,2296.26136863015
10,LSHADE,45,45000,2274.77181278562
10,LSHADE,45,48000,2260.48439675183
10,LSHADE,45,51000,2220.78232912396
10,LSHADE,45,54000,2196.30053896381
10,LSHADE,45,57000,2189.45994019135
10,LSHADE,45,60000,2184.05307336404
11,D3-Both,41,3000,1427.07178915404
11,D3-Both,41,6000,604.824398427865
11,D3-Both,41,9000,340.481755793667
11,D3-Both,41,12000,255.208688191064
11,D3-Both,41,15000,231.782713893703
11,D3-Both,41,18000,216.616423183001
11,D3-Both,41,21000,198.03162342147
11,D3-Both,41,24000,185.359972739415
11,D3-Both,41,27000,179.070676071508
11,D3-Both,41,30000,176.841012265347
11,D3-Both,41,33000,172.885866328233
11,D3-Both,41,36000,168.287520902343
11,D3-Both,41,39000,165.300938131335
11,D3-Both,41,42000,158.315509610933
11,D3-Both,41,45000,152.142292801168
11,D3-Both,41,48000,151.129379104993
11,D3-Both,41,51000,149.197345656593
11,D3-Both,41,54000,148.435004436233
11,D3-Both,41,57000,147.856450871427
11,D3-Both,41,60000,147.441378889717
11,D1-TracingDecay,41,3000,2019.18497670612
11,D1-TracingDecay,41,6000,939.7338238306
11,D1-TracingDecay,41,9000,411.34732589518
11,D1-TracingDecay,41,12000,258.563388982178
11,D1-TracingDecay,41,15000,186.878759643092
11,D1-TracingDecay,41,18000,172.769826931822
11,D1-TracingDecay,41,21000,165.076186310591
11,D1-TracingDecay,41,24000,164.394429121835
11,D1-TracingDecay,41,27000,162.956270704721
11,D1-TracingDecay,41,30000,160.485719829943
11,D1-TracingDecay,41,33000,159.048642581214
11,D1-TracingDecay,41,36000,157.743827276172
11,D1-TracingDecay,41,39000,154.779351001919
11,D1-TracingDecay,41,42000,150.559090467
11,D1-TracingDecay,41,45000,144.510393430408
11,D1-TracingDecay,41,48000,139.785343668979
11,D1-TracingDecay,41,51000,135.99029260857
11,D1-TracingDecay,41,54000,134.253425690071
11,D1-TracingDecay,41,57000,134.003978903997
11,D1-TracingDecay,41,60000,133.829405004772
11,CLPSO,41,3000,14793.1135142485
11,CLPSO,41,6000,5462.89469803608
11,CLPSO,41,9000,4809.72660677022
11,CLPSO,41,12000,4327.68188428691
11,CLPSO,41,15000,4327.68188428691
11,CLPSO,41,18000,3898.2532137316
11,CLPSO,41,21000,3767.35338941856
11,CLPSO,41,24000,2519.03841705882
11,CLPSO,41,27000,2010.31020408869
11,CLPSO,41,30000,1598.51311825711
11,CLPSO,41,33000,1598.51311825711
11,CLPSO,41,36000,913.685747228791
11,CLPSO,41,39000,585.284594080838
11,CLPSO,41,42000,493.0262271472
11,CLPSO,41,45000,493.0262271472
11,CLPSO,41,48000,493.0262271472
11,CLPSO,41,51000,493.0262271472
11,CLPSO,41,54000,366.331344464107
11,CLPSO,41,57000,366.331344464107
11,CLPSO,41,60000,366.331344464107
11,LSHADE,41,3000,472.249194162678
11,LSHADE,41,6000,180.195480267947
11,LSHADE,41,9000,91.9215898376469
11,LSHADE,41,12000,35.1709737227088
11,LSHADE,41,15000,33.3582180092269
11,LSHADE,41,18000,33.2312628703203
11,LSHADE,41,21000,32.9332998702328
11,LSHADE,41,24000,32.8734537805171
11,LSHADE,41,27000,32.8529809245588
11,LSHADE,41,30000,32.8442034914883
11,LSHADE,41,33000,32.8358347656415
11,LSHADE,41,36000,32.8339405233246
11,LSHADE,41,39000,32.833658735434
11,LSHADE,41,42000,32.8336503795731
11,LSHADE,41,45000,32.8336491199568
11,LSHADE,41,48000,32.8336322940306
11,LSHADE,41,51000,32.8336247927573
11,LSHADE,41,54000,32.8336212774784
11,LSHADE,41,57000,32.8336202994744
11,LSHADE,41,60000,32.8336195014185
11,D3-Both,42,3000,1192.92972927985
11,D3-Both,42,6000,697.252105086631
11,D3-Both,42,9000,454.690992510038
11,D3-Both,42,12000,277.919869566435
11,D3-Both,42,15000,236.638817627262
11,D3-Both,42,18000,225.578515873826
11,D3-Both,42,21000,205.564526708878
11,D3-Both,42,24000,192.468243292376
11,D3-Both,42,27000,186.786996116582
11,D3-Both,42,30000,180.842669281993
11,D3-Both,42,33000,178.214170590094
11,D3-Both,42,36000,176.826552725756
11,D3-Both,42,39000,174.160908360149
11,D3-Both,42,42000,172.543560358483
11,D3-Both,42,45000,171.801550893301
11,D3-Both,42,48000,171.370477107447
11,D3-Both,42,51000,171.166250464314
11,D3-Both,42,54000,171.10267012757
11,D3-Both,42,57000,171.06460854341
11,D3-Both,42,60000,171.036231870468
11,D1-TracingDecay,42,3000,475.571736149696
11,D1-TracingDecay,42,6000,267.717278139771
11,D1-TracingDecay,42,9000,206.819083020842
11,D1-TracingDecay,42,12000,182.480585939684
11,D1-TracingDecay,42,15000,157.321188084853
11,D1-TracingDecay,42,18000,151.7128778464
11,D1-TracingDecay,42,21000,143.696391316527
11,D1-TracingDecay,42,24000,135.034417728964
11,D1-TracingDecay,42,27000,132.177309230291
11,D1-TracingDecay,42,30000,129.922565343242
11,D1-TracingDecay,42,33000,128.358053059392
11,D1-TracingDecay,42,36000,127.995382757375
11,D1-TracingDecay,42,39000,127.603050804612
11,D1-TracingDecay,42,42000,127.271640644591
11,D1-TracingDecay,42,45000,126.959591052514
11,D1-TracingDecay,42,48000,126.875246316518
11,D1-TracingDecay,42,51000,126.846378360009
11,D1-TracingDecay,42,54000,126.833462210359
11,D1-TracingDecay,42,57000,126.82670060796
11,D1-TracingDecay,42,60000,126.819474866823
11,CLPSO,42,3000,18916.2143002549
11,CLPSO,42,6000,13014.397385256
11,CLPSO,42,9000,12968.3026894685
11,CLPSO,42,12000,7142.73258965303
11,CLPSO,42,15000,5894.40138031056
11,CLPSO,42,18000,1525.4503280417
11,CLPSO,42,21000,1525.4503280417
11,CLPSO,42,24000,1347.81895428501
11,CLPSO,42,27000,1233.38560728189
11,CLPSO,42,30000,491.407367463395
11,CLPSO,42,33000,488.843486022224
11,CLPSO,42,36000,477.843444831865
11,CLPSO,42,39000,474.640544105263
11,CLPSO,42,42000,457.650813265702
11,CLPSO,42,45000,339.691746260438
11,CLPSO,42,48000,339.691746260438
11,CLPSO,42,51000,335.607982916709
11,CLPSO,42,54000,335.607982916709
11,CLPSO,42,57000,318.550356056739
11,CLPSO,42,60000,291.137031109901
11,LSHADE,42,3000,385.930013226821
11,LSHADE,42,6000,189.43240349824
11,LSHADE,42,9000,145.264443511172
11,LSHADE,42,12000,139.565176827798
11,LSHADE,42,15000,139.388306409987
11,LSHADE,42,18000,139.366378544426
11,LSHADE,42,21000,139.325095312831
11,LSHADE,42,24000,139.305039343882
11,LSHADE,42,27000,139.300840196436
11,LSHADE,42,30000,139.30016142934
11,LSHADE,42,33000,139.300110022096
11,LSHADE,42,36000,139.300108158115
11,LSHADE,42,39000,139.300106953336
11,LSHADE,42,42000,139.300104432536
11,LSHADE,42,45000,139.300097641159
11,LSHADE,42,48000,139.300096894056
11,LSHADE,42,51000,139.300096620702
11,LSHADE,42,54000,139.300096592801
11,LSHADE,42,57000,139.300096552789
11,LSHADE,42,60000,139.300096547239
11,D3-Both,43,3000,1792.32281965547
11,D3-Both,43,6000,663.152720323654
11,D3-Both,43,9000,315.491120876806
11,D3-Both,43,12000,225.207346883849
11,D3-Both,43,15000,147.993928339238
11,D3-Both,43,18000,122.434873103773
11,D3-Both,43,21000,105.426701900787
11,D3-Both,43,24000,99.2144764841571
11,D3-Both,43,27000,90.0669278863063
11,D3-Both,43,30000,81.2969072081112
11,D3-Both,43,33000,78.4652002318662
11,D3-Both,43,36000,77.274154581891
11,D3-Both,43,39000,75.5746107342845
11,D3-Both,43,42000,74.3264377824194
11,D3-Both,43,45000,72.8997944315115
11,D3-Both,43,48000,72.2027703392534
11,D3-Both,43,51000,71.7496184488773
11,D3-Both,43,54000,71.6334297192316
11,D3-Both,43,57000,71.5737592761659
11,D3-Both,43,60000,71.5220914536817
11,D1-TracingDecay,43,3000,505.755961229706
11,D1-TracingDecay,43,6000,227.882065011455
11,D1-TracingDecay,43,9000,167.290382685212
11,D1-TracingDecay,43,12000,147.109126527743
11,D1-TracingDecay,43,15000,138.104774003458
11,D1-TracingDecay,43,18000,129.721374617781
11,D1-TracingDecay,43,21000,119.724018938477
11,D1-TracingDecay,43,24000,116.900264577441
11,D1-TracingDecay,43,27000,112.709041583954
11,D1-TracingDecay,43,30000,111.467207442838
11,D1-TracingDecay,43,33000,109.938966039508
11,D1-TracingDecay,43,36000,108.837391605702
11,D1-TracingDecay,43,39000,108.640522452283
11,D1-TracingDecay,43,42000,108.55790785032
11,D1-TracingDecay,43,45000,108.385789322209
11,D1-TracingDecay,43,48000,108.246970787178
11,D1-TracingDecay,43,51000,108.046852248482
11,D1-TracingDecay,43,54000,107.980551639271
11,D1-TracingDecay,43,57000,107.923190163502
11,D1-TracingDecay,43,60000,107.884352310923
11,CLPSO,43,3000,18295.1573177575
11,CLPSO,43,6000,8880.98598988184
11,CLPSO,43,9000,6909.11768773194
11,CLPSO,43,12000,6909.11768773194
11,CLPSO,43,15000,6909.11768773194
11,CLPSO,43,18000,6717.78341431799
11,CLPSO,43,21000,4594.87263267155
11,CLPSO,43,24000,4073.82969821992
11,CLPSO,43,27000,3475.8551654897
11,CLPSO,43,30000,1744.11865018016
11,CLPSO,43,33000,1029.33131482538
11,CLPSO,43,36000,819.013754039013
11,CLPSO,43,39000,749.065330833047
11,CLPSO,43,42000,749.065330833047
11,CLPSO,43,45000,710.167403895025
11,CLPSO,43,48000,707.396617072111
11,CLPSO,43,51000,643.257829429521
11,CLPSO,43,54000,425.583978735867
11,CLPSO,43,57000,418.618587479815
11,CLPSO,43,60000,380.693775094866
11,LSHADE,43,3000,473.253409667212
11,LSHADE,43,6000,235.580899652093
11,LSHADE,43,9000,185.464474884524
11,LSHADE,43,12000,147.32310066939
11,LSHADE,43,15000,144.459130166726
11,LSHADE,43,18000,144.428995467099
11,LSHADE,43,21000,144.36841346185
11,LSHADE,43,24000,144.326784265541
11,LSHADE,43,27000,144.305491481857
11,LSHADE,43,30000,144.288217697736
11,LSHADE,43,33000,144.275916400855
11,LSHADE,43,36000,144.274549657617
11,LSHADE,43,39000,144.2744150476
11,LSHADE,43,42000,144.274406444934
11,LSHADE,43,45000,144.274382644508
11,LSHADE,43,48000,144.274360364433
11,LSHADE,43,51000,144.274357721063
11,LSHADE,43,54000,144.274357652626
11,LSHADE,43,57000,144.274357479935
11,LSHADE,43,60000,144.274357442843
11,D3-Both,44,3000,1670.97689063232
11,D3-Both,44,6000,1098.7071622649
11,D3-Both,44,9000,539.582228967552
11,D3-Both,44,12000,292.221330940373
11,D3-Both,44,15000,202.779918110296
11,D3-Both,44,18000,194.932165056566
11,D3-Both,44,21000,162.401431648045
11,D3-Both,44,24000,159.291388531202
11,D3-Both,44,27000,151.671708571675
11,D3-Both,44,30000,120.662600649688
11,D3-Both,44,33000,114.489053312762
11,D3-Both,44,36000,109.903141751894
11,D3-Both,44,39000,108.419214591552
11,D3-Both,44,42000,106.998137099355
11,D3-Both,44,45000,105.777926693586
11,D3-Both,44,48000,104.687561844168
11,D3-Both,44,51000,104.264557706626
11,D3-Both,44,54000,104.060175578528
11,D3-Both,44,57000,104.018075122186
11,D3-Both,44,60000,104.005225053103
11,D1-TracingDecay,44,3000,719.564518243697
11,D1-TracingDecay,44,6000,286.628791863116
11,D1-TracingDecay,44,9000,204.158781460852
11,D1-TracingDecay,44,12000,181.152337333707
11,D1-TracingDecay,44,15000,161.227466180735
11,D1-TracingDecay,44,18000,153.854303887073
11,D1-TracingDecay,44,21000,143.84267226529
11,D1-TracingDecay,44,24000,127.929648852427
11,D1-TracingDecay,44,27000,118.891149753175
11,D1-TracingDecay,44,30000,115.856639938462
11,D1-TracingDecay,44,33000,112.400331500986
11,D1-TracingDecay,44,36000,111.235317805882
11,D1-TracingDecay,44,39000,110.774189713766
11,D1-TracingDecay,44,42000,110.40116894478
11,D1-TracingDecay,44,45000,109.974383356227
11,D1-TracingDecay,44,48000,109.887500096421
11,D1-TracingDecay,44,51000,109.864733229841
11,D1-TracingDecay,44,54000,109.842921468356
11,D1-TracingDecay,44,57000,109.835600775654
11,D1-TracingDecay,44,60000,109.83089405805
11,CLPSO,44,3000,20292.0027750477
11,CLPSO,44,6000,20292.0027750477
11,CLPSO,44,9000,18145.0173446697
11,CLPSO,44,12000,11807.6324164922
11,CLPSO,44,15000,8483.43768114256
11,CLPSO,44,18000,6198.21762012478
11,CLPSO,44,21000,2374.53686622279
11,CLPSO,44,24000,2152.37324975586
11,CLPSO,44,27000,1668.97052572047
11,CLPSO,44,30000,1356.30964218104
11,CLPSO,44,33000,946.233300160512
11,CLPSO,44,36000,812.127294863831
11,CLPSO,44,39000,584.721085909014
11,CLPSO,44,42000,282.225374252014
11,CLPSO,44,45000,282.225374252014
11,CLPSO,44,48000,282.225374252014
11,CLPSO,44,51000,282.225374252014
11,CLPSO,44,54000,282.225374252014
11,CLPSO,44,57000,282.225374252014
11,CLPSO,44,60000,282.225374252014
11,LSHADE,44,3000,332.248939621677
11,LSHADE,44,6000,146.361210887884
11,LSHADE,44,9000,93.29744604455
11,LSHADE,44,12000,88.4406720295779
11,LSHADE,44,15000,88.2027600203935
11,LSHADE,44,18000,87.7905384027283
11,LSHADE,44,21000,86.8954901908046
11,LSHADE,44,24000,86.1355016270427
11,LSHADE,44,27000,85.8606954157283
11,LSHADE,44,30000,85.8225502431394
11,LSHADE,44,33000,85.7683357608848
11,LSHADE,44,36000,85.6089403570156
11,LSHADE,44,39000,85.5796438090238
11,LSHADE,44,42000,85.5759661674533
11,LSHADE,44,45000,85.5757930412171
11,LSHADE,44,48000,85.5755514493626
11,LSHADE,44,51000,85.5754116119876
11,LSHADE,44,54000,85.5750654515905
11,LSHADE,44,57000,85.5750114607433
11,LSHADE,44,60000,85.575001360176
11,D3-Both,45,3000,1309.05847135982
11,D3-Both,45,6000,592.249707203012
11,D3-Both,45,9000,377.050943677517
11,D3-Both,45,12000,287.849905016422
11,D3-Both,45,15000,262.867563590348
11,D3-Both,45,18000,243.659885709877
11,D3-Both,45,21000,233.066519239569
11,D3-Both,45,24000,233.066519239569
11,D3-Both,45,27000,231.408790397742
11,D3-Both,45,30000,228.9090569529
11,D3-Both,45,33000,226.787552797779
11,D3-Both,45,36000,226.080493346604
11,D3-Both,45,39000,225.249498895155
11,D3-Both,45,42000,223.374113125635
11,D3-Both,45,45000,222.583424901792
11,D3-Both,45,48000,221.439579113787
11,D3-Both,45,51000,220.535843331411
11,D3-Both,45,54000,219.497631864532
11,D3-Both,45,57000,218.459986484087
11,D3-Both,45,60000,218.141508801729
11,D1-TracingDecay,45,3000,554.206882762173
11,D1-TracingDecay,45,6000,280.343741796873
11,D1-TracingDecay,45,9000,246.629227433585
11,D1-TracingDecay,45,12000,238.09792993353
11,D1-TracingDecay,45,15000,229.967138590403
11,D1-TracingDecay,45,18000,225.815143550918
11,D1-TracingDecay,45,21000,222.115497272899
11,D1-TracingDecay,45,24000,219.642783494538
11,D1-TracingDecay,45,27000,219.42615298132
11,D1-TracingDecay,45,30000,217.791874334604
11,D1-TracingDecay,45,33000,216.782351322419
11,D1-TracingDecay,45,36000,215.512119377612
11,D1-TracingDecay,45,39000,215.014870859071
11,D1-TracingDecay,45,42000,214.490585094343
11,D1-TracingDecay,45,45000,214.067645081448
11,D1-TracingDecay,45,48000,212.959219882213
11,D1-TracingDecay,45,51000,212.338661377382
11,D1-TracingDecay,45,54000,212.06326282457
11,D1-TracingDecay,45,57000,211.714420786309
11,D1-TracingDecay,45,60000,211.486366056066
11,CLPSO,45,3000,12280.6596984002
11,CLPSO,45,6000,11468.1096814135
11,CLPSO,45,9000,7892.69264021765
11,CLPSO,45,12000,5575.38708083805
11,CLPSO,45,15000,3943.45465611444
11,CLPSO,45,18000,3841.05313949183
11,CLPSO,45,21000,2533.78433386965
11,CLPSO,45,24000,1892.22831686475
11,CLPSO,45,27000,1612.95978540989
11,CLPSO,45,30000,1098.70857912351
11,CLPSO,45,33000,1098.70857912351
11,CLPSO,45,36000,721.871361995683
11,CLPSO,45,39000,694.98652569738
11,CLPSO,45,42000,538.44580616523
11,CLPSO,45,45000,455.344889103355
11,CLPSO,45,48000,443.711802422684
11,CLPSO,45,51000,443.711802422684
11,CLPSO,45,54000,358.822457304897
11,CLPSO,45,57000,329.294298541159
11,CLPSO,45,60000,318.360288544012
11,LSHADE,45,3000,495.687477977095
11,LSHADE,45,6000,211.652056542013
11,LSHADE,45,9000,153.741050175682
11,LSHADE,45,12000,96.2845931152165
11,LSHADE,45,15000,90.7691519830732
11,LSHADE,45,18000,90.6037939730431
11,LSHADE,45,21000,90.5972170555299
11,LSHADE,45,24000,90.5772098003765
11,LSHADE,45,27000,90.5558698965021
11,LSHADE,45,30000,90.5518819735792
11,LSHADE,45,33000,90.5485972921183
11,LSHADE,45,36000,90.5476671989993
11,LSHADE,45,39000,90.5474976112075
11,LSHADE,45,42000,90.5471423774754
11,LSHADE,45,45000,90.5469797001201
11,LSHADE,45,48000,90.5469610094137
11,LSHADE,45,51000,90.5469599525507
11,LSHADE,45,54000,90.5469599038895
11,LSHADE,45,57000,90.5469598480552
11,LSHADE,45,60000,90.5469598388181
12,D3-Both,41,3000,52780803.8074677
12,D3-Both,41,6000,34529564.1572463
12,D3-Both,41,9000,21755584.4439933
12,D3-Both,41,12000,15675560.4864623
12,D3-Both,41,15000,13522289.9975182
12,D3-Both,41,18000,11412803.0768099
12,D3-Both,41,21000,8595689.37592414
12,D3-Both,41,24000,7381360.44306426
12,D3-Both,41,27000,7381360.44306426
12,D3-Both,41,30000,7381360.44306426
12,D3-Both,41,33000,7221617.27814481
12,D3-Both,41,36000,6802796.08300008
12,D3-Both,41,39000,6664374.72973809
12,D3-Both,41,42000,6205047.46512965
12,D3-Both,41,45000,5711451.31683173
12,D3-Both,41,48000,4767061.76489732
12,D3-Both,41,51000,2890797.03633356
12,D3-Both,41,54000,2138412.55476751
12,D3-Both,41,57000,654318.12889417
12,D3-Both,41,60000,476134.104257663
12,D1-TracingDecay,41,3000,57787293.0810996
12,D1-TracingDecay,41,6000,13001362.8799232
12,D1-TracingDecay,41,9000,9651591.46341992
12,D1-TracingDecay,41,12000,7751336.2931896
12,D1-TracingDecay,41,15000,7488517.03887332
12,D1-TracingDecay,41,18000,6838942.75311337
12,D1-TracingDecay,41,21000,6730185.64559017
12,D1-TracingDecay,41,24000,5728039.95975217
12,D1-TracingDecay,41,27000,5083715.06109877
12,D1-TracingDecay,41,30000,4213146.70011537
12,D1-TracingDecay,41,33000,3313311.09980918
12,D1-TracingDecay,41,36000,1716491.65562136
12,D1-TracingDecay,41,39000,1116365.96591261
12,D1-TracingDecay,41,42000,874434.820114431
12,D1-TracingDecay,41,45000,683438.205060611
12,D1-TracingDecay,41,48000,477135.47992384
12,D1-TracingDecay,41,51000,364908.097326189
12,D1-TracingDecay,41,54000,200968.578305461
12,D1-TracingDecay,41,57000,178444.484250809
12,D1-TracingDecay,41,60000,119316.575772792
12,CLPSO,41,3000,6701192808.81239
12,CLPSO,41,6000,6701192808.81239
12,CLPSO,41,9000,2991536475.92109
12,CLPSO,41,12000,1723804134.42057
12,CLPSO,41,15000,1038137456.36294
12,CLPSO,41,18000,810703610.020459
12,CLPSO,41,21000,569282172.356493
12,CLPSO,41,24000,560605765.176021
12,CLPSO,41,27000,524890489.963432
12,CLPSO,41,30000,319477306.438606
12,CLPSO,41,33000,317834240.967299
12,CLPSO,41,36000,298189981.086838
12,CLPSO,41,39000,157856352.894563
12,CLPSO,41,42000,157856352.894563
12,CLPSO,41,45000,135199968.157844
12,CLPSO,41,48000,135199968.157844
12,CLPSO,41,51000,110480457.602727
12,CLPSO,41,54000,86330030.3221515
12,CLPSO,41,57000,83985984.3159302
12,CLPSO,41,60000,61211037.3840513
12,LSHADE,41,3000,16990287.0481991
12,LSHADE,41,6000,331246.531987032
12,LSHADE,41,9000,133099.861453376
12,LSHADE,41,12000,63923.428527924
12,LSHADE,41,15000,46424.9476094638
12,LSHADE,41,18000,35240.2403225969
12,LSHADE,41,21000,23683.1863770013
12,LSHADE,41,24000,14102.4627492258
12,LSHADE,41,27000,13342.1889000968
12,LSHADE,41,30000,13129.0025654867
12,LSHADE,41,33000,12922.552792419
12,LSHADE,41,36000,12556.0483763142
12,LSHADE,41,39000,12268.7827513593
12,LSHADE,41,42000,12151.489829659
12,LSHADE,41,45000,12112.278751825
12,LSHADE,41,48000,12019.7421630778
12,LSHADE,41,51000,11954.4919038521
12,LSHADE,41,54000,11927.3823731283
12,LSHADE,41,57000,11895.335173465
12,LSHADE,41,60000,11889.506589099
12,D3-Both,42,3000,363225180.911562
12,D3-Both,42,6000,90522667.0548244
12,D3-Both,42,9000,43360132.2703414
12,D3-Both,42,12000,28802171.8293048
12,D3-Both,42,15000,26205891.1289993
12,D3-Both,42,18000,22380543.5059081
12,D3-Both,42,21000,17192895.5891597
12,D3-Both,42,24000,13308956.9910889
12,D3-Both,42,27000,12097114.5035733
12,D3-Both,42,30000,11409349.3853372
12,D3-Both,42,33000,10172918.5788888
12,D3-Both,42,36000,9487506.8131339
12,D3-Both,42,39000,8667260.74134593
12,D3-Both,42,42000,7686902.26927879
12,D3-Both,42,45000,5825938.85110542
12,D3-Both,42,48000,4973858.30178048
12,D3-Both,42,51000,2119089.94996204
12,D3-Both,42,54000,1262568.91838648
12,D3-Both,42,57000,955787.462273243
12,D3-Both,42,60000,821680.822260646
12,D1-TracingDecay,42,3000,135586370.464312
12,D1-TracingDecay,42,6000,54929760.582744
12,D1-TracingDecay,42,9000,36216872.6392329
12,D1-TracingDecay,42,12000,22064615.1886681
12,D1-TracingDecay,42,15000,18945805.4137392
12,D1-TracingDecay,42,18000,14960227.3819957
12,D1-TracingDecay,42,21000,9340915.05305222
12,D1-TracingDecay,42,24000,7372479.71167422
12,D1-TracingDecay,42,27000,6428404.42807284
12,D1-TracingDecay,42,30000,2458725.87508046
12,D1-TracingDecay,42,33000,1696473.78805604
12,D1-TracingDecay,42,36000,1256323.65550491
12,D1-TracingDecay,42,39000,1067397.32085392
12,D1-TracingDecay,42,42000,1018846.66173209
12,D1-TracingDecay,42,45000,987523.809986376
12,D1-TracingDecay,42,48000,949766.671002761
12,D1-TracingDecay,42,51000,903705.545744939
12,D1-TracingDecay,42,54000,887611.178186312
12,D1-TracingDecay,42,57000,844633.492943088
12,D1-TracingDecay,42,60000,796614.790448228
12,CLPSO,42,3000,15192990858.977
12,CLPSO,42,6000,5567008490.12273
12,CLPSO,42,9000,3516257932.13365
12,CLPSO,42,12000,1502256502.90877
12,CLPSO,42,15000,1262458411.28546
12,CLPSO,42,18000,1172701317.9605
12,CLPSO,42,21000,577552912.806595
12,CLPSO,42,24000,218024144.772865
12,CLPSO,42,27000,205431843.250686
12,CLPSO,42,30000,151966995.588886
12,CLPSO,42,33000,118482773.962247
12,CLPSO,42,36000,55169863.2473881
12,CLPSO,42,39000,50297460.2425383
12,CLPSO,42,42000,49369033.9489743
12,CLPSO,42,45000,39586599.4528172
12,CLPSO,42,48000,39186160.540332
12,CLPSO,42,51000,38150485.9664382
12,CLPSO,42,54000,37391718.9719304
12,CLPSO,42,57000,35732727.124162
12,CLPSO,42,60000,34392959.5557003
12,LSHADE,42,3000,25408696.0873574
12,LSHADE,42,6000,205148.694894499
12,LSHADE,42,9000,123009.019236396
12,LSHADE,42,12000,41825.6768572012
12,LSHADE,42,15000,31352.1941810478
12,LSHADE,42,18000,26847.0861940922
12,LSHADE,42,21000,25837.129084537
12,LSHADE,42,24000,24693.8522887143
12,LSHADE,42,27000,23981.7800374173
12,LSHADE,42,30000,12361.9656643081
12,LSHADE,42,33000,10714.4434171101
12,LSHADE,42,36000,10197.5833898011
12,LSHADE,42,39000,9090.69110472678
12,LSHADE,42,42000,8792.49630216396
12,LSHADE,42,45000,8444.78368101201
12,LSHADE,42,48000,7940.14241726901
12,LSHADE,42,51000,7852.09166420699
12,LSHADE,42,54000,7708.51892274877
12,LSHADE,42,57000,7510.49561730834
12,LSHADE,42,60000,7421.32231778284
12,D3-Both,43,3000,812813733.32628
12,D3-Both,43,6000,124480460.058641
12,D3-Both,43,9000,48104408.0361307
12,D3-Both,43,12000,33552309.3353306
12,D3-Both,43,15000,30006595.8093231
12,D3-Both,43,18000,19297036.995562
12,D3-Both,43,21000,10848474.5277776
12,D3-Both,43,24000,7771318.25398911
12,D3-Both,43,27000,6627476.03993232
12,D3-Both,43,30000,5973469.10855132
12,D3-Both,43,33000,4721016.75049217
12,D3-Both,43,36000,3974632.02803194
12,D3-Both,43,39000,3654843.82518702
12,D3-Both,43,42000,2892800.2731026
12,D3-Both,43,45000,2542025.11163481
12,D3-Both,43,48000,2363277.54618817
12,D3-Both,43,51000,2190405.58978742
12,D3-Both,43,54000,2053245.01283015
12,D3-Both,43,57000,1839033.3779727
12,D3-Both,43,60000,1724451.7446726
12,D1-TracingDecay,43,3000,88924634.188374
12,D1-TracingDecay,43,6000,30172097.937765
12,D1-TracingDecay,43,9000,18224436.0406515
12,D1-TracingDecay,43,12000,15488259.3735257
12,D1-TracingDecay,43,15000,11797825.2661936
12,D1-TracingDecay,43,18000,6954188.91225123
12,D1-TracingDecay,43,21000,4670543.72437542
12,D1-TracingDecay,43,24000,3708865.55559584
12,D1-TracingDecay,43,27000,2724838.22638681
12,D1-TracingDecay,43,30000,1777006.89528371
12,D1-TracingDecay,43,33000,1086934.57789316
12,D1-TracingDecay,43,36000,810480.538412554
12,D1-TracingDecay,43,39000,706559.735990474
12,D1-TracingDecay,43,42000,523827.629879497
12,D1-TracingDecay,43,45000,454644.72025096
12,D1-TracingDecay,43,48000,363835.741369351
12,D1-TracingDecay,43,51000,235871.120395465
12,D1-TracingDecay,43,54000,180940.524355852
12,D1-TracingDecay,43,57000,150143.429560723
12,D1-TracingDecay,43,60000,130976.908209268
12,CLPSO,43,3000,21650257864.4258
12,CLPSO,43,6000,4858067090.41519
12,CLPSO,43,9000,3278258944.16462
12,CLPSO,43,12000,3278258944.16462
12,CLPSO,43,15000,2167441043.41703
12,CLPSO,43,18000,568138270.252045
12,CLPSO,43,21000,568138270.252045
12,CLPSO,43,24000,568138270.252045
12,CLPSO,43,27000,363198809.19647
12,CLPSO,43,30000,206446362.752311
12,CLPSO,43,33000,194359630.5919
12,CLPSO,43,36000,126949872.939786
12,CLPSO,43,39000,60643832.5423676
12,CLPSO,43,42000,53329954.1368992
12,CLPSO,43,45000,53329954.1368992
12,CLPSO,43,48000,33553713.0471433
12,CLPSO,43,51000,30034344.7387582
12,CLPSO,43,54000,30034344.7387582
12,CLPSO,43,57000,30034344.7387582
12,CLPSO,43,60000,29020151.450675
12,LSHADE,43,3000,37373271.392123
12,LSHADE,43,6000,856326.814838735
12,LSHADE,43,9000,122172.229311044
12,LSHADE,43,12000,84229.1900293757
12,LSHADE,43,15000,44341.147266686
12,LSHADE,43,18000,38975.7863173627
12,LSHADE,43,21000,35409.4023371939
12,LSHADE,43,24000,29017.7085975095
12,LSHADE,43,27000,24793.214228529
12,LSHADE,43,30000,23891.6816152558
12,LSHADE,43,33000,23407.0859158394
12,LSHADE,43,36000,22217.37293493
12,LSHADE,43,39000,20679.1789775804
12,LSHADE,43,42000,15908.7433486707
12,LSHADE,43,45000,14916.8803906907
12,LSHADE,43,48000,13695.2730901118
12,LSHADE,43,51000,12662.5015939457
12,LSHADE,43,54000,12267.4855074012
12,LSHADE,43,57000,12050.964856394
12,LSHADE,43,60000,12013.0560754011
12,D3-Both,44,3000,88202986.5408563
12,D3-Both,44,6000,44514118.2371637
12,D3-Both,44,9000,39440836.1289071
12,D3-Both,44,12000,33692760.8022595
12,D3-Both,44,15000,29463711.8849391
12,D3-Both,44,18000,17310594.0628616
12,D3-Both,44,21000,12884942.1260617
12,D3-Both,44,24000,6580993.21607078
12,D3-Both,44,27000,2632695.09807808
12,D3-Both,44,30000,2044371.88654138
12,D3-Both,44,33000,1926002.25370083
12,D3-Both,44,36000,1422046.88502247
12,D3-Both,44,39000,1422046.88502247
12,D3-Both,44,42000,1057179.99389684
12,D3-Both,44,45000,693005.885976597
12,D3-Both,44,48000,569208.991185526
12,D3-Both,44,51000,352866.310695401
12,D3-Both,44,54000,250096.656842446
12,D3-Both,44,57000,232514.943431023
12,D3-Both,44,60000,211829.855772824
12,D1-TracingDecay,44,3000,35596083.8688317
12,D1-TracingDecay,44,6000,11178922.0290447
12,D1-TracingDecay,44,9000,8806712.71346649
12,D1-TracingDecay,44,12000,7845552.74283928
12,D1-TracingDecay,44,15000,6729764.74795189
12,D1-TracingDecay,44,18000,5720081.37413077
12,D1-TracingDecay,44,21000,5296859.28251811
12,D1-TracingDecay,44,24000,4067252.60619959
12,D1-TracingDecay,44,27000,3759854.22230779
12,D1-TracingDecay,44,30000,2581377.85603231
12,D1-TracingDecay,44,33000,2097937.13663486
12,D1-TracingDecay,44,36000,1447951.28598833
12,D1-TracingDecay,44,39000,1021554.70821013
12,D1-TracingDecay,44,42000,821630.739699064
12,D1-TracingDecay,44,45000,700303.038761676
12,D1-TracingDecay,44,48000,461529.60914362
12,D1-TracingDecay,44,51000,400336.494312327
12,D1-TracingDecay,44,54000,352201.923375427
12,D1-TracingDecay,44,57000,286920.137005778
12,D1-TracingDecay,44,60000,268735.134984824
12,CLPSO,44,3000,11699076185.1214
12,CLPSO,44,6000,5451012668.75667
12,CLPSO,44,9000,3651640963.70885
12,CLPSO,44,12000,2279843632.14022
12,CLPSO,44,15000,1864855452.45639
12,CLPSO,44,18000,1509153963.4667
12,CLPSO,44,21000,890216424.268403
12,CLPSO,44,24000,660335975.622262
12,CLPSO,44,27000,297300005.629308
12,CLPSO,44,30000,278849928.523191
12,CLPSO,44,33000,241815418.24333
12,CLPSO,44,36000,204395964.096258
12,CLPSO,44,39000,122257384.569591
12,CLPSO,44,42000,82724204.0752389
12,CLPSO,44,45000,82724204.0752389
12,CLPSO,44,48000,67579221.484898
12,CLPSO,44,51000,67579221.484898
12,CLPSO,44,54000,61864603.2782509
12,CLPSO,44,57000,56693948.75426
12,CLPSO,44,60000,49249621.9813531
12,LSHADE,44,3000,23274062.9321932
12,LSHADE,44,6000,1413023.93911188
12,LSHADE,44,9000,376686.115321653
12,LSHADE,44,12000,218406.093474766
12,LSHADE,44,15000,168741.55452018
12,LSHADE,44,18000,13062.4109012227
12,LSHADE,44,21000,10300.811604243
12,LSHADE,44,24000,9918.50679319405
12,LSHADE,44,27000,9608.96952422387
12,LSHADE,44,30000,9220.12949937154
12,LSHADE,44,33000,8753.87693073722
12,LSHADE,44,36000,8506.90202568396
12,LSHADE,44,39000,8183.26003356
12,LSHADE,44,42000,7925.50473287245
12,LSHADE,44,45000,7774.60715042002
12,LSHADE,44,48000,7502.25563050554
12,LSHADE,44,51000,7354.76626371344
12,LSHADE,44,54000,7314.38569759363
12,LSHADE,44,57000,7209.76642854575
12,LSHADE,44,60000,7188.58258511642
12,D3-Both,45,3000,255506150.85726
12,D3-Both,45,6000,156528257.511636
12,D3-Both,45,9000,115449371.528891
12,D3-Both,45,12000,89801265.0872155
12,D3-Both,45,15000,37003329.4297523
12,D3-Both,45,18000,16606672.8307343
12,D3-Both,45,21000,13402892.680845
12,D3-Both,45,24000,10368606.6580259
12,D3-Both,45,27000,7143827.38904149
12,D3-Both,45,30000,6009435.77576943
12,D3-Both,45,33000,4251505.90069478
12,D3-Both,45,36000,4184689.31750242
12,D3-Both,45,39000,3219731.33329076
12,D3-Both,45,42000,2857155.52540222
12,D3-Both,45,45000,2536819.04605251
12,D3-Both,45,48000,2015574.23858986
12,D3-Both,45,51000,1567453.98405749
12,D3-Both,45,54000,1372654.73771469
12,D3-Both,45,57000,585641.267666546
12,D3-Both,45,60000,239863.768015933
12,D1-TracingDecay,45,3000,59709775.5263015
12,D1-TracingDecay,45,6000,15181684.6119546
12,D1-TracingDecay,45,9000,7788112.09617006
12,D1-TracingDecay,45,12000,4637074.09431424
12,D1-TracingDecay,45,15000,3402733.42856088
12,D1-TracingDecay,45,18000,1881629.89630463
12,D1-TracingDecay,45,21000,1795050.67377445
12,D1-TracingDecay,45,24000,1670341.29496188
12,D1-TracingDecay,45,27000,1452368.56916021
12,D1-TracingDecay,45,30000,1356713.49147538
12,D1-TracingDecay,45,33000,1028155.63994123
12,D1-TracingDecay,45,36000,853272.632370421
12,D1-TracingDecay,45,39000,756474.521589113
12,D1-TracingDecay,45,42000,653403.575315218
12,D1-TracingDecay,45,45000,612322.786271456
12,D1-TracingDecay,45,48000,596985.123827279
12,D1-TracingDecay,45,51000,557426.47384097
12,D1-TracingDecay,45,54000,509545.666455364
12,D1-TracingDecay,45,57000,472749.0557419
12,D1-TracingDecay,45,60000,427892.235710796
12,CLPSO,45,3000,12980882648.6379
12,CLPSO,45,6000,5381033780.34235
12,CLPSO,45,9000,4015744471.83103
12,CLPSO,45,12000,2296189598.0343
12,CLPSO,45,15000,1111948007.72954
12,CLPSO,45,18000,963270477.642905
12,CLPSO,45,21000,692176262.002546
12,CLPSO,45,24000,397223945.498295
12,CLPSO,45,27000,368000420.973241
12,CLPSO,45,30000,279231469.390037
12,CLPSO,45,33000,279231469.390037
12,CLPSO,45,36000,114659733.751292
12,CLPSO,45,39000,87410399.7539483
12,CLPSO,45,42000,52690089.6356766
12,CLPSO,45,45000,46355747.8829122
12,CLPSO,45,48000,46355747.8829122
12,CLPSO,45,51000,45241540.9916541
12,CLPSO,45,54000,43262420.6015216
12,CLPSO,45,57000,42737512.6741683
12,CLPSO,45,60000,37053615.8775122
12,LSHADE,45,3000,11382425.7275816
12,LSHADE,45,6000,1227454.69731575
12,LSHADE,45,9000,97388.7995037589
12,LSHADE,45,12000,59273.2164809461
12,LSHADE,45,15000,44745.1688889701
12,LSHADE,45,18000,40399.1169069076
12,LSHADE,45,21000,39412.606726183
12,LSHADE,45,24000,38492.7413806012
12,LSHADE,45,27000,38374.6478965459
12,LSHADE,45,30000,38339.1271469913
12,LSHADE,45,33000,37862.2358019837
12,LSHADE,45,36000,37717.7708707107
12,LSHADE,45,39000,36472.3414976786
12,LSHADE,45,42000,30808.4200758955
12,LSHADE,45,45000,25802.1872944314
12,LSHADE,45,48000,23132.2766755102
12,LSHADE,45,51000,22848.9302085282
12,LSHADE,45,54000,22796.8670428072
12,LSHADE,45,57000,22657.9956165617
12,LSHADE,45,60000,22584.7021077594
13,D3-Both,41,3000,14332468.3574569
13,D3-Both,41,6000,4800495.26448268
13,D3-Both,41,9000,831093.019107937
13,D3-Both,41,12000,829107.704277244
13,D3-Both,41,15000,795521.404076308
13,D3-Both,41,18000,663904.168373507
13,D3-Both,41,21000,343414.302806615
13,D3-Both,41,24000,341105.374536761
13,D3-Both,41,27000,185527.135873519
13,D3-Both,41,30000,149936.202023827
13,D3-Both,41,33000,142503.234913036
13,D3-Both,41,36000,141067.516440633
13,D3-Both,41,39000,140846.325622579
13,D3-Both,41,42000,125557.493589659
13,D3-Both,41,45000,110040.077483284
13,D3-Both,41,48000,108412.635804965
13,D3-Both,41,51000,107959.198088448
13,D3-Both,41,54000,104240.356948146
13,D3-Both,41,57000,103273.604037556
13,D3-Both,41,60000,84400.0913135106
13,D1-TracingDecay,41,3000,1622361.92256719
13,D1-TracingDecay,41,6000,299304.609212082
13,D1-TracingDecay,41,9000,149532.72068123
13,D1-TracingDecay,41,12000,80412.9310430469
13,D1-TracingDecay,41,15000,46884.3937101535
13,D1-TracingDecay,41,18000,46279.698765545
13,D1-TracingDecay,41,21000,40706.0742566268
13,D1-TracingDecay,41,24000,36185.7441905463
13,D1-TracingDecay,41,27000,17392.1350839731
13,D1-TracingDecay,41,30000,15598.0417007457
13,D1-TracingDecay,41,33000,10594.0353253878
13,D1-TracingDecay,41,36000,10478.2078444924
13,D1-TracingDecay,41,39000,10330.8288095041
13,D1-TracingDecay,41,42000,9279.66667049102
13,D1-TracingDecay,41,45000,7842.74182404362
13,D1-TracingDecay,41,48000,6701.74147995521
13,D1-TracingDecay,41,51000,5932.63450305308
13,D1-TracingDecay,41,54000,5718.22749685456
13,D1-TracingDecay,41,57000,5621.27397530071
13,D1-TracingDecay,41,60000,5567.24695766914
13,CLPSO,41,3000,9655922087.21513
13,CLPSO,41,6000,8338152214.46219
13,CLPSO,41,9000,3598847791.39324
13,CLPSO,41,12000,2711590444.97736
13,CLPSO,41,15000,441233956.254785
13,CLPSO,41,18000,422977665.50666
13,CLPSO,41,21000,167987734.962149
13,CLPSO,41,24000,65871850.2989031
13,CLPSO,41,27000,65871850.2989031
13,CLPSO,41,30000,65871850.2989031
13,CLPSO,41,33000,65871850.2989031
13,CLPSO,41,36000,54639853.1178208
13,CLPSO,41,39000,43598344.8573427
13,CLPSO,41,42000,26513390.9664826
13,CLPSO,41,45000,26513390.9664826
13,CLPSO,41,48000,26513390.9664826
13,CLPSO,41,51000,12732901.3879811
13,CLPSO,41,54000,8407996.21086313
13,CLPSO,41,57000,8407996.21086313
13,CLPSO,41,60000,5353492.87614357
13,LSHADE,41,3000,3258171.42008484
13,LSHADE,41,6000,34544.9926111049
13,LSHADE,41,9000,6348.21042962245
13,LSHADE,41,12000,741.53161792896
13,LSHADE,41,15000,329.958424364904
13,LSHADE,41,18000,303.469767018112
13,LSHADE,41,21000,252.158722790733
13,LSHADE,41,24000,212.884447448749
13,LSHADE,41,27000,208.792072550366
13,LSHADE,41,30000,204.619108997026
13,LSHADE,41,33000,195.965422615136
13,LSHADE,41,36000,160.017764380815
13,LSHADE,41,39000,152.781781018512
13,LSHADE,41,42000,151.978650678798
13,LSHADE,41,45000,126.501058449713
13,LSHADE,41,48000,126.407131233178
13,LSHADE,41,51000,126.399573571254
13,LSHADE,41,54000,126.353035052203
13,LSHADE,41,57000,123.23871782312
13,LSHADE,41,60000,122.965821725934
13,D3-Both,42,3000,9791974.52746261
13,D3-Both,42,6000,1223068.45971138
13,D3-Both,42,9000,801355.361791904
13,D3-Both,42,12000,732248.027242302
13,D3-Both,42,15000,382351.824270381
13,D3-Both,42,18000,261903.673347821
13,D3-Both,42,21000,260552.426164695
13,D3-Both,42,24000,206891.055639012
13,D3-Both,42,27000,206201.612212535
13,D3-Both,42,30000,205425.958195239
13,D3-Both,42,33000,177898.422064807
13,D3-Both,42,36000,93645.3018265298
13,D3-Both,42,39000,93344.0753972025
13,D3-Both,42,42000,90484.103506123
13,D3-Both,42,45000,78580.7549069274
13,D3-Both,42,48000,77214.1289218044
13,D3-Both,42,51000,60459.6233543538
13,D3-Both,42,54000,13528.1013133439
13,D3-Both,42,57000,4073.07767474569
13,D3-Both,42,60000,2704.5303008805
13,D1-TracingDecay,42,3000,1429612.10110604
13,D1-TracingDecay,42,6000,249339.976609693
13,D1-TracingDecay,42,9000,109920.12664016
13,D1-TracingDecay,42,12000,45568.2465240365
13,D1-TracingDecay,42,15000,24304.8897702883
13,D1-TracingDecay,42,18000,22200.7537734545
13,D1-TracingDecay,42,21000,21149.4188088436
13,D1-TracingDecay,42,24000,20446.5287109524
13,D1-TracingDecay,42,27000,20028.9560001089
13,D1-TracingDecay,42,30000,15110.1036637537
13,D1-TracingDecay,42,33000,14352.1834845148
13,D1-TracingDecay,42,36000,12861.6576667649
13,D1-TracingDecay,42,39000,12386.2055534771
13,D1-TracingDecay,42,42000,12169.5025103197
13,D1-TracingDecay,42,45000,11727.4388337255
13,D1-TracingDecay,42,48000,10839.5422641395
13,D1-TracingDecay,42,51000,9948.2890676389
13,D1-TracingDecay,42,54000,9835.66374211977
13,D1-TracingDecay,42,57000,9352.90696245549
13,D1-TracingDecay,42,60000,9188.3265802552
13,CLPSO,42,3000,8467322835.08437
13,CLPSO,42,6000,3333420984.52173
13,CLPSO,42,9000,359173906.302552
13,CLPSO,42,12000,348300910.223181
13,CLPSO,42,15000,178389723.711029
13,CLPSO,42,18000,103487643.167686
13,CLPSO,42,21000,103487643.167686
13,CLPSO,42,24000,37266141.1843018
13,CLPSO,42,27000,19067903.5965881
13,CLPSO,42,30000,19067903.5965881
13,CLPSO,42,33000,8660915.97395315
13,CLPSO,42,36000,3795932.60026124
13,CLPSO,42,39000,3795932.60026124
13,CLPSO,42,42000,3795932.60026124
13,CLPSO,42,45000,3795932.60026124
13,CLPSO,42,48000,3535771.03964336
13,CLPSO,42,51000,3524538.81650931
13,CLPSO,42,54000,2942288.07058745
13,CLPSO,42,57000,2215096.70524786
13,CLPSO,42,60000,2116016.73476847
13,LSHADE,42,3000,3144709.75244614
13,LSHADE,42,6000,79162.006053738
13,LSHADE,42,9000,4466.98546461721
13,LSHADE,42,12000,735.354186365305
13,LSHADE,42,15000,485.714242317228
13,LSHADE,42,18000,376.790031508918
13,LSHADE,42,21000,332.574501468575
13,LSHADE,42,24000,294.322853957158
13,LSHADE,42,27000,283.242588809977
13,LSHADE,42,30000,253.193762888795
13,LSHADE,42,33000,240.620353921405
13,LSHADE,42,36000,236.981398623201
13,LSHADE,42,39000,231.045563469537
13,LSHADE,42,42000,153.342070905955
13,LSHADE,42,45000,130.961646090335
13,LSHADE,42,48000,130.60454687555
13,LSHADE,42,51000,130.579490587707
13,LSHADE,42,54000,130.546652299027
13,LSHADE,42,57000,130.52310690424
13,LSHADE,42,60000,127.255338451795
13,D3-Both,43,3000,2757301.81314154
13,D3-Both,43,6000,2013122.01680399
13,D3-Both,43,9000,1055172.52228607
13,D3-Both,43,12000,764900.535659749
13,D3-Both,43,15000,762866.443217738
13,D3-Both,43,18000,278982.774944389
13,D3-Both,43,21000,266338.401928122
13,D3-Both,43,24000,264599.79433058
13,D3-Both,43,27000,206012.223691137
13,D3-Both,43,30000,196153.575070077
13,D3-Both,43,33000,169641.785573986
13,D3-Both,43,36000,162178.509673871
13,D3-Both,43,39000,161710.893044911
13,D3-Both,43,42000,152392.377613522
13,D3-Both,43,45000,116612.763255663
13,D3-Both,43,48000,113090.2009948
13,D3-Both,43,51000,103421.677442868
13,D3-Both,43,54000,103241.548735366
13,D3-Both,43,57000,100001.697679653
13,D3-Both,43,60000,90436.1733688014
13,D1-TracingDecay,43,3000,2431959.34875433
13,D1-TracingDecay,43,6000,456022.283953426
13,D1-TracingDecay,43,9000,159824.197623618
13,D1-TracingDecay,43,12000,121593.374084701
13,D1-TracingDecay,43,15000,63861.6390541067
13,D1-TracingDecay,43,18000,56113.8536545246
13,D1-TracingDecay,43,21000,54749.4762335583
13,D1-TracingDecay,43,24000,52588.2929343672
13,D1-TracingDecay,43,27000,34200.4118604989
13,D1-TracingDecay,43,30000,33342.5163198067
13,D1-TracingDecay,43,33000,28873.2885954394
13,D1-TracingDecay,43,36000,28818.6161745543
13,D1-TracingDecay,43,39000,28722.1593399282
13,D1-TracingDecay,43,42000,21405.6801787701
13,D1-TracingDecay,43,45000,21170.2638058853
13,D1-TracingDecay,43,48000,20935.4986680482
13,D1-TracingDecay,43,51000,19083.1412459216
13,D1-TracingDecay,43,54000,18508.0175936403
13,D1-TracingDecay,43,57000,16990.9692943903
13,D1-TracingDecay,43,60000,16208.5592931468
13,CLPSO,43,3000,8325497827.6306
13,CLPSO,43,6000,1580437989.74167
13,CLPSO,43,9000,1580428335.09615
13,CLPSO,43,12000,694296201.337243
13,CLPSO,43,15000,469534992.018936
13,CLPSO,43,18000,378418637.80309
13,CLPSO,43,21000,378418637.80309
13,CLPSO,43,24000,306887143.779886
13,CLPSO,43,27000,84449590.4615266
13,CLPSO,43,30000,33135719.9085297
13,CLPSO,43,33000,33135719.9085297
13,CLPSO,43,36000,15808623.1563779
13,CLPSO,43,39000,15685769.7693687
13,CLPSO,43,42000,15685769.7693687
13,CLPSO,43,45000,15685769.7693687
13,CLPSO,43,48000,15685769.7693687
13,CLPSO,43,51000,15650431.8980205
13,CLPSO,43,54000,9852735.43961656
13,CLPSO,43,57000,9750001.11022526
13,CLPSO,43,60000,4913562.00410098
13,LSHADE,43,3000,2274927.04440464
13,LSHADE,43,6000,41221.4759163403
13,LSHADE,43,9000,2195.32248721776
13,LSHADE,43,12000,691.976137489317
13,LSHADE,43,15000,476.738242495112
13,LSHADE,43,18000,275.860770672648
13,LSHADE,43,21000,235.305109788656
13,LSHADE,43,24000,201.940744496637
13,LSHADE,43,27000,167.903472563784
13,LSHADE,43,30000,126.753824429359
13,LSHADE,43,33000,105.717905812875
13,LSHADE,43,36000,96.4706562464153
13,LSHADE,43,39000,94.1382085421549
13,LSHADE,43,42000,90.1462975845225
13,LSHADE,43,45000,89.4695278762276
13,LSHADE,43,48000,89.4216558176067
13,LSHADE,43,51000,89.3845516008707
13,LSHADE,43,54000,89.3723461081556
13,LSHADE,43,57000,89.176931994826
13,LSHADE,43,60000,86.0520495269757
13,D3-Both,44,3000,12979100.4488292
13,D3-Both,44,6000,5504666.17134503
13,D3-Both,44,9000,1581251.912372
13,D3-Both,44,12000,1280885.73692274
13,D3-Both,44,15000,891085.309819529
13,D3-Both,44,18000,827393.946286695
13,D3-Both,44,21000,687781.762330554
13,D3-Both,44,24000,465501.623595559
13,D3-Both,44,27000,178851.382236716
13,D3-Both,44,30000,127480.524042509
13,D3-Both,44,33000,127210.537640705
13,D3-Both,44,36000,126359.100605723
13,D3-Both,44,39000,97381.9293676793
13,D3-Both,44,42000,97357.532763477
13,D3-Both,44,45000,79506.6887943592
13,D3-Both,44,48000,72761.2722381133
13,D3-Both,44,51000,62788.7555560256
13,D3-Both,44,54000,62429.6309037791
13,D3-Both,44,57000,61914.2836385817
13,D3-Both,44,60000,51268.8248998465
13,D1-TracingDecay,44,3000,796046.714550088
13,D1-TracingDecay,44,6000,321077.410459663
13,D1-TracingDecay,44,9000,134640.159164993
13,D1-TracingDecay,44,12000,65210.1046962343
13,D1-TracingDecay,44,15000,48108.47505304
13,D1-TracingDecay,44,18000,45138.2122892193
13,D1-TracingDecay,44,21000,44753.1406587287
13,D1-TracingDecay,44,24000,37549.9662321165
13,D1-TracingDecay,44,27000,35851.686101896
13,D1-TracingDecay,44,30000,34962.0810296064
13,D1-TracingDecay,44,33000,34542.2473603436
13,D1-TracingDecay,44,36000,27914.8184190739
13,D1-TracingDecay,44,39000,27853.4411013023
13,D1-TracingDecay,44,42000,27774.6734083828
13,D1-TracingDecay,44,45000,26325.2501266581
13,D1-TracingDecay,44,48000,26174.5437321291
13,D1-TracingDecay,44,51000,25677.5170565619
13,D1-TracingDecay,44,54000,24861.4946311225
13,D1-TracingDecay,44,57000,24163.6592244948
13,D1-TracingDecay,44,60000,23368.239207382
13,CLPSO,44,3000,8344706218.1917
13,CLPSO,44,6000,5546088984.51375
13,CLPSO,44,9000,2179667339.60156
13,CLPSO,44,12000,1287169352.12281
13,CLPSO,44,15000,932823180.935914
13,CLPSO,44,18000,317687043.859099
13,CLPSO,44,21000,317687043.859099
13,CLPSO,44,24000,250597434.766889
13,CLPSO,44,27000,163384293.374231
13,CLPSO,44,30000,132371713.258889
13,CLPSO,44,33000,132371713.258889
13,CLPSO,44,36000,87514135.4871316
13,CLPSO,44,39000,56986754.5844351
13,CLPSO,44,42000,56985183.3652975
13,CLPSO,44,45000,45218535.6755647
13,CLPSO,44,48000,20227048.379807
13,CLPSO,44,51000,20227048.379807
13,CLPSO,44,54000,20227048.379807
13,CLPSO,44,57000,16334331.5002071
13,CLPSO,44,60000,16150103.8477079
13,LSHADE,44,3000,695682.403884851
13,LSHADE,44,6000,24902.7975658579
13,LSHADE,44,9000,3630.08262375168
13,LSHADE,44,12000,1109.41096799048
13,LSHADE,44,15000,562.764319219929
13,LSHADE,44,18000,222.303408943052
13,LSHADE,44,21000,182.806595612883
13,LSHADE,44,24000,156.570792894099
13,LSHADE,44,27000,141.240808991574
13,LSHADE,44,30000,132.961720721675
13,LSHADE,44,33000,120.87375543485
13,LSHADE,44,36000,116.409848141175
13,LSHADE,44,39000,107.504778195763
13,LSHADE,44,42000,100.079627585735
13,LSHADE,44,45000,97.2951031967357
13,LSHADE,44,48000,96.8697190742437
13,LSHADE,44,51000,96.6262961170055
13,LSHADE,44,54000,96.5948583493096
13,LSHADE,44,57000,96.5842381713951
13,LSHADE,44,60000,96.5420553852657
13,D3-Both,45,3000,15552699.7921239
13,D3-Both,45,6000,1587939.54824536
13,D3-Both,45,9000,1535587.2032994
13,D3-Both,45,12000,750510.232265624
13,D3-Both,45,15000,750510.232265624
13,D3-Both,45,18000,356999.524058598
13,D3-Both,45,21000,342236.710699829
13,D3-Both,45,24000,252474.198748836
13,D3-Both,45,27000,219271.008499567
13,D3-Both,45,30000,217737.415881678
13,D3-Both,45,33000,122681.157857198
13,D3-Both,45,36000,115199.476599505
13,D3-Both,45,39000,81317.5083931102
13,D3-Both,45,42000,66210.0226289461
13,D3-Both,45,45000,63750.2456518017
13,D3-Both,45,48000,49487.0210248344
13,D3-Both,45,51000,46316.6603908182
13,D3-Both,45,54000,35445.8665623415
13,D3-Both,45,57000,33024.2343037272
13,D3-Both,45,60000,29418.2932996412
13,D1-TracingDecay,45,3000,449161.443243908
13,D1-TracingDecay,45,6000,160931.53462453
13,D1-TracingDecay,45,9000,77895.9234851468
13,D1-TracingDecay,45,12000,35007.2663186496
13,D1-TracingDecay,45,15000,34027.5594687784
13,D1-TracingDecay,45,18000,33994.0412842294
13,D1-TracingDecay,45,21000,33879.0237049997
13,D1-TracingDecay,45,24000,20762.8735871584
13,D1-TracingDecay,45,27000,20647.62419896
13,D1-TracingDecay,45,30000,20399.7994966704
13,D1-TracingDecay,45,33000,20222.8195459042
13,D1-TracingDecay,45,36000,20197.0416537587
13,D1-TracingDecay,45,39000,20106.3559719569
13,D1-TracingDecay,45,42000,20052.9785693863
13,D1-TracingDecay,45,45000,20038.2714893114
13,D1-TracingDecay,45,48000,20023.4778741109
13,D1-TracingDecay,45,51000,19799.2953344894
13,D1-TracingDecay,45,54000,19762.5203582721
13,D1-TracingDecay,45,57000,19753.8071725248
13,D1-TracingDecay,45,60000,19581.3564739465
13,CLPSO,45,3000,2463932886.1316
13,CLPSO,45,6000,2011570223.4129
13,CLPSO,45,9000,1912783018.56823
13,CLPSO,45,12000,866750471.4024
13,CLPSO,45,15000,521368051.860605
13,CLPSO,45,18000,521368051.860605
13,CLPSO,45,21000,345157724.47921
13,CLPSO,45,24000,321347503.439812
13,CLPSO,45,27000,185556354.702633
13,CLPSO,45,30000,184007257.241897
13,CLPSO,45,33000,184007257.241762
13,CLPSO,45,36000,126717863.992659
13,CLPSO,45,39000,104553178.701725
13,CLPSO,45,42000,97873233.7059972
13,CLPSO,45,45000,67382613.2298327
13,CLPSO,45,48000,39693798.8504441
13,CLPSO,45,51000,39250354.6078584
13,CLPSO,45,54000,39043755.1573616
13,CLPSO,45,57000,36857852.9626238
13,CLPSO,45,60000,25850810.6901695
13,LSHADE,45,3000,7987093.83243082
13,LSHADE,45,6000,55777.7162894408
13,LSHADE,45,9000,7433.77901533852
13,LSHADE,45,12000,1012.27049655043
13,LSHADE,45,15000,265.562330849215
13,LSHADE,45,18000,221.593238359566
13,LSHADE,45,21000,190.417019352577
13,LSHADE,45,24000,155.498004772864
13,LSHADE,45,27000,120.671911764999
13,LSHADE,45,30000,104.935474780023
13,LSHADE,45,33000,101.337782121676
13,LSHADE,45,36000,100.233063787537
13,LSHADE,45,39000,99.9892516590412
13,LSHADE,45,42000,99.929046455235
13,LSHADE,45,45000,97.2465626083651
13,LSHADE,45,48000,96.5155916432041
13,LSHADE,45,51000,96.5067708793331
13,LSHADE,45,54000,96.5067041902266
13,LSHADE,45,57000,96.5067034053484
13,LSHADE,45,60000,96.4311058232763
14,D3-Both,41,3000,167986.293078375
14,D3-Both,41,6000,156380.210104742
14,D3-Both,41,9000,156345.526637789
14,D3-Both,41,12000,120763.194614316
14,D3-Both,41,15000,88094.5718201277
14,D3-Both,41,18000,65023.1728038304
14,D3-Both,41,21000,39535.3832446665
14,D3-Both,41,24000,39512.4608572729
14,D3-Both,41,27000,39113.5480709589
14,D3-Both,41,30000,17435.8870522068
14,D3-Both,41,33000,16627.3425170915
14,D3-Both,41,36000,16609.8324087429
14,D3-Both,41,39000,16545.3249640728
14,D3-Both,41,42000,16543.1236581526
14,D3-Both,41,45000,16543.1236581526
14,D3-Both,41,48000,16541.7495429696
14,D3-Both,41,51000,13474.4683354493
14,D3-Both,41,54000,13372.2144908577
14,D3-Both,41,57000,13298.1932519738
14,D3-Both,41,60000,10388.3981147762
14,D1-TracingDecay,41,3000,251782.135428933
14,D1-TracingDecay,41,6000,213492.040144268
14,D1-TracingDecay,41,9000,143444.088033283
14,D1-TracingDecay,41,12000,134057.378326846
14,D1-TracingDecay,41,15000,133802.431067144
14,D1-TracingDecay,41,18000,133790.583940905
14,D1-TracingDecay,41,21000,133607.468293332
14,D1-TracingDecay,41,24000,133524.556792944
14,D1-TracingDecay,41,27000,133465.58315336
14,D1-TracingDecay,41,30000,133409.708428135
14,D1-TracingDecay,41,33000,96796.0312701612
14,D1-TracingDecay,41,36000,41319.0332232668
14,D1-TracingDecay,41,39000,40591.7517080752
14,D1-TracingDecay,41,42000,39958.4394711883
14,D1-TracingDecay,41,45000,39952.1151605919
14,D1-TracingDecay,41,48000,36609.3975756777
14,D1-TracingDecay,41,51000,28639.9366559423
14,D1-TracingDecay,41,54000,26871.1613885832
14,D1-TracingDecay,41,57000,23641.793466137
14,D1-TracingDecay,41,60000,19963.1773601738
14,CLPSO,41,3000,1131167.96543089
14,CLPSO,41,6000,1131167.96543089
14,CLPSO,41,9000,1131167.96543089
14,CLPSO,41,12000,239645.344628515
14,CLPSO,41,15000,239645.344628515
14,CLPSO,41,18000,239645.344628515
14,CLPSO,41,21000,219248.388096742
14,CLPSO,41,24000,217034.207777606
14,CLPSO,41,27000,216990.623483197
14,CLPSO,41,30000,216246.292957983
14,CLPSO,41,33000,216246.292957983
14,CLPSO,41,36000,216156.343770578
14,CLPSO,41,39000,216156.343770578
14,CLPSO,41,42000,215549.816305527
14,CLPSO,41,45000,211176.876802975
14,CLPSO,41,48000,211079.169096434
14,CLPSO,41,51000,211079.169096434
14,CLPSO,41,54000,211079.169096434
14,CLPSO,41,57000,211079.169096434
14,CLPSO,41,60000,211079.169096434
14,LSHADE,41,3000,34338.6431437134
14,LSHADE,41,6000,197.195362065649
14,LSHADE,41,9000,115.612112136487
14,LSHADE,41,12000,110.638772765389
14,LSHADE,41,15000,110.145710463081
14,LSHADE,41,18000,109.581630809843
14,LSHADE,41,21000,108.226931100457
14,LSHADE,41,24000,107.893221839003
14,LSHADE,41,27000,107.865299533266
14,LSHADE,41,30000,107.860224667791
14,LSHADE,41,33000,107.859752826488
14,LSHADE,41,36000,107.859684209998
14,LSHADE,41,39000,107.859675757084
14,LSHADE,41,42000,107.859673078454
14,LSHADE,41,45000,107.859672581901
14,LSHADE,41,48000,107.859669125865
14,LSHADE,41,51000,107.859669072797
14,LSHADE,41,54000,107.859668150997
14,LSHADE,41,57000,107.859668150075
14,LSHADE,41,60000,107.859668149868
14,D3-Both,42,3000,202024.145779556
14,D3-Both,42,6000,36234.8487046122
14,D3-Both,42,9000,25665.4586353832
14,D3-Both,42,12000,24622.3558847683
14,D3-Both,42,15000,22533.0576103142
14,D3-Both,42,18000,12375.4961594189
14,D3-Both,42,21000,12355.1012853492
14,D3-Both,42,24000,10684.7301128987
14,D3-Both,42,27000,10680.6404766423
14,D3-Both,42,30000,10637.2700560999
14,D3-Both,42,33000,10634.5687968727
14,D3-Both,42,36000,9265.01375786838
14,D3-Both,42,39000,8836.66289116127
14,D3-Both,42,42000,8832.81898471395
14,D3-Both,42,45000,8781.4090459423
14,D3-Both,42,48000,8781.10247228701
14,D3-Both,42,51000,6617.29755269401
14,D3-Both,42,54000,3731.56327495091
14,D3-Both,42,57000,3701.10414365395
14,D3-Both,42,60000,3227.94089338466
14,D1-TracingDecay,42,3000,901698.192449736
14,D1-TracingDecay,42,6000,88077.0677603183
14,D1-TracingDecay,42,9000,48626.7470861883
14,D1-TracingDecay,42,12000,26329.0806121985
14,D1-TracingDecay,42,15000,25169.7066065951
14,D1-TracingDecay,42,18000,11232.1288574925
14,D1-TracingDecay,42,21000,7561.76186964937
14,D1-TracingDecay,42,24000,7418.09266833356
14,D1-TracingDecay,42,27000,7411.68004780742
14,D1-TracingDecay,42,30000,7340.06658244423
14,D1-TracingDecay,42,33000,7339.64672497745
14,D1-TracingDecay,42,36000,7339.64672497745
14,D1-TracingDecay,42,39000,7329.91448306429
14,D1-TracingDecay,42,42000,7306.74916875197
14,D1-TracingDecay,42,45000,7298.2486398341
14,D1-TracingDecay,42,48000,7291.82971264029
14,D1-TracingDecay,42,51000,7291.44295297883
14,D1-TracingDecay,42,54000,7289.90021865995
14,D1-TracingDecay,42,57000,7283.62203606341
14,D1-TracingDecay,42,60000,6757.76275458977
14,CLPSO,42,3000,1128759.67680342
14,CLPSO,42,6000,1128759.67680342
14,CLPSO,42,9000,1128759.67680342
14,CLPSO,42,12000,611007.698799045
14,CLPSO,42,15000,609420.639464132
14,CLPSO,42,18000,317118.423498505
14,CLPSO,42,21000,277766.852420947
14,CLPSO,42,24000,256037.549705286
14,CLPSO,42,27000,253809.126421381
14,CLPSO,42,30000,253809.126421381
14,CLPSO,42,33000,253809.126421381
14,CLPSO,42,36000,253809.126421381
14,CLPSO,42,39000,251129.135778851
14,CLPSO,42,42000,251129.135778851
14,CLPSO,42,45000,247327.37870252
14,CLPSO,42,48000,247319.409391568
14,CLPSO,42,51000,239132.524405849
14,CLPSO,42,54000,239107.455343569
14,CLPSO,42,57000,238987.446630276
14,CLPSO,42,60000,236253.1302992
14,LSHADE,42,3000,7634.77099732952
14,LSHADE,42,6000,213.925920151158
14,LSHADE,42,9000,154.675030572649
14,LSHADE,42,12000,121.556126107568
14,LSHADE,42,15000,106.579875986527
14,LSHADE,42,18000,95.1573488452204
14,LSHADE,42,21000,93.2283362816161
14,LSHADE,42,24000,92.871428865476
14,LSHADE,42,27000,92.091429193038
14,LSHADE,42,30000,89.9989266022828
14,LSHADE,42,33000,80.5974995184761
14,LSHADE,42,36000,80.0147684541951
14,LSHADE,42,39000,79.014482064566
14,LSHADE,42,42000,78.874708539005
14,LSHADE,42,45000,78.8006697506237
14,LSHADE,42,48000,78.8002994351564
14,LSHADE,42,51000,78.8002663148075
14,LSHADE,42,54000,78.800264715999
14,LSHADE,42,57000,78.8002643388172
14,LSHADE,42,60000,78.8002643080165
14,D3-Both,43,3000,938893.55286065
14,D3-Both,43,6000,113849.700524306
14,D3-Both,43,9000,101852.834258158
14,D3-Both,43,12000,98807.0300191094
14,D3-Both,43,15000,98760.3655404921
14,D3-Both,43,18000,98615.7120105499
14,D3-Both,43,21000,98588.5479921397
14,D3-Both,43,24000,73121.714637573
14,D3-Both,43,27000,70099.4413920916
14,D3-Both,43,30000,70076.7313804112
14,D3-Both,43,33000,70064.7969335148
14,D3-Both,43,36000,40685.0594539675
14,D3-Both,43,39000,40377.8407384101
14,D3-Both,43,42000,35685.5130283428
14,D3-Both,43,45000,35393.8011719897
14,D3-Both,43,48000,35393.7123386686
14,D3-Both,43,51000,34564.9029278745
14,D3-Both,43,54000,27588.8822209843
14,D3-Both,43,57000,24044.4814223022
14,D3-Both,43,60000,20983.5602544551
14,D1-TracingDecay,43,3000,1145780.62799026
14,D1-TracingDecay,43,6000,285520.04616632
14,D1-TracingDecay,43,9000,213710.179159537
14,D1-TracingDecay,43,12000,187474.154554017
14,D1-TracingDecay,43,15000,182838.892506019
14,D1-TracingDecay,43,18000,182350.542266708
14,D1-TracingDecay,43,21000,5636.4270470866
14,D1-TracingDecay,43,24000,5616.87671749372
14,D1-TracingDecay,43,27000,5491.66791175551
14,D1-TracingDecay,43,30000,5329.21362543064
14,D1-TracingDecay,43,33000,5299.52845480767
14,D1-TracingDecay,43,36000,2577.55028244108
14,D1-TracingDecay,43,39000,2285.79124465506
14,D1-TracingDecay,43,42000,2282.01631801144
14,D1-TracingDecay,43,45000,2209.15900927178
14,D1-TracingDecay,43,48000,2207.56851044921
14,D1-TracingDecay,43,51000,2207.33990033696
14,D1-TracingDecay,43,54000,2207.01484431354
14,D1-TracingDecay,43,57000,2139.17668063186
14,D1-TracingDecay,43,60000,2076.05854676251
14,CLPSO,43,3000,11867922.8226433
14,CLPSO,43,6000,4024860.40455709
14,CLPSO,43,9000,4024860.40455709
14,CLPSO,43,12000,1715608.53783657
14,CLPSO,43,15000,1715608.53783657
14,CLPSO,43,18000,998347.651587887
14,CLPSO,43,21000,998347.651587887
14,CLPSO,43,24000,998347.651587887
14,CLPSO,43,27000,958431.845766602
14,CLPSO,43,30000,258397.015402756
14,CLPSO,43,33000,149208.862530079
14,CLPSO,43,36000,149142.387867498
14,CLPSO,43,39000,149083.782864566
14,CLPSO,43,42000,149083.77467177
14,CLPSO,43,45000,138451.378619358
14,CLPSO,43,48000,132563.801322003
14,CLPSO,43,51000,132563.801322003
14,CLPSO,43,54000,129395.206339755
14,CLPSO,43,57000,128981.924645404
14,CLPSO,43,60000,128910.257466063
14,LSHADE,43,3000,113407.612636202
14,LSHADE,43,6000,209.641865206925
14,LSHADE,43,9000,163.313734166954
14,LSHADE,43,12000,138.922393486502
14,LSHADE,43,15000,114.585223582004
14,LSHADE,43,18000,109.032429795944
14,LSHADE,43,21000,108.679848173908
14,LSHADE,43,24000,108.266828250217
14,LSHADE,43,27000,107.941107219316
14,LSHADE,43,30000,107.899713980749
14,LSHADE,43,33000,107.863905218753
14,LSHADE,43,36000,107.862471268282
14,LSHADE,43,39000,107.845266302096
14,LSHADE,43,42000,107.838996216669
14,LSHADE,43,45000,107.838995832019
14,LSHADE,43,48000,107.824783336116
14,LSHADE,43,51000,107.81656148279
14,LSHADE,43,54000,107.811500240793
14,LSHADE,43,57000,107.785411641972
14,LSHADE,43,60000,107.783879768417
14,D3-Both,44,3000,180700.581408878
14,D3-Both,44,6000,141649.177206603
14,D3-Both,44,9000,22104.3751486659
14,D3-Both,44,12000,22054.3670295763
14,D3-Both,44,15000,9818.24684528258
14,D3-Both,44,18000,6320.62044460929
14,D3-Both,44,21000,6320.62044460929
14,D3-Both,44,24000,5984.88223024763
14,D3-Both,44,27000,5979.05858201685
14,D3-Both,44,30000,5970.05727536858
14,D3-Both,44,33000,5965.05898874407
14,D3-Both,44,36000,5965.03495464491
14,D3-Both,44,39000,5611.99969617822
14,D3-Both,44,42000,5610.67268437424
14,D3-Both,44,45000,4749.50764027775
14,D3-Both,44,48000,3450.89075794891
14,D3-Both,44,51000,3449.37856715151
14,D3-Both,44,54000,3195.94445818895
14,D3-Both,44,57000,2721.69901259534
14,D3-Both,44,60000,2593.82334618222
14,D1-TracingDecay,44,3000,156522.660694334
14,D1-TracingDecay,44,6000,43947.1092346011
14,D1-TracingDecay,44,9000,15170.7038580434
14,D1-TracingDecay,44,12000,13005.5305091384
14,D1-TracingDecay,44,15000,11591.0171596948
14,D1-TracingDecay,44,18000,11454.5466864806
14,D1-TracingDecay,44,21000,11400.4682319406
14,D1-TracingDecay,44,24000,11398.5916792684
14,D1-TracingDecay,44,27000,11398.5916792684
14,D1-TracingDecay,44,30000,11397.9476819256
14,D1-TracingDecay,44,33000,11394.1870978567
14,D1-TracingDecay,44,36000,8606.31561168649
14,D1-TracingDecay,44,39000,8112.95092230724
14,D1-TracingDecay,44,42000,8029.72124466165
14,D1-TracingDecay,44,45000,7997.39924433043
14,D1-TracingDecay,44,48000,7992.56165991964
14,D1-TracingDecay,44,51000,7934.54699154957
14,D1-TracingDecay,44,54000,7678.42767190568
14,D1-TracingDecay,44,57000,7507.89726464128
14,D1-TracingDecay,44,60000,7488.71497169451
14,CLPSO,44,3000,5607122.01553159
14,CLPSO,44,6000,5607122.01553159
14,CLPSO,44,9000,2864724.21545025
14,CLPSO,44,12000,2444273.69180368
14,CLPSO,44,15000,983643.944022688
14,CLPSO,44,18000,936748.518396778
14,CLPSO,44,21000,692881.186779214
14,CLPSO,44,24000,331679.036277042
14,CLPSO,44,27000,222229.89545837
14,CLPSO,44,30000,170498.121752627
14,CLPSO,44,33000,99431.628456071
14,CLPSO,44,36000,99422.2596020504
14,CLPSO,44,39000,94068.0625063047
14,CLPSO,44,42000,94067.1168000849
14,CLPSO,44,45000,93188.156234933
14,CLPSO,44,48000,72261.4135766658
14,CLPSO,44,51000,71868.9200403548
14,CLPSO,44,54000,71859.825887863
14,CLPSO,44,57000,69884.322009576
14,CLPSO,44,60000,66627.0564909494
14,LSHADE,44,3000,17609.7755003412
14,LSHADE,44,6000,163.780354762118
14,LSHADE,44,9000,107.506841105136
14,LSHADE,44,12000,95.582553394167
14,LSHADE,44,15000,85.2437826655987
14,LSHADE,44,18000,83.6419682583432
14,LSHADE,44,21000,83.3061054354637
14,LSHADE,44,24000,83.2146838182928
14,LSHADE,44,27000,82.7600305918552
14,LSHADE,44,30000,82.6975346045926
14,LSHADE,44,33000,82.6963844728311
14,LSHADE,44,36000,82.6962687936136
14,LSHADE,44,39000,82.6956161405374
14,LSHADE,44,42000,82.6955463735758
14,LSHADE,44,45000,82.6955397351483
14,LSHADE,44,48000,82.6955384689754
14,LSHADE,44,51000,82.6955383759223
14,LSHADE,44,54000,82.6955383580225
14,LSHADE,44,57000,82.6955383335103
14,LSHADE,44,60000,82.6955383334498
14,D3-Both,45,3000,136612.202816871
14,D3-Both,45,6000,20834.4456199229
14,D3-Both,45,9000,12679.7288093335
14,D3-Both,45,12000,10286.4188665903
14,D3-Both,45,15000,10156.9465739341
14,D3-Both,45,18000,9900.31776647773
14,D3-Both,45,21000,9877.25292448511
14,D3-Both,45,24000,9848.61396392083
14,D3-Both,45,27000,9521.04865650411
14,D3-Both,45,30000,9517.26576287438
14,D3-Both,45,33000,9412.17147210073
14,D3-Both,45,36000,9411.22032239486
14,D3-Both,45,39000,9411.22032239486
14,D3-Both,45,42000,9408.50254068549
14,D3-Both,45,45000,9144.40149684153
14,D3-Both,45,48000,4359.50703683694
14,D3-Both,45,51000,3456.54003519182
14,D3-Both,45,54000,2676.37361433958
14,D3-Both,45,57000,2120.98765950837
14,D3-Both,45,60000,1692.46308310788
14,D1-TracingDecay,45,3000,411634.3926062
14,D1-TracingDecay,45,6000,370748.878583347
14,D1-TracingDecay,45,9000,175729.536541089
14,D1-TracingDecay,45,12000,131019.750582511
14,D1-TracingDecay,45,15000,130311.46831024
14,D1-TracingDecay,45,18000,118268.629516581
14,D1-TracingDecay,45,21000,94366.8038561025
14,D1-TracingDecay,45,24000,94271.9351966464
14,D1-TracingDecay,45,27000,47349.5120027325
14,D1-TracingDecay,45,30000,46027.4639452065
14,D1-TracingDecay,45,33000,45991.033689549
14,D1-TracingDecay,45,36000,44962.3543694196
14,D1-TracingDecay,45,39000,43895.0533877274
14,D1-TracingDecay,45,42000,43893.2207541781
14,D1-TracingDecay,45,45000,43892.5787124698
14,D1-TracingDecay,45,48000,43839.2783643815
14,D1-TracingDecay,45,51000,43596.7341152037
14,D1-TracingDecay,45,54000,42246.0176613608
14,D1-TracingDecay,45,57000,41410.3793829569
14,D1-TracingDecay,45,60000,41361.8420828829
14,CLPSO,45,3000,9338152.06103923
14,CLPSO,45,6000,2973882.0111946
14,CLPSO,45,9000,2973882.0111946
14,CLPSO,45,12000,2973882.0111946
14,CLPSO,45,15000,2474462.6707823
14,CLPSO,45,18000,190527.527284137
14,CLPSO,45,21000,190527.527284137
14,CLPSO,45,24000,190527.527284137
14,CLPSO,45,27000,143964.504424076
14,CLPSO,45,30000,129459.873908658
14,CLPSO,45,33000,129459.873908658
14,CLPSO,45,36000,129459.873908658
14,CLPSO,45,39000,101218.3186449
14,CLPSO,45,42000,90519.2259309815
14,CLPSO,45,45000,90465.4366172244
14,CLPSO,45,48000,90465.4366172244
14,CLPSO,45,51000,90449.3284478783
14,CLPSO,45,54000,90449.3284478783
14,CLPSO,45,57000,90449.3284478783
14,CLPSO,45,60000,90449.3284478783
14,LSHADE,45,3000,12935.791747862
14,LSHADE,45,6000,141.852365518254
14,LSHADE,45,9000,93.1023131162931
14,LSHADE,45,12000,77.1780211285034
14,LSHADE,45,15000,76.1366162473969
14,LSHADE,45,18000,75.7119742088425
14,LSHADE,45,21000,75.4697641554271
14,LSHADE,45,24000,75.1490293841925
14,LSHADE,45,27000,74.7907160443106
14,LSHADE,45,30000,74.7577179667055
14,LSHADE,45,33000,74.7480898640024
14,LSHADE,45,36000,74.7467260038597
14,LSHADE,45,39000,74.7463075075452
14,LSHADE,45,42000,74.7462197114432
14,LSHADE,45,45000,74.7461806719941
14,LSHADE,45,48000,74.7461755781469
14,LSHADE,45,51000,74.746169013629
14,LSHADE,45,54000,74.7461685935641
14,LSHADE,45,57000,74.7461685397084
14,LSHADE,45,60000,74.7461685397084
15,D3-Both,41,3000,2771940.05904287
15,D3-Both,41,6000,416924.135926684
15,D3-Both,41,9000,223330.633744278
15,D3-Both,41,12000,162008.582622659
15,D3-Both,41,15000,28023.1621702601
15,D3-Both,41,18000,23015.7988514546
15,D3-Both,41,21000,18787.8481998075
15,D3-Both,41,24000,15975.5686340532
15,D3-Both,41,27000,15076.3648743004
15,D3-Both,41,30000,10955.833639477
15,D3-Both,41,33000,10591.7167824392
15,D3-Both,41,36000,9705.46494699541
15,D3-Both,41,39000,9655.45701721538
15,D3-Both,41,42000,9031.11077379803
15,D3-Both,41,45000,6448.46616692221
15,D3-Both,41,48000,6046.22427189391
15,D3-Both,41,51000,5705.11569841375
15,D3-Both,41,54000,4835.96878425742
15,D3-Both,41,57000,4634.05034273557
15,D3-Both,41,60000,4019.23533812683
15,D1-TracingDecay,41,3000,1062662.55156073
15,D1-TracingDecay,41,6000,38002.6480670795
15,D1-TracingDecay,41,9000,21829.0268413021
15,D1-TracingDecay,41,12000,21553.3578191666
15,D1-TracingDecay,41,15000,21286.0955464673
15,D1-TracingDecay,41,18000,21112.8928120714
15,D1-TracingDecay,41,21000,20016.3799498057
15,D1-TracingDecay,41,24000,16893.0577357472
15,D1-TracingDecay,41,27000,16330.681908781
15,D1-TracingDecay,41,30000,15320.1818520623
15,D1-TracingDecay,41,33000,15118.7024994089
15,D1-TracingDecay,41,36000,14575.1328006343
15,D1-TracingDecay,41,39000,14520.6438965154
15,D1-TracingDecay,41,42000,14206.4811286591
15,D1-TracingDecay,41,45000,14193.5030395328
15,D1-TracingDecay,41,48000,14018.239017789
15,D1-TracingDecay,41,51000,13151.6898647481
15,D1-TracingDecay,41,54000,13135.148195544
15,D1-TracingDecay,41,57000,13048.9350234242
15,D1-TracingDecay,41,60000,9843.68180291442
15,CLPSO,41,3000,1996586137.54685
15,CLPSO,41,6000,521386201.35809
15,CLPSO,41,9000,148468815.940819
15,CLPSO,41,12000,139557852.601207
15,CLPSO,41,15000,137589042.125766
15,CLPSO,41,18000,37486884.7429387
15,CLPSO,41,21000,21137821.8762175
15,CLPSO,41,24000,12822585.8710525
15,CLPSO,41,27000,7610390.73338252
15,CLPSO,41,30000,7610390.73338252
15,CLPSO,41,33000,7131127.4620822
15,CLPSO,41,36000,1410720.62415464
15,CLPSO,41,39000,1174696.41740291
15,CLPSO,41,42000,1151950.83798818
15,CLPSO,41,45000,1085948.71448741
15,CLPSO,41,48000,866574.204314504
15,CLPSO,41,51000,524130.566270963
15,CLPSO,41,54000,312320.591908078
15,CLPSO,41,57000,309441.183885431
15,CLPSO,41,60000,243520.183866903
15,LSHADE,41,3000,968195.113293561
15,LSHADE,41,6000,1048.75999111769
15,LSHADE,41,9000,312.477252440379
15,LSHADE,41,12000,268.833218119805
15,LSHADE,41,15000,247.755344470508
15,LSHADE,41,18000,242.736321867072
15,LSHADE,41,21000,242.419898398309
15,LSHADE,41,24000,242.257086091648
15,LSHADE,41,27000,242.12930869256
15,LSHADE,41,30000,242.095279409794
15,LSHADE,41,33000,242.077802679293
15,LSHADE,41,36000,242.074952314702
15,LSHADE,41,39000,242.07381410129
15,LSHADE,41,42000,242.073650741129
15,LSHADE,41,45000,242.073336574945
15,LSHADE,41,48000,242.07315714196
15,LSHADE,41,51000,242.073063650103
15,LSHADE,41,54000,242.072887349641
15,LSHADE,41,57000,242.072827730606
15,LSHADE,41,60000,242.072792584164
15,D3-Both,42,3000,1008634.16512026
15,D3-Both,42,6000,410935.946047682
15,D3-Both,42,9000,299322.573381863
15,D3-Both,42,12000,187924.779280873
15,D3-Both,42,15000,18438.6269186201
15,D3-Both,42,18000,17592.4783200451
15,D3-Both,42,21000,17325.5460937898
15,D3-Both,42,24000,16610.0915410604
15,D3-Both,42,27000,13291.6961255671
15,D3-Both,42,30000,10984.637631738
15,D3-Both,42,33000,10453.4170892909
15,D3-Both,42,36000,7781.76283858947
15,D3-Both,42,39000,7670.2164695823
15,D3-Both,42,42000,5902.95658489221
15,D3-Both,42,45000,5800.83963219047
15,D3-Both,42,48000,5679.30611338273
15,D3-Both,42,51000,3945.35824059821
15,D3-Both,42,54000,3918.31388499837
15,D3-Both,42,57000,3906.81024662922
15,D3-Both,42,60000,3611.76070956441
15,D1-TracingDecay,42,3000,90444.2633267997
15,D1-TracingDecay,42,6000,53547.5274349765
15,D1-TracingDecay,42,9000,38871.9625268636
15,D1-TracingDecay,42,12000,34667.3518399588
15,D1-TracingDecay,42,15000,30710.1157133934
15,D1-TracingDecay,42,18000,30063.7218886504
15,D1-TracingDecay,42,21000,30043.4451849903
15,D1-TracingDecay,42,24000,29691.3034198293
15,D1-TracingDecay,42,27000,29686.6594386597
15,D1-TracingDecay,42,30000,29681.8655299688
15,D1-TracingDecay,42,33000,20872.6034340095
15,D1-TracingDecay,42,36000,10916.0574956736
15,D1-TracingDecay,42,39000,4570.379266968
15,D1-TracingDecay,42,42000,3726.06200905149
15,D1-TracingDecay,42,45000,3661.3230986774
15,D1-TracingDecay,42,48000,2923.7591112846
15,D1-TracingDecay,42,51000,2706.7046477705
15,D1-TracingDecay,42,54000,2476.9016638762
15,D1-TracingDecay,42,57000,2418.61963817341
15,D1-TracingDecay,42,60000,2334.8253611448
15,CLPSO,42,3000,1888794319.49344
15,CLPSO,42,6000,196107943.328471
15,CLPSO,42,9000,65413035.6726848
15,CLPSO,42,12000,37831942.2958207
15,CLPSO,42,15000,35498678.3801958
15,CLPSO,42,18000,35498678.3801958
15,CLPSO,42,21000,35498678.3801958
15,CLPSO,42,24000,11028085.7507149
15,CLPSO,42,27000,1997809.02424405
15,CLPSO,42,30000,1944505.4537864
15,CLPSO,42,33000,1935151.91241387
15,CLPSO,42,36000,1935151.91241387
15,CLPSO,42,39000,1935151.91241387
15,CLPSO,42,42000,1212029.48861957
15,CLPSO,42,45000,1205310.08918442
15,CLPSO,42,48000,705629.304226536
15,CLPSO,42,51000,684145.412888995
15,CLPSO,42,54000,249461.933397694
15,CLPSO,42,57000,175523.767305809
15,CLPSO,42,60000,173023.667366669
15,LSHADE,42,3000,1317479.45563085
15,LSHADE,42,6000,2050.02541548396
15,LSHADE,42,9000,437.660977662438
15,LSHADE,42,12000,364.526882274848
15,LSHADE,42,15000,331.616005444348
15,LSHADE,42,18000,323.612274150632
15,LSHADE,42,21000,323.134164150429
15,LSHADE,42,24000,323.009581528059
15,LSHADE,42,27000,322.883264629537
15,LSHADE,42,30000,322.815147663157
15,LSHADE,42,33000,322.769099774834
15,LSHADE,42,36000,322.669016342727
15,LSHADE,42,39000,292.319067735393
15,LSHADE,42,42000,254.076901506935
15,LSHADE,42,45000,253.741274540622
15,LSHADE,42,48000,253.587064897518
15,LSHADE,42,51000,253.475374251925
15,LSHADE,42,54000,253.41586009687
15,LSHADE,42,57000,251.75061864962
15,LSHADE,42,60000,251.416298795802
15,D3-Both,43,3000,273375.707928393
15,D3-Both,43,6000,233064.563092334
15,D3-Both,43,9000,226443.347430005
15,D3-Both,43,12000,143898.055628571
15,D3-Both,43,15000,114864.998155649
15,D3-Both,43,18000,102513.724929166
15,D3-Both,43,21000,102480.221069829
15,D3-Both,43,24000,39731.8145797621
15,D3-Both,43,27000,39475.3487782299
15,D3-Both,43,30000,39435.5063857004
15,D3-Both,43,33000,39415.5649450404
15,D3-Both,43,36000,38778.6803140397
15,D3-Both,43,39000,38030.0635390037
15,D3-Both,43,42000,38017.9888178073
15,D3-Both,43,45000,38015.9183316774
15,D3-Both,43,48000,36678.5141370637
15,D3-Both,43,51000,36672.5778097065
15,D3-Both,43,54000,36672.4142201442
15,D3-Both,43,57000,36083.4108202426
15,D3-Both,43,60000,34390.3264933881
15,D1-TracingDecay,43,3000,295970.608566671
15,D1-TracingDecay,43,6000,28813.7232770777
15,D1-TracingDecay,43,9000,19653.6795831744
15,D1-TracingDecay,43,12000,5433.87621264566
15,D1-TracingDecay,43,15000,5272.06387138856
15,D1-TracingDecay,43,18000,5182.74119823747
15,D1-TracingDecay,43,21000,5144.30204987158
15,D1-TracingDecay,43,24000,5126.78943559732
15,D1-TracingDecay,43,27000,4622.44059078996
15,D1-TracingDecay,43,30000,4619.99651527873
15,D1-TracingDecay,43,33000,4403.36201726894
15,D1-TracingDecay,43,36000,4398.14004894175
15,D1-TracingDecay,43,39000,4394.62164601632
15,D1-TracingDecay,43,42000,4392.54057882735
15,D1-TracingDecay,43,45000,4390.92736152419
15,D1-TracingDecay,43,48000,4383.61854944865
15,D1-TracingDecay,43,51000,4315.77864869366
15,D1-TracingDecay,43,54000,4250.26542552358
15,D1-TracingDecay,43,57000,4231.80340725946
15,D1-TracingDecay,43,60000,3978.13379616031
15,CLPSO,43,3000,2210968222.16777
15,CLPSO,43,6000,407879077.198483
15,CLPSO,43,9000,180996589.668045
15,CLPSO,43,12000,159483936.504569
15,CLPSO,43,15000,72482224.8099687
15,CLPSO,43,18000,52405226.8626281
15,CLPSO,43,21000,20762815.4714588
15,CLPSO,43,24000,5791244.07365411
15,CLPSO,43,27000,5791244.07365411
15,CLPSO,43,30000,5791244.07365411
15,CLPSO,43,33000,5791244.07365411
15,CLPSO,43,36000,5791244.07365411
15,CLPSO,43,39000,4741030.38910285
15,CLPSO,43,42000,1734035.61756099
15,CLPSO,43,45000,1397431.22297213
15,CLPSO,43,48000,685576.717065387
15,CLPSO,43,51000,157345.778649589
15,CLPSO,43,54000,157332.171272886
15,CLPSO,43,57000,153426.053358823
15,CLPSO,43,60000,52897.2594447781
15,LSHADE,43,3000,669348.963478332
15,LSHADE,43,6000,3096.80662100364
15,LSHADE,43,9000,509.778832011467
15,LSHADE,43,12000,357.943460027317
15,LSHADE,43,15000,290.462098907464
15,LSHADE,43,18000,253.822069832475
15,LSHADE,43,21000,219.34920366457
15,LSHADE,43,24000,218.222310458799
15,LSHADE,43,27000,217.715033405008
15,LSHADE,43,30000,217.360220826794
15,LSHADE,43,33000,216.968632195272
15,LSHADE,43,36000,216.696223011401
15,LSHADE,43,39000,216.481560120579
15,LSHADE,43,42000,215.899310286364
15,LSHADE,43,45000,214.997574055374
15,LSHADE,43,48000,214.849335604129
15,LSHADE,43,51000,214.839030860225
15,LSHADE,43,54000,214.833980361344
15,LSHADE,43,57000,214.826196633095
15,LSHADE,43,60000,214.822485006851
15,D3-Both,44,3000,1000231.18794306
15,D3-Both,44,6000,435552.253005166
15,D3-Both,44,9000,102957.72873898
15,D3-Both,44,12000,54131.562409235
15,D3-Both,44,15000,53404.8739424132
15,D3-Both,44,18000,52587.5174120746
15,D3-Both,44,21000,52478.8446736571
15,D3-Both,44,24000,51004.6485044215
15,D3-Both,44,27000,49952.3102027992
15,D3-Both,44,30000,31120.1606138309
15,D3-Both,44,33000,16858.4803619087
15,D3-Both,44,36000,15302.893823929
15,D3-Both,44,39000,15273.1952621652
15,D3-Both,44,42000,15245.513772416
15,D3-Both,44,45000,15195.3326662862
15,D3-Both,44,48000,14951.1789982615
15,D3-Both,44,51000,13970.0754374515
15,D3-Both,44,54000,12982.869758302
15,D3-Both,44,57000,12690.5225354317
15,D3-Both,44,60000,12675.5925156369
15,D1-TracingDecay,44,3000,86499.6417678804
15,D1-TracingDecay,44,6000,54867.405493049
15,D1-TracingDecay,44,9000,29810.0890887927
15,D1-TracingDecay,44,12000,29484.9729221997
15,D1-TracingDecay,44,15000,22174.6813840516
15,D1-TracingDecay,44,18000,13806.9203052574
15,D1-TracingDecay,44,21000,12640.5442639139
15,D1-TracingDecay,44,24000,12605.0381182975
15,D1-TracingDecay,44,27000,12540.2412245646
15,D1-TracingDecay,44,30000,11982.8113496063
15,D1-TracingDecay,44,33000,11970.0762055373
15,D1-TracingDecay,44,36000,11960.8810448166
15,D1-TracingDecay,44,39000,11876.0989121286
15,D1-TracingDecay,44,42000,11849.5248130468
15,D1-TracingDecay,44,45000,11827.8107363692
15,D1-TracingDecay,44,48000,11751.7327519353
15,D1-TracingDecay,44,51000,11682.7492319676
15,D1-TracingDecay,44,54000,11677.3316087909
15,D1-TracingDecay,44,57000,11670.4699036535
15,D1-TracingDecay,44,60000,10751.7043463751
15,CLPSO,44,3000,1703596525.03141
15,CLPSO,44,6000,232720644.987833
15,CLPSO,44,9000,116435661.393619
15,CLPSO,44,12000,101993932.663675
15,CLPSO,44,15000,12467078.4888647
15,CLPSO,44,18000,11966306.4429516
15,CLPSO,44,21000,8521896.17792423
15,CLPSO,44,24000,4128306.16732356
15,CLPSO,44,27000,4128306.16732356
15,CLPSO,44,30000,928080.145932424
15,CLPSO,44,33000,682360.295077417
15,CLPSO,44,36000,418701.223528781
15,CLPSO,44,39000,377525.506323197
15,CLPSO,44,42000,377521.793978227
15,CLPSO,44,45000,377521.793978227
15,CLPSO,44,48000,327534.149017985
15,CLPSO,44,51000,313712.502264233
15,CLPSO,44,54000,176979.713362574
15,CLPSO,44,57000,176979.713362574
15,CLPSO,44,60000,176979.713362574
15,LSHADE,44,3000,745030.900024486
15,LSHADE,44,6000,1215.36850439541
15,LSHADE,44,9000,375.890485139434
15,LSHADE,44,12000,337.715610262152
15,LSHADE,44,15000,262.06076273075
15,LSHADE,44,18000,189.45640530478
15,LSHADE,44,21000,178.729403017031
15,LSHADE,44,24000,176.164397996799
15,LSHADE,44,27000,173.881671869729
15,LSHADE,44,30000,172.743867677466
15,LSHADE,44,33000,172.512410842177
15,LSHADE,44,36000,172.081468054207
15,LSHADE,44,39000,112.679544040123
15,LSHADE,44,42000,109.758493151805
15,LSHADE,44,45000,109.490047537109
15,LSHADE,44,48000,109.419676449311
15,LSHADE,44,51000,109.230862391274
15,LSHADE,44,54000,108.88865352278
15,LSHADE,44,57000,108.689720052242
15,LSHADE,44,60000,107.030255198059
15,D3-Both,45,3000,779787.843407501
15,D3-Both,45,6000,290017.727343195
15,D3-Both,45,9000,167989.683172938
15,D3-Both,45,12000,142454.926789603
15,D3-Both,45,15000,89884.6569655116
15,D3-Both,45,18000,59174.18392254
15,D3-Both,45,21000,47809.8828933658
15,D3-Both,45,24000,30121.7236487727
15,D3-Both,45,27000,26018.4801968252
15,D3-Both,45,30000,25246.4103147483
15,D3-Both,45,33000,23351.3373520665
15,D3-Both,45,36000,18807.6233797795
15,D3-Both,45,39000,18220.3592363721
15,D3-Both,45,42000,17319.640346309
15,D3-Both,45,45000,16967.7299967924
15,D3-Both,45,48000,16518.2527756156
15,D3-Both,45,51000,13138.2267501749
15,D3-Both,45,54000,13006.0908702621
15,D3-Both,45,57000,11105.3281977058
15,D3-Both,45,60000,11100.1333109979
15,D1-TracingDecay,45,3000,478940.201516759
15,D1-TracingDecay,45,6000,45492.3910981962
15,D1-TracingDecay,45,9000,44957.990345084
15,D1-TracingDecay,45,12000,27349.2413594877
15,D1-TracingDecay,45,15000,12298.2974204476
15,D1-TracingDecay,45,18000,12153.1718675899
15,D1-TracingDecay,45,21000,9586.52563100179
15,D1-TracingDecay,45,24000,8500.33477962571
15,D1-TracingDecay,45,27000,7819.54347427586
15,D1-TracingDecay,45,30000,7770.96829483658
15,D1-TracingDecay,45,33000,6827.85482700943
15,D1-TracingDecay,45,36000,6779.88936341279
15,D1-TracingDecay,45,39000,6760.18721443749
15,D1-TracingDecay,45,42000,6006.33802382069
15,D1-TracingDecay,45,45000,4597.9619934476
15,D1-TracingDecay,45,48000,4211.13822971212
15,D1-TracingDecay,45,51000,4197.3812858285
15,D1-TracingDecay,45,54000,4088.49779822037
15,D1-TracingDecay,45,57000,4038.24512375811
15,D1-TracingDecay,45,60000,4000.01495952333
15,CLPSO,45,3000,1348535305.94122
15,CLPSO,45,6000,848322161.554439
15,CLPSO,45,9000,265198349.006366
15,CLPSO,45,12000,146926908.078261
15,CLPSO,45,15000,98150823.2555223
15,CLPSO,45,18000,98150823.2555223
15,CLPSO,45,21000,61412360.6789168
15,CLPSO,45,24000,27941731.8560356
15,CLPSO,45,27000,12293800.2205879
15,CLPSO,45,30000,12293800.2205879
15,CLPSO,45,33000,10289851.2598512
15,CLPSO,45,36000,4454752.12153001
15,CLPSO,45,39000,1461326.62424263
15,CLPSO,45,42000,1402491.0226769
15,CLPSO,45,45000,436376.144823173
15,CLPSO,45,48000,303478.114154958
15,CLPSO,45,51000,237030.777732039
15,CLPSO,45,54000,227737.979471171
15,CLPSO,45,57000,216472.635290887
15,CLPSO,45,60000,212423.292809236
15,LSHADE,45,3000,1290190.33776493
15,LSHADE,45,6000,2842.86994181975
15,LSHADE,45,9000,450.091956531773
15,LSHADE,45,12000,372.346999651941
15,LSHADE,45,15000,353.533101854682
15,LSHADE,45,18000,313.875172426354
15,LSHADE,45,21000,312.526210610231
15,LSHADE,45,24000,312.325335504698
15,LSHADE,45,27000,312.284777708159
15,LSHADE,45,30000,312.154796266696
15,LSHADE,45,33000,312.10582734863
15,LSHADE,45,36000,311.961830518549
15,LSHADE,45,39000,258.432508597987
15,LSHADE,45,42000,243.854833736539
15,LSHADE,45,45000,242.85126565929
15,LSHADE,45,48000,242.702870339877
15,LSHADE,45,51000,242.637851453102
15,LSHADE,45,54000,242.568846800747
15,LSHADE,45,57000,242.360400263849
15,LSHADE,45,60000,242.250965534497
16,D3-Both,41,3000,1535.52768074294
16,D3-Both,41,6000,974.868174147185
16,D3-Both,41,9000,888.219294142884
16,D3-Both,41,12000,846.005247041014
16,D3-Both,41,15000,780.40998926934
16,D3-Both,41,18000,779.138972989637
16,D3-Both,41,21000,778.417276960526
16,D3-Both,41,24000,768.429199724661
16,D3-Both,41,27000,695.44871586721
16,D3-Both,41,30000,635.314858213235
16,D3-Both,41,33000,569.152379352593
16,D3-Both,41,36000,547.907518046993
16,D3-Both,41,39000,534.277825622312
16,D3-Both,41,42000,521.597268924815
16,D3-Both,41,45000,513.687004010775
16,D3-Both,41,48000,511.817567423428
16,D3-Both,41,51000,510.448825454554
16,D3-Both,41,54000,510.288877438156
16,D3-Both,41,57000,510.260699163094
16,D3-Both,41,60000,510.161347730921
16,D1-TracingDecay,41,3000,1327.02714729812
16,D1-TracingDecay,41,6000,1215.12537322679
16,D1-TracingDecay,41,9000,1189.90867491011
16,D1-TracingDecay,41,12000,956.372395873522
16,D1-TracingDecay,41,15000,913.509662862003
16,D1-TracingDecay,41,18000,891.449024974687
16,D1-TracingDecay,41,21000,887.910627170926
16,D1-TracingDecay,41,24000,882.419787324646
16,D1-TracingDecay,41,27000,881.814627527221
16,D1-TracingDecay,41,30000,880.156900298059
16,D1-TracingDecay,41,33000,878.835582474223
16,D1-TracingDecay,41,36000,876.578669695747
16,D1-TracingDecay,41,39000,873.528426088959
16,D1-TracingDecay,41,42000,871.981017844036
16,D1-TracingDecay,41,45000,870.994409900708
16,D1-TracingDecay,41,48000,870.732545434807
16,D1-TracingDecay,41,51000,869.976880083979
16,D1-TracingDecay,41,54000,869.299686610196
16,D1-TracingDecay,41,57000,869.090386716054
16,D1-TracingDecay,41,60000,868.7459663827
16,CLPSO,41,3000,4928.54344148692
16,CLPSO,41,6000,3207.30451885639
16,CLPSO,41,9000,2929.38619078401
16,CLPSO,41,12000,2523.83795380782
16,CLPSO,41,15000,1991.44206127285
16,CLPSO,41,18000,1902.79922160348
16,CLPSO,41,21000,1866.37928424982
16,CLPSO,41,24000,1838.16752464831
16,CLPSO,41,27000,1838.16752464831
16,CLPSO,41,30000,1753.85931710286
16,CLPSO,41,33000,1651.26579250893
16,CLPSO,41,36000,1478.77673362398
16,CLPSO,41,39000,1375.30086461413
16,CLPSO,41,42000,1358.22714277909
16,CLPSO,41,45000,1274.68429974643
16,CLPSO,41,48000,1220.41470131405
16,CLPSO,41,51000,1209.19281041797
16,CLPSO,41,54000,1186.10003908866
16,CLPSO,41,57000,1178.24664370955
16,CLPSO,41,60000,1172.11895566955
16,LSHADE,41,3000,1664.49918411494
16,LSHADE,41,6000,1526.4886085184
16,LSHADE,41,9000,1411.18119646767
16,LSHADE,41,12000,1248.61997070767
16,LSHADE,41,15000,1225.7173953801
16,LSHADE,41,18000,988.637814392841
16,LSHADE,41,21000,770.533574211631
16,LSHADE,41,24000,676.968970261116
16,LSHADE,41,27000,674.692490060364
16,LSHADE,41,30000,674.190474880372
16,LSHADE,41,33000,522.937511695817
16,LSHADE,41,36000,522.800401442646
16,LSHADE,41,39000,518.020702822412
16,LSHADE,41,42000,517.606315281395
16,LSHADE,41,45000,517.591525629046
16,LSHADE,41,48000,513.783481830907
16,LSHADE,41,51000,494.875987673254
16,LSHADE,41,54000,471.572587003325
16,LSHADE,41,57000,469.672626297222
16,LSHADE,41,60000,461.583586398831
16,D3-Both,42,3000,1520.20906283177
16,D3-Both,42,6000,1408.69258430061
16,D3-Both,42,9000,1236.0701715547
16,D3-Both,42,12000,1161.86511003873
16,D3-Both,42,15000,1155.81051913117
16,D3-Both,42,18000,1141.61312198481
16,D3-Both,42,21000,1139.175913814
16,D3-Both,42,24000,1131.7763649324
16,D3-Both,42,27000,1119.0123102083
16,D3-Both,42,30000,1110.80937579647
16,D3-Both,42,33000,1109.03083697744
16,D3-Both,42,36000,1104.26163200879
16,D3-Both,42,39000,1103.17142266286
16,D3-Both,42,42000,1101.79308886833
16,D3-Both,42,45000,1100.95738879663
16,D3-Both,42,48000,1098.5865101843
16,D3-Both,42,51000,1096.38700325347
16,D3-Both,42,54000,1094.70257053829
16,D3-Both,42,57000,1094.50641628836
16,D3-Both,42,60000,1093.98147693983
16,D1-TracingDecay,42,3000,1154.48960265879
16,D1-TracingDecay,42,6000,1110.81635379918
16,D1-TracingDecay,42,9000,1097.8592363248
16,D1-TracingDecay,42,12000,1093.75984739959
16,D1-TracingDecay,42,15000,1092.64924120666
16,D1-TracingDecay,42,18000,1092.5998812443
16,D1-TracingDecay,42,21000,1092.43459950269
16,D1-TracingDecay,42,24000,772.018522568438
16,D1-TracingDecay,42,27000,747.678760381134
16,D1-TracingDecay,42,30000,742.948449577487
16,D1-TracingDecay,42,33000,733.245411439741
16,D1-TracingDecay,42,36000,727.868089198692
16,D1-TracingDecay,42,39000,727.493434093866
16,D1-TracingDecay,42,42000,725.899492673671
16,D1-TracingDecay,42,45000,701.844735096689
16,D1-TracingDecay,42,48000,700.72259228195
16,D1-TracingDecay,42,51000,700.688926798914
16,D1-TracingDecay,42,54000,691.212035191284
16,D1-TracingDecay,42,57000,680.176924874708
16,D1-TracingDecay,42,60000,659.37126111392
16,CLPSO,42,3000,3530.73163392152
16,CLPSO,42,6000,2813.88038072071
16,CLPSO,42,9000,2669.90364884834
16,CLPSO,42,12000,2633.72476766472
16,CLPSO,42,15000,2414.02132039494
16,CLPSO,42,18000,2399.68186251146
16,CLPSO,42,21000,2399.68186251146
16,CLPSO,42,24000,2051.15434980466
16,CLPSO,42,27000,1841.52941871064
16,CLPSO,42,30000,1841.52941871064
16,CLPSO,42,33000,1634.35043597199
16,CLPSO,42,36000,1482.45456687065
16,CLPSO,42,39000,1454.42301564193
16,CLPSO,42,42000,1448.50482519305
16,CLPSO,42,45000,1350.6668313309
16,CLPSO,42,48000,1343.56470345783
16,CLPSO,42,51000,1343.56470345783
16,CLPSO,42,54000,1316.89705078195
16,CLPSO,42,57000,1257.43096223718
16,CLPSO,42,60000,1116.77349140066
16,LSHADE,42,3000,2282.14580668095
16,LSHADE,42,6000,1594.7441750912
16,LSHADE,42,9000,1381.31444974678
16,LSHADE,42,12000,1270.13824947374
16,LSHADE,42,15000,1096.95112148858
16,LSHADE,42,18000,1010.60896319232
16,LSHADE,42,21000,995.112382137028
16,LSHADE,42,24000,952.21096600384
16,LSHADE,42,27000,948.514313553289
16,LSHADE,42,30000,937.454000310973
16,LSHADE,42,33000,924.163675810865
16,LSHADE,42,36000,643.120631420049
16,LSHADE,42,39000,642.281136332704
16,LSHADE,42,42000,624.857500144679
16,LSHADE,42,45000,562.114296858251
16,LSHADE,42,48000,523.05429413203
16,LSHADE,42,51000,521.880929968239
16,LSHADE,42,54000,510.954836971584
16,LSHADE,42,57000,507.493626371507
16,LSHADE,42,60000,501.64309396113
16,D3-Both,43,3000,1649.50461238333
16,D3-Both,43,6000,1543.98659251568
16,D3-Both,43,9000,1300.68332545137
16,D3-Both,43,12000,1254.26077896193
16,D3-Both,43,15000,1230.58286562217
16,D3-Both,43,18000,1207.38351226025
16,D3-Both,43,21000,1198.32485335927
16,D3-Both,43,24000,1174.76627446325
16,D3-Both,43,27000,1167.1381267765
16,D3-Both,43,30000,1142.08001554411
16,D3-Both,43,33000,1023.82309591847
16,D3-Both,43,36000,807.095794919327
16,D3-Both,43,39000,763.578690298536
16,D3-Both,43,42000,679.621936404059
16,D3-Both,43,45000,676.562256632425
16,D3-Both,43,48000,675.290215115379
16,D3-Both,43,51000,669.562721491371
16,D3-Both,43,54000,667.837267379857
16,D3-Both,43,57000,666.307967250233
16,D3-Both,43,60000,657.77964991103
16,D1-TracingDecay,43,3000,772.635089145978
16,D1-TracingDecay,43,6000,724.988171863458
16,D1-TracingDecay,43,9000,698.042877121477
16,D1-TracingDecay,43,12000,684.012971174659
16,D1-TracingDecay,43,15000,682.072308692845
16,D1-TracingDecay,43,18000,675.035057050713
16,D1-TracingDecay,43,21000,673.190641059101
16,D1-TracingDecay,43,24000,666.423164896164
16,D1-TracingDecay,43,27000,660.260850155508
16,D1-TracingDecay,43,30000,656.024549668253
16,D1-TracingDecay,43,33000,654.796719639995
16,D1-TracingDecay,43,36000,651.497324645972
16,D1-TracingDecay,43,39000,650.431470506439
16,D1-TracingDecay,43,42000,646.710746666239
16,D1-TracingDecay,43,45000,646.101923243866
16,D1-TracingDecay,43,48000,645.574477304489
16,D1-TracingDecay,43,51000,645.052487412511
16,D1-TracingDecay,43,54000,644.281689787568
16,D1-TracingDecay,43,57000,643.500659582375
16,D1-TracingDecay,43,60000,642.632818662754
16,CLPSO,43,3000,3847.24893182355
16,CLPSO,43,6000,3085.58166039529
16,CLPSO,43,9000,2287.55210751232
16,CLPSO,43,12000,2284.70011034166
16,CLPSO,43,15000,1691.89130102656
16,CLPSO,43,18000,1566.39138724356
16,CLPSO,43,21000,1563.22020326216
16,CLPSO,43,24000,1435.3404038142
16,CLPSO,43,27000,1413.46683439355
16,CLPSO,43,30000,1413.46683439355
16,CLPSO,43,33000,1370.21349554054
16,CLPSO,43,36000,1140.82156591598
16,CLPSO,43,39000,1128.16961917026
16,CLPSO,43,42000,1118.87758598473
16,CLPSO,43,45000,1112.86194328311
16,CLPSO,43,48000,1112.86194328311
16,CLPSO,43,51000,995.211800535041
16,CLPSO,43,54000,962.912488383703
16,CLPSO,43,57000,962.912488383703
16,CLPSO,43,60000,956.266124472254
16,LSHADE,43,3000,2010.72803282747
16,LSHADE,43,6000,1308.74298259839
16,LSHADE,43,9000,1253.31132912156
16,LSHADE,43,12000,1140.08775552888
16,LSHADE,43,15000,1043.88090397117
16,LSHADE,43,18000,1029.38984445576
16,LSHADE,43,21000,1026.76764829537
16,LSHADE,43,24000,998.883843205999
16,LSHADE,43,27000,773.977744460218
16,LSHADE,43,30000,761.671895660648
16,LSHADE,43,33000,585.935751854242
16,LSHADE,43,36000,567.779458545725
16,LSHADE,43,39000,500.794559705586
16,LSHADE,43,42000,491.229723163319
16,LSHADE,43,45000,490.649654424552
16,LSHADE,43,48000,484.777681337156
16,LSHADE,43,51000,440.277787972416
16,LSHADE,43,54000,439.871821674037
16,LSHADE,43,57000,439.842707930837
16,LSHADE,43,60000,439.413522761431
16,D3-Both,44,3000,1677.7285397565
16,D3-Both,44,6000,1287.84564606256
16,D3-Both,44,9000,1181.96677830349
16,D3-Both,44,12000,933.109063440179
16,D3-Both,44,15000,810.663479116211
16,D3-Both,44,18000,586.761136097071
16,D3-Both,44,21000,556.197197825929
16,D3-Both,44,24000,553.001958973176
16,D3-Both,44,27000,541.816651337375
16,D3-Both,44,30000,539.194482488529
16,D3-Both,44,33000,536.715647965951
16,D3-Both,44,36000,410.578174763835
16,D3-Both,44,39000,323.822338476682
16,D3-Both,44,42000,313.86083598148
16,D3-Both,44,45000,299.22441160717
16,D3-Both,44,48000,276.160736557206
16,D3-Both,44,51000,271.297229566026
16,D3-Both,44,54000,270.822616555562
16,D3-Both,44,57000,270.577328930685
16,D3-Both,44,60000,270.504355380228
16,D1-TracingDecay,44,3000,1548.67681177693
16,D1-TracingDecay,44,6000,1257.92705443927
16,D1-TracingDecay,44,9000,1194.58390865208
16,D1-TracingDecay,44,12000,1168.81874165128
16,D1-TracingDecay,44,15000,1156.38349667835
16,D1-TracingDecay,44,18000,1138.57705919403
16,D1-TracingDecay,44,21000,1089.67213207393
16,D1-TracingDecay,44,24000,839.100730904667
16,D1-TracingDecay,44,27000,831.519549360632
16,D1-TracingDecay,44,30000,827.205410190043
16,D1-TracingDecay,44,33000,806.875979332096
16,D1-TracingDecay,44,36000,803.037294733906
16,D1-TracingDecay,44,39000,793.804406815616
16,D1-TracingDecay,44,42000,792.460686251333
16,D1-TracingDecay,44,45000,788.215112125504
16,D1-TracingDecay,44,48000,787.712816837522
16,D1-TracingDecay,44,51000,787.579528138703
16,D1-TracingDecay,44,54000,787.222133640857
16,D1-TracingDecay,44,57000,786.74325795875
16,D1-TracingDecay,44,60000,784.791788279723
16,CLPSO,44,3000,4299.86246755848
16,CLPSO,44,6000,2298.51392818273
16,CLPSO,44,9000,2298.51392818273
16,CLPSO,44,12000,2298.51392818273
16,CLPSO,44,15000,2068.05972415209
16,CLPSO,44,18000,2041.67009268661
16,CLPSO,44,21000,1773.96533631994
16,CLPSO,44,24000,1773.96533631994
16,CLPSO,44,27000,1745.68258075371
16,CLPSO,44,30000,1679.44037762962
16,CLPSO,44,33000,1679.44037762962
16,CLPSO,44,36000,1667.33285175854
16,CLPSO,44,39000,1579.50694320817
16,CLPSO,44,42000,1473.15620986499
16,CLPSO,44,45000,1453.70702279476
16,CLPSO,44,48000,1304.27137721321
16,CLPSO,44,51000,1117.88371851778
16,CLPSO,44,54000,1086.60111407398
16,CLPSO,44,57000,1051.93178203483
16,CLPSO,44,60000,1048.34748205866
16,LSHADE,44,3000,1870.1537955666
16,LSHADE,44,6000,873.924041548842
16,LSHADE,44,9000,743.358607771087
16,LSHADE,44,12000,720.670161115182
16,LSHADE,44,15000,664.659122477544
16,LSHADE,44,18000,630.840567027411
16,LSHADE,44,21000,622.799836684765
16,LSHADE,44,24000,579.023829396337
16,LSHADE,44,27000,574.404012232561
16,LSHADE,44,30000,560.576097993953
16,LSHADE,44,33000,550.401010981693
16,LSHADE,44,36000,546.047656192475
16,LSHADE,44,39000,421.818424784794
16,LSHADE,44,42000,383.973528957204
16,LSHADE,44,45000,366.23023978927
16,LSHADE,44,48000,345.017619380717
16,LSHADE,44,51000,272.894265293344
16,LSHADE,44,54000,257.871858050121
16,LSHADE,44,57000,254.778906516305
16,LSHADE,44,60000,241.799425433399
16,D3-Both,45,3000,1690.41461012355
16,D3-Both,45,6000,1410.68333462378
16,D3-Both,45,9000,1374.1325384331
16,D3-Both,45,12000,1307.0038381737
16,D3-Both,45,15000,1262.76614420569
16,D3-Both,45,18000,1220.29064981909
16,D3-Both,45,21000,1185.62140555422
16,D3-Both,45,24000,1136.08772487134
16,D3-Both,45,27000,1126.26812361945
16,D3-Both,45,30000,1109.69301763666
16,D3-Both,45,33000,1082.56152693996
16,D3-Both,45,36000,946.520151536394
16,D3-Both,45,39000,895.396881089179
16,D3-Both,45,42000,872.158189953158
16,D3-Both,45,45000,845.791562817336
16,D3-Both,45,48000,842.401750613044
16,D3-Both,45,51000,812.848651188419
16,D3-Both,45,54000,792.409773872998
16,D3-Both,45,57000,790.814356086318
16,D3-Both,45,60000,790.359430935931
16,D1-TracingDecay,45,3000,1878.74343752678
16,D1-TracingDecay,45,6000,1279.14630708895
16,D1-TracingDecay,45,9000,1213.97948898525
16,D1-TracingDecay,45,12000,1196.07423412868
16,D1-TracingDecay,45,15000,1171.73931370965
16,D1-TracingDecay,45,18000,1162.00462516279
16,D1-TracingDecay,45,21000,1141.94614314297
16,D1-TracingDecay,45,24000,1113.71463528501
16,D1-TracingDecay,45,27000,1102.63463986467
16,D1-TracingDecay,45,30000,1094.48977961333
16,D1-TracingDecay,45,33000,1087.83632966892
16,D1-TracingDecay,45,36000,1085.02077864276
16,D1-TracingDecay,45,39000,1080.40087896708
16,D1-TracingDecay,45,42000,1076.11929954335
16,D1-TracingDecay,45,45000,756.927872271629
16,D1-TracingDecay,45,48000,735.880305243806
16,D1-TracingDecay,45,51000,726.530832529352
16,D1-TracingDecay,45,54000,723.099615940745
16,D1-TracingDecay,45,57000,549.322002072281
16,D1-TracingDecay,45,60000,543.917785349395
16,CLPSO,45,3000,4223.33125451717
16,CLPSO,45,6000,3084.83054226725
16,CLPSO,45,9000,3084.83054226725
16,CLPSO,45,12000,2572.63658600416
16,CLPSO,45,15000,2572.63658600416
16,CLPSO,45,18000,2154.80894171735
16,CLPSO,45,21000,2148.07901928122
16,CLPSO,45,24000,1839.40553228012
16,CLPSO,45,27000,1594.47863567303
16,CLPSO,45,30000,1405.47703023561
16,CLPSO,45,33000,1339.5502459648
16,CLPSO,45,36000,1339.5502459648
16,CLPSO,45,39000,1266.73256920067
16,CLPSO,45,42000,1148.69211690059
16,CLPSO,45,45000,1005.07717503828
16,CLPSO,45,48000,984.720053186544
16,CLPSO,45,51000,984.425587772053
16,CLPSO,45,54000,984.425587772053
16,CLPSO,45,57000,942.115509507719
16,CLPSO,45,60000,942.115509507719
16,LSHADE,45,3000,2421.88276326945
16,LSHADE,45,6000,1519.39424221042
16,LSHADE,45,9000,1413.45532164372
16,LSHADE,45,12000,1221.9825844121
16,LSHADE,45,15000,1209.74604380408
16,LSHADE,45,18000,1050.98639553588
16,LSHADE,45,21000,1046.38598613989
16,LSHADE,45,24000,1043.03288550122
16,LSHADE,45,27000,1042.8209605855
16,LSHADE,45,30000,904.166721474224
16,LSHADE,45,33000,875.285797068414
16,LSHADE,45,36000,838.034505152961
16,LSHADE,45,39000,837.72245269332
16,LSHADE,45,42000,821.911218792633
16,LSHADE,45,45000,819.089665005951
16,LSHADE,45,48000,816.627819429257
16,LSHADE,45,51000,747.870708211641
16,LSHADE,45,54000,719.169744581099
16,LSHADE,45,57000,715.704156028253
16,LSHADE,45,60000,712.919161152093
17,D3-Both,41,3000,671.258006025488
17,D3-Both,41,6000,623.491662273736
17,D3-Both,41,9000,605.965853521716
17,D3-Both,41,12000,518.715440280365
17,D3-Both,41,15000,428.39046249355
17,D3-Both,41,18000,214.003726555978
17,D3-Both,41,21000,201.427185840392
17,D3-Both,41,24000,201.427185840392
17,D3-Both,41,27000,201.427185840392
17,D3-Both,41,30000,201.427185840392
17,D3-Both,41,33000,197.381699023346
17,D3-Both,41,36000,190.96655566297
17,D3-Both,41,39000,190.96655566297
17,D3-Both,41,42000,186.334638599365
17,D3-Both,41,45000,181.354793873978
17,D3-Both,41,48000,181.227380365947
17,D3-Both,41,51000,179.948694154981
17,D3-Both,41,54000,178.169365146177
17,D3-Both,41,57000,177.404588668286
17,D3-Both,41,60000,177.176102619791
17,D1-TracingDecay,41,3000,616.937046479112
17,D1-TracingDecay,41,6000,575.118322205427
17,D1-TracingDecay,41,9000,558.338101031893
17,D1-TracingDecay,41,12000,556.344153739723
17,D1-TracingDecay,41,15000,553.505146657505
17,D1-TracingDecay,41,18000,552.865329022264
17,D1-TracingDecay,41,21000,552.034670700271
17,D1-TracingDecay,41,24000,549.712996954203
17,D1-TracingDecay,41,27000,549.712996954203
17,D1-TracingDecay,41,30000,549.712996954203
17,D1-TracingDecay,41,33000,548.803797049592
17,D1-TracingDecay,41,36000,548.803797049592
17,D1-TracingDecay,41,39000,548.803797049592
17,D1-TracingDecay,41,42000,548.698733144975
17,D1-TracingDecay,41,45000,548.698733144975
17,D1-TracingDecay,41,48000,374.719640273804
17,D1-TracingDecay,41,51000,329.980571082202
17,D1-TracingDecay,41,54000,96.1561242094645
17,D1-TracingDecay,41,57000,86.5407554515421
17,D1-TracingDecay,41,60000,80.857013389721
17,CLPSO,41,3000,2472.45028690058
17,CLPSO,41,6000,1688.53069180074
17,CLPSO,41,9000,1307.75964494265
17,CLPSO,41,12000,1119.63813917877
17,CLPSO,41,15000,1016.32747744942
17,CLPSO,41,18000,1016.32747744942
17,CLPSO,41,21000,873.589000048548
17,CLPSO,41,24000,624.777104320497
17,CLPSO,41,27000,624.777104320497
17,CLPSO,41,30000,557.862471688592
17,CLPSO,41,33000,484.887557212174
17,CLPSO,41,36000,484.887557212174
17,CLPSO,41,39000,438.200239417326
17,CLPSO,41,42000,410.237850538998
17,CLPSO,41,45000,356.904296337545
17,CLPSO,41,48000,350.123671343616
17,CLPSO,41,51000,318.600040656247
17,CLPSO,41,54000,293.096795903101
17,CLPSO,41,57000,293.096795903101
17,CLPSO,41,60000,244.554426066884
17,LSHADE,41,3000,1186.18472195911
17,LSHADE,41,6000,402.243777889747
17,LSHADE,41,9000,395.689724483244
17,LSHADE,41,12000,331.382613242081
17,LSHADE,41,15000,326.806412153587
17,LSHADE,41,18000,323.025830348861
17,LSHADE,41,21000,294.8858893891
17,LSHADE,41,24000,214.156382926672
17,LSHADE,41,27000,171.324773147587
17,LSHADE,41,30000,159.954906563268
17,LSHADE,41,33000,151.097484511427
17,LSHADE,41,36000,105.52748461346
17,LSHADE,41,39000,100.48676924467
17,LSHADE,41,42000,99.2693060113215
17,LSHADE,41,45000,98.2277420446367
17,LSHADE,41,48000,96.5349825304227
17,LSHADE,41,51000,96.492273440213
17,LSHADE,41,54000,93.0530305472701
17,LSHADE,41,57000,92.8386750760226
17,LSHADE,41,60000,91.8255239662271
17,D3-Both,42,3000,517.946402540446
17,D3-Both,42,6000,509.629561881928
17,D3-Both,42,9000,425.144037683942
17,D3-Both,42,12000,331.574549854393
17,D3-Both,42,15000,296.523836000391
17,D3-Both,42,18000,245.31443348388
17,D3-Both,42,21000,241.939773042377
17,D3-Both,42,24000,240.451677201003
17,D3-Both,42,27000,238.424435596594
17,D3-Both,42,30000,238.017856688118
17,D3-Both,42,33000,232.939256728088
17,D3-Both,42,36000,232.939256728088
17,D3-Both,42,39000,229.247917059883
17,D3-Both,42,42000,229.247917059883
17,D3-Both,42,45000,226.622659907307
17,D3-Both,42,48000,223.202749485361
17,D3-Both,42,51000,222.332590417956
17,D3-Both,42,54000,219.825497169765
17,D3-Both,42,57000,218.394662712839
17,D3-Both,42,60000,217.493573181049
17,D1-TracingDecay,42,3000,406.660631496638
17,D1-TracingDecay,42,6000,357.026574886177
17,D1-TracingDecay,42,9000,342.708151977439
17,D1-TracingDecay,42,12000,342.708151977439
17,D1-TracingDecay,42,15000,342.346997574861
17,D1-TracingDecay,42,18000,340.752234428382
17,D1-TracingDecay,42,21000,340.752234428382
17,D1-TracingDecay,42,24000,339.056353942795
17,D1-TracingDecay,42,27000,339.056353942795
17,D1-TracingDecay,42,30000,338.786213977656
17,D1-TracingDecay,42,33000,338.515941098172
17,D1-TracingDecay,42,36000,335.177378641189
17,D1-TracingDecay,42,39000,335.177378641189
17,D1-TracingDecay,42,42000,333.159668912962
17,D1-TracingDecay,42,45000,333.159668912962
17,D1-TracingDecay,42,48000,331.128650137392
17,D1-TracingDecay,42,51000,330.644534966291
17,D1-TracingDecay,42,54000,328.842548822113
17,D1-TracingDecay,42,57000,326.591691377277
17,D1-TracingDecay,42,60000,325.762736177159
17,CLPSO,42,3000,3080.04170259911
17,CLPSO,42,6000,1636.55692846972
17,CLPSO,42,9000,1606.64170702312
17,CLPSO,42,12000,1140.63530429477
17,CLPSO,42,15000,1140.63530429477
17,CLPSO,42,18000,414.373697514406
17,CLPSO,42,21000,377.730601195415
17,CLPSO,42,24000,377.730601195415
17,CLPSO,42,27000,336.766480123384
17,CLPSO,42,30000,302.161001585056
17,CLPSO,42,33000,271.486151943652
17,CLPSO,42,36000,271.486151943652
17,CLPSO,42,39000,271.486151943652
17,CLPSO,42,42000,266.406063406046
17,CLPSO,42,45000,255.418241545566
17,CLPSO,42,48000,239.176973373974
17,CLPSO,42,51000,238.169816807604
17,CLPSO,42,54000,227.305734082257
17,CLPSO,42,57000,227.012235289529
17,CLPSO,42,60000,227.012235289529
17,LSHADE,42,3000,822.879130718433
17,LSHADE,42,6000,616.837947420214
17,LSHADE,42,9000,396.203664012473
17,LSHADE,42,12000,171.122033981581
17,LSHADE,42,15000,118.564282120944
17,LSHADE,42,18000,93.3470200632544
17,LSHADE,42,21000,83.5209701218621
17,LSHADE,42,24000,81.3968186322436
17,LSHADE,42,27000,77.1831043818688
17,LSHADE,42,30000,74.9397044110333
17,LSHADE,42,33000,69.9446744676582
17,LSHADE,42,36000,69.6171605965731
17,LSHADE,42,39000,69.1691902806481
17,LSHADE,42,42000,68.8918352886833
17,LSHADE,42,45000,68.7525411536938
17,LSHADE,42,48000,68.4681024421934
17,LSHADE,42,51000,68.3895667042509
17,LSHADE,42,54000,68.3713050834372
17,LSHADE,42,57000,68.3039800518502
17,LSHADE,42,60000,68.0992893090538
17,D3-Both,43,3000,710.222800995379
17,D3-Both,43,6000,589.736686406771
17,D3-Both,43,9000,453.579757295349
17,D3-Both,43,12000,430.289463668741
17,D3-Both,43,15000,430.289463668741
17,D3-Both,43,18000,413.5835363945
17,D3-Both,43,21000,387.670861638027
17,D3-Both,43,24000,378.064052273718
17,D3-Both,43,27000,376.299609729756
17,D3-Both,43,30000,371.814856631009
17,D3-Both,43,33000,369.787604606665
17,D3-Both,43,36000,365.725671778655
17,D3-Both,43,39000,365.225786068617
17,D3-Both,43,42000,363.618205573252
17,D3-Both,43,45000,362.140113477798
17,D3-Both,43,48000,362.082044855779
17,D3-Both,43,51000,358.959757517816
17,D3-Both,43,54000,357.266376368269
17,D3-Both,43,57000,356.297528801344
17,D3-Both,43,60000,356.007474659982
17,D1-TracingDecay,43,3000,435.644871693969
17,D1-TracingDecay,43,6000,379.957904767546
17,D1-TracingDecay,43,9000,370.192743092196
17,D1-TracingDecay,43,12000,350.013234867237
17,D1-TracingDecay,43,15000,273.554923646283
17,D1-TracingDecay,43,18000,239.760925128766
17,D1-TracingDecay,43,21000,233.138483398952
17,D1-TracingDecay,43,24000,232.791098543192
17,D1-TracingDecay,43,27000,232.163917078457
17,D1-TracingDecay,43,30000,226.318361906254
17,D1-TracingDecay,43,33000,213.999197151059
17,D1-TracingDecay,43,36000,211.785381423605
17,D1-TracingDecay,43,39000,211.785381423605
17,D1-TracingDecay,43,42000,211.785381423605
17,D1-TracingDecay,43,45000,211.785381423605
17,D1-TracingDecay,43,48000,211.785381423605
17,D1-TracingDecay,43,51000,210.868091032588
17,D1-TracingDecay,43,54000,210.502254698055
17,D1-TracingDecay,43,57000,209.798487995824
17,D1-TracingDecay,43,60000,208.609653020794
17,CLPSO,43,3000,2018.27903301035
17,CLPSO,43,6000,1498.2700706623
17,CLPSO,43,9000,1420.62906598354
17,CLPSO,43,12000,1208.13517334871
17,CLPSO,43,15000,1094.55685720275
17,CLPSO,43,18000,949.719932353404
17,CLPSO,43,21000,926.309434464113
17,CLPSO,43,24000,769.522450720219
17,CLPSO,43,27000,693.008597676386
17,CLPSO,43,30000,605.575863201589
17,CLPSO,43,33000,605.575863201589
17,CLPSO,43,36000,588.923204153152
17,CLPSO,43,39000,583.447365743049
17,CLPSO,43,42000,544.071638415821
17,CLPSO,43,45000,544.071638415821
17,CLPSO,43,48000,334.928842845628
17,CLPSO,43,51000,262.694554196284
17,CLPSO,43,54000,248.534672015876
17,CLPSO,43,57000,236.400284635048
17,CLPSO,43,60000,228.396288555926
17,LSHADE,43,3000,924.439851453098
17,LSHADE,43,6000,791.913719800497
17,LSHADE,43,9000,742.665652752488
17,LSHADE,43,12000,722.079581781722
17,LSHADE,43,15000,589.199624586558
17,LSHADE,43,18000,457.450742074591
17,LSHADE,43,21000,445.852905251857
17,LSHADE,43,24000,301.127470919367
17,LSHADE,43,27000,198.118179044037
17,LSHADE,43,30000,192.308759318534
17,LSHADE,43,33000,176.092647898624
17,LSHADE,43,36000,157.20208466387
17,LSHADE,43,39000,155.2753851663
17,LSHADE,43,42000,130.694411358318
17,LSHADE,43,45000,119.244164832435
17,LSHADE,43,48000,102.138376794867
17,LSHADE,43,51000,91.79227687812
17,LSHADE,43,54000,90.2722943768101
17,LSHADE,43,57000,90.151731323597
17,LSHADE,43,60000,89.8884028244779
17,D3-Both,44,3000,916.95191534727
17,D3-Both,44,6000,744.743707764965
17,D3-Both,44,9000,592.85343311634
17,D3-Both,44,12000,563.902485758862
17,D3-Both,44,15000,429.590665064344
17,D3-Both,44,18000,409.437380864843
17,D3-Both,44,21000,400.346336421022
17,D3-Both,44,24000,388.381441362654
17,D3-Both,44,27000,375.749374307478
17,D3-Both,44,30000,371.998814317699
17,D3-Both,44,33000,365.736966986245
17,D3-Both,44,36000,360.020593091337
17,D3-Both,44,39000,355.709810196393
17,D3-Both,44,42000,355.464071833536
17,D3-Both,44,45000,349.570562412192
17,D3-Both,44,48000,346.196406202072
17,D3-Both,44,51000,342.005685137313
17,D3-Both,44,54000,340.473247885981
17,D3-Both,44,57000,338.525016712268
17,D3-Both,44,60000,338.186289659918
17,D1-TracingDecay,44,3000,621.480006729561
17,D1-TracingDecay,44,6000,542.272299313692
17,D1-TracingDecay,44,9000,386.567925142066
17,D1-TracingDecay,44,12000,362.590772779778
17,D1-TracingDecay,44,15000,362.590772779778
17,D1-TracingDecay,44,18000,359.629089170519
17,D1-TracingDecay,44,21000,359.629089170519
17,D1-TracingDecay,44,24000,357.54682339034
17,D1-TracingDecay,44,27000,355.871498370342
17,D1-TracingDecay,44,30000,355.871498370342
17,D1-TracingDecay,44,33000,354.339341247953
17,D1-TracingDecay,44,36000,354.339341247953
17,D1-TracingDecay,44,39000,354.339341247953
17,D1-TracingDecay,44,42000,352.462436500246
17,D1-TracingDecay,44,45000,352.462436500246
17,D1-TracingDecay,44,48000,351.65044449665
17,D1-TracingDecay,44,51000,350.005037854942
17,D1-TracingDecay,44,54000,348.146224841206
17,D1-TracingDecay,44,57000,346.524058134143
17,D1-TracingDecay,44,60000,346.230971413257
17,CLPSO,44,3000,1627.31555239907
17,CLPSO,44,6000,1298.85142719177
17,CLPSO,44,9000,1298.85142719177
17,CLPSO,44,12000,1260.03363314395
17,CLPSO,44,15000,988.126192762674
17,CLPSO,44,18000,819.947471914321
17,CLPSO,44,21000,769.023297057193
17,CLPSO,44,24000,684.297816163622
17,CLPSO,44,27000,583.819282587367
17,CLPSO,44,30000,583.819282587367
17,CLPSO,44,33000,583.819282587367
17,CLPSO,44,36000,464.20069335877
17,CLPSO,44,39000,407.196586811546
17,CLPSO,44,42000,398.390931504264
17,CLPSO,44,45000,344.836690098687
17,CLPSO,44,48000,326.039637235941
17,CLPSO,44,51000,316.415927193701
17,CLPSO,44,54000,306.378942953667
17,CLPSO,44,57000,300.237187648718
17,CLPSO,44,60000,278.061152485652
17,LSHADE,44,3000,940.979923285417
17,LSHADE,44,6000,508.198169430698
17,LSHADE,44,9000,440.313048429463
17,LSHADE,44,12000,298.99194483063
17,LSHADE,44,15000,291.132639164924
17,LSHADE,44,18000,228.557892999153
17,LSHADE,44,21000,156.38619245882
17,LSHADE,44,24000,132.870738111784
17,LSHADE,44,27000,123.163240392542
17,LSHADE,44,30000,78.2166206689324
17,LSHADE,44,33000,74.8247576936635
17,LSHADE,44,36000,73.0477005886682
17,LSHADE,44,39000,72.4626385365275
17,LSHADE,44,42000,71.6972561904226
17,LSHADE,44,45000,71.1396519481034
17,LSHADE,44,48000,71.0006175180843
17,LSHADE,44,51000,67.8576446082157
17,LSHADE,44,54000,64.2001337933712
17,LSHADE,44,57000,63.4253264187034
17,LSHADE,44,60000,61.9930775399478
17,D3-Both,45,3000,754.851213651762
17,D3-Both,45,6000,588.854053902644
17,D3-Both,45,9000,584.3637076865
17,D3-Both,45,12000,518.908501170226
17,D3-Both,45,15000,439.616586433292
17,D3-Both,45,18000,428.613126672944
17,D3-Both,45,21000,390.978566405803
17,D3-Both,45,24000,390.597153813191
17,D3-Both,45,27000,380.197412515779
17,D3-Both,45,30000,380.197412515779
17,D3-Both,45,33000,380.197412515779
17,D3-Both,45,36000,378.691884329726
17,D3-Both,45,39000,378.691884329726
17,D3-Both,45,42000,378.589796309323
17,D3-Both,45,45000,377.718373671407
17,D3-Both,45,48000,374.170114493644
17,D3-Both,45,51000,368.278871128228
17,D3-Both,45,54000,364.237336265966
17,D3-Both,45,57000,358.754099140884
17,D3-Both,45,60000,357.242126288626
17,D1-TracingDecay,45,3000,754.904911086292
17,D1-TracingDecay,45,6000,180.835131095813
17,D1-TracingDecay,45,9000,146.319584115098
17,D1-TracingDecay,45,12000,134.170574168984
17,D1-TracingDecay,45,15000,129.771250346342
17,D1-TracingDecay,45,18000,128.835101270309
17,D1-TracingDecay,45,21000,128.835101270309
17,D1-TracingDecay,45,24000,127.722831595309
17,D1-TracingDecay,45,27000,125.60120607083
17,D1-TracingDecay,45,30000,125.241140585283
17,D1-TracingDecay,45,33000,124.010203487328
17,D1-TracingDecay,45,36000,123.70971344294
17,D1-TracingDecay,45,39000,121.997078607092
17,D1-TracingDecay,45,42000,120.617939834993
17,D1-TracingDecay,45,45000,120.617939834993
17,D1-TracingDecay,45,48000,120.617939834993
17,D1-TracingDecay,45,51000,119.622852941088
17,D1-TracingDecay,45,54000,119.480879067636
17,D1-TracingDecay,45,57000,118.891270200541
17,D1-TracingDecay,45,60000,117.484542561436
17,CLPSO,45,3000,2657.39035161599
17,CLPSO,45,6000,1669.59100001578
17,CLPSO,45,9000,1131.66633265458
17,CLPSO,45,12000,1020.46607443173
17,CLPSO,45,15000,950.137097739756
17,CLPSO,45,18000,941.848755982226
17,CLPSO,45,21000,866.984799583254
17,CLPSO,45,24000,843.756640340735
17,CLPSO,45,27000,803.830164327641
17,CLPSO,45,30000,707.538332349558
17,CLPSO,45,33000,704.472176714739
17,CLPSO,45,36000,569.639590997124
17,CLPSO,45,39000,565.358328575624
17,CLPSO,45,42000,505.920500858646
17,CLPSO,45,45000,451.717668176189
17,CLPSO,45,48000,451.717668176189
17,CLPSO,45,51000,451.717668176189
17,CLPSO,45,54000,444.902679223796
17,CLPSO,45,57000,390.350767692016
17,CLPSO,45,60000,349.330884049908
17,LSHADE,45,3000,741.079389788663
17,LSHADE,45,6000,660.178335350797
17,LSHADE,45,9000,636.470491611178
17,LSHADE,45,12000,615.088461325381
17,LSHADE,45,15000,580.431368663124
17,LSHADE,45,18000,489.661221102756
17,LSHADE,45,21000,487.255954927799
17,LSHADE,45,24000,435.492667738135
17,LSHADE,45,27000,309.763032073581
17,LSHADE,45,30000,263.822853310511
17,LSHADE,45,33000,250.859445524557
17,LSHADE,45,36000,236.699625474041
17,LSHADE,45,39000,215.910932588809
17,LSHADE,45,42000,207.939424298198
17,LSHADE,45,45000,187.87622576588
17,LSHADE,45,48000,171.249902779627
17,LSHADE,45,51000,170.202492976242
17,LSHADE,45,54000,169.872502829474
17,LSHADE,45,57000,168.943327941161
17,LSHADE,45,60000,168.759600943179
18,D3-Both,41,3000,1312894.4653226
18,D3-Both,41,6000,729760.221329806
18,D3-Both,41,9000,663956.333973808
18,D3-Both,41,12000,653262.709750946
18,D3-Both,41,15000,559690.637702242
18,D3-Both,41,18000,490828.505807441
18,D3-Both,41,21000,490828.505807441
18,D3-Both,41,24000,490797.575222728
18,D3-Both,41,27000,482981.609223965
18,D3-Both,41,30000,482981.609223965
18,D3-Both,41,33000,482976.940495594
18,D3-Both,41,36000,482968.594817788
18,D3-Both,41,39000,482065.38389346
18,D3-Both,41,42000,480653.245109183
18,D3-Both,41,45000,424004.527947954
18,D3-Both,41,48000,421910.867670295
18,D3-Both,41,51000,416957.598622596
18,D3-Both,41,54000,396955.921709672
18,D3-Both,41,57000,395265.740737349
18,D3-Both,41,60000,385059.548945929
18,D1-TracingDecay,41,3000,1365436.04629021
18,D1-TracingDecay,41,6000,1254958.66943416
18,D1-TracingDecay,41,9000,1189121.37881444
18,D1-TracingDecay,41,12000,457842.783997102
18,D1-TracingDecay,41,15000,379681.433558492
18,D1-TracingDecay,41,18000,334702.464763826
18,D1-TracingDecay,41,21000,308147.987430123
18,D1-TracingDecay,41,24000,294553.316020526
18,D1-TracingDecay,41,27000,274171.9961449
18,D1-TracingDecay,41,30000,270662.139232251
18,D1-TracingDecay,41,33000,270116.005275949
18,D1-TracingDecay,41,36000,269315.474615924
18,D1-TracingDecay,41,39000,269312.844980054
18,D1-TracingDecay,41,42000,269069.677985148
18,D1-TracingDecay,41,45000,269062.030283197
18,D1-TracingDecay,41,48000,268703.467325004
18,D1-TracingDecay,41,51000,268469.282423078
18,D1-TracingDecay,41,54000,267377.70136477
18,D1-TracingDecay,41,57000,266666.575800442
18,D1-TracingDecay,41,60000,266552.355004629
18,CLPSO,41,3000,121180455.206735
18,CLPSO,41,6000,121180455.206735
18,CLPSO,41,9000,24510264.6528827
18,CLPSO,41,12000,21164112.8852541
18,CLPSO,41,15000,6157484.10151703
18,CLPSO,41,18000,2056100.60480111
18,CLPSO,41,21000,1989505.53948873
18,CLPSO,41,24000,1989403.96909009
18,CLPSO,41,27000,768925.353214687
18,CLPSO,41,30000,768925.353214687
18,CLPSO,41,33000,768925.353214687
18,CLPSO,41,36000,768925.353214687
18,CLPSO,41,39000,768925.353214687
18,CLPSO,41,42000,759265.237288876
18,CLPSO,41,45000,758106.419503218
18,CLPSO,41,48000,735503.026374189
18,CLPSO,41,51000,735420.911342505
18,CLPSO,41,54000,735236.446745997
18,CLPSO,41,57000,735236.446745997
18,CLPSO,41,60000,733113.335288377
18,LSHADE,41,3000,418149.343014804
18,LSHADE,41,6000,14645.9965430471
18,LSHADE,41,9000,7488.49981944654
18,LSHADE,41,12000,1994.93400980939
18,LSHADE,41,15000,451.563849795717
18,LSHADE,41,18000,351.115544160831
18,LSHADE,41,21000,295.005943315834
18,LSHADE,41,24000,277.795138744562
18,LSHADE,41,27000,259.669485770143
18,LSHADE,41,30000,236.324662402161
18,LSHADE,41,33000,235.800152807284
18,LSHADE,41,36000,221.396665950145
18,LSHADE,41,39000,219.709334245643
18,LSHADE,41,42000,218.410069531763
18,LSHADE,41,45000,217.022761213974
18,LSHADE,41,48000,216.013574565004
18,LSHADE,41,51000,215.499757171409
18,LSHADE,41,54000,210.777690022489
18,LSHADE,41,57000,210.266428588455
18,LSHADE,41,60000,208.583204383246
18,D3-Both,42,3000,3897402.25071618
18,D3-Both,42,6000,2208437.26988702
18,D3-Both,42,9000,2015292.61419301
18,D3-Both,42,12000,1067591.30972579
18,D3-Both,42,15000,1058550.18117434
18,D3-Both,42,18000,748629.130049374
18,D3-Both,42,21000,748626.727647198
18,D3-Both,42,24000,625393.02945395
18,D3-Both,42,27000,577240.775662781
18,D3-Both,42,30000,577212.529974278
18,D3-Both,42,33000,558637.396824768
18,D3-Both,42,36000,553377.471166789
18,D3-Both,42,39000,553373.244502418
18,D3-Both,42,42000,553359.214724839
18,D3-Both,42,45000,536699.512336977
18,D3-Both,42,48000,536696.325719652
18,D3-Both,42,51000,445311.440858238
18,D3-Both,42,54000,394173.198289631
18,D3-Both,42,57000,392303.835132376
18,D3-Both,42,60000,382357.200223043
18,D1-TracingDecay,42,3000,552342.540651847
18,D1-TracingDecay,42,6000,282663.466115341
18,D1-TracingDecay,42,9000,282541.352507694
18,D1-TracingDecay,42,12000,278132.875373672
18,D1-TracingDecay,42,15000,278130.175842749
18,D1-TracingDecay,42,18000,272422.578350425
18,D1-TracingDecay,42,21000,265849.160477661
18,D1-TracingDecay,42,24000,212461.748972611
18,D1-TracingDecay,42,27000,183643.667032113
18,D1-TracingDecay,42,30000,151080.106006126
18,D1-TracingDecay,42,33000,149796.398666633
18,D1-TracingDecay,42,36000,147199.416213088
18,D1-TracingDecay,42,39000,138545.201778233
18,D1-TracingDecay,42,42000,131563.310317094
18,D1-TracingDecay,42,45000,131025.618777679
18,D1-TracingDecay,42,48000,131019.535395548
18,D1-TracingDecay,42,51000,130981.785343528
18,D1-TracingDecay,42,54000,130789.671370789
18,D1-TracingDecay,42,57000,129927.934057739
18,D1-TracingDecay,42,60000,129258.974043121
18,CLPSO,42,3000,54270135.0587091
18,CLPSO,42,6000,8151970.95393311
18,CLPSO,42,9000,5082222.48881146
18,CLPSO,42,12000,4105621.55414478
18,CLPSO,42,15000,3312091.13059582
18,CLPSO,42,18000,3045020.09843708
18,CLPSO,42,21000,3044840.7054153
18,CLPSO,42,24000,3044840.7054153
18,CLPSO,42,27000,3044840.7054153
18,CLPSO,42,30000,2150944.71748114
18,CLPSO,42,33000,2150944.71748114
18,CLPSO,42,36000,2150944.71748114
18,CLPSO,42,39000,2044947.79750345
18,CLPSO,42,42000,1756888.36045214
18,CLPSO,42,45000,1756888.36045214
18,CLPSO,42,48000,1756888.36045214
18,CLPSO,42,51000,1756888.36045214
18,CLPSO,42,54000,1561225.15443058
18,CLPSO,42,57000,1561225.15443058
18,CLPSO,42,60000,1561225.15443058
18,LSHADE,42,3000,606016.882115172
18,LSHADE,42,6000,43904.5878615752
18,LSHADE,42,9000,7543.69142475464
18,LSHADE,42,12000,1250.68123777201
18,LSHADE,42,15000,927.478274331687
18,LSHADE,42,18000,708.305591327446
18,LSHADE,42,21000,552.862819831985
18,LSHADE,42,24000,511.983567210258
18,LSHADE,42,27000,489.986520073485
18,LSHADE,42,30000,452.576161932309
18,LSHADE,42,33000,418.563515331036
18,LSHADE,42,36000,417.72757331714
18,LSHADE,42,39000,414.501844060339
18,LSHADE,42,42000,373.371754054627
18,LSHADE,42,45000,367.053344867562
18,LSHADE,42,48000,344.525772016705
18,LSHADE,42,51000,343.579988718561
18,LSHADE,42,54000,337.360665545631
18,LSHADE,42,57000,336.919902420339
18,LSHADE,42,60000,311.214555232143
18,D3-Both,43,3000,2440158.11150804
18,D3-Both,43,6000,2141992.49502264
18,D3-Both,43,9000,1349299.05135257
18,D3-Both,43,12000,618282.208892119
18,D3-Both,43,15000,508916.862867164
18,D3-Both,43,18000,307514.903846435
18,D3-Both,43,21000,307509.006623568
18,D3-Both,43,24000,276002.846262173
18,D3-Both,43,27000,252507.348749742
18,D3-Both,43,30000,154053.403031388
18,D3-Both,43,33000,154010.52184598
18,D3-Both,43,36000,154007.118634174
18,D3-Both,43,39000,153988.462685983
18,D3-Both,43,42000,153980.900445469
18,D3-Both,43,45000,153087.076479906
18,D3-Both,43,48000,152198.712015063
18,D3-Both,43,51000,152178.63275324
18,D3-Both,43,54000,152176.92250875
18,D3-Both,43,57000,146505.353440848
18,D3-Both,43,60000,133800.699791325
18,D1-TracingDecay,43,3000,286451.722886624
18,D1-TracingDecay,43,6000,262620.294197753
18,D1-TracingDecay,43,9000,256056.335705561
18,D1-TracingDecay,43,12000,255988.344092863
18,D1-TracingDecay,43,15000,255973.608474646
18,D1-TracingDecay,43,18000,255373.809521833
18,D1-TracingDecay,43,21000,255132.289677249
18,D1-TracingDecay,43,24000,254905.6289126
18,D1-TracingDecay,43,27000,254828.55857501
18,D1-TracingDecay,43,30000,254302.472235724
18,D1-TracingDecay,43,33000,253356.080319985
18,D1-TracingDecay,43,36000,253296.905697778
18,D1-TracingDecay,43,39000,247801.191187187
18,D1-TracingDecay,43,42000,247344.935342189
18,D1-TracingDecay,43,45000,246844.067110277
18,D1-TracingDecay,43,48000,246656.824021827
18,D1-TracingDecay,43,51000,246642.509715849
18,D1-TracingDecay,43,54000,246349.837042235
18,D1-TracingDecay,43,57000,244892.810169803
18,D1-TracingDecay,43,60000,244491.876606732
18,CLPSO,43,3000,31478690.3244193
18,CLPSO,43,6000,14021635.1300092
18,CLPSO,43,9000,14021635.1300092
18,CLPSO,43,12000,14021635.1300092
18,CLPSO,43,15000,5207886.20587815
18,CLPSO,43,18000,5207886.20587815
18,CLPSO,43,21000,1190749.60306354
18,CLPSO,43,24000,1190749.60306354
18,CLPSO,43,27000,1190749.60306354
18,CLPSO,43,30000,1101029.59933808
18,CLPSO,43,33000,1101029.59933808
18,CLPSO,43,36000,1085032.38176995
18,CLPSO,43,39000,512603.14291645
18,CLPSO,43,42000,512602.503289709
18,CLPSO,43,45000,511152.120625072
18,CLPSO,43,48000,418653.045859821
18,CLPSO,43,51000,418603.232703201
18,CLPSO,43,54000,168519.2072981
18,CLPSO,43,57000,168519.2072981
18,CLPSO,43,60000,168503.380438571
18,LSHADE,43,3000,301182.751683754
18,LSHADE,43,6000,12173.0719934157
18,LSHADE,43,9000,2665.68866937911
18,LSHADE,43,12000,380.289717189756
18,LSHADE,43,15000,227.658753428216
18,LSHADE,43,18000,151.305105990018
18,LSHADE,43,21000,105.70125138553
18,LSHADE,43,24000,69.4659820939355
18,LSHADE,43,27000,53.3479407467173
18,LSHADE,43,30000,52.6316850554472
18,LSHADE,43,33000,52.049227683513
18,LSHADE,43,36000,51.7953026230962
18,LSHADE,43,39000,50.9171808931378
18,LSHADE,43,42000,50.4352321218269
18,LSHADE,43,45000,50.3438591221961
18,LSHADE,43,48000,50.2782076772405
18,LSHADE,43,51000,50.2282306648819
18,LSHADE,43,54000,50.2064888912021
18,LSHADE,43,57000,50.1961803451045
18,LSHADE,43,60000,50.1925691202091
18,D3-Both,44,3000,322896.103836843
18,D3-Both,44,6000,164756.935631997
18,D3-Both,44,9000,142452.127294846
18,D3-Both,44,12000,132280.549297733
18,D3-Both,44,15000,132280.549297733
18,D3-Both,44,18000,132264.489271448
18,D3-Both,44,21000,120185.849440114
18,D3-Both,44,24000,87610.4739819944
18,D3-Both,44,27000,87610.4739819944
18,D3-Both,44,30000,85175.2391363087
18,D3-Both,44,33000,75257.4054727631
18,D3-Both,44,36000,75257.4054727631
18,D3-Both,44,39000,75250.2185115293
18,D3-Both,44,42000,75246.3683170347
18,D3-Both,44,45000,69521.2877731507
18,D3-Both,44,48000,68272.9895736259
18,D3-Both,44,51000,48253.610482937
18,D3-Both,44,54000,41340.0373669117
18,D3-Both,44,57000,41340.0373669117
18,D3-Both,44,60000,38597.4253466845
18,D1-TracingDecay,44,3000,6161595.58526054
18,D1-TracingDecay,44,6000,5829043.28088657
18,D1-TracingDecay,44,9000,5764695.29006738
18,D1-TracingDecay,44,12000,1018298.4825677
18,D1-TracingDecay,44,15000,353248.036314891
18,D1-TracingDecay,44,18000,262921.378330789
18,D1-TracingDecay,44,21000,258492.141248452
18,D1-TracingDecay,44,24000,254548.884789574
18,D1-TracingDecay,44,27000,252618.716633227
18,D1-TracingDecay,44,30000,252320.826108778
18,D1-TracingDecay,44,33000,252234.705084397
18,D1-TracingDecay,44,36000,252043.000832985
18,D1-TracingDecay,44,39000,250057.442997495
18,D1-TracingDecay,44,42000,247280.109382109
18,D1-TracingDecay,44,45000,245622.500707565
18,D1-TracingDecay,44,48000,241069.836844662
18,D1-TracingDecay,44,51000,240358.010258693
18,D1-TracingDecay,44,54000,240324.280096138
18,D1-TracingDecay,44,57000,240244.071970939
18,D1-TracingDecay,44,60000,239462.851190483
18,CLPSO,44,3000,93328550.2056068
18,CLPSO,44,6000,51270755.5774139
18,CLPSO,44,9000,15670755.6342499
18,CLPSO,44,12000,15634599.6163192
18,CLPSO,44,15000,7373666.75685752
18,CLPSO,44,18000,7254399.64639702
18,CLPSO,44,21000,7254399.64639702
18,CLPSO,44,24000,5961637.83096731
18,CLPSO,44,27000,4459755.55862707
18,CLPSO,44,30000,3807610.36090069
18,CLPSO,44,33000,3015328.50386543
18,CLPSO,44,36000,2459862.63969026
18,CLPSO,44,39000,831848.113131716
18,CLPSO,44,42000,487055.199537594
18,CLPSO,44,45000,467526.970259586
18,CLPSO,44,48000,467526.970259586
18,CLPSO,44,51000,467526.970259586
18,CLPSO,44,54000,429433.399761395
18,CLPSO,44,57000,384054.433911985
18,CLPSO,44,60000,384054.433911985
18,LSHADE,44,3000,196192.77865372
18,LSHADE,44,6000,6520.38872718037
18,LSHADE,44,9000,693.775802499418
18,LSHADE,44,12000,502.137743008734
18,LSHADE,44,15000,458.39856229663
18,LSHADE,44,18000,352.834253137367
18,LSHADE,44,21000,343.116754991373
18,LSHADE,44,24000,342.44094668808
18,LSHADE,44,27000,342.170936085155
18,LSHADE,44,30000,341.826556472934
18,LSHADE,44,33000,341.04747468596
18,LSHADE,44,36000,340.880866597345
18,LSHADE,44,39000,339.890101333578
18,LSHADE,44,42000,339.772572697587
18,LSHADE,44,45000,339.443272119034
18,LSHADE,44,48000,339.003390406008
18,LSHADE,44,51000,338.330218644264
18,LSHADE,44,54000,337.26450052286
18,LSHADE,44,57000,337.071058981915
18,LSHADE,44,60000,337.010180008395
18,D3-Both,45,3000,2710130.29287213
18,D3-Both,45,6000,1302566.71601608
18,D3-Both,45,9000,971347.754464056
18,D3-Both,45,12000,688773.428387294
18,D3-Both,45,15000,688496.664430115
18,D3-Both,45,18000,617881.956529232
18,D3-Both,45,21000,493689.458516367
18,D3-Both,45,24000,493689.458516367
18,D3-Both,45,27000,475963.155614115
18,D3-Both,45,30000,374320.689329421
18,D3-Both,45,33000,359360.140574893
18,D3-Both,45,36000,359244.437941686
18,D3-Both,45,39000,339772.388326336
18,D3-Both,45,42000,339766.470687921
18,D3-Both,45,45000,339088.094378357
18,D3-Both,45,48000,339085.867871633
18,D3-Both,45,51000,339063.628968362
18,D3-Both,45,54000,338874.224100792
18,D3-Both,45,57000,321908.848812092
18,D3-Both,45,60000,320531.856171671
18,D1-TracingDecay,45,3000,1163499.58539351
18,D1-TracingDecay,45,6000,1090493.05099235
18,D1-TracingDecay,45,9000,1086754.56274223
18,D1-TracingDecay,45,12000,1086364.91593993
18,D1-TracingDecay,45,15000,1086350.89182183
18,D1-TracingDecay,45,18000,526546.924549315
18,D1-TracingDecay,45,21000,524897.085592256
18,D1-TracingDecay,45,24000,505330.369672488
18,D1-TracingDecay,45,27000,370450.280076297
18,D1-TracingDecay,45,30000,369826.829123175
18,D1-TracingDecay,45,33000,364777.338421248
18,D1-TracingDecay,45,36000,364582.831587155
18,D1-TracingDecay,45,39000,364254.071965109
18,D1-TracingDecay,45,42000,364251.92154984
18,D1-TracingDecay,45,45000,353508.304049168
18,D1-TracingDecay,45,48000,331344.054513737
18,D1-TracingDecay,45,51000,300889.081425047
18,D1-TracingDecay,45,54000,288776.48270987
18,D1-TracingDecay,45,57000,280866.324940093
18,D1-TracingDecay,45,60000,279075.594897479
18,CLPSO,45,3000,19198739.6322539
18,CLPSO,45,6000,19198739.6322539
18,CLPSO,45,9000,19198739.6322539
18,CLPSO,45,12000,17280911.56977
18,CLPSO,45,15000,9102210.13790398
18,CLPSO,45,18000,8383895.91536416
18,CLPSO,45,21000,958563.416445194
18,CLPSO,45,24000,958563.416445194
18,CLPSO,45,27000,958563.416445194
18,CLPSO,45,30000,458197.993918252
18,CLPSO,45,33000,458197.993918252
18,CLPSO,45,36000,458197.993918252
18,CLPSO,45,39000,458197.993918252
18,CLPSO,45,42000,436826.4338979
18,CLPSO,45,45000,436826.4338979
18,CLPSO,45,48000,436826.4338979
18,CLPSO,45,51000,436826.4338979
18,CLPSO,45,54000,436826.4338979
18,CLPSO,45,57000,436826.4338979
18,CLPSO,45,60000,436826.4338979
18,LSHADE,45,3000,588302.849879892
18,LSHADE,45,6000,7864.63274097934
18,LSHADE,45,9000,2709.63254586614
18,LSHADE,45,12000,1432.76489734378
18,LSHADE,45,15000,439.511336357988
18,LSHADE,45,18000,392.791197988072
18,LSHADE,45,21000,348.108357781698
18,LSHADE,45,24000,317.920535118235
18,LSHADE,45,27000,254.048943185127
18,LSHADE,45,30000,164.207717239943
18,LSHADE,45,33000,144.979544020949
18,LSHADE,45,36000,135.707141713123
18,LSHADE,45,39000,132.771410143724
18,LSHADE,45,42000,131.847243265153
18,LSHADE,45,45000,118.36430727063
18,LSHADE,45,48000,108.001430198373
18,LSHADE,45,51000,103.440161623847
18,LSHADE,45,54000,102.639923951539
18,LSHADE,45,57000,102.40401344697
18,LSHADE,45,60000,102.367055605978
19,D3-Both,41,3000,7439109.53727442
19,D3-Both,41,6000,2920418.07028158
19,D3-Both,41,9000,1673231.07945066
19,D3-Both,41,12000,874589.829642381
19,D3-Both,41,15000,427248.248039678
19,D3-Both,41,18000,190718.013535181
19,D3-Both,41,21000,73358.7635574179
19,D3-Both,41,24000,46968.3345687995
19,D3-Both,41,27000,30498.3093526453
19,D3-Both,41,30000,20523.6972760952
19,D3-Both,41,33000,16917.902398638
19,D3-Both,41,36000,13873.3459014644
19,D3-Both,41,39000,6668.60576866079
19,D3-Both,41,42000,5877.83196065795
19,D3-Both,41,45000,5812.56718925044
19,D3-Both,41,48000,4678.1791520023
19,D3-Both,41,51000,2747.35254004381
19,D3-Both,41,54000,2699.1641928257
19,D3-Both,41,57000,1950.3227231231
19,D3-Both,41,60000,726.382124483708
19,D1-TracingDecay,41,3000,87655.186077083
19,D1-TracingDecay,41,6000,20868.7856470493
19,D1-TracingDecay,41,9000,19751.105581378
19,D1-TracingDecay,41,12000,19191.0020325925
19,D1-TracingDecay,41,15000,16788.0696688798
19,D1-TracingDecay,41,18000,2611.29628022782
19,D1-TracingDecay,41,21000,2551.88001880968
19,D1-TracingDecay,41,24000,2541.45660823154
19,D1-TracingDecay,41,27000,2038.16287122537
19,D1-TracingDecay,41,30000,1488.67702496469
19,D1-TracingDecay,41,33000,1412.09873846145
19,D1-TracingDecay,41,36000,1409.49271867838
19,D1-TracingDecay,41,39000,1407.02150046312
19,D1-TracingDecay,41,42000,943.806111668214
19,D1-TracingDecay,41,45000,920.395736353094
19,D1-TracingDecay,41,48000,915.797406890269
19,D1-TracingDecay,41,51000,915.797406890269
19,D1-TracingDecay,41,54000,915.608908679009
19,D1-TracingDecay,41,57000,915.420135728149
19,D1-TracingDecay,41,60000,606.203794881799
19,CLPSO,41,3000,2943125028.83076
19,CLPSO,41,6000,1134950449.74381
19,CLPSO,41,9000,419928736.329027
19,CLPSO,41,12000,102096425.907349
19,CLPSO,41,15000,102096425.907349
19,CLPSO,41,18000,37944173.1351913
19,CLPSO,41,21000,16145084.3457849
19,CLPSO,41,24000,16145084.3457849
19,CLPSO,41,27000,14060945.8370564
19,CLPSO,41,30000,6286190.99301541
19,CLPSO,41,33000,5004784.72321513
19,CLPSO,41,36000,2238917.69759704
19,CLPSO,41,39000,2237263.10269255
19,CLPSO,41,42000,781685.178768804
19,CLPSO,41,45000,777645.287910098
19,CLPSO,41,48000,562747.454826461
19,CLPSO,41,51000,328108.528917427
19,CLPSO,41,54000,311289.113999632
19,CLPSO,41,57000,301162.071868804
19,CLPSO,41,60000,245496.815027043
19,LSHADE,41,3000,645367.222278162
19,LSHADE,41,6000,329.460394923881
19,LSHADE,41,9000,108.014249008214
19,LSHADE,41,12000,58.5060517186937
19,LSHADE,41,15000,55.1310993291638
19,LSHADE,41,18000,53.6066550313526
19,LSHADE,41,21000,53.3223670745624
19,LSHADE,41,24000,53.0935061247383
19,LSHADE,41,27000,53.0783159580969
19,LSHADE,41,30000,53.0742459864155
19,LSHADE,41,33000,53.0720419367624
19,LSHADE,41,36000,53.0655376369182
19,LSHADE,41,39000,53.0623976406894
19,LSHADE,41,42000,53.0575450065539
19,LSHADE,41,45000,53.0500339543532
19,LSHADE,41,48000,53.0492307299548
19,LSHADE,41,51000,53.0487341547628
19,LSHADE,41,54000,53.0484882698936
19,LSHADE,41,57000,53.0449190846132
19,LSHADE,41,60000,53.0433087565389
19,D3-Both,42,3000,5675713.65186087
19,D3-Both,42,6000,871032.670044041
19,D3-Both,42,9000,362579.013506089
19,D3-Both,42,12000,82192.7560828171
19,D3-Both,42,15000,41164.7184393472
19,D3-Both,42,18000,24697.5072010109
19,D3-Both,42,21000,23510.1286983987
19,D3-Both,42,24000,23451.0873365071
19,D3-Both,42,27000,19055.3677838993
19,D3-Both,42,30000,19048.4903630308
19,D3-Both,42,33000,15073.2077129652
19,D3-Both,42,36000,13904.136926286
19,D3-Both,42,39000,6060.44433455905
19,D3-Both,42,42000,4837.70745507373
19,D3-Both,42,45000,4833.60535917868
19,D3-Both,42,48000,3875.89388829798
19,D3-Both,42,51000,3309.36562250951
19,D3-Both,42,54000,3309.19186977299
19,D3-Both,42,57000,2617.11515888142
19,D3-Both,42,60000,1457.62065060508
19,D1-TracingDecay,42,3000,165282.554678966
19,D1-TracingDecay,42,6000,35480.4756231754
19,D1-TracingDecay,42,9000,28657.0058073346
19,D1-TracingDecay,42,12000,14499.4510303781
19,D1-TracingDecay,42,15000,11629.1856911612
19,D1-TracingDecay,42,18000,11326.3018303474
19,D1-TracingDecay,42,21000,11322.6239306128
19,D1-TracingDecay,42,24000,11322.5603191097
19,D1-TracingDecay,42,27000,10577.2464907038
19,D1-TracingDecay,42,30000,10568.4607818104
19,D1-TracingDecay,42,33000,10567.0790890589
19,D1-TracingDecay,42,36000,10111.6894622228
19,D1-TracingDecay,42,39000,10080.3984487111
19,D1-TracingDecay,42,42000,10058.1342947194
19,D1-TracingDecay,42,45000,10058.1342947194
19,D1-TracingDecay,42,48000,9788.63046025472
19,D1-TracingDecay,42,51000,9713.91835354562
19,D1-TracingDecay,42,54000,9436.50578716038
19,D1-TracingDecay,42,57000,9371.28918128972
19,D1-TracingDecay,42,60000,9357.08270606904
19,CLPSO,42,3000,2262378178.77045
19,CLPSO,42,6000,295811319.451572
19,CLPSO,42,9000,271014945.219268
19,CLPSO,42,12000,116794880.412658
19,CLPSO,42,15000,116794880.412658
19,CLPSO,42,18000,46299310.1241003
19,CLPSO,42,21000,45455760.4512645
19,CLPSO,42,24000,21351135.6627822
19,CLPSO,42,27000,20974779.1001047
19,CLPSO,42,30000,14581046.7796683
19,CLPSO,42,33000,3936588.33293945
19,CLPSO,42,36000,2894101.11840914
19,CLPSO,42,39000,757773.128415638
19,CLPSO,42,42000,757773.128415638
19,CLPSO,42,45000,163675.702915167
19,CLPSO,42,48000,142050.183998836
19,CLPSO,42,51000,66745.2284882612
19,CLPSO,42,54000,66745.2284882612
19,CLPSO,42,57000,66745.2284882612
19,CLPSO,42,60000,32629.0110124635
19,LSHADE,42,3000,305638.731397838
19,LSHADE,42,6000,295.694167589818
19,LSHADE,42,9000,75.1651075187574
19,LSHADE,42,12000,63.2446257137624
19,LSHADE,42,15000,60.2129683989613
19,LSHADE,42,18000,59.2030129053092
19,LSHADE,42,21000,58.1864547377813
19,LSHADE,42,24000,57.3208696799868
19,LSHADE,42,27000,57.2210869067512
19,LSHADE,42,30000,56.9261147892594
19,LSHADE,42,33000,56.7807148521633
19,LSHADE,42,36000,56.6890472957605
19,LSHADE,42,39000,56.5028982909612
19,LSHADE,42,42000,56.3234112994317
19,LSHADE,42,45000,56.3054901875596
19,LSHADE,42,48000,56.3050157335483
19,LSHADE,42,51000,56.1647783567744
19,LSHADE,42,54000,55.999850884479
19,LSHADE,42,57000,55.9487780406814
19,LSHADE,42,60000,55.8054664310937
19,D3-Both,43,3000,5961900.09024565
19,D3-Both,43,6000,838279.573272014
19,D3-Both,43,9000,538036.366759708
19,D3-Both,43,12000,358710.525377035
19,D3-Both,43,15000,168483.964601631
19,D3-Both,43,18000,136563.278756674
19,D3-Both,43,21000,109732.313269175
19,D3-Both,43,24000,77030.4544547029
19,D3-Both,43,27000,27275.7654618782
19,D3-Both,43,30000,19879.3215710008
19,D3-Both,43,33000,16339.4176608053
19,D3-Both,43,36000,15792.6601613384
19,D3-Both,43,39000,14279.609688002
19,D3-Both,43,42000,13830.136016571
19,D3-Both,43,45000,12099.5171093646
19,D3-Both,43,48000,12091.0321158419
19,D3-Both,43,51000,11656.1211437238
19,D3-Both,43,54000,9057.69085150486
19,D3-Both,43,57000,9012.27373098452
19,D3-Both,43,60000,8226.15027884693
19,D1-TracingDecay,43,3000,80112.3258173341
19,D1-TracingDecay,43,6000,44574.0980875873
19,D1-TracingDecay,43,9000,24639.9599067188
19,D1-TracingDecay,43,12000,15012.1398416031
19,D1-TracingDecay,43,15000,14974.4615914988
19,D1-TracingDecay,43,18000,7665.72369763338
19,D1-TracingDecay,43,21000,5708.45162098232
19,D1-TracingDecay,43,24000,5031.64674502837
19,D1-TracingDecay,43,27000,1392.33107313002
19,D1-TracingDecay,43,30000,1104.42502576334
19,D1-TracingDecay,43,33000,921.79790956454
19,D1-TracingDecay,43,36000,736.431065921028
19,D1-TracingDecay,43,39000,728.57477837124
19,D1-TracingDecay,43,42000,728.337263478962
19,D1-TracingDecay,43,45000,655.301878080196
19,D1-TracingDecay,43,48000,629.79675470269
19,D1-TracingDecay,43,51000,611.676312708707
19,D1-TracingDecay,43,54000,611.606785110012
19,D1-TracingDecay,43,57000,610.519799384281
19,D1-TracingDecay,43,60000,297.714389661109
19,CLPSO,43,3000,3101847333.50067
19,CLPSO,43,6000,461846776.595168
19,CLPSO,43,9000,193033241.088238
19,CLPSO,43,12000,142414853.829978
19,CLPSO,43,15000,132880289.392548
19,CLPSO,43,18000,41952467.4374472
19,CLPSO,43,21000,17210178.4323598
19,CLPSO,43,24000,15886205.2832682
19,CLPSO,43,27000,5864119.67686104
19,CLPSO,43,30000,5780805.35135023
19,CLPSO,43,33000,2919540.81656547
19,CLPSO,43,36000,2919540.81656547
19,CLPSO,43,39000,2574819.57602003
19,CLPSO,43,42000,1477390.83013425
19,CLPSO,43,45000,1477365.61349133
19,CLPSO,43,48000,907238.37714978
19,CLPSO,43,51000,840705.052241209
19,CLPSO,43,54000,537363.683959432
19,CLPSO,43,57000,459601.004643835
19,CLPSO,43,60000,232883.462678605
19,LSHADE,43,3000,399936.386859452
19,LSHADE,43,6000,381.874877189201
19,LSHADE,43,9000,106.748341233465
19,LSHADE,43,12000,95.4321082368076
19,LSHADE,43,15000,87.0359457431089
19,LSHADE,43,18000,74.9070427091922
19,LSHADE,43,21000,71.2191532426114
19,LSHADE,43,24000,69.0956135072727
19,LSHADE,43,27000,68.6814384824888
19,LSHADE,43,30000,68.4824281390308
19,LSHADE,43,33000,68.4358595197082
19,LSHADE,43,36000,68.4278690289309
19,LSHADE,43,39000,68.4238912155747
19,LSHADE,43,42000,68.4125146197637
19,LSHADE,43,45000,68.4121441241909
19,LSHADE,43,48000,68.4120954629429
19,LSHADE,43,51000,68.4120931416664
19,LSHADE,43,54000,68.4120928174141
19,LSHADE,43,57000,68.4120923369303
19,LSHADE,43,60000,68.4120902886489
19,D3-Both,44,3000,11437423.8794276
19,D3-Both,44,6000,3527431.87968167
19,D3-Both,44,9000,1247657.07407883
19,D3-Both,44,12000,782736.985770798
19,D3-Both,44,15000,368150.744355664
19,D3-Both,44,18000,228983.615205708
19,D3-Both,44,21000,154570.085835353
19,D3-Both,44,24000,83439.1217735142
19,D3-Both,44,27000,47042.8147470107
19,D3-Both,44,30000,46611.3764642443
19,D3-Both,44,33000,41609.0923644231
19,D3-Both,44,36000,35375.7944963066
19,D3-Both,44,39000,34304.5421172061
19,D3-Both,44,42000,22612.5643182598
19,D3-Both,44,45000,21387.9081195931
19,D3-Both,44,48000,20143.8469779689
19,D3-Both,44,51000,17921.2065395599
19,D3-Both,44,54000,16702.1051809801
19,D3-Both,44,57000,14174.4002559706
19,D3-Both,44,60000,13422.1026788167
19,D1-TracingDecay,44,3000,162856.61133308
19,D1-TracingDecay,44,6000,37552.1581677245
19,D1-TracingDecay,44,9000,23260.3295697829
19,D1-TracingDecay,44,12000,8650.84864315405
19,D1-TracingDecay,44,15000,8590.70601661176
19,D1-TracingDecay,44,18000,8588.3688011781
19,D1-TracingDecay,44,21000,5671.88172269384
19,D1-TracingDecay,44,24000,5669.17159954156
19,D1-TracingDecay,44,27000,5668.71899220167
19,D1-TracingDecay,44,30000,5629.68969051996
19,D1-TracingDecay,44,33000,5614.18072599774
19,D1-TracingDecay,44,36000,5611.95356441172
19,D1-TracingDecay,44,39000,5500.79856577644
19,D1-TracingDecay,44,42000,5148.57520245801
19,D1-TracingDecay,44,45000,5147.21426489232
19,D1-TracingDecay,44,48000,3816.45819251689
19,D1-TracingDecay,44,51000,3135.62533453461
19,D1-TracingDecay,44,54000,3041.18000235992
19,D1-TracingDecay,44,57000,3036.18715303415
19,D1-TracingDecay,44,60000,2605.35788434616
19,CLPSO,44,3000,1855694333.84885
19,CLPSO,44,6000,217036828.329717
19,CLPSO,44,9000,217036828.329717
19,CLPSO,44,12000,184134265.273201
19,CLPSO,44,15000,46739875.913784
19,CLPSO,44,18000,41266619.4610544
19,CLPSO,44,21000,36001916.7915704
19,CLPSO,44,24000,36001916.7915704
19,CLPSO,44,27000,19765584.1073508
19,CLPSO,44,30000,14140414.3157251
19,CLPSO,44,33000,12422208.9864567
19,CLPSO,44,36000,4010743.76583871
19,CLPSO,44,39000,3933700.25198251
19,CLPSO,44,42000,3933699.81547959
19,CLPSO,44,45000,3122767.73567961
19,CLPSO,44,48000,2107696.7812646
19,CLPSO,44,51000,489199.577078808
19,CLPSO,44,54000,365793.262672884
19,CLPSO,44,57000,365217.105847712
19,CLPSO,44,60000,200575.771408199
19,LSHADE,44,3000,1267140.04467569
19,LSHADE,44,6000,402.977128657682
19,LSHADE,44,9000,178.042624267388
19,LSHADE,44,12000,175.228533551305
19,LSHADE,44,15000,173.342231860644
19,LSHADE,44,18000,172.397769169073
19,LSHADE,44,21000,171.349332544466
19,LSHADE,44,24000,168.076749873146
19,LSHADE,44,27000,166.214534559564
19,LSHADE,44,30000,165.405399292889
19,LSHADE,44,33000,165.182204071718
19,LSHADE,44,36000,165.109109864898
19,LSHADE,44,39000,165.103218871067
19,LSHADE,44,42000,165.093983053184
19,LSHADE,44,45000,165.078140072478
19,LSHADE,44,48000,165.07559960816
19,LSHADE,44,51000,165.06927279867
19,LSHADE,44,54000,165.040641033897
19,LSHADE,44,57000,165.039228170226
19,LSHADE,44,60000,165.038633084624
19,D3-Both,45,3000,1260483.56073671
19,D3-Both,45,6000,463610.000605245
19,D3-Both,45,9000,61620.9718961634
19,D3-Both,45,12000,58320.5457838065
19,D3-Both,45,15000,58265.7150766339
19,D3-Both,45,18000,45652.7941891526
19,D3-Both,45,21000,37323.7961859096
19,D3-Both,45,24000,37302.3206428741
19,D3-Both,45,27000,21433.2693545485
19,D3-Both,45,30000,11461.9769200681
19,D3-Both,45,33000,11128.2372980149
19,D3-Both,45,36000,11120.7844593658
19,D3-Both,45,39000,11117.3125427185
19,D3-Both,45,42000,11115.7760207901
19,D3-Both,45,45000,11112.3013433492
19,D3-Both,45,48000,9788.77261224681
19,D3-Both,45,51000,9788.77261224681
19,D3-Both,45,54000,9788.77261224681
19,D3-Both,45,57000,8933.2397226618
19,D3-Both,45,60000,6941.955112549
19,D1-TracingDecay,45,3000,256332.478526305
19,D1-TracingDecay,45,6000,137423.443460687
19,D1-TracingDecay,45,9000,23501.4574796326
19,D1-TracingDecay,45,12000,7137.98942959058
19,D1-TracingDecay,45,15000,7110.26441990001
19,D1-TracingDecay,45,18000,7106.76529871051
19,D1-TracingDecay,45,21000,7106.51528471851
19,D1-TracingDecay,45,24000,7106.51528471851
19,D1-TracingDecay,45,27000,4601.25661431571
19,D1-TracingDecay,45,30000,4312.64966544864
19,D1-TracingDecay,45,33000,3490.6043331144
19,D1-TracingDecay,45,36000,2367.27847204039
19,D1-TracingDecay,45,39000,1572.3875666628
19,D1-TracingDecay,45,42000,1469.42808090276
19,D1-TracingDecay,45,45000,1182.48843907486
19,D1-TracingDecay,45,48000,1181.54840339403
19,D1-TracingDecay,45,51000,1051.48108140957
19,D1-TracingDecay,45,54000,643.504668429104
19,D1-TracingDecay,45,57000,630.057934670702
19,D1-TracingDecay,45,60000,583.996234979949
19,CLPSO,45,3000,726958190.314732
19,CLPSO,45,6000,726958190.314732
19,CLPSO,45,9000,372285072.083503
19,CLPSO,45,12000,257100026.228637
19,CLPSO,45,15000,95581216.7647114
19,CLPSO,45,18000,34682837.7703261
19,CLPSO,45,21000,21429488.8181601
19,CLPSO,45,24000,18915032.7001176
19,CLPSO,45,27000,6262259.97330823
19,CLPSO,45,30000,6262259.97330823
19,CLPSO,45,33000,6262259.97330823
19,CLPSO,45,36000,1280118.38671783
19,CLPSO,45,39000,1280118.38671783
19,CLPSO,45,42000,1280118.38671783
19,CLPSO,45,45000,1280118.38671783
19,CLPSO,45,48000,1043712.6880224
19,CLPSO,45,51000,338645.978029109
19,CLPSO,45,54000,169453.165527498
19,CLPSO,45,57000,144624.266931615
19,CLPSO,45,60000,104435.881548216
19,LSHADE,45,3000,868688.408704237
19,LSHADE,45,6000,217.061793687238
19,LSHADE,45,9000,114.446701454629
19,LSHADE,45,12000,70.2204390411446
19,LSHADE,45,15000,50.1938193886372
19,LSHADE,45,18000,45.6195881207959
19,LSHADE,45,21000,35.5306023518015
19,LSHADE,45,24000,34.0565890557989
19,LSHADE,45,27000,33.255201798637
19,LSHADE,45,30000,33.0316181160722
19,LSHADE,45,33000,32.9097673897404
19,LSHADE,45,36000,32.8871663218417
19,LSHADE,45,39000,32.8854184030579
19,LSHADE,45,42000,32.8844264252268
19,LSHADE,45,45000,32.8838386543973
19,LSHADE,45,48000,32.8835944685588
19,LSHADE,45,51000,32.8835456150409
19,LSHADE,45,54000,32.8833820273708
19,LSHADE,45,57000,32.8831878300089
19,LSHADE,45,60000,32.883021732895
20,D3-Both,41,3000,867.058670064615
20,D3-Both,41,6000,863.118863330842
20,D3-Both,41,9000,576.093995769537
20,D3-Both,41,12000,508.98262226158
20,D3-Both,41,15000,443.278986424635
20,D3-Both,41,18000,401.973894008714
20,D3-Both,41,21000,383.663804410496
20,D3-Both,41,24000,370.472315819903
20,D3-Both,41,27000,369.059513523442
20,D3-Both,41,30000,366.704038730245
20,D3-Both,41,33000,352.479966455329
20,D3-Both,41,36000,339.860591433454
20,D3-Both,41,39000,336.255046310819
20,D3-Both,41,42000,330.913187856048
20,D3-Both,41,45000,329.234007649729
20,D3-Both,41,48000,324.307041286758
20,D3-Both,41,51000,320.238432168347
20,D3-Both,41,54000,318.228306436862
20,D3-Both,41,57000,316.895470654305
20,D3-Both,41,60000,316.612745327933
20,D1-TracingDecay,41,3000,608.681286632247
20,D1-TracingDecay,41,6000,406.345706958504
20,D1-TracingDecay,41,9000,390.442455683326
20,D1-TracingDecay,41,12000,380.212134368295
20,D1-TracingDecay,41,15000,374.215158643617
20,D1-TracingDecay,41,18000,370.611381742587
20,D1-TracingDecay,41,21000,369.224511000401
20,D1-TracingDecay,41,24000,369.224511000401
20,D1-TracingDecay,41,27000,369.142152288828
20,D1-TracingDecay,41,30000,369.060180588963
20,D1-TracingDecay,41,33000,363.085384720674
20,D1-TracingDecay,41,36000,362.222036325732
20,D1-TracingDecay,41,39000,361.227584590107
20,D1-TracingDecay,41,42000,358.297376668782
20,D1-TracingDecay,41,45000,357.204432687041
20,D1-TracingDecay,41,48000,356.867052096195
20,D1-TracingDecay,41,51000,356.588001272072
20,D1-TracingDecay,41,54000,356.501902608068
20,D1-TracingDecay,41,57000,356.491791536285
20,D1-TracingDecay,41,60000,356.438720941426
20,CLPSO,41,3000,1124.33618823825
20,CLPSO,41,6000,1093.55241653803
20,CLPSO,41,9000,980.356638199459
20,CLPSO,41,12000,722.483689728201
20,CLPSO,41,15000,722.483689728201
20,CLPSO,41,18000,722.483689728201
20,CLPSO,41,21000,522.554229189589
20,CLPSO,41,24000,452.143649985035
20,CLPSO,41,27000,452.143649985035
20,CLPSO,41,30000,452.143649985035
20,CLPSO,41,33000,307.508554091095
20,CLPSO,41,36000,307.508554091095
20,CLPSO,41,39000,307.508554091095
20,CLPSO,41,42000,270.991557597394
20,CLPSO,41,45000,253.387411318361
20,CLPSO,41,48000,253.387411318361
20,CLPSO,41,51000,253.387411318361
20,CLPSO,41,54000,253.387411318361
20,CLPSO,41,57000,253.387411318361
20,CLPSO,41,60000,221.073226422789
20,LSHADE,41,3000,958.292112944368
20,LSHADE,41,6000,663.13015942773
20,LSHADE,41,9000,570.824759362446
20,LSHADE,41,12000,541.53967380359
20,LSHADE,41,15000,302.63235224588
20,LSHADE,41,18000,284.179895759635
20,LSHADE,41,21000,221.111272408968
20,LSHADE,41,24000,185.931298115062
20,LSHADE,41,27000,156.72215935244
20,LSHADE,41,30000,112.085303921689
20,LSHADE,41,33000,102.40336729137
20,LSHADE,41,36000,98.5038362563741
20,LSHADE,41,39000,74.1863252163394
20,LSHADE,41,42000,70.940800109046
20,LSHADE,41,45000,67.2932676150463
20,LSHADE,41,48000,62.3877575473953
20,LSHADE,41,51000,57.0687107166273
20,LSHADE,41,54000,52.0528338421127
20,LSHADE,41,57000,50.7687045006423
20,LSHADE,41,60000,50.3205857299499
20,D3-Both,42,3000,679.551647992697
20,D3-Both,42,6000,294.802181528166
20,D3-Both,42,9000,241.305436853112
20,D3-Both,42,12000,222.282992092523
20,D3-Both,42,15000,199.55236391639
20,D3-Both,42,18000,190.946255038289
20,D3-Both,42,21000,173.28933244407
20,D3-Both,42,24000,167.566882442957
20,D3-Both,42,27000,163.449709814237
20,D3-Both,42,30000,160.88150244424
20,D3-Both,42,33000,159.423369428092
20,D3-Both,42,36000,156.623266308382
20,D3-Both,42,39000,154.862037180413
20,D3-Both,42,42000,152.031451444522
20,D3-Both,42,45000,149.665417592826
20,D3-Both,42,48000,149.353059933284
20,D3-Both,42,51000,149.006918488859
20,D3-Both,42,54000,149.006918488859
20,D3-Both,42,57000,147.997607974908
20,D3-Both,42,60000,147.34629617258
20,D1-TracingDecay,42,3000,601.992111282352
20,D1-TracingDecay,42,6000,573.078492895646
20,D1-TracingDecay,42,9000,551.606833517327
20,D1-TracingDecay,42,12000,543.619293282485
20,D1-TracingDecay,42,15000,541.888386867241
20,D1-TracingDecay,42,18000,538.53295248302
20,D1-TracingDecay,42,21000,536.266023209859
20,D1-TracingDecay,42,24000,535.602857853129
20,D1-TracingDecay,42,27000,533.413562531419
20,D1-TracingDecay,42,30000,533.335590364993
20,D1-TracingDecay,42,33000,531.506743404894
20,D1-TracingDecay,42,36000,530.908056699461
20,D1-TracingDecay,42,39000,530.497545469738
20,D1-TracingDecay,42,42000,332.008039709784
20,D1-TracingDecay,42,45000,325.907194917431
20,D1-TracingDecay,42,48000,322.452565663712
20,D1-TracingDecay,42,51000,321.045292484675
20,D1-TracingDecay,42,54000,319.365397998905
20,D1-TracingDecay,42,57000,318.842284984587
20,D1-TracingDecay,42,60000,317.9815126674
20,CLPSO,42,3000,1203.40665232556
20,CLPSO,42,6000,1017.69430186917
20,CLPSO,42,9000,1017.69430186917
20,CLPSO,42,12000,793.479671539249
20,CLPSO,42,15000,702.142257093081
20,CLPSO,42,18000,696.61306108471
20,CLPSO,42,21000,635.966236588937
20,CLPSO,42,24000,531.597057599221
20,CLPSO,42,27000,527.179221129048
20,CLPSO,42,30000,524.844932263173
20,CLPSO,42,33000,498.331011618994
20,CLPSO,42,36000,479.542160948227
20,CLPSO,42,39000,427.845736208015
20,CLPSO,42,42000,427.036797523854
20,CLPSO,42,45000,427.036797523854
20,CLPSO,42,48000,419.581483492556
20,CLPSO,42,51000,393.065620269057
20,CLPSO,42,54000,393.065620269057
20,CLPSO,42,57000,385.90415656486
20,CLPSO,42,60000,357.001107948125
20,LSHADE,42,3000,1093.70414597647
20,LSHADE,42,6000,737.19399992692
20,LSHADE,42,9000,571.287580590812
20,LSHADE,42,12000,517.354749696421
20,LSHADE,42,15000,480.720261203052
20,LSHADE,42,18000,430.705021108957
20,LSHADE,42,21000,322.636255574233
20,LSHADE,42,24000,316.612626588533
20,LSHADE,42,27000,298.816649552106
20,LSHADE,42,30000,261.336744961016
20,LSHADE,42,33000,260.59225521835
20,LSHADE,42,36000,248.2220420486
20,LSHADE,42,39000,92.8056492631144
20,LSHADE,42,42000,86.496328763546
20,LSHADE,42,45000,67.7269208322191
20,LSHADE,42,48000,65.9349754032405
20,LSHADE,42,51000,65.1043737728719
20,LSHADE,42,54000,63.1279063505358
20,LSHADE,42,57000,62.7522504875028
20,LSHADE,42,60000,59.8857862467516
20,D3-Both,43,3000,547.032246990171
20,D3-Both,43,6000,407.588375422696
20,D3-Both,43,9000,392.26069207514
20,D3-Both,43,12000,336.540098929504
20,D3-Both,43,15000,308.947804346382
20,D3-Both,43,18000,282.800186287197
20,D3-Both,43,21000,255.636338356221
20,D3-Both,43,24000,248.378870663565
20,D3-Both,43,27000,240.380035973266
20,D3-Both,43,30000,226.919757326548
20,D3-Both,43,33000,224.228054170721
20,D3-Both,43,36000,209.045113181484
20,D3-Both,43,39000,178.199416595746
20,D3-Both,43,42000,162.525974590189
20,D3-Both,43,45000,117.310652316822
20,D3-Both,43,48000,108.338064942092
20,D3-Both,43,51000,101.474198551298
20,D3-Both,43,54000,100.717300544734
20,D3-Both,43,57000,98.9127765936537
20,D3-Both,43,60000,98.3005335233579
20,D1-TracingDecay,43,3000,561.634511666426
20,D1-TracingDecay,43,6000,539.084049323385
20,D1-TracingDecay,43,9000,529.851807398977
20,D1-TracingDecay,43,12000,529.232816731856
20,D1-TracingDecay,43,15000,508.505829920533
20,D1-TracingDecay,43,18000,506.860592246757
20,D1-TracingDecay,43,21000,505.741488375417
20,D1-TracingDecay,43,24000,505.423344064046
20,D1-TracingDecay,43,27000,504.73520480156
20,D1-TracingDecay,43,30000,504.73520480156
20,D1-TracingDecay,43,33000,504.73520480156
20,D1-TracingDecay,43,36000,504.301285686035
20,D1-TracingDecay,43,39000,495.250560988471
20,D1-TracingDecay,43,42000,473.261163956806
20,D1-TracingDecay,43,45000,470.112468882517
20,D1-TracingDecay,43,48000,469.974361032205
20,D1-TracingDecay,43,51000,461.367746028882
20,D1-TracingDecay,43,54000,372.327133014382
20,D1-TracingDecay,43,57000,350.294072432431
20,D1-TracingDecay,43,60000,344.59249818148
20,CLPSO,43,3000,1091.52137767045
20,CLPSO,43,6000,1032.38823652773
20,CLPSO,43,9000,998.00730241387
20,CLPSO,43,12000,896.485296026675
20,CLPSO,43,15000,896.485296026675
20,CLPSO,43,18000,689.691886080886
20,CLPSO,43,21000,689.691886080886
20,CLPSO,43,24000,689.691886080886
20,CLPSO,43,27000,689.691886080886
20,CLPSO,43,30000,687.867980753459
20,CLPSO,43,33000,687.867980753459
20,CLPSO,43,36000,665.476129349065
20,CLPSO,43,39000,561.110204658108
20,CLPSO,43,42000,561.110204658108
20,CLPSO,43,45000,544.333993237135
20,CLPSO,43,48000,544.333993237135
20,CLPSO,43,51000,521.817914790342
20,CLPSO,43,54000,502.172482145814
20,CLPSO,43,57000,502.172482145814
20,CLPSO,43,60000,502.172482145814
20,LSHADE,43,3000,1112.86430153683
20,LSHADE,43,6000,879.887497357288
20,LSHADE,43,9000,748.066338470863
20,LSHADE,43,12000,733.564841095756
20,LSHADE,43,15000,683.139225268147
20,LSHADE,43,18000,625.630813498447
20,LSHADE,43,21000,573.040223907458
20,LSHADE,43,24000,514.113242560508
20,LSHADE,43,27000,438.22186413724
20,LSHADE,43,30000,346.939675360283
20,LSHADE,43,33000,307.510376970483
20,LSHADE,43,36000,302.607489237818
20,LSHADE,43,39000,280.881868648301
20,LSHADE,43,42000,199.64092442173
20,LSHADE,43,45000,160.939501650564
20,LSHADE,43,48000,159.289376236225
20,LSHADE,43,51000,158.457596979164
20,LSHADE,43,54000,157.942712993617
20,LSHADE,43,57000,156.87902734671
20,LSHADE,43,60000,155.612480554526
20,D3-Both,44,3000,753.366561567463
20,D3-Both,44,6000,590.669868711893
20,D3-Both,44,9000,586.521317348549
20,D3-Both,44,12000,541.38547425783
20,D3-Both,44,15000,541.38547425783
20,D3-Both,44,18000,529.650809103639
20,D3-Both,44,21000,529.650809103639
20,D3-Both,44,24000,529.650809103639
20,D3-Both,44,27000,529.650809103639
20,D3-Both,44,30000,528.844936484192
20,D3-Both,44,33000,499.958678849088
20,D3-Both,44,36000,493.768267679946
20,D3-Both,44,39000,493.768267679946
20,D3-Both,44,42000,488.692416945611
20,D3-Both,44,45000,475.545784585086
20,D3-Both,44,48000,469.480701471274
20,D3-Both,44,51000,465.17221695433
20,D3-Both,44,54000,462.589580188549
20,D3-Both,44,57000,460.468729051398
20,D3-Both,44,60000,460.001711325791
20,D1-TracingDecay,44,3000,769.333326095057
20,D1-TracingDecay,44,6000,590.451860760747
20,D1-TracingDecay,44,9000,571.410493858668
20,D1-TracingDecay,44,12000,565.855259035714
20,D1-TracingDecay,44,15000,548.142862351081
20,D1-TracingDecay,44,18000,543.952404915321
20,D1-TracingDecay,44,21000,539.941687888896
20,D1-TracingDecay,44,24000,538.556792040684
20,D1-TracingDecay,44,27000,535.16529681273
20,D1-TracingDecay,44,30000,535.024059742697
20,D1-TracingDecay,44,33000,534.687315046281
20,D1-TracingDecay,44,36000,534.439710302591
20,D1-TracingDecay,44,39000,531.983334358228
20,D1-TracingDecay,44,42000,531.427218920362
20,D1-TracingDecay,44,45000,530.551698080858
20,D1-TracingDecay,44,48000,529.425589854975
20,D1-TracingDecay,44,51000,529.188124009227
20,D1-TracingDecay,44,54000,528.85887008072
20,D1-TracingDecay,44,57000,528.378912862938
20,D1-TracingDecay,44,60000,527.791397533373
20,CLPSO,44,3000,1385.69981635484
20,CLPSO,44,6000,1183.502276409
20,CLPSO,44,9000,999.185249750224
20,CLPSO,44,12000,908.324445727045
20,CLPSO,44,15000,869.575511117729
20,CLPSO,44,18000,793.072150198265
20,CLPSO,44,21000,778.395762442922
20,CLPSO,44,24000,688.563502360369
20,CLPSO,44,27000,557.836580763407
20,CLPSO,44,30000,557.836580763407
20,CLPSO,44,33000,496.319137936223
20,CLPSO,44,36000,496.319137936223
20,CLPSO,44,39000,488.876715930635
20,CLPSO,44,42000,447.956003339658
20,CLPSO,44,45000,440.613473931277
20,CLPSO,44,48000,437.713671703857
20,CLPSO,44,51000,437.713671703857
20,CLPSO,44,54000,437.377628579057
20,CLPSO,44,57000,437.377628579057
20,CLPSO,44,60000,437.377628579057
20,LSHADE,44,3000,1106.15958308552
20,LSHADE,44,6000,927.975193176807
20,LSHADE,44,9000,772.649037155077
20,LSHADE,44,12000,698.335008084562
20,LSHADE,44,15000,655.814940690667
20,LSHADE,44,18000,623.868043962384
20,LSHADE,44,21000,574.539954583175
20,LSHADE,44,24000,352.564291278684
20,LSHADE,44,27000,277.496054081841
20,LSHADE,44,30000,242.185816879391
20,LSHADE,44,33000,227.917336731296
20,LSHADE,44,36000,223.028973800295
20,LSHADE,44,39000,143.635618813915
20,LSHADE,44,42000,130.155852901297
20,LSHADE,44,45000,112.81061843718
20,LSHADE,44,48000,107.101589172913
20,LSHADE,44,51000,104.141856073726
20,LSHADE,44,54000,101.215212782829
20,LSHADE,44,57000,100.401755359787
20,LSHADE,44,60000,99.627244718411
20,D3-Both,45,3000,875.36214530134
20,D3-Both,45,6000,829.011872916182
20,D3-Both,45,9000,528.745886196782
20,D3-Both,45,12000,470.47557017772
20,D3-Both,45,15000,456.86513321431
20,D3-Both,45,18000,389.331460417753
20,D3-Both,45,21000,385.232789441491
20,D3-Both,45,24000,375.113447495113
20,D3-Both,45,27000,374.397094889728
20,D3-Both,45,30000,367.301851957845
20,D3-Both,45,33000,365.589849412664
20,D3-Both,45,36000,363.003240471862
20,D3-Both,45,39000,363.003240471862
20,D3-Both,45,42000,358.707680514909
20,D3-Both,45,45000,348.907948056334
20,D3-Both,45,48000,343.79506818062
20,D3-Both,45,51000,342.459570522392
20,D3-Both,45,54000,342.0330400927
20,D3-Both,45,57000,341.21361628089
20,D3-Both,45,60000,340.834351484965
20,D1-TracingDecay,45,3000,889.436344296589
20,D1-TracingDecay,45,6000,871.882430241092
20,D1-TracingDecay,45,9000,863.515715663676
20,D1-TracingDecay,45,12000,849.54725431717
20,D1-TracingDecay,45,15000,818.260817511929
20,D1-TracingDecay,45,18000,815.510039463201
20,D1-TracingDecay,45,21000,814.271743337937
20,D1-TracingDecay,45,24000,814.271743337937
20,D1-TracingDecay,45,27000,812.968583370422
20,D1-TracingDecay,45,30000,812.968583370422
20,D1-TracingDecay,45,33000,812.968583370422
20,D1-TracingDecay,45,36000,812.968583370422
20,D1-TracingDecay,45,39000,811.395289602878
20,D1-TracingDecay,45,42000,773.604761853291
20,D1-TracingDecay,45,45000,762.559197319871
20,D1-TracingDecay,45,48000,757.722573033431
20,D1-TracingDecay,45,51000,752.26061968195
20,D1-TracingDecay,45,54000,750.028653447782
20,D1-TracingDecay,45,57000,747.847694887932
20,D1-TracingDecay,45,60000,746.834532887143
20,CLPSO,45,3000,1239.69413421901
20,CLPSO,45,6000,1044.62784813675
20,CLPSO,45,9000,886.876769316399
20,CLPSO,45,12000,801.858269605401
20,CLPSO,45,15000,785.702743814375
20,CLPSO,45,18000,733.929133303266
20,CLPSO,45,21000,629.734079468005
20,CLPSO,45,24000,426.075234279834
20,CLPSO,45,27000,380.853842457221
20,CLPSO,45,30000,349.994853749184
20,CLPSO,45,33000,348.479588395839
20,CLPSO,45,36000,339.319686803666
20,CLPSO,45,39000,278.259138403901
20,CLPSO,45,42000,249.716954614309
20,CLPSO,45,45000,216.002944232858
20,CLPSO,45,48000,212.7768491597
20,CLPSO,45,51000,186.994346272622
20,CLPSO,45,54000,185.095526753389
20,CLPSO,45,57000,185.095520984777
20,CLPSO,45,60000,182.206046558334
20,LSHADE,45,3000,975.31747530158
20,LSHADE,45,6000,561.019464884457
20,LSHADE,45,9000,372.019061561993
20,LSHADE,45,12000,321.093264330553
20,LSHADE,45,15000,304.757358043428
20,LSHADE,45,18000,247.696367571916
20,LSHADE,45,21000,171.932198365327
20,LSHADE,45,24000,132.28076012609
20,LSHADE,45,27000,97.5206137348941
20,LSHADE,45,30000,87.8959262193716
20,LSHADE,45,33000,85.7931954244159
20,LSHADE,45,36000,82.3596203967782
20,LSHADE,45,39000,81.8405221766407
20,LSHADE,45,42000,81.0541110436889
20,LSHADE,45,45000,79.5927482508696
20,LSHADE,45,48000,72.1556431194754
20,LSHADE,45,51000,71.6074861544048
20,LSHADE,45,54000,70.8344107478638
20,LSHADE,45,57000,70.6105322757371
20,LSHADE,45,60000,63.3647449418759
21,D3-Both,41,3000,435.743496107406
21,D3-Both,41,6000,389.029599702901
21,D3-Both,41,9000,376.133228043861
21,D3-Both,41,12000,376.133228043861
21,D3-Both,41,15000,370.963774044311
21,D3-Both,41,18000,365.128118824907
21,D3-Both,41,21000,361.602086714041
21,D3-Both,41,24000,361.602086714041
21,D3-Both,41,27000,351.927265848292
21,D3-Both,41,30000,342.91042952941
21,D3-Both,41,33000,341.565680409636
21,D3-Both,41,36000,339.962607730373
21,D3-Both,41,39000,337.791985148004
21,D3-Both,41,42000,335.847041887948
21,D3-Both,41,45000,331.230566800639
21,D3-Both,41,48000,326.515862848461
21,D3-Both,41,51000,323.452814213879
21,D3-Both,41,54000,317.691323813699
21,D3-Both,41,57000,315.535002729721
21,D3-Both,41,60000,312.331886182018
21,D1-TracingDecay,41,3000,341.534570644133
21,D1-TracingDecay,41,6000,328.847198968641
21,D1-TracingDecay,41,9000,323.904545364208
21,D1-TracingDecay,41,12000,322.765907921214
21,D1-TracingDecay,41,15000,318.802455409505
21,D1-TracingDecay,41,18000,313.285245645351
21,D1-TracingDecay,41,21000,313.285245645351
21,D1-TracingDecay,41,24000,313.285245645351
21,D1-TracingDecay,41,27000,312.993973689764
21,D1-TracingDecay,41,30000,311.407287409763
21,D1-TracingDecay,41,33000,311.315265481667
21,D1-TracingDecay,41,36000,306.595561758604
21,D1-TracingDecay,41,39000,297.496457674042
21,D1-TracingDecay,41,42000,295.005534655022
21,D1-TracingDecay,41,45000,291.871910917782
21,D1-TracingDecay,41,48000,289.880967277784
21,D1-TracingDecay,41,51000,289.175174192243
21,D1-TracingDecay,41,54000,288.36758912335
21,D1-TracingDecay,41,57000,288.050504348357
21,D1-TracingDecay,41,60000,287.892004221736
21,CLPSO,41,3000,572.630757761501
21,CLPSO,41,6000,514.088564350188
21,CLPSO,41,9000,514.088564350188
21,CLPSO,41,12000,478.338412640094
21,CLPSO,41,15000,455.188377599723
21,CLPSO,41,18000,455.188377599723
21,CLPSO,41,21000,450.123397354165
21,CLPSO,41,24000,450.123397354165
21,CLPSO,41,27000,450.123397354165
21,CLPSO,41,30000,422.085355923483
21,CLPSO,41,33000,422.085355923483
21,CLPSO,41,36000,397.771722033796
21,CLPSO,41,39000,389.061180665405
21,CLPSO,41,42000,384.01948059273
21,CLPSO,41,45000,383.98306463495
21,CLPSO,41,48000,373.899298744982
21,CLPSO,41,51000,373.899298744982
21,CLPSO,41,54000,366.140311803256
21,CLPSO,41,57000,356.210467397913
21,CLPSO,41,60000,348.619540717982
21,LSHADE,41,3000,439.046522253018
21,LSHADE,41,6000,363.850375682541
21,LSHADE,41,9000,338.203403528791
21,LSHADE,41,12000,309.152138554377
21,LSHADE,41,15000,277.386508272829
21,LSHADE,41,18000,262.863509195088
21,LSHADE,41,21000,242.841698993267
21,LSHADE,41,24000,241.104591660366
21,LSHADE,41,27000,236.694979850948
21,LSHADE,41,30000,232.719317505995
21,LSHADE,41,33000,226.280704442734
21,LSHADE,41,36000,224.227857779472
21,LSHADE,41,39000,220.066738957646
21,LSHADE,41,42000,219.583062366909
21,LSHADE,41,45000,218.43067565372
21,LSHADE,41,48000,217.972647299465
21,LSHADE,41,51000,217.164929853002
21,LSHADE,41,54000,216.874875359719
21,LSHADE,41,57000,216.831875639089
21,LSHADE,41,60000,216.708738266506
21,D3-Both,42,3000,417.075990945017
21,D3-Both,42,6000,388.828008660148
21,D3-Both,42,9000,356.11730376961
21,D3-Both,42,12000,356.11730376961
21,D3-Both,42,15000,343.34511467951
21,D3-Both,42,18000,342.463549343762
21,D3-Both,42,21000,342.463549343762
21,D3-Both,42,24000,342.463549343762
21,D3-Both,42,27000,331.822817410433
21,D3-Both,42,30000,324.963604044909
21,D3-Both,42,33000,324.265622718602
21,D3-Both,42,36000,316.237739443453
21,D3-Both,42,39000,313.796024726576
21,D3-Both,42,42000,312.92308744725
21,D3-Both,42,45000,307.267827359737
21,D3-Both,42,48000,306.518091183884
21,D3-Both,42,51000,305.938012301659
21,D3-Both,42,54000,303.514001268024
21,D3-Both,42,57000,302.187353434049
21,D3-Both,42,60000,301.764404654714
21,D1-TracingDecay,42,3000,377.995787947936
21,D1-TracingDecay,42,6000,351.889669631742
21,D1-TracingDecay,42,9000,346.939820727989
21,D1-TracingDecay,42,12000,344.413376611074
21,D1-TracingDecay,42,15000,344.215694699498
21,D1-TracingDecay,42,18000,343.010320023856
21,D1-TracingDecay,42,21000,341.445009549812
21,D1-TracingDecay,42,24000,340.329315283626
21,D1-TracingDecay,42,27000,336.97471673021
21,D1-TracingDecay,42,30000,333.74448661252
21,D1-TracingDecay,42,33000,331.580538510895
21,D1-TracingDecay,42,36000,331.43858968864
21,D1-TracingDecay,42,39000,330.886026639731
21,D1-TracingDecay,42,42000,330.496185070659
21,D1-TracingDecay,42,45000,330.314385173105
21,D1-TracingDecay,42,48000,329.791213152559
21,D1-TracingDecay,42,51000,328.51333451524
21,D1-TracingDecay,42,54000,327.156826656234
21,D1-TracingDecay,42,57000,326.376160494591
21,D1-TracingDecay,42,60000,326.043195441739
21,CLPSO,42,3000,700.492553254323
21,CLPSO,42,6000,605.965349002059
21,CLPSO,42,9000,553.709376440284
21,CLPSO,42,12000,499.130657291163
21,CLPSO,42,15000,481.132470698609
21,CLPSO,42,18000,481.132470698609
21,CLPSO,42,21000,463.690673307993
21,CLPSO,42,24000,447.812393646264
21,CLPSO,42,27000,416.572015441942
21,CLPSO,42,30000,408.665667956405
21,CLPSO,42,33000,408.665667956405
21,CLPSO,42,36000,386.079517412317
21,CLPSO,42,39000,386.079517412317
21,CLPSO,42,42000,386.079517412317
21,CLPSO,42,45000,384.314943591485
21,CLPSO,42,48000,384.314943591485
21,CLPSO,42,51000,380.347409122129
21,CLPSO,42,54000,377.65455226348
21,CLPSO,42,57000,368.513833846131
21,CLPSO,42,60000,350.639981000084
21,LSHADE,42,3000,444.741098485154
21,LSHADE,42,6000,382.85543161442
21,LSHADE,42,9000,341.956341876641
21,LSHADE,42,12000,337.373729804825
21,LSHADE,42,15000,334.123663154122
21,LSHADE,42,18000,266.750278527738
21,LSHADE,42,21000,230.07248569291
21,LSHADE,42,24000,228.760773273824
21,LSHADE,42,27000,228.749273369085
21,LSHADE,42,30000,228.749216763391
21,LSHADE,42,33000,228.749216427617
21,LSHADE,42,36000,228.74921642678
21,LSHADE,42,39000,228.749216426777
21,LSHADE,42,42000,228.749216426777
21,LSHADE,42,45000,228.749216426777
21,LSHADE,42,48000,228.749216426777
21,LSHADE,42,51000,228.749216426777
21,LSHADE,42,54000,228.749216426777
21,LSHADE,42,57000,228.749216426777
21,LSHADE,42,60000,228.749216426777
21,D3-Both,43,3000,415.03289539194
21,D3-Both,43,6000,396.374876398029
21,D3-Both,43,9000,393.783921615424
21,D3-Both,43,12000,367.509474928479
21,D3-Both,43,15000,344.698805408908
21,D3-Both,43,18000,314.300719855239
21,D3-Both,43,21000,293.691940873469
21,D3-Both,43,24000,289.697672931436
21,D3-Both,43,27000,280.874528834518
21,D3-Both,43,30000,276.127404615524
21,D3-Both,43,33000,276.127404615524
21,D3-Both,43,36000,269.385866356922
21,D3-Both,43,39000,269.385866356922
21,D3-Both,43,42000,268.166552345977
21,D3-Both,43,45000,265.563709591025
21,D3-Both,43,48000,265.519807710164
21,D3-Both,43,51000,263.729790698122
21,D3-Both,43,54000,262.523698603995
21,D3-Both,43,57000,255.541911020288
21,D3-Both,43,60000,254.757973732011
21,D1-TracingDecay,43,3000,404.205391842282
21,D1-TracingDecay,43,6000,356.744781210298
21,D1-TracingDecay,43,9000,350.685995734602
21,D1-TracingDecay,43,12000,347.930776903567
21,D1-TracingDecay,43,15000,347.039236983736
21,D1-TracingDecay,43,18000,347.039236983736
21,D1-TracingDecay,43,21000,346.653188495088
21,D1-TracingDecay,43,24000,345.800831051806
21,D1-TracingDecay,43,27000,344.868475885927
21,D1-TracingDecay,43,30000,343.687740575815
21,D1-TracingDecay,43,33000,343.687740575815
21,D1-TracingDecay,43,36000,343.24033611087
21,D1-TracingDecay,43,39000,343.147003874391
21,D1-TracingDecay,43,42000,340.828094721607
21,D1-TracingDecay,43,45000,334.882058463026
21,D1-TracingDecay,43,48000,328.797055944954
21,D1-TracingDecay,43,51000,325.360280322503
21,D1-TracingDecay,43,54000,323.321236817585
21,D1-TracingDecay,43,57000,322.663252504445
21,D1-TracingDecay,43,60000,322.38067372717
21,CLPSO,43,3000,688.02905882336
21,CLPSO,43,6000,600.683314835664
21,CLPSO,43,9000,513.245871879463
21,CLPSO,43,12000,474.295770057969
21,CLPSO,43,15000,459.094072837707
21,CLPSO,43,18000,451.074039485068
21,CLPSO,43,21000,415.913806884123
21,CLPSO,43,24000,415.912775343136
21,CLPSO,43,27000,397.192178056114
21,CLPSO,43,30000,397.192178056114
21,CLPSO,43,33000,365.323179332766
21,CLPSO,43,36000,365.323179332766
21,CLPSO,43,39000,365.323179332766
21,CLPSO,43,42000,360.250565936934
21,CLPSO,43,45000,351.6236211442
21,CLPSO,43,48000,348.984685648465
21,CLPSO,43,51000,338.275789713171
21,CLPSO,43,54000,338.275789713171
21,CLPSO,43,57000,338.275789713171
21,CLPSO,43,60000,338.275789713171
21,LSHADE,43,3000,414.796634785765
21,LSHADE,43,6000,334.850859715181
21,LSHADE,43,9000,325.914373618058
21,LSHADE,43,12000,287.957811560375
21,LSHADE,43,15000,281.067780164959
21,LSHADE,43,18000,266.567857000928
21,LSHADE,43,21000,254.907544586179
21,LSHADE,43,24000,246.517605808094
21,LSHADE,43,27000,243.704207923568
21,LSHADE,43,30000,237.927928838224
21,LSHADE,43,33000,234.920953115516
21,LSHADE,43,36000,231.891289577317
21,LSHADE,43,39000,229.199841425091
21,LSHADE,43,42000,228.197488960894
21,LSHADE,43,45000,226.222232218608
21,LSHADE,43,48000,225.922888801012
21,LSHADE,43,51000,225.531680277662
21,LSHADE,43,54000,225.409952596387
21,LSHADE,43,57000,225.12341186579
21,LSHADE,43,60000,225.045517065651
21,D3-Both,44,3000,423.818679048726
21,D3-Both,44,6000,370.814067089561
21,D3-Both,44,9000,364.776864982411
21,D3-Both,44,12000,361.923256941608
21,D3-Both,44,15000,353.881883617211
21,D3-Both,44,18000,331.129589960483
21,D3-Both,44,21000,325.681356534602
21,D3-Both,44,24000,308.760403736965
21,D3-Both,44,27000,306.031154179845
21,D3-Both,44,30000,298.934314834325
21,D3-Both,44,33000,291.994346563813
21,D3-Both,44,36000,280.853225970324
21,D3-Both,44,39000,274.080329327492
21,D3-Both,44,42000,265.111346108654
21,D3-Both,44,45000,262.514673271326
21,D3-Both,44,48000,262.514673271326
21,D3-Both,44,51000,259.823922728297
21,D3-Both,44,54000,256.34044237505
21,D3-Both,44,57000,256.175784041958
21,D3-Both,44,60000,255.415350924389
21,D1-TracingDecay,44,3000,421.991328974268
21,D1-TracingDecay,44,6000,403.511210878269
21,D1-TracingDecay,44,9000,401.683249253773
21,D1-TracingDecay,44,12000,400.894975333676
21,D1-TracingDecay,44,15000,358.132680205606
21,D1-TracingDecay,44,18000,336.396385765045
21,D1-TracingDecay,44,21000,331.272762423622
21,D1-TracingDecay,44,24000,326.718022026907
21,D1-TracingDecay,44,27000,320.962339821658
21,D1-TracingDecay,44,30000,318.23690864452
21,D1-TracingDecay,44,33000,311.781407860009
21,D1-TracingDecay,44,36000,311.216533598166
21,D1-TracingDecay,44,39000,310.779316294245
21,D1-TracingDecay,44,42000,310.006690941215
21,D1-TracingDecay,44,45000,309.635669803473
21,D1-TracingDecay,44,48000,308.661344440476
21,D1-TracingDecay,44,51000,307.620006166968
21,D1-TracingDecay,44,54000,306.463794484618
21,D1-TracingDecay,44,57000,306.137064103682
21,D1-TracingDecay,44,60000,305.919434028416
21,CLPSO,44,3000,595.124414374647
21,CLPSO,44,6000,558.001567725841
21,CLPSO,44,9000,527.752926847455
21,CLPSO,44,12000,527.752926847455
21,CLPSO,44,15000,482.981753372731
21,CLPSO,44,18000,482.981753372731
21,CLPSO,44,21000,458.96943102684
21,CLPSO,44,24000,458.96943102684
21,CLPSO,44,27000,422.556175293936
21,CLPSO,44,30000,419.299868464183
21,CLPSO,44,33000,419.299868464183
21,CLPSO,44,36000,397.066728284186
21,CLPSO,44,39000,391.028168923885
21,CLPSO,44,42000,391.028168923885
21,CLPSO,44,45000,371.294242199531
21,CLPSO,44,48000,371.294242199531
21,CLPSO,44,51000,352.494394751425
21,CLPSO,44,54000,349.531749763152
21,CLPSO,44,57000,349.531749763152
21,CLPSO,44,60000,349.531749763152
21,LSHADE,44,3000,430.392601005213
21,LSHADE,44,6000,367.639981627752
21,LSHADE,44,9000,348.37782950235
21,LSHADE,44,12000,324.18699236379
21,LSHADE,44,15000,292.498187329119
21,LSHADE,44,18000,273.153978201106
21,LSHADE,44,21000,268.582585535789
21,LSHADE,44,24000,255.076210151952
21,LSHADE,44,27000,240.118662281303
21,LSHADE,44,30000,238.075450749255
21,LSHADE,44,33000,235.372456800902
21,LSHADE,44,36000,233.842851909209
21,LSHADE,44,39000,233.43432397136
21,LSHADE,44,42000,232.763375773371
21,LSHADE,44,45000,231.853467594368
21,LSHADE,44,48000,231.685794760617
21,LSHADE,44,51000,231.41888272356
21,LSHADE,44,54000,231.374032964234
21,LSHADE,44,57000,231.348766862282
21,LSHADE,44,60000,231.332616580335
21,D3-Both,45,3000,431.245543140358
21,D3-Both,45,6000,384.890610408617
21,D3-Both,45,9000,367.357178852248
21,D3-Both,45,12000,357.136906158672
21,D3-Both,45,15000,352.586045568134
21,D3-Both,45,18000,337.43682731635
21,D3-Both,45,21000,329.738026192858
21,D3-Both,45,24000,313.58396491137
21,D3-Both,45,27000,306.883567344399
21,D3-Both,45,30000,299.125321702148
21,D3-Both,45,33000,295.3481836316
21,D3-Both,45,36000,295.3481836316
21,D3-Both,45,39000,293.593387488909
21,D3-Both,45,42000,293.593387488909
21,D3-Both,45,45000,292.31186673001
21,D3-Both,45,48000,291.514868429565
21,D3-Both,45,51000,290.971978306322
21,D3-Both,45,54000,283.142351334458
21,D3-Both,45,57000,282.307385476223
21,D3-Both,45,60000,282.137524197205
21,D1-TracingDecay,45,3000,468.695575218201
21,D1-TracingDecay,45,6000,456.563135613718
21,D1-TracingDecay,45,9000,447.681962491609
21,D1-TracingDecay,45,12000,444.792919916832
21,D1-TracingDecay,45,15000,439.423205113274
21,D1-TracingDecay,45,18000,439.171889987673
21,D1-TracingDecay,45,21000,388.336130133752
21,D1-TracingDecay,45,24000,382.285581817446
21,D1-TracingDecay,45,27000,363.841206973856
21,D1-TracingDecay,45,30000,356.30708415178
21,D1-TracingDecay,45,33000,355.65730685435
21,D1-TracingDecay,45,36000,354.748943049131
21,D1-TracingDecay,45,39000,354.07482876973
21,D1-TracingDecay,45,42000,352.859197186159
21,D1-TracingDecay,45,45000,351.814789520229
21,D1-TracingDecay,45,48000,350.552952904804
21,D1-TracingDecay,45,51000,349.995532216572
21,D1-TracingDecay,45,54000,349.260127230673
21,D1-TracingDecay,45,57000,348.890484628711
21,D1-TracingDecay,45,60000,348.467401883516
21,CLPSO,45,3000,658.882408631147
21,CLPSO,45,6000,608.779641757207
21,CLPSO,45,9000,510.548336605586
21,CLPSO,45,12000,471.421953093538
21,CLPSO,45,15000,471.421953093538
21,CLPSO,45,18000,470.573304325668
21,CLPSO,45,21000,462.319969708078
21,CLPSO,45,24000,443.679847827934
21,CLPSO,45,27000,388.274411239721
21,CLPSO,45,30000,377.190343140678
21,CLPSO,45,33000,377.190343140678
21,CLPSO,45,36000,373.398019427655
21,CLPSO,45,39000,359.979810939722
21,CLPSO,45,42000,356.904017127568
21,CLPSO,45,45000,356.904017127568
21,CLPSO,45,48000,356.904017127568
21,CLPSO,45,51000,354.139485846326
21,CLPSO,45,54000,353.46776887419
21,CLPSO,45,57000,334.650842141928
21,CLPSO,45,60000,334.650842141928
21,LSHADE,45,3000,428.176753022919
21,LSHADE,45,6000,367.685544398938
21,LSHADE,45,9000,318.909912459914
21,LSHADE,45,12000,314.789568357125
21,LSHADE,45,15000,301.490839355462
21,LSHADE,45,18000,274.072971283225
21,LSHADE,45,21000,263.984316776532
21,LSHADE,45,24000,242.693594115252
21,LSHADE,45,27000,241.322815263117
21,LSHADE,45,30000,235.875963673132
21,LSHADE,45,33000,225.911228889027
21,LSHADE,45,36000,222.905886820975
21,LSHADE,45,39000,221.86559829295
21,LSHADE,45,42000,221.616814019525
21,LSHADE,45,45000,221.19132777597
21,LSHADE,45,48000,220.688270353539
21,LSHADE,45,51000,220.557085406212
21,LSHADE,45,54000,220.394290694905
21,LSHADE,45,57000,220.31492388336
21,LSHADE,45,60000,220.226267566598
22,D3-Both,41,3000,863.579175358547
22,D3-Both,41,6000,457.940112286591
22,D3-Both,41,9000,276.362867340888
22,D3-Both,41,12000,221.404673796939
22,D3-Both,41,15000,147.440393219496
22,D3-Both,41,18000,131.053074756533
22,D3-Both,41,21000,125.137724591863
22,D3-Both,41,24000,125.137724591863
22,D3-Both,41,27000,121.864009696441
22,D3-Both,41,30000,120.039539647843
22,D3-Both,41,33000,118.042709360528
22,D3-Both,41,36000,116.518378635643
22,D3-Both,41,39000,114.504971049432
22,D3-Both,41,42000,113.038648512113
22,D3-Both,41,45000,105.487086122386
22,D3-Both,41,48000,102.108100410768
22,D3-Both,41,51000,100.797895899865
22,D3-Both,41,54000,100.213245277139
22,D3-Both,41,57000,100.04523687451
22,D3-Both,41,60000,100.007414421551
22,D1-TracingDecay,41,3000,389.350837270165
22,D1-TracingDecay,41,6000,202.166848136911
22,D1-TracingDecay,41,9000,148.12326676556
22,D1-TracingDecay,41,12000,134.412686156548
22,D1-TracingDecay,41,15000,128.066809204894
22,D1-TracingDecay,41,18000,125.256004175189
22,D1-TracingDecay,41,21000,123.746732756445
22,D1-TracingDecay,41,24000,119.743851899571
22,D1-TracingDecay,41,27000,117.493644955925
22,D1-TracingDecay,41,30000,114.728630243084
22,D1-TracingDecay,41,33000,113.814581262208
22,D1-TracingDecay,41,36000,112.692421218755
22,D1-TracingDecay,41,39000,109.48008292703
22,D1-TracingDecay,41,42000,105.704262557235
22,D1-TracingDecay,41,45000,103.766492366989
22,D1-TracingDecay,41,48000,102.896974416693
22,D1-TracingDecay,41,51000,102.082018358179
22,D1-TracingDecay,41,54000,101.644458093241
22,D1-TracingDecay,41,57000,100.821535595431
22,D1-TracingDecay,41,60000,100.124731522215
22,CLPSO,41,3000,8267.35317488291
22,CLPSO,41,6000,7495.32883926065
22,CLPSO,41,9000,3435.54450107685
22,CLPSO,41,12000,3426.16513820051
22,CLPSO,41,15000,3215.90508941385
22,CLPSO,41,18000,3215.90508941385
22,CLPSO,41,21000,3191.86583681702
22,CLPSO,41,24000,2773.21536366997
22,CLPSO,41,27000,2773.21536366997
22,CLPSO,41,30000,2773.21536366997
22,CLPSO,41,33000,2620.68344261962
22,CLPSO,41,36000,2448.42215502718
22,CLPSO,41,39000,1521.69738294952
22,CLPSO,41,42000,1372.40148337565
22,CLPSO,41,45000,1274.85897122323
22,CLPSO,41,48000,1271.39473382614
22,CLPSO,41,51000,1217.99424800636
22,CLPSO,41,54000,976.975883944676
22,CLPSO,41,57000,867.721636227675
22,CLPSO,41,60000,867.721636227675
22,LSHADE,41,3000,298.329528124807
22,LSHADE,41,6000,116.512488570189
22,LSHADE,41,9000,102.1674986571
22,LSHADE,41,12000,100.076975297153
22,LSHADE,41,15000,100.004440542135
22,LSHADE,41,18000,100.000322677499
22,LSHADE,41,21000,100.000019745181
22,LSHADE,41,24000,100.00000172407
22,LSHADE,41,27000,100.0000001509
22,LSHADE,41,30000,100.000000009986
22,LSHADE,41,33000,100.000000000973
22,LSHADE,41,36000,100.000000000065
22,LSHADE,41,39000,100.000000000004
22,LSHADE,41,42000,100.000000000002
22,LSHADE,41,45000,100.000000000002
22,LSHADE,41,48000,100.000000000001
22,LSHADE,41,51000,100.000000000001
22,LSHADE,41,54000,100.000000000001
22,LSHADE,41,57000,100.000000000001
22,LSHADE,41,60000,100.000000000001
22,D3-Both,42,3000,7358.25150886397
22,D3-Both,42,6000,6677.13407933709
22,D3-Both,42,9000,707.744760421233
22,D3-Both,42,12000,258.223574495915
22,D3-Both,42,15000,156.724344126206
22,D3-Both,42,18000,128.575024275526
22,D3-Both,42,21000,124.382379835341
22,D3-Both,42,24000,124.310284088037
22,D3-Both,42,27000,123.647946887338
22,D3-Both,42,30000,122.385444095016
22,D3-Both,42,33000,117.607469338137
22,D3-Both,42,36000,116.364443128306
22,D3-Both,42,39000,115.615562355023
22,D3-Both,42,42000,112.671254822049
22,D3-Both,42,45000,106.274970719696
22,D3-Both,42,48000,103.413043756088
22,D3-Both,42,51000,100.87397182143
22,D3-Both,42,54000,100.157420779946
22,D3-Both,42,57000,100.043232815617
22,D3-Both,42,60000,100.006860528107
22,D1-TracingDecay,42,3000,5206.03197775863
22,D1-TracingDecay,42,6000,4705.65639153903
22,D1-TracingDecay,42,9000,4557.96725173063
22,D1-TracingDecay,42,12000,4557.96725173063
22,D1-TracingDecay,42,15000,4488.0240916924
22,D1-TracingDecay,42,18000,4449.05872042604
22,D1-TracingDecay,42,21000,4261.98857482878
22,D1-TracingDecay,42,24000,4227.74337763759
22,D1-TracingDecay,42,27000,4227.74337763759
22,D1-TracingDecay,42,30000,4220.47865154549
22,D1-TracingDecay,42,33000,4177.34800892689
22,D1-TracingDecay,42,36000,4165.28557213312
22,D1-TracingDecay,42,39000,4067.30833036794
22,D1-TracingDecay,42,42000,4030.7782621973
22,D1-TracingDecay,42,45000,4023.20056090659
22,D1-TracingDecay,42,48000,3999.02579823166
22,D1-TracingDecay,42,51000,3970.24333225965
22,D1-TracingDecay,42,54000,3893.45949752964
22,D1-TracingDecay,42,57000,3697.16518356863
22,D1-TracingDecay,42,60000,3401.9785449464
22,CLPSO,42,3000,7555.19512124879
22,CLPSO,42,6000,5173.55825883174
22,CLPSO,42,9000,4310.3130098087
22,CLPSO,42,12000,4038.50032953791
22,CLPSO,42,15000,3443.35619682918
22,CLPSO,42,18000,2849.77912221506
22,CLPSO,42,21000,2405.31286500919
22,CLPSO,42,24000,2326.171582505
22,CLPSO,42,27000,2163.43947710614
22,CLPSO,42,30000,2163.05865941213
22,CLPSO,42,33000,2064.25395988692
22,CLPSO,42,36000,1992.89008902064
22,CLPSO,42,39000,1631.98922307293
22,CLPSO,42,42000,1627.81857712877
22,CLPSO,42,45000,1341.51816874118
22,CLPSO,42,48000,1230.47917059268
22,CLPSO,42,51000,1136.81108317295
22,CLPSO,42,54000,1132.46976872973
22,CLPSO,42,57000,1045.76393358407
22,CLPSO,42,60000,1021.89327134272
22,LSHADE,42,3000,600.859948798949
22,LSHADE,42,6000,118.056476353259
22,LSHADE,42,9000,102.44071702053
22,LSHADE,42,12000,100.12359857845
22,LSHADE,42,15000,100.006681129768
22,LSHADE,42,18000,100.00054861393
22,LSHADE,42,21000,100.000029073946
22,LSHADE,42,24000,100.000001567653
22,LSHADE,42,27000,100.00000015252
22,LSHADE,42,30000,100.000000008241
22,LSHADE,42,33000,100.000000000298
22,LSHADE,42,36000,100.000000000015
22,LSHADE,42,39000,100.000000000005
22,LSHADE,42,42000,100.000000000003
22,LSHADE,42,45000,100.000000000003
22,LSHADE,42,48000,100.000000000003
22,LSHADE,42,51000,100.000000000003
22,LSHADE,42,54000,100.000000000003
22,LSHADE,42,57000,100.000000000003
22,LSHADE,42,60000,100.000000000003
22,D3-Both,43,3000,2589.40128056371
22,D3-Both,43,6000,717.004684941767
22,D3-Both,43,9000,294.43643532729
22,D3-Both,43,12000,150.070179278625
22,D3-Both,43,15000,132.14387476952
22,D3-Both,43,18000,127.681338339628
22,D3-Both,43,21000,126.81460117528
22,D3-Both,43,24000,120.208961146692
22,D3-Both,43,27000,120.208961146692
22,D3-Both,43,30000,120.073721426907
22,D3-Both,43,33000,118.992137323821
22,D3-Both,43,36000,116.754279864056
22,D3-Both,43,39000,115.008308652696
22,D3-Both,43,42000,113.029531185146
22,D3-Both,43,45000,108.64969489942
22,D3-Both,43,48000,103.130688917575
22,D3-Both,43,51000,100.885949120795
22,D3-Both,43,54000,100.225116683261
22,D3-Both,43,57000,100.059129926054
22,D3-Both,43,60000,100.009318188414
22,D1-TracingDecay,43,3000,5130.55905817467
22,D1-TracingDecay,43,6000,4967.52633559404
22,D1-TracingDecay,43,9000,4521.89979045246
22,D1-TracingDecay,43,12000,4294.88659579549
22,D1-TracingDecay,43,15000,4205.95582072595
22,D1-TracingDecay,43,18000,3829.77823088253
22,D1-TracingDecay,43,21000,3794.8279855632
22,D1-TracingDecay,43,24000,3631.35121624411
22,D1-TracingDecay,43,27000,3562.78066967616
22,D1-TracingDecay,43,30000,3548.29362844678
22,D1-TracingDecay,43,33000,3472.17827096358
22,D1-TracingDecay,43,36000,3463.66748629043
22,D1-TracingDecay,43,39000,3434.51233511372
22,D1-TracingDecay,43,42000,3424.8073181444
22,D1-TracingDecay,43,45000,3384.88404275683
22,D1-TracingDecay,43,48000,3348.96543566981
22,D1-TracingDecay,43,51000,3346.15519317285
22,D1-TracingDecay,43,54000,3343.33711259451
22,D1-TracingDecay,43,57000,3339.32537223609
22,D1-TracingDecay,43,60000,3337.61276739762
22,CLPSO,43,3000,8019.43173514636
22,CLPSO,43,6000,6150.80840192893
22,CLPSO,43,9000,4862.22008574338
22,CLPSO,43,12000,4651.98811093713
22,CLPSO,43,15000,3818.50868677845
22,CLPSO,43,18000,3448.37559989765
22,CLPSO,43,21000,3183.80944315728
22,CLPSO,43,24000,2693.95584618999
22,CLPSO,43,27000,2096.58036515547
22,CLPSO,43,30000,1311.70491772751
22,CLPSO,43,33000,1311.70491772751
22,CLPSO,43,36000,1311.70491772751
22,CLPSO,43,39000,1150.07751601979
22,CLPSO,43,42000,1124.32441132222
22,CLPSO,43,45000,1064.52880596396
22,CLPSO,43,48000,804.776069175316
22,CLPSO,43,51000,724.46899128881
22,CLPSO,43,54000,605.032171054397
22,CLPSO,43,57000,587.123279650139
22,CLPSO,43,60000,578.160922011053
22,LSHADE,43,3000,330.043254277506
22,LSHADE,43,6000,122.056294651579
22,LSHADE,43,9000,103.329598335988
22,LSHADE,43,12000,100.159388801346
22,LSHADE,43,15000,100.012451585982
22,LSHADE,43,18000,100.00045231212
22,LSHADE,43,21000,100.000031733154
22,LSHADE,43,24000,100.000001303293
22,LSHADE,43,27000,100.000000078051
22,LSHADE,43,30000,100.000000007235
22,LSHADE,43,33000,100.000000000152
22,LSHADE,43,36000,100.000000000005
22,LSHADE,43,39000,100.000000000003
22,LSHADE,43,42000,100.000000000002
22,LSHADE,43,45000,100.000000000002
22,LSHADE,43,48000,100.000000000002
22,LSHADE,43,51000,100.000000000002
22,LSHADE,43,54000,100.000000000002
22,LSHADE,43,57000,100.000000000002
22,LSHADE,43,60000,100.000000000002
22,D3-Both,44,3000,655.832912711604
22,D3-Both,44,6000,166.786011639851
22,D3-Both,44,9000,137.41563615355
22,D3-Both,44,12000,129.806262411265
22,D3-Both,44,15000,127.951496856303
22,D3-Both,44,18000,124.872158376837
22,D3-Both,44,21000,123.051649499344
22,D3-Both,44,24000,122.674359596974
22,D3-Both,44,27000,121.866788449125
22,D3-Both,44,30000,119.291108604545
22,D3-Both,44,33000,119.291108604545
22,D3-Both,44,36000,116.522351171174
22,D3-Both,44,39000,113.780804313917
22,D3-Both,44,42000,111.369331190105
22,D3-Both,44,45000,105.929704645067
22,D3-Both,44,48000,102.054114135195
22,D3-Both,44,51000,100.82482183679
22,D3-Both,44,54000,100.302417273949
22,D3-Both,44,57000,100.066113513963
22,D3-Both,44,60000,100.009491301145
22,D1-TracingDecay,44,3000,6840.07003660109
22,D1-TracingDecay,44,6000,6277.46889968755
22,D1-TracingDecay,44,9000,5151.90146452319
22,D1-TracingDecay,44,12000,4978.91477875164
22,D1-TracingDecay,44,15000,4738.79122650624
22,D1-TracingDecay,44,18000,4634.0937792021
22,D1-TracingDecay,44,21000,4580.29774085912
22,D1-TracingDecay,44,24000,4529.58683316009
22,D1-TracingDecay,44,27000,4452.11562850409
22,D1-TracingDecay,44,30000,4448.63256192254
22,D1-TracingDecay,44,33000,4374.88406520652
22,D1-TracingDecay,44,36000,4335.32504644113
22,D1-TracingDecay,44,39000,4296.62370393341
22,D1-TracingDecay,44,42000,4279.0222925154
22,D1-TracingDecay,44,45000,4253.83134698154
22,D1-TracingDecay,44,48000,4243.71904347003
22,D1-TracingDecay,44,51000,4230.32713602777
22,D1-TracingDecay,44,54000,4218.08138723984
22,D1-TracingDecay,44,57000,4211.48556519057
22,D1-TracingDecay,44,60000,4206.72351047358
22,CLPSO,44,3000,8556.77299480114
22,CLPSO,44,6000,7663.75060800747
22,CLPSO,44,9000,6570.80689430003
22,CLPSO,44,12000,5388.07556075969
22,CLPSO,44,15000,4124.5562143198
22,CLPSO,44,18000,3546.87803626727
22,CLPSO,44,21000,3479.37788930094
22,CLPSO,44,24000,3398.85961228626
22,CLPSO,44,27000,2651.24922016711
22,CLPSO,44,30000,2616.32657501494
22,CLPSO,44,33000,2615.91612818057
22,CLPSO,44,36000,2433.96352624375
22,CLPSO,44,39000,2239.28876081126
22,CLPSO,44,42000,2239.28876081126
22,CLPSO,44,45000,2163.87821587389
22,CLPSO,44,48000,2163.87821587389
22,CLPSO,44,51000,2163.87821587389
22,CLPSO,44,54000,1793.43283271095
22,CLPSO,44,57000,950.522859837327
22,CLPSO,44,60000,950.111810671397
22,LSHADE,44,3000,8305.0454447206
22,LSHADE,44,6000,6719.19305125656
22,LSHADE,44,9000,5999.86896767567
22,LSHADE,44,12000,5192.05221426409
22,LSHADE,44,15000,4496.75143083238
22,LSHADE,44,18000,4025.85871273722
22,LSHADE,44,21000,3831.50509196427
22,LSHADE,44,24000,3169.84615416508
22,LSHADE,44,27000,2774.97227792027
22,LSHADE,44,30000,2381.36701006473
22,LSHADE,44,33000,2188.34802774586
22,LSHADE,44,36000,2057.07088390961
22,LSHADE,44,39000,2001.740038882
22,LSHADE,44,42000,1987.50685357191
22,LSHADE,44,45000,1871.04267229499
22,LSHADE,44,48000,1831.1565667514
22,LSHADE,44,51000,1829.16675995877
22,LSHADE,44,54000,1780.14188173689
22,LSHADE,44,57000,1778.6486416084
22,LSHADE,44,60000,1774.58879678035
22,D3-Both,45,3000,6818.33772681909
22,D3-Both,45,6000,5643.23679661637
22,D3-Both,45,9000,5424.73555239367
22,D3-Both,45,12000,5092.80476114053
22,D3-Both,45,15000,4642.85835859618
22,D3-Both,45,18000,4283.41599692939
22,D3-Both,45,21000,4256.79938114447
22,D3-Both,45,24000,3799.2389996756
22,D3-Both,45,27000,3799.2389996756
22,D3-Both,45,30000,3791.95303676429
22,D3-Both,45,33000,3665.25159083237
22,D3-Both,45,36000,3583.22300897207
22,D3-Both,45,39000,3558.12301477851
22,D3-Both,45,42000,3552.79793069525
22,D3-Both,45,45000,3157.36146774876
22,D3-Both,45,48000,2950.79857288763
22,D3-Both,45,51000,2908.56538420668
22,D3-Both,45,54000,2903.26425826596
22,D3-Both,45,57000,2901.96889656736
22,D3-Both,45,60000,2901.84437036575
22,D1-TracingDecay,45,3000,482.32112015338
22,D1-TracingDecay,45,6000,173.045251373162
22,D1-TracingDecay,45,9000,130.327384965873
22,D1-TracingDecay,45,12000,128.161497222634
22,D1-TracingDecay,45,15000,125.015434529287
22,D1-TracingDecay,45,18000,123.201267919369
22,D1-TracingDecay,45,21000,121.840863210678
22,D1-TracingDecay,45,24000,119.601823745867
22,D1-TracingDecay,45,27000,116.341495043817
22,D1-TracingDecay,45,30000,114.764189058422
22,D1-TracingDecay,45,33000,113.995547971102
22,D1-TracingDecay,45,36000,112.679649149526
22,D1-TracingDecay,45,39000,110.827859242557
22,D1-TracingDecay,45,42000,109.266146662742
22,D1-TracingDecay,45,45000,107.767930949543
22,D1-TracingDecay,45,48000,107.013349882169
22,D1-TracingDecay,45,51000,106.026166979518
22,D1-TracingDecay,45,54000,105.556679526347
22,D1-TracingDecay,45,57000,104.836836179032
22,D1-TracingDecay,45,60000,104.658341410083
22,CLPSO,45,3000,8481.76903638951
22,CLPSO,45,6000,8061.86096001895
22,CLPSO,45,9000,6248.9978767776
22,CLPSO,45,12000,4895.7672003784
22,CLPSO,45,15000,4542.66787958714
22,CLPSO,45,18000,2695.12854593417
22,CLPSO,45,21000,2427.86966558192
22,CLPSO,45,24000,2329.05066929546
22,CLPSO,45,27000,2329.05066929546
22,CLPSO,45,30000,1897.60397955166
22,CLPSO,45,33000,1069.57673620785
22,CLPSO,45,36000,847.50254280264
22,CLPSO,45,39000,844.599443417978
22,CLPSO,45,42000,789.575128404954
22,CLPSO,45,45000,785.870754561498
22,CLPSO,45,48000,699.673432028203
22,CLPSO,45,51000,695.389171271813
22,CLPSO,45,54000,648.826208610551
22,CLPSO,45,57000,630.354985788007
22,CLPSO,45,60000,630.354985788007
22,LSHADE,45,3000,553.773503802725
22,LSHADE,45,6000,123.301012422141
22,LSHADE,45,9000,102.791879194031
22,LSHADE,45,12000,100.123480054382
22,LSHADE,45,15000,100.007845073716
22,LSHADE,45,18000,100.000368843357
22,LSHADE,45,21000,100.000030836327
22,LSHADE,45,24000,100.000002263378
22,LSHADE,45,27000,100.000000171075
22,LSHADE,45,30000,100.000000008898
22,LSHADE,45,33000,100.000000000354
22,LSHADE,45,36000,100.000000000015
22,LSHADE,45,39000,100.000000000002
22,LSHADE,45,42000,100.000000000002
22,LSHADE,45,45000,100.000000000002
22,LSHADE,45,48000,100.000000000002
22,LSHADE,45,51000,100.000000000002
22,LSHADE,45,54000,100.000000000002
22,LSHADE,45,57000,100.000000000002
22,LSHADE,45,60000,100.000000000002
23,D3-Both,41,3000,568.024586456875
23,D3-Both,41,6000,525.375751127824
23,D3-Both,41,9000,517.835334407148
23,D3-Both,41,12000,517.835334407148
23,D3-Both,41,15000,513.100951113252
23,D3-Both,41,18000,504.089426969222
23,D3-Both,41,21000,502.17158672942
23,D3-Both,41,24000,502.17158672942
23,D3-Both,41,27000,502.17158672942
23,D3-Both,41,30000,501.756713345675
23,D3-Both,41,33000,500.947827284024
23,D3-Both,41,36000,498.15732665229
23,D3-Both,41,39000,495.464681122448
23,D3-Both,41,42000,482.728055628979
23,D3-Both,41,45000,477.087516188127
23,D3-Both,41,48000,474.743314907691
23,D3-Both,41,51000,463.190312847078
23,D3-Both,41,54000,459.259609559453
23,D3-Both,41,57000,459.045289844294
23,D3-Both,41,60000,458.942362385845
23,D1-TracingDecay,41,3000,589.174779658904
23,D1-TracingDecay,41,6000,558.486901527015
23,D1-TracingDecay,41,9000,520.926849371783
23,D1-TracingDecay,41,12000,509.224219659045
23,D1-TracingDecay,41,15000,500.511853285299
23,D1-TracingDecay,41,18000,498.340353636839
23,D1-TracingDecay,41,21000,498.340353636839
23,D1-TracingDecay,41,24000,496.994603337316
23,D1-TracingDecay,41,27000,492.940221188585
23,D1-TracingDecay,41,30000,491.383559575663
23,D1-TracingDecay,41,33000,490.375264474588
23,D1-TracingDecay,41,36000,490.26879431601
23,D1-TracingDecay,41,39000,490.079801819962
23,D1-TracingDecay,41,42000,487.630971380871
23,D1-TracingDecay,41,45000,487.124398652066
23,D1-TracingDecay,41,48000,486.674213471243
23,D1-TracingDecay,41,51000,485.883058635683
23,D1-TracingDecay,41,54000,484.878987146925
23,D1-TracingDecay,41,57000,484.345628309462
23,D1-TracingDecay,41,60000,484.080100752059
23,CLPSO,41,3000,917.580411101358
23,CLPSO,41,6000,871.828209548449
23,CLPSO,41,9000,871.828209548449
23,CLPSO,41,12000,779.089423344599
23,CLPSO,41,15000,733.238155229682
23,CLPSO,41,18000,643.905692910197
23,CLPSO,41,21000,631.203200826292
23,CLPSO,41,24000,631.203200826292
23,CLPSO,41,27000,595.480325508234
23,CLPSO,41,30000,588.568947965211
23,CLPSO,41,33000,588.568947965211
23,CLPSO,41,36000,585.525948487971
23,CLPSO,41,39000,569.960664236758
23,CLPSO,41,42000,569.960664236758
23,CLPSO,41,45000,561.220948312707
23,CLPSO,41,48000,542.398093672896
23,CLPSO,41,51000,506.025858008324
23,CLPSO,41,54000,505.369129863572
23,CLPSO,41,57000,502.803612947892
23,CLPSO,41,60000,502.358518639418
23,LSHADE,41,3000,586.909541811578
23,LSHADE,41,6000,548.195585716101
23,LSHADE,41,9000,505.501345627824
23,LSHADE,41,12000,482.265888804151
23,LSHADE,41,15000,458.589879910353
23,LSHADE,41,18000,411.590328946096
23,LSHADE,41,21000,402.332877640324
23,LSHADE,41,24000,398.169879336093
23,LSHADE,41,27000,391.527317186466
23,LSHADE,41,30000,382.781889833872
23,LSHADE,41,33000,381.234177054055
23,LSHADE,41,36000,377.478229424538
23,LSHADE,41,39000,375.907360435832
23,LSHADE,41,42000,374.769454776357
23,LSHADE,41,45000,374.375920982837
23,LSHADE,41,48000,373.77320372749
23,LSHADE,41,51000,373.358420836512
23,LSHADE,41,54000,373.225564096855
23,LSHADE,41,57000,373.054529393852
23,LSHADE,41,60000,373.027790926702
23,D3-Both,42,3000,623.153245368444
23,D3-Both,42,6000,615.570656962731
23,D3-Both,42,9000,573.012317275676
23,D3-Both,42,12000,562.328099797323
23,D3-Both,42,15000,547.341186370762
23,D3-Both,42,18000,539.95974401674
23,D3-Both,42,21000,539.055596177836
23,D3-Both,42,24000,534.95107967124
23,D3-Both,42,27000,533.64116060779
23,D3-Both,42,30000,528.434969475818
23,D3-Both,42,33000,519.754520748257
23,D3-Both,42,36000,515.65970617482
23,D3-Both,42,39000,515.65970617482
23,D3-Both,42,42000,513.364843136767
23,D3-Both,42,45000,513.364843136767
23,D3-Both,42,48000,511.910647768311
23,D3-Both,42,51000,511.762270233154
23,D3-Both,42,54000,510.068278370281
23,D3-Both,42,57000,510.068278370281
23,D3-Both,42,60000,509.499832946371
23,D1-TracingDecay,42,3000,639.599558465753
23,D1-TracingDecay,42,6000,626.950174152814
23,D1-TracingDecay,42,9000,614.259758391311
23,D1-TracingDecay,42,12000,553.529019696556
23,D1-TracingDecay,42,15000,547.503017891927
23,D1-TracingDecay,42,18000,540.034059153247
23,D1-TracingDecay,42,21000,540.034059153247
23,D1-TracingDecay,42,24000,540.034059153247
23,D1-TracingDecay,42,27000,538.997974397557
23,D1-TracingDecay,42,30000,538.997974397557
23,D1-TracingDecay,42,33000,526.590739607856
23,D1-TracingDecay,42,36000,491.432130961967
23,D1-TracingDecay,42,39000,488.072389562245
23,D1-TracingDecay,42,42000,480.510516398108
23,D1-TracingDecay,42,45000,478.328135982644
23,D1-TracingDecay,42,48000,474.83561005914
23,D1-TracingDecay,42,51000,473.782729244555
23,D1-TracingDecay,42,54000,473.661914404986
23,D1-TracingDecay,42,57000,473.518671554391
23,D1-TracingDecay,42,60000,473.489359043955
23,CLPSO,42,3000,1122.90930785876
23,CLPSO,42,6000,928.687916892803
23,CLPSO,42,9000,718.79436369302
23,CLPSO,42,12000,718.79436369302
23,CLPSO,42,15000,718.79436369302
23,CLPSO,42,18000,648.852068560683
23,CLPSO,42,21000,648.852068560683
23,CLPSO,42,24000,648.852068560683
23,CLPSO,42,27000,622.679462738004
23,CLPSO,42,30000,596.958761270154
23,CLPSO,42,33000,576.682142713309
23,CLPSO,42,36000,551.042400067364
23,CLPSO,42,39000,551.042400067364
23,CLPSO,42,42000,551.042400067364
23,CLPSO,42,45000,551.042400067364
23,CLPSO,42,48000,535.094602084181
23,CLPSO,42,51000,535.094602084181
23,CLPSO,42,54000,535.094602084181
23,CLPSO,42,57000,509.536744477327
23,CLPSO,42,60000,509.536744477327
23,LSHADE,42,3000,583.965259813988
23,LSHADE,42,6000,544.607421568873
23,LSHADE,42,9000,490.243647231606
23,LSHADE,42,12000,474.867888997632
23,LSHADE,42,15000,438.321285967786
23,LSHADE,42,18000,421.322190077403
23,LSHADE,42,21000,399.55016343772
23,LSHADE,42,24000,393.681398891822
23,LSHADE,42,27000,390.619442644235
23,LSHADE,42,30000,385.944711826393
23,LSHADE,42,33000,382.492048058525
23,LSHADE,42,36000,380.898885116238
23,LSHADE,42,39000,379.133597873565
23,LSHADE,42,42000,378.197838024993
23,LSHADE,42,45000,377.533296958051
23,LSHADE,42,48000,376.962653455294
23,LSHADE,42,51000,376.777700743204
23,LSHADE,42,54000,376.738619134152
23,LSHADE,42,57000,376.598588178955
23,LSHADE,42,60000,376.474311850021
23,D3-Both,43,3000,591.233219107572
23,D3-Both,43,6000,513.54828751679
23,D3-Both,43,9000,513.455865812692
23,D3-Both,43,12000,499.158576962851
23,D3-Both,43,15000,497.030880516635
23,D3-Both,43,18000,483.142148747251
23,D3-Both,43,21000,475.89165626764
23,D3-Both,43,24000,470.878938413733
23,D3-Both,43,27000,470.166028693169
23,D3-Both,43,30000,467.460348295546
23,D3-Both,43,33000,465.029615472161
23,D3-Both,43,36000,459.830771049439
23,D3-Both,43,39000,436.471265610359
23,D3-Both,43,42000,427.899674640288
23,D3-Both,43,45000,425.349276589222
23,D3-Both,43,48000,424.092808600396
23,D3-Both,43,51000,423.444548740763
23,D3-Both,43,54000,423.332142168131
23,D3-Both,43,57000,423.280365883264
23,D3-Both,43,60000,423.259934840622
23,D1-TracingDecay,43,3000,685.507471346633
23,D1-TracingDecay,43,6000,629.279971683136
23,D1-TracingDecay,43,9000,614.70665549759
23,D1-TracingDecay,43,12000,598.210015327551
23,D1-TracingDecay,43,15000,581.751758345526
23,D1-TracingDecay,43,18000,581.751758345526
23,D1-TracingDecay,43,21000,581.751758345526
23,D1-TracingDecay,43,24000,581.751758345526
23,D1-TracingDecay,43,27000,580.673577803655
23,D1-TracingDecay,43,30000,580.673577803655
23,D1-TracingDecay,43,33000,551.779907603424
23,D1-TracingDecay,43,36000,547.677470384624
23,D1-TracingDecay,43,39000,545.445714211424
23,D1-TracingDecay,43,42000,543.419737679375
23,D1-TracingDecay,43,45000,541.106981671537
23,D1-TracingDecay,43,48000,539.874827489198
23,D1-TracingDecay,43,51000,537.582768251695
23,D1-TracingDecay,43,54000,535.815299499944
23,D1-TracingDecay,43,57000,535.324545300767
23,D1-TracingDecay,43,60000,534.977047347771
23,CLPSO,43,3000,1143.1675087333
23,CLPSO,43,6000,901.165192715275
23,CLPSO,43,9000,790.731050190074
23,CLPSO,43,12000,749.643648553914
23,CLPSO,43,15000,670.481082129899
23,CLPSO,43,18000,670.481082129899
23,CLPSO,43,21000,647.678422176602
23,CLPSO,43,24000,637.956625773512
23,CLPSO,43,27000,637.956625773512
23,CLPSO,43,30000,591.200892790075
23,CLPSO,43,33000,590.039413371457
23,CLPSO,43,36000,584.878438540894
23,CLPSO,43,39000,578.164866755646
23,CLPSO,43,42000,561.560247997731
23,CLPSO,43,45000,552.346993642546
23,CLPSO,43,48000,550.245926954695
23,CLPSO,43,51000,538.396053814391
23,CLPSO,43,54000,536.357871408568
23,CLPSO,43,57000,533.634190128267
23,CLPSO,43,60000,533.634190116897
23,LSHADE,43,3000,580.564227189684
23,LSHADE,43,6000,524.199726809263
23,LSHADE,43,9000,482.360367100388
23,LSHADE,43,12000,456.099224948646
23,LSHADE,43,15000,437.134216824508
23,LSHADE,43,18000,418.635980037853
23,LSHADE,43,21000,412.344669724288
23,LSHADE,43,24000,398.878076589765
23,LSHADE,43,27000,391.396512284725
23,LSHADE,43,30000,382.455039520431
23,LSHADE,43,33000,381.023586569991
23,LSHADE,43,36000,379.575084714621
23,LSHADE,43,39000,376.637304929772
23,LSHADE,43,42000,375.722253666567
23,LSHADE,43,45000,375.266771982514
23,LSHADE,43,48000,374.496138384249
23,LSHADE,43,51000,374.174474667802
23,LSHADE,43,54000,374.028147546727
23,LSHADE,43,57000,373.967842963872
23,LSHADE,43,60000,373.933872386006
23,D3-Both,44,3000,658.528154246101
23,D3-Both,44,6000,567.541215391589
23,D3-Both,44,9000,522.893334761598
23,D3-Both,44,12000,485.361578158791
23,D3-Both,44,15000,468.667712641574
23,D3-Both,44,18000,464.237623138039
23,D3-Both,44,21000,451.306879138269
23,D3-Both,44,24000,446.551672655548
23,D3-Both,44,27000,442.754691549659
23,D3-Both,44,30000,440.920268056028
23,D3-Both,44,33000,436.618539824291
23,D3-Both,44,36000,429.589084474052
23,D3-Both,44,39000,428.729476435742
23,D3-Both,44,42000,418.909971227486
23,D3-Both,44,45000,415.208870938195
23,D3-Both,44,48000,413.967320072911
23,D3-Both,44,51000,412.315054296294
23,D3-Both,44,54000,411.902609697685
23,D3-Both,44,57000,411.349639651618
23,D3-Both,44,60000,411.187775807817
23,D1-TracingDecay,44,3000,606.465996578108
23,D1-TracingDecay,44,6000,555.796537942077
23,D1-TracingDecay,44,9000,549.988598693775
23,D1-TracingDecay,44,12000,545.560019476878
23,D1-TracingDecay,44,15000,540.775615868993
23,D1-TracingDecay,44,18000,536.535860999369
23,D1-TracingDecay,44,21000,536.535860999369
23,D1-TracingDecay,44,24000,536.535860999369
23,D1-TracingDecay,44,27000,535.458415096457
23,D1-TracingDecay,44,30000,534.942203085153
23,D1-TracingDecay,44,33000,534.076521343556
23,D1-TracingDecay,44,36000,533.317322923749
23,D1-TracingDecay,44,39000,533.317322923749
23,D1-TracingDecay,44,42000,533.133328604856
23,D1-TracingDecay,44,45000,533.133328604856
23,D1-TracingDecay,44,48000,532.544476038351
23,D1-TracingDecay,44,51000,531.951189928676
23,D1-TracingDecay,44,54000,531.740763017204
23,D1-TracingDecay,44,57000,531.366879496951
23,D1-TracingDecay,44,60000,531.143134631824
23,CLPSO,44,3000,1178.92155276639
23,CLPSO,44,6000,1024.70236108917
23,CLPSO,44,9000,859.657866019611
23,CLPSO,44,12000,757.5695797704
23,CLPSO,44,15000,728.759809476749
23,CLPSO,44,18000,684.166427267376
23,CLPSO,44,21000,640.325372963577
23,CLPSO,44,24000,610.48815882463
23,CLPSO,44,27000,602.225041511685
23,CLPSO,44,30000,581.623564287174
23,CLPSO,44,33000,581.623564287174
23,CLPSO,44,36000,566.007502464622
23,CLPSO,44,39000,559.077665652965
23,CLPSO,44,42000,545.973201540619
23,CLPSO,44,45000,544.854808958896
23,CLPSO,44,48000,520.520085851659
23,CLPSO,44,51000,498.433031486508
23,CLPSO,44,54000,482.377841485353
23,CLPSO,44,57000,475.579710737721
23,CLPSO,44,60000,475.579174968776
23,LSHADE,44,3000,604.035293789707
23,LSHADE,44,6000,517.327894771078
23,LSHADE,44,9000,499.66292644202
23,LSHADE,44,12000,488.951908726654
23,LSHADE,44,15000,405.447443508779
23,LSHADE,44,18000,397.556882644634
23,LSHADE,44,21000,397.418798286525
23,LSHADE,44,24000,397.413170626425
23,LSHADE,44,27000,397.412869528316
23,LSHADE,44,30000,397.412777095192
23,LSHADE,44,33000,397.412671318641
23,LSHADE,44,36000,397.412663695409
23,LSHADE,44,39000,397.41266296047
23,LSHADE,44,42000,397.41266289922
23,LSHADE,44,45000,397.412662861819
23,LSHADE,44,48000,397.412655649682
23,LSHADE,44,51000,397.412652223507
23,LSHADE,44,54000,397.412651778906
23,LSHADE,44,57000,397.412651690295
23,LSHADE,44,60000,397.412651682715
23,D3-Both,45,3000,567.223730719688
23,D3-Both,45,6000,522.324034486733
23,D3-Both,45,9000,506.98941397051
23,D3-Both,45,12000,480.257426631067
23,D3-Both,45,15000,469.89609037671
23,D3-Both,45,18000,464.90232994213
23,D3-Both,45,21000,459.843084350516
23,D3-Both,45,24000,450.492067023209
23,D3-Both,45,27000,447.024475097613
23,D3-Both,45,30000,444.75185964811
23,D3-Both,45,33000,441.117121725247
23,D3-Both,45,36000,440.093665936657
23,D3-Both,45,39000,440.093665936657
23,D3-Both,45,42000,437.821243514582
23,D3-Both,45,45000,436.567782675462
23,D3-Both,45,48000,435.95075581456
23,D3-Both,45,51000,430.668540344606
23,D3-Both,45,54000,429.943510861785
23,D3-Both,45,57000,429.424908116112
23,D3-Both,45,60000,429.000595674027
23,D1-TracingDecay,45,3000,575.23083290483
23,D1-TracingDecay,45,6000,548.393308268165
23,D1-TracingDecay,45,9000,548.222408169851
23,D1-TracingDecay,45,12000,541.702980575905
23,D1-TracingDecay,45,15000,535.470936045244
23,D1-TracingDecay,45,18000,535.239943220081
23,D1-TracingDecay,45,21000,533.618111308409
23,D1-TracingDecay,45,24000,532.569412796602
23,D1-TracingDecay,45,27000,532.059726661106
23,D1-TracingDecay,45,30000,531.649747358313
23,D1-TracingDecay,45,33000,531.575535146388
23,D1-TracingDecay,45,36000,531.00783739923
23,D1-TracingDecay,45,39000,529.336264640624
23,D1-TracingDecay,45,42000,528.136922601352
23,D1-TracingDecay,45,45000,527.938911844789
23,D1-TracingDecay,45,48000,527.232735288903
23,D1-TracingDecay,45,51000,526.927727306361
23,D1-TracingDecay,45,54000,526.585108555757
23,D1-TracingDecay,45,57000,526.194267384245
23,D1-TracingDecay,45,60000,525.996537888052
23,CLPSO,45,3000,1112.55454704512
23,CLPSO,45,6000,821.930243056612
23,CLPSO,45,9000,768.624582981673
23,CLPSO,45,12000,724.756946128456
23,CLPSO,45,15000,713.748059916956
23,CLPSO,45,18000,648.680090784398
23,CLPSO,45,21000,648.680090784398
23,CLPSO,45,24000,648.680090784398
23,CLPSO,45,27000,619.316244655989
23,CLPSO,45,30000,598.281645013409
23,CLPSO,45,33000,573.077968358406
23,CLPSO,45,36000,573.077967735288
23,CLPSO,45,39000,573.077967735288
23,CLPSO,45,42000,573.077967735288
23,CLPSO,45,45000,553.97870840484
23,CLPSO,45,48000,550.37322432222
23,CLPSO,45,51000,527.533944733842
23,CLPSO,45,54000,518.053725366354
23,CLPSO,45,57000,518.053725366354
23,CLPSO,45,60000,514.260662465605
23,LSHADE,45,3000,574.285207551731
23,LSHADE,45,6000,533.196978085778
23,LSHADE,45,9000,468.401306270125
23,LSHADE,45,12000,443.526924946423
23,LSHADE,45,15000,425.400897112224
23,LSHADE,45,18000,402.145271676501
23,LSHADE,45,21000,382.101437281839
23,LSHADE,45,24000,379.624664621408
23,LSHADE,45,27000,376.411201470804
23,LSHADE,45,30000,373.094184810659
23,LSHADE,45,33000,368.978343622935
23,LSHADE,45,36000,367.777659077466
23,LSHADE,45,39000,367.416400673887
23,LSHADE,45,42000,367.054254447954
23,LSHADE,45,45000,366.802159764506
23,LSHADE,45,48000,366.732247155202
23,LSHADE,45,51000,366.611749009664
23,LSHADE,45,54000,366.573552364612
23,LSHADE,45,57000,366.534967181299
23,LSHADE,45,60000,365.299792182115
24,D3-Both,41,3000,675.747066924785
24,D3-Both,41,6000,635.812798349366
24,D3-Both,41,9000,625.9300180532
24,D3-Both,41,12000,605.128709998786
24,D3-Both,41,15000,570.95150922259
24,D3-Both,41,18000,550.342680754607
24,D3-Both,41,21000,543.403610919453
24,D3-Both,41,24000,538.673569659618
24,D3-Both,41,27000,538.673569659618
24,D3-Both,41,30000,533.608469317602
24,D3-Both,41,33000,533.608469317602
24,D3-Both,41,36000,525.049496669452
24,D3-Both,41,39000,523.080287296219
24,D3-Both,41,42000,516.217542159475
24,D3-Both,41,45000,515.070204792732
24,D3-Both,41,48000,514.396710342347
24,D3-Both,41,51000,514.297638182506
24,D3-Both,41,54000,514.277417786621
24,D3-Both,41,57000,514.274781143738
24,D3-Both,41,60000,514.27466334373
24,D1-TracingDecay,41,3000,586.917876583824
24,D1-TracingDecay,41,6000,566.477039118246
24,D1-TracingDecay,41,9000,566.477039118246
24,D1-TracingDecay,41,12000,563.763021408251
24,D1-TracingDecay,41,15000,563.763021408251
24,D1-TracingDecay,41,18000,554.249423590687
24,D1-TracingDecay,41,21000,552.777436949345
24,D1-TracingDecay,41,24000,551.712998417697
24,D1-TracingDecay,41,27000,549.777115834881
24,D1-TracingDecay,41,30000,548.808757522024
24,D1-TracingDecay,41,33000,548.208623241724
24,D1-TracingDecay,41,36000,547.543478072865
24,D1-TracingDecay,41,39000,546.663636753102
24,D1-TracingDecay,41,42000,544.453118317136
24,D1-TracingDecay,41,45000,543.431800452353
24,D1-TracingDecay,41,48000,542.808768524049
24,D1-TracingDecay,41,51000,541.969490232699
24,D1-TracingDecay,41,54000,541.046438184183
24,D1-TracingDecay,41,57000,540.549298729027
24,D1-TracingDecay,41,60000,540.319061958567
24,CLPSO,41,3000,1152.62482425356
24,CLPSO,41,6000,962.992427758358
24,CLPSO,41,9000,874.430736541646
24,CLPSO,41,12000,828.818824947064
24,CLPSO,41,15000,751.386616962406
24,CLPSO,41,18000,725.668841579645
24,CLPSO,41,21000,725.668841579645
24,CLPSO,41,24000,725.396444402296
24,CLPSO,41,27000,723.950544073367
24,CLPSO,41,30000,720.025439330736
24,CLPSO,41,33000,669.235741510651
24,CLPSO,41,36000,669.235741510651
24,CLPSO,41,39000,669.235741510651
24,CLPSO,41,42000,669.235741510651
24,CLPSO,41,45000,669.235741510651
24,CLPSO,41,48000,669.235741510651
24,CLPSO,41,51000,663.21948049644
24,CLPSO,41,54000,663.21948049644
24,CLPSO,41,57000,655.548837646853
24,CLPSO,41,60000,655.548837646853
24,LSHADE,41,3000,640.487107884072
24,LSHADE,41,6000,574.550158001349
24,LSHADE,41,9000,546.154829527547
24,LSHADE,41,12000,512.394401907287
24,LSHADE,41,15000,500.620515766289
24,LSHADE,41,18000,479.752602619756
24,LSHADE,41,21000,468.581997204662
24,LSHADE,41,24000,457.83891306969
24,LSHADE,41,27000,448.010225153963
24,LSHADE,41,30000,447.236742319453
24,LSHADE,41,33000,442.13629560922
24,LSHADE,41,36000,438.780750887366
24,LSHADE,41,39000,438.222955429429
24,LSHADE,41,42000,437.563083582206
24,LSHADE,41,45000,436.936145022356
24,LSHADE,41,48000,436.542840775485
24,LSHADE,41,51000,436.242918180945
24,LSHADE,41,54000,436.197666273184
24,LSHADE,41,57000,436.180255305349
24,LSHADE,41,60000,436.168246895229
24,D3-Both,42,3000,634.418208166169
24,D3-Both,42,6000,618.443679739763
24,D3-Both,42,9000,605.698641224527
24,D3-Both,42,12000,597.644671892019
24,D3-Both,42,15000,588.652930604918
24,D3-Both,42,18000,577.277584800449
24,D3-Both,42,21000,574.166078774349
24,D3-Both,42,24000,571.804806814928
24,D3-Both,42,27000,566.153195606711
24,D3-Both,42,30000,565.074115939317
24,D3-Both,42,33000,565.074115939317
24,D3-Both,42,36000,563.21868188811
24,D3-Both,42,39000,559.963508438133
24,D3-Both,42,42000,559.363868240675
24,D3-Both,42,45000,557.210251970031
24,D3-Both,42,48000,554.731590268379
24,D3-Both,42,51000,554.344104335146
24,D3-Both,42,54000,554.026403502202
24,D3-Both,42,57000,553.855469257359
24,D3-Both,42,60000,553.855469257359
24,D1-TracingDecay,42,3000,626.379169099808
24,D1-TracingDecay,42,6000,610.159835494494
24,D1-TracingDecay,42,9000,600.741501378406
24,D1-TracingDecay,42,12000,600.741501378406
24,D1-TracingDecay,42,15000,600.226730676775
24,D1-TracingDecay,42,18000,599.936167947129
24,D1-TracingDecay,42,21000,599.065857009827
24,D1-TracingDecay,42,24000,598.547277197071
24,D1-TracingDecay,42,27000,597.737700260686
24,D1-TracingDecay,42,30000,596.078652902364
24,D1-TracingDecay,42,33000,594.503526743826
24,D1-TracingDecay,42,36000,593.772113958239
24,D1-TracingDecay,42,39000,593.315748519296
24,D1-TracingDecay,42,42000,592.397779304724
24,D1-TracingDecay,42,45000,591.908522057802
24,D1-TracingDecay,42,48000,591.331657333395
24,D1-TracingDecay,42,51000,591.156812930262
24,D1-TracingDecay,42,54000,591.071859053374
24,D1-TracingDecay,42,57000,590.992186620233
24,D1-TracingDecay,42,60000,590.931883004069
24,CLPSO,42,3000,1149.75039010139
24,CLPSO,42,6000,912.257065838896
24,CLPSO,42,9000,852.200770513343
24,CLPSO,42,12000,782.276490380712
24,CLPSO,42,15000,724.654094204057
24,CLPSO,42,18000,724.654094204057
24,CLPSO,42,21000,724.654094204057
24,CLPSO,42,24000,670.528982884613
24,CLPSO,42,27000,657.707280757297
24,CLPSO,42,30000,657.707280757297
24,CLPSO,42,33000,657.448470927241
24,CLPSO,42,36000,657.448470927241
24,CLPSO,42,39000,657.448470927241
24,CLPSO,42,42000,657.448470927241
24,CLPSO,42,45000,648.941515934062
24,CLPSO,42,48000,648.94151592686
24,CLPSO,42,51000,648.94151592686
24,CLPSO,42,54000,641.892677161302
24,CLPSO,42,57000,641.892677160975
24,CLPSO,42,60000,634.786663780007
24,LSHADE,42,3000,645.913589086038
24,LSHADE,42,6000,587.702339396785
24,LSHADE,42,9000,567.097329761551
24,LSHADE,42,12000,540.528123696947
24,LSHADE,42,15000,513.814079988372
24,LSHADE,42,18000,475.629188183858
24,LSHADE,42,21000,469.894826154708
24,LSHADE,42,24000,462.344471337467
24,LSHADE,42,27000,452.390734477759
24,LSHADE,42,30000,449.658700832559
24,LSHADE,42,33000,448.275054024905
24,LSHADE,42,36000,446.558505610457
24,LSHADE,42,39000,445.423333297529
24,LSHADE,42,42000,444.100022149782
24,LSHADE,42,45000,443.657549057259
24,LSHADE,42,48000,443.199442070266
24,LSHADE,42,51000,443.021340446459
24,LSHADE,42,54000,442.918455982396
24,LSHADE,42,57000,442.867045909169
24,LSHADE,42,60000,442.858183877433
24,D3-Both,43,3000,710.07854706496
24,D3-Both,43,6000,657.405521630797
24,D3-Both,43,9000,633.401811427694
24,D3-Both,43,12000,621.343438890297
24,D3-Both,43,15000,615.605738022531
24,D3-Both,43,18000,593.897242318043
24,D3-Both,43,21000,584.442190086233
24,D3-Both,43,24000,582.811317692775
24,D3-Both,43,27000,568.44951455711
24,D3-Both,43,30000,566.687727128341
24,D3-Both,43,33000,562.600555304933
24,D3-Both,43,36000,562.600555304933
24,D3-Both,43,39000,561.995133339364
24,D3-Both,43,42000,561.995133339364
24,D3-Both,43,45000,561.995133339364
24,D3-Both,43,48000,561.953408597482
24,D3-Both,43,51000,558.622544915562
24,D3-Both,43,54000,557.779293039995
24,D3-Both,43,57000,555.107685014854
24,D3-Both,43,60000,554.826637461644
24,D1-TracingDecay,43,3000,675.146458733464
24,D1-TracingDecay,43,6000,620.987800826719
24,D1-TracingDecay,43,9000,601.776887759674
24,D1-TracingDecay,43,12000,598.190224094288
24,D1-TracingDecay,43,15000,597.368263107444
24,D1-TracingDecay,43,18000,594.379716356322
24,D1-TracingDecay,43,21000,592.767303341721
24,D1-TracingDecay,43,24000,590.529474528069
24,D1-TracingDecay,43,27000,560.785151266818
24,D1-TracingDecay,43,30000,553.194961488589
24,D1-TracingDecay,43,33000,552.758430465824
24,D1-TracingDecay,43,36000,552.027322657797
24,D1-TracingDecay,43,39000,549.522509995012
24,D1-TracingDecay,43,42000,548.372385122959
24,D1-TracingDecay,43,45000,548.178418408722
24,D1-TracingDecay,43,48000,548.088341629579
24,D1-TracingDecay,43,51000,547.854170684865
24,D1-TracingDecay,43,54000,547.758750555773
24,D1-TracingDecay,43,57000,547.72502108956
24,D1-TracingDecay,43,60000,547.716362354993
24,CLPSO,43,3000,1295.03742081613
24,CLPSO,43,6000,911.43568373978
24,CLPSO,43,9000,818.202857984772
24,CLPSO,43,12000,786.540453698894
24,CLPSO,43,15000,760.505187294536
24,CLPSO,43,18000,695.021329309538
24,CLPSO,43,21000,695.021329309538
24,CLPSO,43,24000,666.174142692875
24,CLPSO,43,27000,651.76409184196
24,CLPSO,43,30000,651.76409184196
24,CLPSO,43,33000,637.170083235191
24,CLPSO,43,36000,637.170080294443
24,CLPSO,43,39000,632.828045330697
24,CLPSO,43,42000,631.552445245895
24,CLPSO,43,45000,631.552445245895
24,CLPSO,43,48000,631.552445245895
24,CLPSO,43,51000,625.471408911696
24,CLPSO,43,54000,623.516511152819
24,CLPSO,43,57000,616.54133169541
24,CLPSO,43,60000,612.906128090502
24,LSHADE,43,3000,647.009700865593
24,LSHADE,43,6000,613.172844642187
24,LSHADE,43,9000,546.1346551158
24,LSHADE,43,12000,538.03931866126
24,LSHADE,43,15000,515.350432438766
24,LSHADE,43,18000,491.338841378813
24,LSHADE,43,21000,481.11729368037
24,LSHADE,43,24000,476.364000549421
24,LSHADE,43,27000,461.644911227068
24,LSHADE,43,30000,456.243256326406
24,LSHADE,43,33000,452.172458439093
24,LSHADE,43,36000,451.085908667207
24,LSHADE,43,39000,449.301113663206
24,LSHADE,43,42000,449.002612390385
24,LSHADE,43,45000,448.759534289467
24,LSHADE,43,48000,448.356291105738
24,LSHADE,43,51000,448.332163601272
24,LSHADE,43,54000,448.265303397589
24,LSHADE,43,57000,448.235005741456
24,LSHADE,43,60000,448.193679330348
24,D3-Both,44,3000,679.734202526357
24,D3-Both,44,6000,654.465602285343
24,D3-Both,44,9000,599.199478085448
24,D3-Both,44,12000,569.444615611747
24,D3-Both,44,15000,557.721631673472
24,D3-Both,44,18000,550.069590220071
24,D3-Both,44,21000,545.943013312239
24,D3-Both,44,24000,541.79316190186
24,D3-Both,44,27000,540.975650193599
24,D3-Both,44,30000,536.392807731042
24,D3-Both,44,33000,527.89470001079
24,D3-Both,44,36000,503.53201600686
24,D3-Both,44,39000,488.321268584536
24,D3-Both,44,42000,487.006074700028
24,D3-Both,44,45000,485.971457553448
24,D3-Both,44,48000,485.452638168953
24,D3-Both,44,51000,485.382368546807
24,D3-Both,44,54000,485.376298176578
24,D3-Both,44,57000,485.375207036219
24,D3-Both,44,60000,485.375155289101
24,D1-TracingDecay,44,3000,758.675696925596
24,D1-TracingDecay,44,6000,653.622859348488
24,D1-TracingDecay,44,9000,612.85600884419
24,D1-TracingDecay,44,12000,600.491949248465
24,D1-TracingDecay,44,15000,593.972008654829
24,D1-TracingDecay,44,18000,593.86249453548
24,D1-TracingDecay,44,21000,593.247430282898
24,D1-TracingDecay,44,24000,591.822211232465
24,D1-TracingDecay,44,27000,590.355303073438
24,D1-TracingDecay,44,30000,590.355303073438
24,D1-TracingDecay,44,33000,590.355303073438
24,D1-TracingDecay,44,36000,589.642429969404
24,D1-TracingDecay,44,39000,589.401124457227
24,D1-TracingDecay,44,42000,589.132866785644
24,D1-TracingDecay,44,45000,585.892892298079
24,D1-TracingDecay,44,48000,585.722067478549
24,D1-TracingDecay,44,51000,585.086835382346
24,D1-TracingDecay,44,54000,584.922109519154
24,D1-TracingDecay,44,57000,584.613432766873
24,D1-TracingDecay,44,60000,584.327257690613
24,CLPSO,44,3000,1160.43980430632
24,CLPSO,44,6000,989.91981210883
24,CLPSO,44,9000,848.56418487537
24,CLPSO,44,12000,788.910986805262
24,CLPSO,44,15000,753.641766604223
24,CLPSO,44,18000,753.641766604223
24,CLPSO,44,21000,751.785882696331
24,CLPSO,44,24000,719.467386399492
24,CLPSO,44,27000,707.893254759952
24,CLPSO,44,30000,702.877821087681
24,CLPSO,44,33000,688.455832981146
24,CLPSO,44,36000,688.455832981146
24,CLPSO,44,39000,680.425166802791
24,CLPSO,44,42000,647.741391665189
24,CLPSO,44,45000,642.521462906789
24,CLPSO,44,48000,640.49411032417
24,CLPSO,44,51000,640.49411026342
24,CLPSO,44,54000,623.467046980294
24,CLPSO,44,57000,623.46704697634
24,CLPSO,44,60000,606.259262572513
24,LSHADE,44,3000,665.352800513971
24,LSHADE,44,6000,615.643630707268
24,LSHADE,44,9000,588.613429061388
24,LSHADE,44,12000,534.203871147139
24,LSHADE,44,15000,505.619131618055
24,LSHADE,44,18000,499.334794837361
24,LSHADE,44,21000,478.25729865471
24,LSHADE,44,24000,470.68757884528
24,LSHADE,44,27000,466.331028225936
24,LSHADE,44,30000,452.114947103906
24,LSHADE,44,33000,447.523967709838
24,LSHADE,44,36000,444.789945448044
24,LSHADE,44,39000,442.759489252569
24,LSHADE,44,42000,440.072805392733
24,LSHADE,44,45000,439.824338210054
24,LSHADE,44,48000,439.704558917195
24,LSHADE,44,51000,439.53702453022
24,LSHADE,44,54000,439.439169257003
24,LSHADE,44,57000,439.361414007874
24,LSHADE,44,60000,439.350566455337
24,D3-Both,45,3000,668.309285452412
24,D3-Both,45,6000,634.019982623608
24,D3-Both,45,9000,624.726501504543
24,D3-Both,45,12000,624.216796089649
24,D3-Both,45,15000,617.467300570567
24,D3-Both,45,18000,607.104589603243
24,D3-Both,45,21000,607.104589603243
24,D3-Both,45,24000,607.104589603243
24,D3-Both,45,27000,597.086548934154
24,D3-Both,45,30000,595.858613651752
24,D3-Both,45,33000,576.372756311957
24,D3-Both,45,36000,571.118010021744
24,D3-Both,45,39000,564.551616715399
24,D3-Both,45,42000,551.848774101212
24,D3-Both,45,45000,548.14552229311
24,D3-Both,45,48000,539.205937421176
24,D3-Both,45,51000,533.796734232977
24,D3-Both,45,54000,527.223982560268
24,D3-Both,45,57000,526.7850785678
24,D3-Both,45,60000,524.639798082504
24,D1-TracingDecay,45,3000,702.292336314866
24,D1-TracingDecay,45,6000,612.720428952835
24,D1-TracingDecay,45,9000,608.567736960995
24,D1-TracingDecay,45,12000,606.05917140748
24,D1-TracingDecay,45,15000,602.974675329732
24,D1-TracingDecay,45,18000,602.420857700437
24,D1-TracingDecay,45,21000,602.420857700437
24,D1-TracingDecay,45,24000,602.420857700437
24,D1-TracingDecay,45,27000,601.929771663867
24,D1-TracingDecay,45,30000,600.705406002287
24,D1-TracingDecay,45,33000,600.07448030278
24,D1-TracingDecay,45,36000,598.815738375332
24,D1-TracingDecay,45,39000,597.98331875521
24,D1-TracingDecay,45,42000,571.699782922109
24,D1-TracingDecay,45,45000,565.346471330925
24,D1-TracingDecay,45,48000,564.433082149242
24,D1-TracingDecay,45,51000,564.112317800287
24,D1-TracingDecay,45,54000,563.96701892308
24,D1-TracingDecay,45,57000,563.929503230182
24,D1-TracingDecay,45,60000,563.915093756407
24,CLPSO,45,3000,1318.3312206261
24,CLPSO,45,6000,843.153081095674
24,CLPSO,45,9000,822.923100473024
24,CLPSO,45,12000,808.926179182768
24,CLPSO,45,15000,767.523177292336
24,CLPSO,45,18000,724.259632721889
24,CLPSO,45,21000,724.259632721889
24,CLPSO,45,24000,724.259632721889
24,CLPSO,45,27000,697.122943282964
24,CLPSO,45,30000,695.59931429065
24,CLPSO,45,33000,695.59931429065
24,CLPSO,45,36000,692.244276241735
24,CLPSO,45,39000,677.899858440934
24,CLPSO,45,42000,670.677933102242
24,CLPSO,45,45000,669.413293367134
24,CLPSO,45,48000,669.413293366871
24,CLPSO,45,51000,669.396653931501
24,CLPSO,45,54000,630.158607222675
24,CLPSO,45,57000,630.158607222675
24,CLPSO,45,60000,618.448194540945
24,LSHADE,45,3000,668.397788358838
24,LSHADE,45,6000,585.599040520875
24,LSHADE,45,9000,552.664343798464
24,LSHADE,45,12000,531.900085471488
24,LSHADE,45,15000,507.001587142222
24,LSHADE,45,18000,488.831995695323
24,LSHADE,45,21000,466.798030010031
24,LSHADE,45,24000,463.85601603694
24,LSHADE,45,27000,453.224043741313
24,LSHADE,45,30000,447.391644630003
24,LSHADE,45,33000,444.837231476237
24,LSHADE,45,36000,443.437569208252
24,LSHADE,45,39000,440.288358244758
24,LSHADE,45,42000,438.963835262553
24,LSHADE,45,45000,436.903703767809
24,LSHADE,45,48000,435.952917031917
24,LSHADE,45,51000,435.81791135915
24,LSHADE,45,54000,435.768597900982
24,LSHADE,45,57000,435.709974325233
24,LSHADE,45,60000,435.702304338217
25,D3-Both,41,3000,610.214945058283
25,D3-Both,41,6000,519.704901264879
25,D3-Both,41,9000,475.146217389175
25,D3-Both,41,12000,434.783453150816
25,D3-Both,41,15000,418.212257354362
25,D3-Both,41,18000,411.586525067724
25,D3-Both,41,21000,405.004278190963
25,D3-Both,41,24000,397.31915838019
25,D3-Both,41,27000,390.461017506342
25,D3-Both,41,30000,388.422544839254
25,D3-Both,41,33000,387.836259597712
25,D3-Both,41,36000,387.745091275423
25,D3-Both,41,39000,387.58005169124
25,D3-Both,41,42000,387.486941163355
25,D3-Both,41,45000,387.366608148151
25,D3-Both,41,48000,387.357968661394
25,D3-Both,41,51000,387.324058645807
25,D3-Both,41,54000,387.15796145457
25,D3-Both,41,57000,386.860554301729
25,D3-Both,41,60000,386.808960711257
25,D1-TracingDecay,41,3000,536.78149772689
25,D1-TracingDecay,41,6000,453.964554726756
25,D1-TracingDecay,41,9000,419.883495886373
25,D1-TracingDecay,41,12000,411.580754900886
25,D1-TracingDecay,41,15000,401.455364991147
25,D1-TracingDecay,41,18000,392.829287610484
25,D1-TracingDecay,41,21000,388.281644055248
25,D1-TracingDecay,41,24000,387.822706804483
25,D1-TracingDecay,41,27000,387.762000066778
25,D1-TracingDecay,41,30000,387.666798814212
25,D1-TracingDecay,41,33000,387.525305086157
25,D1-TracingDecay,41,36000,387.442536567029
25,D1-TracingDecay,41,39000,387.33630864363
25,D1-TracingDecay,41,42000,387.224159199088
25,D1-TracingDecay,41,45000,387.18234472514
25,D1-TracingDecay,41,48000,387.113777234902
25,D1-TracingDecay,41,51000,387.076909948429
25,D1-TracingDecay,41,54000,387.070666256029
25,D1-TracingDecay,41,57000,387.042089540176
25,D1-TracingDecay,41,60000,387.021891920469
25,CLPSO,41,3000,9130.00158053627
25,CLPSO,41,6000,3763.01356920436
25,CLPSO,41,9000,2422.49383516854
25,CLPSO,41,12000,1387.66668309904
25,CLPSO,41,15000,947.288130027917
25,CLPSO,41,18000,947.288130027917
25,CLPSO,41,21000,703.979051261204
25,CLPSO,41,24000,689.017546267589
25,CLPSO,41,27000,646.284408056925
25,CLPSO,41,30000,612.602828861702
25,CLPSO,41,33000,555.377566976212
25,CLPSO,41,36000,538.210520532773
25,CLPSO,41,39000,511.966377753526
25,CLPSO,41,42000,511.83344172637
25,CLPSO,41,45000,496.103069119139
25,CLPSO,41,48000,491.595717885584
25,CLPSO,41,51000,468.735679511863
25,CLPSO,41,54000,462.420420421771
25,CLPSO,41,57000,462.420420421771
25,CLPSO,41,60000,462.357696014262
25,LSHADE,41,3000,457.482894257259
25,LSHADE,41,6000,392.030975905105
25,LSHADE,41,9000,388.48999229701
25,LSHADE,41,12000,387.975612018387
25,LSHADE,41,15000,387.93054523031
25,LSHADE,41,18000,387.929891676342
25,LSHADE,41,21000,387.929887897221
25,LSHADE,41,24000,387.929887879103
25,LSHADE,41,27000,387.929887879071
25,LSHADE,41,30000,387.929887879071
25,LSHADE,41,33000,387.929887879071
25,LSHADE,41,36000,387.929887879071
25,LSHADE,41,39000,387.929887879071
25,LSHADE,41,42000,387.929887879071
25,LSHADE,41,45000,387.929887879071
25,LSHADE,41,48000,387.929887879071
25,LSHADE,41,51000,387.929887879071
25,LSHADE,41,54000,387.929887879071
25,LSHADE,41,57000,387.929887879071
25,LSHADE,41,60000,387.929887879071
25,D3-Both,42,3000,588.464604068103
25,D3-Both,42,6000,439.836764128661
25,D3-Both,42,9000,416.284268580448
25,D3-Both,42,12000,406.282429553859
25,D3-Both,42,15000,399.944300592154
25,D3-Both,42,18000,395.925372546704
25,D3-Both,42,21000,391.646790625318
25,D3-Both,42,24000,389.5751780445
25,D3-Both,42,27000,388.509032656903
25,D3-Both,42,30000,387.998461434666
25,D3-Both,42,33000,387.728723701055
25,D3-Both,42,36000,387.627942915413
25,D3-Both,42,39000,387.505686659243
25,D3-Both,42,42000,387.316280642233
25,D3-Both,42,45000,387.186349778896
25,D3-Both,42,48000,387.170807471178
25,D3-Both,42,51000,387.114322159218
25,D3-Both,42,54000,386.918326786626
25,D3-Both,42,57000,386.834659896055
25,D3-Both,42,60000,386.828050567931
25,D1-TracingDecay,42,3000,496.534074016905
25,D1-TracingDecay,42,6000,417.676608815919
25,D1-TracingDecay,42,9000,402.913896765878
25,D1-TracingDecay,42,12000,393.332102516141
25,D1-TracingDecay,42,15000,390.941334810798
25,D1-TracingDecay,42,18000,389.746627725337
25,D1-TracingDecay,42,21000,388.203591612749
25,D1-TracingDecay,42,24000,387.981501611095
25,D1-TracingDecay,42,27000,387.595615225032
25,D1-TracingDecay,42,30000,387.420874654655
25,D1-TracingDecay,42,33000,387.260766936826
25,D1-TracingDecay,42,36000,387.20096642224
25,D1-TracingDecay,42,39000,387.072364965397
25,D1-TracingDecay,42,42000,386.978162367873
25,D1-TracingDecay,42,45000,386.927137024914
25,D1-TracingDecay,42,48000,386.893559452937
25,D1-TracingDecay,42,51000,386.886079319648
25,D1-TracingDecay,42,54000,386.88298197191
25,D1-TracingDecay,42,57000,386.880944345831
25,D1-TracingDecay,42,60000,386.879413948303
25,CLPSO,42,3000,6341.76804706672
25,CLPSO,42,6000,3744.40847391579
25,CLPSO,42,9000,2397.17554245974
25,CLPSO,42,12000,2184.91976136659
25,CLPSO,42,15000,1326.01550855508
25,CLPSO,42,18000,1247.16878986966
25,CLPSO,42,21000,753.099777513777
25,CLPSO,42,24000,723.891191399538
25,CLPSO,42,27000,619.041892827284
25,CLPSO,42,30000,619.041892827284
25,CLPSO,42,33000,619.041892827284
25,CLPSO,42,36000,605.973438687502
25,CLPSO,42,39000,510.715174373875
25,CLPSO,42,42000,510.338841984105
25,CLPSO,42,45000,497.703261476218
25,CLPSO,42,48000,476.036266316676
25,CLPSO,42,51000,459.790299633411
25,CLPSO,42,54000,459.790299633411
25,CLPSO,42,57000,446.861953176274
25,CLPSO,42,60000,438.27398317201
25,LSHADE,42,3000,482.918378854733
25,LSHADE,42,6000,397.795260668034
25,LSHADE,42,9000,389.152731078631
25,LSHADE,42,12000,388.517013156836
25,LSHADE,42,15000,388.468999879421
25,LSHADE,42,18000,388.468019284029
25,LSHADE,42,21000,388.468003472514
25,LSHADE,42,24000,388.468003385772
25,LSHADE,42,27000,388.468003384869
25,LSHADE,42,30000,388.468003384866
25,LSHADE,42,33000,388.468003384866
25,LSHADE,42,36000,388.468003384866
25,LSHADE,42,39000,388.468003384866
25,LSHADE,42,42000,388.468003384866
25,LSHADE,42,45000,388.468003384866
25,LSHADE,42,48000,388.468003384866
25,LSHADE,42,51000,388.468003384866
25,LSHADE,42,54000,388.468003384866
25,LSHADE,42,57000,388.468003384866
25,LSHADE,42,60000,388.468003384866
25,D3-Both,43,3000,749.992028692415
25,D3-Both,43,6000,549.124334070449
25,D3-Both,43,9000,504.142648622357
25,D3-Both,43,12000,489.039371366935
25,D3-Both,43,15000,470.793207848547
25,D3-Both,43,18000,459.014454476439
25,D3-Both,43,21000,439.721158164998
25,D3-Both,43,24000,436.643311829253
25,D3-Both,43,27000,432.936912982343
25,D3-Both,43,30000,431.8741171881
25,D3-Both,43,33000,430.193640504467
25,D3-Both,43,36000,414.177151146788
25,D3-Both,43,39000,411.874012447144
25,D3-Both,43,42000,408.605906323997
25,D3-Both,43,45000,391.729074236453
25,D3-Both,43,48000,384.667957809323
25,D3-Both,43,51000,383.846712605334
25,D3-Both,43,54000,383.561497323624
25,D3-Both,43,57000,383.412828759331
25,D3-Both,43,60000,383.403884710789
25,D1-TracingDecay,43,3000,504.101681713704
25,D1-TracingDecay,43,6000,460.187799229006
25,D1-TracingDecay,43,9000,452.698896386072
25,D1-TracingDecay,43,12000,446.113837064776
25,D1-TracingDecay,43,15000,443.445191560116
25,D1-TracingDecay,43,18000,440.158553031641
25,D1-TracingDecay,43,21000,439.213110390199
25,D1-TracingDecay,43,24000,436.824065606767
25,D1-TracingDecay,43,27000,433.89292102831
25,D1-TracingDecay,43,30000,431.609013391605
25,D1-TracingDecay,43,33000,428.138132453207
25,D1-TracingDecay,43,36000,427.253702710968
25,D1-TracingDecay,43,39000,426.109124322037
25,D1-TracingDecay,43,42000,424.813374383654
25,D1-TracingDecay,43,45000,418.415821698218
25,D1-TracingDecay,43,48000,400.70818667804
25,D1-TracingDecay,43,51000,390.780267547295
25,D1-TracingDecay,43,54000,387.286926037465
25,D1-TracingDecay,43,57000,387.137113655421
25,D1-TracingDecay,43,60000,387.099800717853
25,CLPSO,43,3000,8502.62491701858
25,CLPSO,43,6000,2242.67146368706
25,CLPSO,43,9000,2242.67146368706
25,CLPSO,43,12000,1634.1976323695
25,CLPSO,43,15000,1264.17066760198
25,CLPSO,43,18000,1037.87959975792
25,CLPSO,43,21000,893.53172449963
25,CLPSO,43,24000,835.728279923444
25,CLPSO,43,27000,674.566252397436
25,CLPSO,43,30000,592.786805953304
25,CLPSO,43,33000,573.117147073187
25,CLPSO,43,36000,548.675616065914
25,CLPSO,43,39000,509.777972320346
25,CLPSO,43,42000,509.777972320346
25,CLPSO,43,45000,486.840532951551
25,CLPSO,43,48000,478.500677351962
25,CLPSO,43,51000,478.500677351962
25,CLPSO,43,54000,469.247601821919
25,CLPSO,43,57000,469.247601821919
25,CLPSO,43,60000,447.426707697689
25,LSHADE,43,3000,490.762878864879
25,LSHADE,43,6000,389.004595940699
25,LSHADE,43,9000,386.940972283438
25,LSHADE,43,12000,386.859894818999
25,LSHADE,43,15000,386.858477010144
25,LSHADE,43,18000,386.858462570391
25,LSHADE,43,21000,386.85846240457
25,LSHADE,43,24000,386.858462403764
25,LSHADE,43,27000,386.858462403754
25,LSHADE,43,30000,386.858462403754
25,LSHADE,43,33000,386.858462403754
25,LSHADE,43,36000,386.858462403754
25,LSHADE,43,39000,386.858462403753
25,LSHADE,43,42000,386.858462403753
25,LSHADE,43,45000,386.858462403753
25,LSHADE,43,48000,386.858462403753
25,LSHADE,43,51000,386.858462403753
25,LSHADE,43,54000,386.858462403753
25,LSHADE,43,57000,386.858462403753
25,LSHADE,43,60000,386.858462403753
25,D3-Both,44,3000,840.778243096267
25,D3-Both,44,6000,598.877574011844
25,D3-Both,44,9000,524.02012228036
25,D3-Both,44,12000,487.065007004139
25,D3-Both,44,15000,458.645512709973
25,D3-Both,44,18000,451.892410151976
25,D3-Both,44,21000,449.299369546022
25,D3-Both,44,24000,447.519677250857
25,D3-Both,44,27000,436.992941923492
25,D3-Both,44,30000,418.899223003335
25,D3-Both,44,33000,406.914595165015
25,D3-Both,44,36000,390.393550918335
25,D3-Both,44,39000,388.188831688336
25,D3-Both,44,42000,387.761276961085
25,D3-Both,44,45000,387.569318624846
25,D3-Both,44,48000,387.469868588183
25,D3-Both,44,51000,387.334368463619
25,D3-Both,44,54000,387.257709348713
25,D3-Both,44,57000,387.069566838665
25,D3-Both,44,60000,386.918088099102
25,D1-TracingDecay,44,3000,596.498707772858
25,D1-TracingDecay,44,6000,507.466449941517
25,D1-TracingDecay,44,9000,485.120714083339
25,D1-TracingDecay,44,12000,475.974734249258
25,D1-TracingDecay,44,15000,470.350355517602
25,D1-TracingDecay,44,18000,464.466544476266
25,D1-TracingDecay,44,21000,459.069068838996
25,D1-TracingDecay,44,24000,455.026039848359
25,D1-TracingDecay,44,27000,451.238886157389
25,D1-TracingDecay,44,30000,447.49006233399
25,D1-TracingDecay,44,33000,441.60758913628
25,D1-TracingDecay,44,36000,434.538476881258
25,D1-TracingDecay,44,39000,426.479623803256
25,D1-TracingDecay,44,42000,411.962377135896
25,D1-TracingDecay,44,45000,410.843373664243
25,D1-TracingDecay,44,48000,410.472292803817
25,D1-TracingDecay,44,51000,410.305763139826
25,D1-TracingDecay,44,54000,410.263271399836
25,D1-TracingDecay,44,57000,410.251573477175
25,D1-TracingDecay,44,60000,410.234519485218
25,CLPSO,44,3000,5655.7099080773
25,CLPSO,44,6000,3181.96399527453
25,CLPSO,44,9000,2551.5894490549
25,CLPSO,44,12000,2247.89734876449
25,CLPSO,44,15000,1787.89617253113
25,CLPSO,44,18000,1160.54556036431
25,CLPSO,44,21000,994.843415826475
25,CLPSO,44,24000,946.475346103934
25,CLPSO,44,27000,845.746948738574
25,CLPSO,44,30000,571.711544044548
25,CLPSO,44,33000,571.711544044548
25,CLPSO,44,36000,564.795077574984
25,CLPSO,44,39000,506.978532803311
25,CLPSO,44,42000,484.072454556462
25,CLPSO,44,45000,484.072454556462
25,CLPSO,44,48000,462.99005711012
25,CLPSO,44,51000,447.476463530546
25,CLPSO,44,54000,445.990960118462
25,CLPSO,44,57000,443.895900300013
25,CLPSO,44,60000,439.065560972289
25,LSHADE,44,3000,466.011289513937
25,LSHADE,44,6000,416.940441318888
25,LSHADE,44,9000,393.73518597638
25,LSHADE,44,12000,388.755242255409
25,LSHADE,44,15000,388.515824755735
25,LSHADE,44,18000,388.145084323542
25,LSHADE,44,21000,388.121926034417
25,LSHADE,44,24000,388.114008412189
25,LSHADE,44,27000,388.113974803305
25,LSHADE,44,30000,388.11397461697
25,LSHADE,44,33000,388.113974616234
25,LSHADE,44,36000,388.113974616227
25,LSHADE,44,39000,388.113974616227
25,LSHADE,44,42000,388.113974616227
25,LSHADE,44,45000,388.113974616227
25,LSHADE,44,48000,388.113974616227
25,LSHADE,44,51000,388.113974616227
25,LSHADE,44,54000,388.113974616227
25,LSHADE,44,57000,388.113974616227
25,LSHADE,44,60000,388.113974616227
25,D3-Both,45,3000,603.654160023147
25,D3-Both,45,6000,508.601711992511
25,D3-Both,45,9000,471.342782383583
25,D3-Both,45,12000,454.51160146744
25,D3-Both,45,15000,445.212145901209
25,D3-Both,45,18000,439.221236925034
25,D3-Both,45,21000,433.190155158179
25,D3-Both,45,24000,429.755200201934
25,D3-Both,45,27000,416.756919397044
25,D3-Both,45,30000,413.92489034342
25,D3-Both,45,33000,412.695094974982
25,D3-Both,45,36000,410.703629776009
25,D3-Both,45,39000,401.094165958265
25,D3-Both,45,42000,389.3855069612
25,D3-Both,45,45000,384.44407340594
25,D3-Both,45,48000,383.929723676765
25,D3-Both,45,51000,383.723771976607
25,D3-Both,45,54000,383.597032235387
25,D3-Both,45,57000,383.502488076116
25,D3-Both,45,60000,383.491445051112
25,D1-TracingDecay,45,3000,499.331140158155
25,D1-TracingDecay,45,6000,439.733568175749
25,D1-TracingDecay,45,9000,413.45696049784
25,D1-TracingDecay,45,12000,400.999376109219
25,D1-TracingDecay,45,15000,393.558900072931
25,D1-TracingDecay,45,18000,390.475689672057
25,D1-TracingDecay,45,21000,389.644623628443
25,D1-TracingDecay,45,24000,388.629821198016
25,D1-TracingDecay,45,27000,388.322169067655
25,D1-TracingDecay,45,30000,388.009900280217
25,D1-TracingDecay,45,33000,387.754522798584
25,D1-TracingDecay,45,36000,387.566217760646
25,D1-TracingDecay,45,39000,387.466856148406
25,D1-TracingDecay,45,42000,387.408370514946
25,D1-TracingDecay,45,45000,387.324307249137
25,D1-TracingDecay,45,48000,387.286207872718
25,D1-TracingDecay,45,51000,387.271391962193
25,D1-TracingDecay,45,54000,387.261361786289
25,D1-TracingDecay,45,57000,387.257945071158
25,D1-TracingDecay,45,60000,387.256075698456
25,CLPSO,45,3000,5719.72393873338
25,CLPSO,45,6000,2616.39982513152
25,CLPSO,45,9000,2108.93526897265
25,CLPSO,45,12000,1713.39934680833
25,CLPSO,45,15000,1713.39934680833
25,CLPSO,45,18000,1445.16052468992
25,CLPSO,45,21000,828.643906631688
25,CLPSO,45,24000,782.67094489689
25,CLPSO,45,27000,768.341103812548
25,CLPSO,45,30000,639.214033500079
25,CLPSO,45,33000,633.066641597487
25,CLPSO,45,36000,574.102017654229
25,CLPSO,45,39000,533.467823670047
25,CLPSO,45,42000,523.533081930952
25,CLPSO,45,45000,500.999713168585
25,CLPSO,45,48000,498.082520256953
25,CLPSO,45,51000,472.589209430691
25,CLPSO,45,54000,472.589209430691
25,CLPSO,45,57000,467.297929190473
25,CLPSO,45,60000,462.886454190509
25,LSHADE,45,3000,466.670395800847
25,LSHADE,45,6000,391.611854013138
25,LSHADE,45,9000,387.36413395123
25,LSHADE,45,12000,387.108818474988
25,LSHADE,45,15000,386.974105411862
25,LSHADE,45,18000,386.968220953536
25,LSHADE,45,21000,386.968175664921
25,LSHADE,45,24000,386.96817458789
25,LSHADE,45,27000,386.968174583283
25,LSHADE,45,30000,386.968174583267
25,LSHADE,45,33000,386.968174583267
25,LSHADE,45,36000,386.968174583267
25,LSHADE,45,39000,386.968174583267
25,LSHADE,45,42000,386.968174583267
25,LSHADE,45,45000,386.968174583267
25,LSHADE,45,48000,386.968174583267
25,LSHADE,45,51000,386.968174583267
25,LSHADE,45,54000,386.968174583267
25,LSHADE,45,57000,386.968174583267
25,LSHADE,45,60000,386.968174583267
26,D3-Both,41,3000,3624.28365282527
26,D3-Both,41,6000,3104.33701427981
26,D3-Both,41,9000,2982.02664767645
26,D3-Both,41,12000,2558.03212191642
26,D3-Both,41,15000,2529.65988186636
26,D3-Both,41,18000,2512.10665070191
26,D3-Both,41,21000,2470.08603435217
26,D3-Both,41,24000,2350.47447583515
26,D3-Both,41,27000,2329.75431269018
26,D3-Both,41,30000,2328.14194093999
26,D3-Both,41,33000,2317.20407466401
26,D3-Both,41,36000,2274.26332128361
26,D3-Both,41,39000,2252.85125578562
26,D3-Both,41,42000,2247.78142412066
26,D3-Both,41,45000,2227.48877915117
26,D3-Both,41,48000,2206.74216565633
26,D3-Both,41,51000,2175.0744244548
26,D3-Both,41,54000,2166.21737272215
26,D3-Both,41,57000,2160.16455179585
26,D3-Both,41,60000,2156.23053941853
26,D1-TracingDecay,41,3000,3459.99956550716
26,D1-TracingDecay,41,6000,3246.67212529189
26,D1-TracingDecay,41,9000,3172.97490355817
26,D1-TracingDecay,41,12000,3115.80641969302
26,D1-TracingDecay,41,15000,3068.76566190302
26,D1-TracingDecay,41,18000,3068.76566190302
26,D1-TracingDecay,41,21000,3068.76566190302
26,D1-TracingDecay,41,24000,2928.38960884096
26,D1-TracingDecay,41,27000,2740.63109239476
26,D1-TracingDecay,41,30000,2639.36029499652
26,D1-TracingDecay,41,33000,2590.52390540804
26,D1-TracingDecay,41,36000,2541.43581000769
26,D1-TracingDecay,41,39000,2531.23509250713
26,D1-TracingDecay,41,42000,2515.20613743674
26,D1-TracingDecay,41,45000,2507.91437992166
26,D1-TracingDecay,41,48000,2495.94795158444
26,D1-TracingDecay,41,51000,2494.11217356196
26,D1-TracingDecay,41,54000,2479.90959937763
26,D1-TracingDecay,41,57000,2469.59249166683
26,D1-TracingDecay,41,60000,2463.36752291146
26,CLPSO,41,3000,10217.9565582271
26,CLPSO,41,6000,7402.15273797273
26,CLPSO,41,9000,6615.43341401633
26,CLPSO,41,12000,5652.9444502672
26,CLPSO,41,15000,4992.51659365671
26,CLPSO,41,18000,4378.68936510761
26,CLPSO,41,21000,4211.73144853111
26,CLPSO,41,24000,3618.58426002128
26,CLPSO,41,27000,3554.40837718728
26,CLPSO,41,30000,3268.82804129748
26,CLPSO,41,33000,3175.85809170716
26,CLPSO,41,36000,3011.76836447564
26,CLPSO,41,39000,2814.17744222037
26,CLPSO,41,42000,2814.17744222037
26,CLPSO,41,45000,2692.26977547099
26,CLPSO,41,48000,2692.26977547099
26,CLPSO,41,51000,2692.26977547099
26,CLPSO,41,54000,2692.26977547099
26,CLPSO,41,57000,2692.26977547099
26,CLPSO,41,60000,2661.0252661018
26,LSHADE,41,3000,3599.22118026035
26,LSHADE,41,6000,2849.3873370052
26,LSHADE,41,9000,2492.09331866147
26,LSHADE,41,12000,2176.02189035945
26,LSHADE,41,15000,1867.1004455625
26,LSHADE,41,18000,1678.65624249713
26,LSHADE,41,21000,1592.98972791187
26,LSHADE,41,24000,1498.23707030543
26,LSHADE,41,27000,1422.40191812182
26,LSHADE,41,30000,1393.17659885282
26,LSHADE,41,33000,1347.87544596791
26,LSHADE,41,36000,1335.97919291909
26,LSHADE,41,39000,1317.23679684462
26,LSHADE,41,42000,1261.56126389294
26,LSHADE,41,45000,1256.52768532654
26,LSHADE,41,48000,1254.94657630263
26,LSHADE,41,51000,1250.50348572786
26,LSHADE,41,54000,1249.94270768793
26,LSHADE,41,57000,1249.26460508236
26,LSHADE,41,60000,1248.80899183666
26,D3-Both,42,3000,3320.66706341354
26,D3-Both,42,6000,3071.78883947552
26,D3-Both,42,9000,2676.39559424529
26,D3-Both,42,12000,2556.83611419268
26,D3-Both,42,15000,2533.22279289384
26,D3-Both,42,18000,2485.47929681605
26,D3-Both,42,21000,2369.06771856848
26,D3-Both,42,24000,2350.91621199938
26,D3-Both,42,27000,2309.69948179196
26,D3-Both,42,30000,2290.5892016636
26,D3-Both,42,33000,2230.51293665513
26,D3-Both,42,36000,2210.88494965355
26,D3-Both,42,39000,2207.96206679578
26,D3-Both,42,42000,2197.30881850932
26,D3-Both,42,45000,2189.62925888431
26,D3-Both,42,48000,2163.82942707757
26,D3-Both,42,51000,2155.25983556714
26,D3-Both,42,54000,2151.5244205295
26,D3-Both,42,57000,2150.62697160448
26,D3-Both,42,60000,2150.4580763296
26,D1-TracingDecay,42,3000,2104.54886179463
26,D1-TracingDecay,42,6000,1324.81218296819
26,D1-TracingDecay,42,9000,1078.20303413529
26,D1-TracingDecay,42,12000,947.836419102827
26,D1-TracingDecay,42,15000,685.841842769635
26,D1-TracingDecay,42,18000,383.195455673332
26,D1-TracingDecay,42,21000,325.663279530721
26,D1-TracingDecay,42,24000,315.715419225518
26,D1-TracingDecay,42,27000,310.364146022173
26,D1-TracingDecay,42,30000,308.467786659447
26,D1-TracingDecay,42,33000,307.435040837579
26,D1-TracingDecay,42,36000,304.222823933253
26,D1-TracingDecay,42,39000,301.719078173637
26,D1-TracingDecay,42,42000,301.267049651967
26,D1-TracingDecay,42,45000,300.914938859599
26,D1-TracingDecay,42,48000,300.711496373083
26,D1-TracingDecay,42,51000,300.564493300007
26,D1-TracingDecay,42,54000,300.202935992655
26,D1-TracingDecay,42,57000,300.13595400038
26,D1-TracingDecay,42,60000,300.060236407485
26,CLPSO,42,3000,8965.07702177786
26,CLPSO,42,6000,6906.49108668674
26,CLPSO,42,9000,6304.9791638261
26,CLPSO,42,12000,5695.92795804934
26,CLPSO,42,15000,4858.11068664215
26,CLPSO,42,18000,4387.63939766664
26,CLPSO,42,21000,3936.70089330782
26,CLPSO,42,24000,3909.81687195605
26,CLPSO,42,27000,3762.39372542124
26,CLPSO,42,30000,3532.60237817193
26,CLPSO,42,33000,3532.60237817193
26,CLPSO,42,36000,3482.5779385303
26,CLPSO,42,39000,3206.59253302764
26,CLPSO,42,42000,3153.83594081035
26,CLPSO,42,45000,3153.83594081035
26,CLPSO,42,48000,2978.26409526074
26,CLPSO,42,51000,2761.22912816194
26,CLPSO,42,54000,2706.85778680139
26,CLPSO,42,57000,2706.85778679782
26,CLPSO,42,60000,2667.93974748987
26,LSHADE,42,3000,3486.95080806179
26,LSHADE,42,6000,2979.93258069097
26,LSHADE,42,9000,2616.80437024659
26,LSHADE,42,12000,2293.23118129772
26,LSHADE,42,15000,2143.39313517167
26,LSHADE,42,18000,1935.5780949089
26,LSHADE,42,21000,1786.04641128377
26,LSHADE,42,24000,1661.79217366671
26,LSHADE,42,27000,1598.95633764428
26,LSHADE,42,30000,1546.16495510714
26,LSHADE,42,33000,1482.04019546603
26,LSHADE,42,36000,1456.35098146734
26,LSHADE,42,39000,1445.55518482457
26,LSHADE,42,42000,1441.19278752722
26,LSHADE,42,45000,1429.35837699649
26,LSHADE,42,48000,1423.980856179
26,LSHADE,42,51000,1422.46208248941
26,LSHADE,42,54000,1418.8658836217
26,LSHADE,42,57000,1418.6414304988
26,LSHADE,42,60000,1418.34648039991
26,D3-Both,43,3000,3307.99262528064
26,D3-Both,43,6000,3061.01563831152
26,D3-Both,43,9000,2927.54769407278
26,D3-Both,43,12000,2839.56334070403
26,D3-Both,43,15000,2754.96125478945
26,D3-Both,43,18000,2627.63255755001
26,D3-Both,43,21000,2606.38130299491
26,D3-Both,43,24000,2557.04679514393
26,D3-Both,43,27000,2451.75114616241
26,D3-Both,43,30000,2409.71230235238
26,D3-Both,43,33000,2317.49404048909
26,D3-Both,43,36000,2224.39055193404
26,D3-Both,43,39000,2182.78113462588
26,D3-Both,43,42000,2165.50078483088
26,D3-Both,43,45000,2120.82872503985
26,D3-Both,43,48000,2103.56905439631
26,D3-Both,43,51000,2097.01549166855
26,D3-Both,43,54000,2095.70329506622
26,D3-Both,43,57000,2095.35466255465
26,D3-Both,43,60000,2095.33005078642
26,D1-TracingDecay,43,3000,3691.62804282664
26,D1-TracingDecay,43,6000,3306.83790931573
26,D1-TracingDecay,43,9000,3268.11679121515
26,D1-TracingDecay,43,12000,3131.1970216828
26,D1-TracingDecay,43,15000,3105.35833575687
26,D1-TracingDecay,43,18000,3069.62896684661
26,D1-TracingDecay,43,21000,2915.30799767042
26,D1-TracingDecay,43,24000,2692.08437170951
26,D1-TracingDecay,43,27000,2662.46964776639
26,D1-TracingDecay,43,30000,2634.41804871276
26,D1-TracingDecay,43,33000,2602.46459140828
26,D1-TracingDecay,43,36000,2598.31841437677
26,D1-TracingDecay,43,39000,2589.51212177504
26,D1-TracingDecay,43,42000,2580.70530236532
26,D1-TracingDecay,43,45000,2559.29618818902
26,D1-TracingDecay,43,48000,2555.99615101641
26,D1-TracingDecay,43,51000,2555.19094938635
26,D1-TracingDecay,43,54000,2552.21964837023
26,D1-TracingDecay,43,57000,2550.48323823064
26,D1-TracingDecay,43,60000,2549.75674917771
26,CLPSO,43,3000,7529.54593278459
26,CLPSO,43,6000,6627.32279341354
26,CLPSO,43,9000,5590.05365215501
26,CLPSO,43,12000,4256.06938104615
26,CLPSO,43,15000,4256.06938104615
26,CLPSO,43,18000,4135.91836519818
26,CLPSO,43,21000,3944.67551008276
26,CLPSO,43,24000,3944.67551008276
26,CLPSO,43,27000,3794.63539636325
26,CLPSO,43,30000,3794.63539636325
26,CLPSO,43,33000,3408.84244189244
26,CLPSO,43,36000,3172.32620489182
26,CLPSO,43,39000,3052.81575609222
26,CLPSO,43,42000,3052.81575609222
26,CLPSO,43,45000,3052.81575609222
26,CLPSO,43,48000,2841.09635924771
26,CLPSO,43,51000,2841.09635924771
26,CLPSO,43,54000,2841.09635924771
26,CLPSO,43,57000,2841.09635924771
26,CLPSO,43,60000,2815.35389025786
26,LSHADE,43,3000,3389.93105088443
26,LSHADE,43,6000,2871.44489706463
26,LSHADE,43,9000,2290.31007542219
26,LSHADE,43,12000,2027.06762743595
26,LSHADE,43,15000,1894.70698607688
26,LSHADE,43,18000,1726.79021664607
26,LSHADE,43,21000,1673.75514638021
26,LSHADE,43,24000,1616.66091125867
26,LSHADE,43,27000,1572.34211264567
26,LSHADE,43,30000,1542.8903501059
26,LSHADE,43,33000,1539.21621393977
26,LSHADE,43,36000,1526.70441537369
26,LSHADE,43,39000,1516.34235626936
26,LSHADE,43,42000,1511.22667394794
26,LSHADE,43,45000,1472.2298772737
26,LSHADE,43,48000,1468.69168133224
26,LSHADE,43,51000,1464.59855918289
26,LSHADE,43,54000,1458.61435617654
26,LSHADE,43,57000,1452.98276367633
26,LSHADE,43,60000,1447.01862170914
26,D3-Both,44,3000,3078.37385515679
26,D3-Both,44,6000,2575.51773293747
26,D3-Both,44,9000,2427.25959004074
26,D3-Both,44,12000,2353.51827505658
26,D3-Both,44,15000,2283.11697962854
26,D3-Both,44,18000,2244.53810854341
26,D3-Both,44,21000,2110.71447789504
26,D3-Both,44,24000,2015.36163429145
26,D3-Both,44,27000,1977.26537852921
26,D3-Both,44,30000,1939.1137516232
26,D3-Both,44,33000,1925.60766975664
26,D3-Both,44,36000,1902.01656700276
26,D3-Both,44,39000,1871.28104734943
26,D3-Both,44,42000,1855.34691796215
26,D3-Both,44,45000,1820.11556979793
26,D3-Both,44,48000,1797.85224390382
26,D3-Both,44,51000,1793.87878824163
26,D3-Both,44,54000,1793.01326723639
26,D3-Both,44,57000,1792.87870375598
26,D3-Both,44,60000,1792.87088620452
26,D1-TracingDecay,44,3000,707.914395034004
26,D1-TracingDecay,44,6000,364.66076956657
26,D1-TracingDecay,44,9000,315.112767092674
26,D1-TracingDecay,44,12000,308.999468934332
26,D1-TracingDecay,44,15000,291.693499361681
26,D1-TracingDecay,44,18000,287.585395075126
26,D1-TracingDecay,44,21000,287.585395075126
26,D1-TracingDecay,44,24000,277.417383872899
26,D1-TracingDecay,44,27000,252.099101465638
26,D1-TracingDecay,44,30000,233.161267898918
26,D1-TracingDecay,44,33000,224.308940349964
26,D1-TracingDecay,44,36000,218.393166124261
26,D1-TracingDecay,44,39000,214.033894676497
26,D1-TracingDecay,44,42000,211.029702568997
26,D1-TracingDecay,44,45000,207.947550858007
26,D1-TracingDecay,44,48000,204.790335169587
26,D1-TracingDecay,44,51000,203.099347340455
26,D1-TracingDecay,44,54000,202.186968277662
26,D1-TracingDecay,44,57000,201.664977571812
26,D1-TracingDecay,44,60000,200.514534861588
26,CLPSO,44,3000,9490.33418119423
26,CLPSO,44,6000,6872.46574136192
26,CLPSO,44,9000,5042.42277584391
26,CLPSO,44,12000,4489.56239242833
26,CLPSO,44,15000,4450.6162056924
26,CLPSO,44,18000,4450.6162056924
26,CLPSO,44,21000,4029.38457781813
26,CLPSO,44,24000,3879.73471274843
26,CLPSO,44,27000,3879.73471274843
26,CLPSO,44,30000,3639.43992277378
26,CLPSO,44,33000,3395.87970424574
26,CLPSO,44,36000,3123.03639104135
26,CLPSO,44,39000,3123.03639104135
26,CLPSO,44,42000,3101.35780238832
26,CLPSO,44,45000,3060.8054848621
26,CLPSO,44,48000,3010.06389878133
26,CLPSO,44,51000,2970.41030178727
26,CLPSO,44,54000,2876.10442832285
26,CLPSO,44,57000,2849.19700055829
26,CLPSO,44,60000,2764.63628280941
26,LSHADE,44,3000,3467.05960033182
26,LSHADE,44,6000,2911.04700862007
26,LSHADE,44,9000,2650.84795971195
26,LSHADE,44,12000,2134.20510533533
26,LSHADE,44,15000,1846.1099312784
26,LSHADE,44,18000,1611.48973997882
26,LSHADE,44,21000,1464.87544557203
26,LSHADE,44,24000,1377.60129092064
26,LSHADE,44,27000,1285.29918801712
26,LSHADE,44,30000,1278.95481310628
26,LSHADE,44,33000,1241.61876719765
26,LSHADE,44,36000,1223.98681007397
26,LSHADE,44,39000,1216.90659332377
26,LSHADE,44,42000,1215.79847229946
26,LSHADE,44,45000,1214.9914260358
26,LSHADE,44,48000,1213.65592984895
26,LSHADE,44,51000,1213.00456815044
26,LSHADE,44,54000,1212.88855400925
26,LSHADE,44,57000,1212.65778611726
26,LSHADE,44,60000,1212.5704365006
26,D3-Both,45,3000,2444.11460154217
26,D3-Both,45,6000,968.001902308767
26,D3-Both,45,9000,395.273550369798
26,D3-Both,45,12000,331.254335603533
26,D3-Both,45,15000,322.942683793468
26,D3-Both,45,18000,313.435679253281
26,D3-Both,45,21000,292.919582373447
26,D3-Both,45,24000,290.227252754142
26,D3-Both,45,27000,288.592794932251
26,D3-Both,45,30000,276.26229511747
26,D3-Both,45,33000,270.383480881489
26,D3-Both,45,36000,269.102518580701
26,D3-Both,45,39000,256.202558026358
26,D3-Both,45,42000,244.174785806313
26,D3-Both,45,45000,220.980949176837
26,D3-Both,45,48000,208.431955322916
26,D3-Both,45,51000,203.059518606385
26,D3-Both,45,54000,200.832703102538
26,D3-Both,45,57000,200.195860623165
26,D3-Both,45,60000,200.041579489266
26,D1-TracingDecay,45,3000,679.730373227505
26,D1-TracingDecay,45,6000,349.172834995051
26,D1-TracingDecay,45,9000,322.959120833622
26,D1-TracingDecay,45,12000,315.428882913222
26,D1-TracingDecay,45,15000,292.83911614081
26,D1-TracingDecay,45,18000,291.717031891772
26,D1-TracingDecay,45,21000,286.684930368835
26,D1-TracingDecay,45,24000,274.65087841449
26,D1-TracingDecay,45,27000,254.137289113932
26,D1-TracingDecay,45,30000,244.865784582369
26,D1-TracingDecay,45,33000,239.695810564795
26,D1-TracingDecay,45,36000,226.04543095357
26,D1-TracingDecay,45,39000,220.477632155645
26,D1-TracingDecay,45,42000,215.662918512666
26,D1-TracingDecay,45,45000,207.545584907592
26,D1-TracingDecay,45,48000,204.319981894676
26,D1-TracingDecay,45,51000,202.556434529916
26,D1-TracingDecay,45,54000,201.459561912465
26,D1-TracingDecay,45,57000,200.597527143575
26,D1-TracingDecay,45,60000,200.211601629763
26,CLPSO,45,3000,6552.20837409021
26,CLPSO,45,6000,5453.23355523871
26,CLPSO,45,9000,5049.89359293053
26,CLPSO,45,12000,5049.89359293053
26,CLPSO,45,15000,4698.39204973313
26,CLPSO,45,18000,4507.59585419852
26,CLPSO,45,21000,4311.87375318407
26,CLPSO,45,24000,3916.03371167932
26,CLPSO,45,27000,3854.77944522456
26,CLPSO,45,30000,3748.56811214189
26,CLPSO,45,33000,3509.33901790679
26,CLPSO,45,36000,3380.24305604544
26,CLPSO,45,39000,3284.29028976442
26,CLPSO,45,42000,3145.99456580878
26,CLPSO,45,45000,2948.64459041257
26,CLPSO,45,48000,2861.44987205367
26,CLPSO,45,51000,2842.99904737902
26,CLPSO,45,54000,2726.15781236087
26,CLPSO,45,57000,2609.64710138527
26,CLPSO,45,60000,2533.24686248328
26,LSHADE,45,3000,2827.38884309103
26,LSHADE,45,6000,2700.63673085019
26,LSHADE,45,9000,2434.92102213588
26,LSHADE,45,12000,2235.8150465482
26,LSHADE,45,15000,1979.3367262522
26,LSHADE,45,18000,1676.05042971239
26,LSHADE,45,21000,1603.81026066294
26,LSHADE,45,24000,1485.94595961906
26,LSHADE,45,27000,1390.98082050215
26,LSHADE,45,30000,1354.57901290931
26,LSHADE,45,33000,1342.36180266945
26,LSHADE,45,36000,1313.7163417068
26,LSHADE,45,39000,1295.51439178888
26,LSHADE,45,42000,1293.39252417796
26,LSHADE,45,45000,1271.54274859422
26,LSHADE,45,48000,1269.67536011206
26,LSHADE,45,51000,1269.58178326423
26,LSHADE,45,54000,1262.3779352048
26,LSHADE,45,57000,1261.35105514896
26,LSHADE,45,60000,1260.40448246813
27,D3-Both,41,3000,581.056167346005
27,D3-Both,41,6000,569.063167882659
27,D3-Both,41,9000,567.147944874181
27,D3-Both,41,12000,564.858095856186
27,D3-Both,41,15000,563.496922745178
27,D3-Both,41,18000,563.308273422227
27,D3-Both,41,21000,563.308273422227
27,D3-Both,41,24000,562.628925495692
27,D3-Both,41,27000,562.510675200901
27,D3-Both,41,30000,562.218848773396
27,D3-Both,41,33000,562.00901425277
27,D3-Both,41,36000,561.855010583548
27,D3-Both,41,39000,561.575031944446
27,D3-Both,41,42000,561.455501753214
27,D3-Both,41,45000,561.36498507891
27,D3-Both,41,48000,561.273783110567
27,D3-Both,41,51000,561.232672034915
27,D3-Both,41,54000,561.225991053244
27,D3-Both,41,57000,561.215592497543
27,D3-Both,41,60000,561.208400023279
27,D1-TracingDecay,41,3000,590.746830405054
27,D1-TracingDecay,41,6000,565.653593958588
27,D1-TracingDecay,41,9000,564.28004916505
27,D1-TracingDecay,41,12000,563.979857265499
27,D1-TracingDecay,41,15000,557.766398478375
27,D1-TracingDecay,41,18000,555.244860320201
27,D1-TracingDecay,41,21000,553.712039770577
27,D1-TracingDecay,41,24000,553.280404377533
27,D1-TracingDecay,41,27000,553.280404377533
27,D1-TracingDecay,41,30000,552.921856702267
27,D1-TracingDecay,41,33000,552.792891271679
27,D1-TracingDecay,41,36000,552.667302441089
27,D1-TracingDecay,41,39000,552.588287929091
27,D1-TracingDecay,41,42000,552.556351578418
27,D1-TracingDecay,41,45000,552.538613331433
27,D1-TracingDecay,41,48000,552.52107194884
27,D1-TracingDecay,41,51000,552.496889918084
27,D1-TracingDecay,41,54000,552.457822841553
27,D1-TracingDecay,41,57000,552.449438930582
27,D1-TracingDecay,41,60000,552.440924939814
27,CLPSO,41,3000,1444.89271702139
27,CLPSO,41,6000,940.520655464291
27,CLPSO,41,9000,687.708009506192
27,CLPSO,41,12000,642.111969344616
27,CLPSO,41,15000,642.111969344616
27,CLPSO,41,18000,611.807359382201
27,CLPSO,41,21000,602.427702306987
27,CLPSO,41,24000,594.813328552779
27,CLPSO,41,27000,565.641525328997
27,CLPSO,41,30000,565.641483161252
27,CLPSO,41,33000,562.710111120151
27,CLPSO,41,36000,562.710111120151
27,CLPSO,41,39000,556.442350731382
27,CLPSO,41,42000,553.207987877906
27,CLPSO,41,45000,553.207987877906
27,CLPSO,41,48000,543.085687676104
27,CLPSO,41,51000,542.144698897833
27,CLPSO,41,54000,542.144698897833
27,CLPSO,41,57000,540.151116565112
27,CLPSO,41,60000,536.827551615642
27,LSHADE,41,3000,567.072383541179
27,LSHADE,41,6000,534.143647170094
27,LSHADE,41,9000,512.852086169101
27,LSHADE,41,12000,507.894245572771
27,LSHADE,41,15000,507.621091831682
27,LSHADE,41,18000,507.606613051617
27,LSHADE,41,21000,507.604993535184
27,LSHADE,41,24000,507.604847576242
27,LSHADE,41,27000,507.60483134589
27,LSHADE,41,30000,507.604829770989
27,LSHADE,41,33000,507.604829408314
27,LSHADE,41,36000,507.604829274832
27,LSHADE,41,39000,507.604829167096
27,LSHADE,41,42000,507.604829140082
27,LSHADE,41,45000,507.604829138242
27,LSHADE,41,48000,507.604829138079
27,LSHADE,41,51000,507.604829138072
27,LSHADE,41,54000,507.60482913807
27,LSHADE,41,57000,507.60482913807
27,LSHADE,41,60000,507.60482913807
27,D3-Both,42,3000,615.160995258101
27,D3-Both,42,6000,576.943134401795
27,D3-Both,42,9000,563.798261158041
27,D3-Both,42,12000,555.780028751648
27,D3-Both,42,15000,553.191330875508
27,D3-Both,42,18000,552.537590379249
27,D3-Both,42,21000,550.23329931267
27,D3-Both,42,24000,547.453726408035
27,D3-Both,42,27000,544.794357236961
27,D3-Both,42,30000,544.141232698321
27,D3-Both,42,33000,543.770143232211
27,D3-Both,42,36000,543.559818728187
27,D3-Both,42,39000,543.211945540706
27,D3-Both,42,42000,542.654910296345
27,D3-Both,42,45000,542.48648742178
27,D3-Both,42,48000,542.385463877894
27,D3-Both,42,51000,542.307484717595
27,D3-Both,42,54000,542.293826456514
27,D3-Both,42,57000,542.29071449807
27,D3-Both,42,60000,542.288519068095
27,D1-TracingDecay,42,3000,604.833216526769
27,D1-TracingDecay,42,6000,596.350420972751
27,D1-TracingDecay,42,9000,593.733306921428
27,D1-TracingDecay,42,12000,587.291536398764
27,D1-TracingDecay,42,15000,584.572572112143
27,D1-TracingDecay,42,18000,583.573027289156
27,D1-TracingDecay,42,21000,564.524925743203
27,D1-TracingDecay,42,24000,553.181944627941
27,D1-TracingDecay,42,27000,546.234961395939
27,D1-TracingDecay,42,30000,538.349803193266
27,D1-TracingDecay,42,33000,537.322808351519
27,D1-TracingDecay,42,36000,536.679004448261
27,D1-TracingDecay,42,39000,535.853299752842
27,D1-TracingDecay,42,42000,535.568422967824
27,D1-TracingDecay,42,45000,535.292981954059
27,D1-TracingDecay,42,48000,535.183818998665
27,D1-TracingDecay,42,51000,535.109449617229
27,D1-TracingDecay,42,54000,535.097241204929
27,D1-TracingDecay,42,57000,535.081844083537
27,D1-TracingDecay,42,60000,535.067884752016
27,CLPSO,42,3000,1338.73844657996
27,CLPSO,42,6000,1010.35751054695
27,CLPSO,42,9000,871.141653701027
27,CLPSO,42,12000,804.381410421104
27,CLPSO,42,15000,702.08397544163
27,CLPSO,42,18000,623.805050325307
27,CLPSO,42,21000,609.787357763546
27,CLPSO,42,24000,597.211718907234
27,CLPSO,42,27000,595.410673469384
27,CLPSO,42,30000,584.169077690354
27,CLPSO,42,33000,564.675062764099
27,CLPSO,42,36000,563.019865964744
27,CLPSO,42,39000,562.018330867985
27,CLPSO,42,42000,538.065759659054
27,CLPSO,42,45000,537.895667993035
27,CLPSO,42,48000,537.156459056933
27,CLPSO,42,51000,534.986127060765
27,CLPSO,42,54000,534.979138122536
27,CLPSO,42,57000,534.52159043065
27,CLPSO,42,60000,530.506585439435
27,LSHADE,42,3000,550.407940765282
27,LSHADE,42,6000,523.454334325086
27,LSHADE,42,9000,518.755345287883
27,LSHADE,42,12000,517.93572313427
27,LSHADE,42,15000,517.837649778682
27,LSHADE,42,18000,517.778162175354
27,LSHADE,42,21000,517.748878003878
27,LSHADE,42,24000,517.742412041833
27,LSHADE,42,27000,517.735227865026
27,LSHADE,42,30000,517.734190679
27,LSHADE,42,33000,517.733369065832
27,LSHADE,42,36000,517.73229818557
27,LSHADE,42,39000,517.731937326259
27,LSHADE,42,42000,517.731881944233
27,LSHADE,42,45000,517.731771091101
27,LSHADE,42,48000,517.731719233607
27,LSHADE,42,51000,517.731711879552
27,LSHADE,42,54000,517.731708803893
27,LSHADE,42,57000,517.731707093094
27,LSHADE,42,60000,517.731706431835
27,D3-Both,43,3000,563.692348036303
27,D3-Both,43,6000,533.480326411876
27,D3-Both,43,9000,528.312117198998
27,D3-Both,43,12000,527.865022922706
27,D3-Both,43,15000,523.386271850776
27,D3-Both,43,18000,518.782964399344
27,D3-Both,43,21000,515.601046883243
27,D3-Both,43,24000,515.601046883243
27,D3-Both,43,27000,514.763398048385
27,D3-Both,43,30000,513.828572266491
27,D3-Both,43,33000,513.398355404087
27,D3-Both,43,36000,512.167101319188
27,D3-Both,43,39000,511.760282098551
27,D3-Both,43,42000,511.489745060135
27,D3-Both,43,45000,511.367082339909
27,D3-Both,43,48000,511.245389623391
27,D3-Both,43,51000,511.22735721382
27,D3-Both,43,54000,511.195742292401
27,D3-Both,43,57000,511.166842659205
27,D3-Both,43,60000,511.163474748752
27,D1-TracingDecay,43,3000,548.483353807762
27,D1-TracingDecay,43,6000,521.47624853267
27,D1-TracingDecay,43,9000,519.79865986083
27,D1-TracingDecay,43,12000,519.469076759145
27,D1-TracingDecay,43,15000,519.44669889235
27,D1-TracingDecay,43,18000,519.225001376632
27,D1-TracingDecay,43,21000,519.030345726835
27,D1-TracingDecay,43,24000,518.981939671463
27,D1-TracingDecay,43,27000,518.953126162104
27,D1-TracingDecay,43,30000,518.747676000147
27,D1-TracingDecay,43,33000,518.583968138162
27,D1-TracingDecay,43,36000,518.474840799535
27,D1-TracingDecay,43,39000,518.405710541982
27,D1-TracingDecay,43,42000,518.385423936592
27,D1-TracingDecay,43,45000,518.374985533144
27,D1-TracingDecay,43,48000,518.357842731182
27,D1-TracingDecay,43,51000,518.343679814485
27,D1-TracingDecay,43,54000,518.34144507886
27,D1-TracingDecay,43,57000,518.338466159983
27,D1-TracingDecay,43,60000,518.337374571402
27,CLPSO,43,3000,1303.6759002137
27,CLPSO,43,6000,946.315278646701
27,CLPSO,43,9000,785.814559854894
27,CLPSO,43,12000,744.08788962513
27,CLPSO,43,15000,669.379725361017
27,CLPSO,43,18000,642.237599330403
27,CLPSO,43,21000,623.60934110942
27,CLPSO,43,24000,613.723929682071
27,CLPSO,43,27000,584.458794209205
27,CLPSO,43,30000,576.997132597883
27,CLPSO,43,33000,576.997132586594
27,CLPSO,43,36000,565.570655596264
27,CLPSO,43,39000,561.180535737255
27,CLPSO,43,42000,558.907320936589
27,CLPSO,43,45000,551.475022570891
27,CLPSO,43,48000,551.474980181643
27,CLPSO,43,51000,550.518515079188
27,CLPSO,43,54000,550.518515079187
27,CLPSO,43,57000,548.432677046016
27,CLPSO,43,60000,547.805538396346
27,LSHADE,43,3000,565.913974281581
27,LSHADE,43,6000,533.404416420952
27,LSHADE,43,9000,521.658266000808
27,LSHADE,43,12000,520.864975805558
27,LSHADE,43,15000,520.811918482321
27,LSHADE,43,18000,520.805819200965
27,LSHADE,43,21000,520.805407686187
27,LSHADE,43,24000,520.805353344364
27,LSHADE,43,27000,520.805337925605
27,LSHADE,43,30000,520.805335466173
27,LSHADE,43,33000,520.805332928142
27,LSHADE,43,36000,520.805329538778
27,LSHADE,43,39000,520.805327807586
27,LSHADE,43,42000,520.805326330114
27,LSHADE,43,45000,520.805326245823
27,LSHADE,43,48000,520.805326239718
27,LSHADE,43,51000,520.805326238518
27,LSHADE,43,54000,520.805326238416
27,LSHADE,43,57000,520.805326238413
27,LSHADE,43,60000,520.805326238413
27,D3-Both,44,3000,576.028462119517
27,D3-Both,44,6000,566.337121445882
27,D3-Both,44,9000,565.098729316816
27,D3-Both,44,12000,563.72996052872
27,D3-Both,44,15000,546.960783100059
27,D3-Both,44,18000,545.129990738951
27,D3-Both,44,21000,544.167428432371
27,D3-Both,44,24000,543.773504211928
27,D3-Both,44,27000,543.259786003564
27,D3-Both,44,30000,543.023238854224
27,D3-Both,44,33000,542.669736664973
27,D3-Both,44,36000,542.528317254989
27,D3-Both,44,39000,542.503462775206
27,D3-Both,44,42000,542.239950817983
27,D3-Both,44,45000,542.210974039886
27,D3-Both,44,48000,542.194679654749
27,D3-Both,44,51000,542.168825528113
27,D3-Both,44,54000,542.159572992239
27,D3-Both,44,57000,542.154147004994
27,D3-Both,44,60000,542.152672137084
27,D1-TracingDecay,44,3000,654.099012545397
27,D1-TracingDecay,44,6000,649.757533024931
27,D1-TracingDecay,44,9000,635.154740290463
27,D1-TracingDecay,44,12000,620.032133359685
27,D1-TracingDecay,44,15000,581.917793140523
27,D1-TracingDecay,44,18000,563.430999979287
27,D1-TracingDecay,44,21000,560.499372712393
27,D1-TracingDecay,44,24000,557.973648814529
27,D1-TracingDecay,44,27000,556.197526771203
27,D1-TracingDecay,44,30000,555.555372124834
27,D1-TracingDecay,44,33000,553.344323907003
27,D1-TracingDecay,44,36000,548.59665545798
27,D1-TracingDecay,44,39000,547.43965376737
27,D1-TracingDecay,44,42000,546.822614029858
27,D1-TracingDecay,44,45000,545.964336101915
27,D1-TracingDecay,44,48000,545.593397309343
27,D1-TracingDecay,44,51000,545.364040226671
27,D1-TracingDecay,44,54000,545.317948098034
27,D1-TracingDecay,44,57000,545.225123082212
27,D1-TracingDecay,44,60000,545.191954367881
27,CLPSO,44,3000,1703.19019367405
27,CLPSO,44,6000,1024.09257370211
27,CLPSO,44,9000,764.338777414454
27,CLPSO,44,12000,679.064625609935
27,CLPSO,44,15000,661.832352647358
27,CLPSO,44,18000,661.168749366425
27,CLPSO,44,21000,625.991751392076
27,CLPSO,44,24000,606.095118755418
27,CLPSO,44,27000,599.794333990705
27,CLPSO,44,30000,594.286177492203
27,CLPSO,44,33000,575.060206117631
27,CLPSO,44,36000,571.432828636805
27,CLPSO,44,39000,571.432828636805
27,CLPSO,44,42000,571.432828636805
27,CLPSO,44,45000,569.632565309143
27,CLPSO,44,48000,549.528216837868
27,CLPSO,44,51000,549.528216837868
27,CLPSO,44,54000,549.528216837868
27,CLPSO,44,57000,548.717944498752
27,CLPSO,44,60000,548.717944498752
27,LSHADE,44,3000,544.573761769891
27,LSHADE,44,6000,522.939454216468
27,LSHADE,44,9000,510.682958478603
27,LSHADE,44,12000,509.426356768678
27,LSHADE,44,15000,509.369803985212
27,LSHADE,44,18000,509.354735448201
27,LSHADE,44,21000,509.35072192105
27,LSHADE,44,24000,509.34917972942
27,LSHADE,44,27000,509.34868567226
27,LSHADE,44,30000,509.348476970357
27,LSHADE,44,33000,509.348462836788
27,LSHADE,44,36000,509.348460542016
27,LSHADE,44,39000,509.348413219349
27,LSHADE,44,42000,509.348383875516
27,LSHADE,44,45000,509.348373597861
27,LSHADE,44,48000,509.348370672307
27,LSHADE,44,51000,509.348370016975
27,LSHADE,44,54000,509.348369961307
27,LSHADE,44,57000,509.34836994294
27,LSHADE,44,60000,509.348369942937
27,D3-Both,45,3000,551.963946412894
27,D3-Both,45,6000,538.843318148552
27,D3-Both,45,9000,536.222641671695
27,D3-Both,45,12000,534.265061849168
27,D3-Both,45,15000,533.404004867048
27,D3-Both,45,18000,533.311222742292
27,D3-Both,45,21000,533.145921896274
27,D3-Both,45,24000,532.758481777745
27,D3-Both,45,27000,532.141933732919
27,D3-Both,45,30000,531.719183307403
27,D3-Both,45,33000,531.623125498609
27,D3-Both,45,36000,531.526180699416
27,D3-Both,45,39000,531.378081573896
27,D3-Both,45,42000,531.283762886974
27,D3-Both,45,45000,531.198085192616
27,D3-Both,45,48000,531.176385358174
27,D3-Both,45,51000,531.14645753841
27,D3-Both,45,54000,531.138178225851
27,D3-Both,45,57000,531.136327576275
27,D3-Both,45,60000,531.13572534743
27,D1-TracingDecay,45,3000,564.147181989395
27,D1-TracingDecay,45,6000,534.018578033825
27,D1-TracingDecay,45,9000,528.407165852133
27,D1-TracingDecay,45,12000,525.848012348771
27,D1-TracingDecay,45,15000,525.257202115354
27,D1-TracingDecay,45,18000,525.129143806628
27,D1-TracingDecay,45,21000,524.903412633879
27,D1-TracingDecay,45,24000,524.898917087707
27,D1-TracingDecay,45,27000,524.55876584243
27,D1-TracingDecay,45,30000,524.55876584243
27,D1-TracingDecay,45,33000,524.530914607972
27,D1-TracingDecay,45,36000,524.224457590894
27,D1-TracingDecay,45,39000,523.996924570004
27,D1-TracingDecay,45,42000,523.968293960247
27,D1-TracingDecay,45,45000,523.668668922302
27,D1-TracingDecay,45,48000,523.490390011633
27,D1-TracingDecay,45,51000,523.472555362003
27,D1-TracingDecay,45,54000,523.465689806793
27,D1-TracingDecay,45,57000,523.456696746718
27,D1-TracingDecay,45,60000,523.453400696934
27,CLPSO,45,3000,1219.06496670027
27,CLPSO,45,6000,977.792615409845
27,CLPSO,45,9000,755.289632147731
27,CLPSO,45,12000,626.065861197252
27,CLPSO,45,15000,626.065861197252
27,CLPSO,45,18000,592.398505478182
27,CLPSO,45,21000,586.441008215284
27,CLPSO,45,24000,569.988864507352
27,CLPSO,45,27000,569.666233847625
27,CLPSO,45,30000,569.666024503887
27,CLPSO,45,33000,569.666024503887
27,CLPSO,45,36000,569.666024503887
27,CLPSO,45,39000,561.476447239604
27,CLPSO,45,42000,556.284297510733
27,CLPSO,45,45000,553.693600656889
27,CLPSO,45,48000,552.266086611669
27,CLPSO,45,51000,552.266085904341
27,CLPSO,45,54000,548.478255505699
27,CLPSO,45,57000,541.782843000924
27,CLPSO,45,60000,541.260246360922
27,LSHADE,45,3000,559.231596522657
27,LSHADE,45,6000,526.702755273521
27,LSHADE,45,9000,518.162079248725
27,LSHADE,45,12000,517.950972905335
27,LSHADE,45,15000,517.936827058729
27,LSHADE,45,18000,517.936113866892
27,LSHADE,45,21000,517.9360360272
27,LSHADE,45,24000,517.936029442654
27,LSHADE,45,27000,517.936027874649
27,LSHADE,45,30000,517.936027688306
27,LSHADE,45,33000,517.936027612916
27,LSHADE,45,36000,517.936027513332
27,LSHADE,45,39000,517.936027505441
27,LSHADE,45,42000,517.93602750515
27,LSHADE,45,45000,517.936027505011
27,LSHADE,45,48000,517.936027505004
27,LSHADE,45,51000,517.936027505003
27,LSHADE,45,54000,517.936027505001
27,LSHADE,45,57000,517.936027505
27,LSHADE,45,60000,517.936027504999
28,D3-Both,41,3000,888.124963255694
28,D3-Both,41,6000,667.865872233166
28,D3-Both,41,9000,609.393005007074
28,D3-Both,41,12000,568.735418228423
28,D3-Both,41,15000,528.712097866136
28,D3-Both,41,18000,496.601019247744
28,D3-Both,41,21000,479.048944609454
28,D3-Both,41,24000,464.938234236548
28,D3-Both,41,27000,443.185600313478
28,D3-Both,41,30000,410.282990239577
28,D3-Both,41,33000,402.164829861007
28,D3-Both,41,36000,400.590137083595
28,D3-Both,41,39000,399.814184809276
28,D3-Both,41,42000,398.782063505055
28,D3-Both,41,45000,397.61026170756
28,D3-Both,41,48000,395.683263675092
28,D3-Both,41,51000,393.373193440266
28,D3-Both,41,54000,389.398680739391
28,D3-Both,41,57000,380.57436335795
28,D3-Both,41,60000,322.985611784964
28,D1-TracingDecay,41,3000,912.280876942969
28,D1-TracingDecay,41,6000,563.586308763838
28,D1-TracingDecay,41,9000,508.136143168485
28,D1-TracingDecay,41,12000,489.615686033664
28,D1-TracingDecay,41,15000,482.832490800628
28,D1-TracingDecay,41,18000,476.543316996484
28,D1-TracingDecay,41,21000,472.914422896592
28,D1-TracingDecay,41,24000,470.536075709909
28,D1-TracingDecay,41,27000,467.191027343158
28,D1-TracingDecay,41,30000,465.706118621359
28,D1-TracingDecay,41,33000,463.520933846925
28,D1-TracingDecay,41,36000,462.069864861124
28,D1-TracingDecay,41,39000,460.630816598285
28,D1-TracingDecay,41,42000,459.834281712226
28,D1-TracingDecay,41,45000,458.971794328484
28,D1-TracingDecay,41,48000,458.487177822766
28,D1-TracingDecay,41,51000,458.398392435337
28,D1-TracingDecay,41,54000,458.312792543983
28,D1-TracingDecay,41,57000,458.283802214499
28,D1-TracingDecay,41,60000,458.246935243049
28,CLPSO,41,3000,5336.94959364671
28,CLPSO,41,6000,4179.097439713
28,CLPSO,41,9000,4120.2317184239
28,CLPSO,41,12000,3495.91388465125
28,CLPSO,41,15000,2772.17993879351
28,CLPSO,41,18000,2529.32613457905
28,CLPSO,41,21000,2058.63018039185
28,CLPSO,41,24000,1825.2784094306
28,CLPSO,41,27000,1742.83427786474
28,CLPSO,41,30000,1520.97627934161
28,CLPSO,41,33000,1342.84723073395
28,CLPSO,41,36000,1342.50874415434
28,CLPSO,41,39000,1263.0053187884
28,CLPSO,41,42000,1112.54044617796
28,CLPSO,41,45000,1112.54044617796
28,CLPSO,41,48000,965.65458284129
28,CLPSO,41,51000,909.98231315908
28,CLPSO,41,54000,909.98231315908
28,CLPSO,41,57000,831.262427326275
28,CLPSO,41,60000,812.859237610356
28,LSHADE,41,3000,577.389880751859
28,LSHADE,41,6000,499.612179198572
28,LSHADE,41,9000,472.387709516116
28,LSHADE,41,12000,468.02363166028
28,LSHADE,41,15000,467.610567716029
28,LSHADE,41,18000,466.86502113002
28,LSHADE,41,21000,466.647006040913
28,LSHADE,41,24000,466.640450777219
28,LSHADE,41,27000,466.640050149461
28,LSHADE,41,30000,466.640021995579
28,LSHADE,41,33000,466.640021234774
28,LSHADE,41,36000,466.640021205319
28,LSHADE,41,39000,466.640021202635
28,LSHADE,41,42000,466.640021202487
28,LSHADE,41,45000,466.640021202485
28,LSHADE,41,48000,466.640021202485
28,LSHADE,41,51000,466.640021202485
28,LSHADE,41,54000,466.640021202485
28,LSHADE,41,57000,466.640021202485
28,LSHADE,41,60000,466.640021202485
28,D3-Both,42,3000,802.781867608483
28,D3-Both,42,6000,571.563682752732
28,D3-Both,42,9000,520.257721627408
28,D3-Both,42,12000,506.421579094752
28,D3-Both,42,15000,490.550455819205
28,D3-Both,42,18000,481.166337320838
28,D3-Both,42,21000,472.496254574889
28,D3-Both,42,24000,469.258395936875
28,D3-Both,42,27000,466.909057485067
28,D3-Both,42,30000,463.78020618687
28,D3-Both,42,33000,460.817850929155
28,D3-Both,42,36000,456.71153207943
28,D3-Both,42,39000,448.483124161237
28,D3-Both,42,42000,424.075753582203
28,D3-Both,42,45000,412.513806952691
28,D3-Both,42,48000,409.629129003459
28,D3-Both,42,51000,407.746829120438
28,D3-Both,42,54000,406.579659567806
28,D3-Both,42,57000,404.265071556191
28,D3-Both,42,60000,401.621872386951
28,D1-TracingDecay,42,3000,647.013894824995
28,D1-TracingDecay,42,6000,548.564646470923
28,D1-TracingDecay,42,9000,520.466428599027
28,D1-TracingDecay,42,12000,500.363222934011
28,D1-TracingDecay,42,15000,489.507625909129
28,D1-TracingDecay,42,18000,476.272980438486
28,D1-TracingDecay,42,21000,448.655281597842
28,D1-TracingDecay,42,24000,409.375663170282
28,D1-TracingDecay,42,27000,403.352739861626
28,D1-TracingDecay,42,30000,401.462830977153
28,D1-TracingDecay,42,33000,400.216779560266
28,D1-TracingDecay,42,36000,399.624688857816
28,D1-TracingDecay,42,39000,398.583421422997
28,D1-TracingDecay,42,42000,398.28925895589
28,D1-TracingDecay,42,45000,397.401029186462
28,D1-TracingDecay,42,48000,396.887291194379
28,D1-TracingDecay,42,51000,393.582619305446
28,D1-TracingDecay,42,54000,389.079941069187
28,D1-TracingDecay,42,57000,374.181853225804
28,D1-TracingDecay,42,60000,349.361404894757
28,CLPSO,42,3000,5485.18667787451
28,CLPSO,42,6000,3887.94501666301
28,CLPSO,42,9000,3636.57553728134
28,CLPSO,42,12000,2522.83453931663
28,CLPSO,42,15000,2522.83453931663
28,CLPSO,42,18000,2303.52798052975
28,CLPSO,42,21000,2034.79955483955
28,CLPSO,42,24000,1763.09822222765
28,CLPSO,42,27000,1388.58778597635
28,CLPSO,42,30000,1309.69044548197
28,CLPSO,42,33000,1249.45912694838
28,CLPSO,42,36000,1129.12675246297
28,CLPSO,42,39000,991.086503407407
28,CLPSO,42,42000,946.698562188138
28,CLPSO,42,45000,898.71683882772
28,CLPSO,42,48000,888.503361463405
28,CLPSO,42,51000,774.748814645794
28,CLPSO,42,54000,774.696998067875
28,CLPSO,42,57000,765.107944295481
28,CLPSO,42,60000,724.151242953486
28,LSHADE,42,3000,592.15609320618
28,LSHADE,42,6000,486.907038113051
28,LSHADE,42,9000,470.652960262127
28,LSHADE,42,12000,467.962072306576
28,LSHADE,42,15000,466.854921224561
28,LSHADE,42,18000,466.64679868189
28,LSHADE,42,21000,466.640163410719
28,LSHADE,42,24000,466.640028679837
28,LSHADE,42,27000,466.640021785393
28,LSHADE,42,30000,466.640021224809
28,LSHADE,42,33000,466.640021204534
28,LSHADE,42,36000,466.640021202581
28,LSHADE,42,39000,466.640021202494
28,LSHADE,42,42000,466.640021202489
28,LSHADE,42,45000,466.640021202488
28,LSHADE,42,48000,466.640021202488
28,LSHADE,42,51000,466.640021202488
28,LSHADE,42,54000,466.640021202488
28,LSHADE,42,57000,466.640021202488
28,LSHADE,42,60000,466.640021202488
28,D3-Both,43,3000,1050.60794935442
28,D3-Both,43,6000,703.602556925141
28,D3-Both,43,9000,607.204558800545
28,D3-Both,43,12000,569.283316370818
28,D3-Both,43,15000,535.857699267385
28,D3-Both,43,18000,513.240337765212
28,D3-Both,43,21000,499.641026542229
28,D3-Both,43,24000,490.153068572672
28,D3-Both,43,27000,483.50256952688
28,D3-Both,43,30000,463.465269191326
28,D3-Both,43,33000,421.811229116974
28,D3-Both,43,36000,411.637486066472
28,D3-Both,43,39000,410.155758102933
28,D3-Both,43,42000,409.401505391576
28,D3-Both,43,45000,408.545719666952
28,D3-Both,43,48000,407.684487829844
28,D3-Both,43,51000,406.727835938872
28,D3-Both,43,54000,405.374528486156
28,D3-Both,43,57000,399.339941987055
28,D3-Both,43,60000,394.790591744463
28,D1-TracingDecay,43,3000,560.927966949563
28,D1-TracingDecay,43,6000,507.343342493346
28,D1-TracingDecay,43,9000,488.31285681706
28,D1-TracingDecay,43,12000,480.268531369307
28,D1-TracingDecay,43,15000,469.803376449728
28,D1-TracingDecay,43,18000,461.907636092114
28,D1-TracingDecay,43,21000,430.67655947165
28,D1-TracingDecay,43,24000,406.994640168369
28,D1-TracingDecay,43,27000,401.372196790991
28,D1-TracingDecay,43,30000,398.399624453177
28,D1-TracingDecay,43,33000,396.693099863641
28,D1-TracingDecay,43,36000,395.538759429468
28,D1-TracingDecay,43,39000,393.470251908247
28,D1-TracingDecay,43,42000,392.227919778421
28,D1-TracingDecay,43,45000,390.874168428109
28,D1-TracingDecay,43,48000,389.255229827681
28,D1-TracingDecay,43,51000,381.140372684163
28,D1-TracingDecay,43,54000,318.353181371506
28,D1-TracingDecay,43,57000,301.563157332234
28,D1-TracingDecay,43,60000,300.019935632306
28,CLPSO,43,3000,6445.21573403621
28,CLPSO,43,6000,4201.17335945446
28,CLPSO,43,9000,3465.57306676088
28,CLPSO,43,12000,2542.67438280266
28,CLPSO,43,15000,2093.72629905409
28,CLPSO,43,18000,1668.99191804533
28,CLPSO,43,21000,1572.05817325393
28,CLPSO,43,24000,1406.26764868044
28,CLPSO,43,27000,1312.35737426652
28,CLPSO,43,30000,1245.7804965912
28,CLPSO,43,33000,1151.72077805575
28,CLPSO,43,36000,864.422317129156
28,CLPSO,43,39000,848.957249555528
28,CLPSO,43,42000,838.225988270061
28,CLPSO,43,45000,836.4204264118
28,CLPSO,43,48000,795.845746157371
28,CLPSO,43,51000,760.151288684835
28,CLPSO,43,54000,742.460264343623
28,CLPSO,43,57000,703.010162600301
28,CLPSO,43,60000,653.649166205664
28,LSHADE,43,3000,547.225270095711
28,LSHADE,43,6000,433.427454753704
28,LSHADE,43,9000,419.116744191042
28,LSHADE,43,12000,416.369110336216
28,LSHADE,43,15000,412.403236655726
28,LSHADE,43,18000,410.260460959493
28,LSHADE,43,21000,408.843028906574
28,LSHADE,43,24000,407.251848978267
28,LSHADE,43,27000,406.810500570364
28,LSHADE,43,30000,406.13535000531
28,LSHADE,43,33000,404.390736266059
28,LSHADE,43,36000,403.503785176923
28,LSHADE,43,39000,403.310394587268
28,LSHADE,43,42000,403.293446800323
28,LSHADE,43,45000,403.28935734028
28,LSHADE,43,48000,403.286869071744
28,LSHADE,43,51000,403.286453741592
28,LSHADE,43,54000,403.286283843304
28,LSHADE,43,57000,403.286148201997
28,LSHADE,43,60000,403.286116896368
28,D3-Both,44,3000,544.270555496588
28,D3-Both,44,6000,501.320317614417
28,D3-Both,44,9000,490.782452327525
28,D3-Both,44,12000,486.235270353326
28,D3-Both,44,15000,483.533287744584
28,D3-Both,44,18000,480.976836526445
28,D3-Both,44,21000,474.595613859363
28,D3-Both,44,24000,456.124164796789
28,D3-Both,44,27000,426.556260570447
28,D3-Both,44,30000,422.220598515334
28,D3-Both,44,33000,419.660019859295
28,D3-Both,44,36000,417.299845360852
28,D3-Both,44,39000,416.624994720934
28,D3-Both,44,42000,415.345255935923
28,D3-Both,44,45000,413.884408594921
28,D3-Both,44,48000,413.153715347478
28,D3-Both,44,51000,411.914551706022
28,D3-Both,44,54000,411.161606044579
28,D3-Both,44,57000,410.250312293352
28,D3-Both,44,60000,409.319651895878
28,D1-TracingDecay,44,3000,672.300867586554
28,D1-TracingDecay,44,6000,536.783790900787
28,D1-TracingDecay,44,9000,498.209442140193
28,D1-TracingDecay,44,12000,481.794681695068
28,D1-TracingDecay,44,15000,477.293339371989
28,D1-TracingDecay,44,18000,472.272442237732
28,D1-TracingDecay,44,21000,468.753339455259
28,D1-TracingDecay,44,24000,465.61048611357
28,D1-TracingDecay,44,27000,464.555781467453
28,D1-TracingDecay,44,30000,463.843645070888
28,D1-TracingDecay,44,33000,463.527255982886
28,D1-TracingDecay,44,36000,463.306055879402
28,D1-TracingDecay,44,39000,463.192213649383
28,D1-TracingDecay,44,42000,463.047491023396
28,D1-TracingDecay,44,45000,462.870018360351
28,D1-TracingDecay,44,48000,462.78203739481
28,D1-TracingDecay,44,51000,462.645522091318
28,D1-TracingDecay,44,54000,462.404578861835
28,D1-TracingDecay,44,57000,462.240681327011
28,D1-TracingDecay,44,60000,462.101360603507
28,CLPSO,44,3000,4831.32999545136
28,CLPSO,44,6000,3510.51605983673
28,CLPSO,44,9000,3136.3272101809
28,CLPSO,44,12000,2889.09852500157
28,CLPSO,44,15000,2643.32597803944
28,CLPSO,44,18000,2202.46691312592
28,CLPSO,44,21000,1784.11678078802
28,CLPSO,44,24000,1784.11678078802
28,CLPSO,44,27000,1763.90527585135
28,CLPSO,44,30000,1567.89292948586
28,CLPSO,44,33000,1458.72228410988
28,CLPSO,44,36000,1274.89274378168
28,CLPSO,44,39000,1218.10300660131
28,CLPSO,44,42000,1165.10071399676
28,CLPSO,44,45000,1018.88955524944
28,CLPSO,44,48000,943.910376125104
28,CLPSO,44,51000,928.481275374628
28,CLPSO,44,54000,861.31480426381
28,CLPSO,44,57000,737.176757464542
28,CLPSO,44,60000,711.227836025495
28,LSHADE,44,3000,498.448672839957
28,LSHADE,44,6000,458.697352706036
28,LSHADE,44,9000,455.167979774639
28,LSHADE,44,12000,454.664934131362
28,LSHADE,44,15000,454.524056868791
28,LSHADE,44,18000,454.421222114456
28,LSHADE,44,21000,454.249390295826
28,LSHADE,44,24000,454.083004387634
28,LSHADE,44,27000,454.034381091943
28,LSHADE,44,30000,454.010082487875
28,LSHADE,44,33000,453.989634702332
28,LSHADE,44,36000,453.977791657054
28,LSHADE,44,39000,453.971941571178
28,LSHADE,44,42000,453.9587848342
28,LSHADE,44,45000,453.950173231657
28,LSHADE,44,48000,453.946461634244
28,LSHADE,44,51000,453.942675312787
28,LSHADE,44,54000,453.940902598722
28,LSHADE,44,57000,453.939270686517
28,LSHADE,44,60000,453.938707295512
28,D3-Both,45,3000,857.441856789686
28,D3-Both,45,6000,581.748944720564
28,D3-Both,45,9000,532.850853579265
28,D3-Both,45,12000,515.606306316443
28,D3-Both,45,15000,506.479620099882
28,D3-Both,45,18000,497.377632239489
28,D3-Both,45,21000,492.192617602957
28,D3-Both,45,24000,484.69669058039
28,D3-Both,45,27000,479.727439061016
28,D3-Both,45,30000,474.634452754076
28,D3-Both,45,33000,471.287599327343
28,D3-Both,45,36000,467.753001001987
28,D3-Both,45,39000,464.874142006115
28,D3-Both,45,42000,462.764919143889
28,D3-Both,45,45000,461.387381357868
28,D3-Both,45,48000,460.205137141237
28,D3-Both,45,51000,459.148462696245
28,D3-Both,45,54000,458.652729146736
28,D3-Both,45,57000,458.398483141334
28,D3-Both,45,60000,458.212872679233
28,D1-TracingDecay,45,3000,640.885735219431
28,D1-TracingDecay,45,6000,520.782028803031
28,D1-TracingDecay,45,9000,496.279670201427
28,D1-TracingDecay,45,12000,474.41550797424
28,D1-TracingDecay,45,15000,462.635344461919
28,D1-TracingDecay,45,18000,455.869118398227
28,D1-TracingDecay,45,21000,446.568755432767
28,D1-TracingDecay,45,24000,422.03664427357
28,D1-TracingDecay,45,27000,418.763169484809
28,D1-TracingDecay,45,30000,417.266964100807
28,D1-TracingDecay,45,33000,416.481417699986
28,D1-TracingDecay,45,36000,416.229483616018
28,D1-TracingDecay,45,39000,415.991883847184
28,D1-TracingDecay,45,42000,415.888906683739
28,D1-TracingDecay,45,45000,415.647073507925
28,D1-TracingDecay,45,48000,415.450156524179
28,D1-TracingDecay,45,51000,415.300457069055
28,D1-TracingDecay,45,54000,414.689793246131
28,D1-TracingDecay,45,57000,413.897206278375
28,D1-TracingDecay,45,60000,413.262109544359
28,CLPSO,45,3000,6850.82767121746
28,CLPSO,45,6000,4317.37954386462
28,CLPSO,45,9000,3124.95458932311
28,CLPSO,45,12000,1992.04066807962
28,CLPSO,45,15000,1992.04066807962
28,CLPSO,45,18000,1872.22725397777
28,CLPSO,45,21000,1872.22725397777
28,CLPSO,45,24000,1692.88208450061
28,CLPSO,45,27000,1294.5818393949
28,CLPSO,45,30000,1294.5818393949
28,CLPSO,45,33000,1286.07562268652
28,CLPSO,45,36000,1077.66932038413
28,CLPSO,45,39000,1028.58546612567
28,CLPSO,45,42000,855.194678065558
28,CLPSO,45,45000,739.129618179014
28,CLPSO,45,48000,705.113689363659
28,CLPSO,45,51000,683.818902744283
28,CLPSO,45,54000,683.818902744283
28,CLPSO,45,57000,661.135290802997
28,CLPSO,45,60000,651.648892198496
28,LSHADE,45,3000,539.36964527209
28,LSHADE,45,6000,448.662789677271
28,LSHADE,45,9000,429.579442451122
28,LSHADE,45,12000,425.820730380647
28,LSHADE,45,15000,425.038684714441
28,LSHADE,45,18000,419.889917059248
28,LSHADE,45,21000,416.289874902637
28,LSHADE,45,24000,415.936816410231
28,LSHADE,45,27000,415.807155714668
28,LSHADE,45,30000,415.77286012194
28,LSHADE,45,33000,415.755770338759
28,LSHADE,45,36000,415.750891577212
28,LSHADE,45,39000,415.082527308697
28,LSHADE,45,42000,404.341234871277
28,LSHADE,45,45000,402.20744300935
28,LSHADE,45,48000,401.780603821785
28,LSHADE,45,51000,401.567092996699
28,LSHADE,45,54000,401.522986311868
28,LSHADE,45,57000,401.310576341312
28,LSHADE,45,60000,400.459523362555
29,D3-Both,41,3000,1739.85211219792
29,D3-Both,41,6000,1136.50633832759
29,D3-Both,41,9000,979.004408919397
29,D3-Both,41,12000,805.86140288459
29,D3-Both,41,15000,726.237898671632
29,D3-Both,41,18000,718.203140692906
29,D3-Both,41,21000,682.149835300714
29,D3-Both,41,24000,682.149835300714
29,D3-Both,41,27000,679.495211208657
29,D3-Both,41,30000,656.016524429809
29,D3-Both,41,33000,656.016524429809
29,D3-Both,41,36000,641.116344285653
29,D3-Both,41,39000,641.116344285653
29,D3-Both,41,42000,623.150000200541
29,D3-Both,41,45000,615.819976587548
29,D3-Both,41,48000,601.598670679535
29,D3-Both,41,51000,596.838883794008
29,D3-Both,41,54000,577.998873819045
29,D3-Both,41,57000,573.710177730047
29,D3-Both,41,60000,563.99138922555
29,D1-TracingDecay,41,3000,1370.06442454588
29,D1-TracingDecay,41,6000,1234.24563056373
29,D1-TracingDecay,41,9000,1157.82706285329
29,D1-TracingDecay,41,12000,1143.16761973388
29,D1-TracingDecay,41,15000,1142.82467689381
29,D1-TracingDecay,41,18000,1139.98820364085
29,D1-TracingDecay,41,21000,1123.56821977281
29,D1-TracingDecay,41,24000,1108.274270415
29,D1-TracingDecay,41,27000,1105.10344981795
29,D1-TracingDecay,41,30000,1094.39596572503
29,D1-TracingDecay,41,33000,1089.33945244144
29,D1-TracingDecay,41,36000,1084.97153198936
29,D1-TracingDecay,41,39000,1084.84481385322
29,D1-TracingDecay,41,42000,1083.46862843366
29,D1-TracingDecay,41,45000,1079.39011442566
29,D1-TracingDecay,41,48000,1073.5108651338
29,D1-TracingDecay,41,51000,1071.2505616643
29,D1-TracingDecay,41,54000,1068.0557365509
29,D1-TracingDecay,41,57000,1066.87480412232
29,D1-TracingDecay,41,60000,1065.38502588881
29,CLPSO,41,3000,2636.55749703692
29,CLPSO,41,6000,1979.65968266137
29,CLPSO,41,9000,1979.65968266137
29,CLPSO,41,12000,1979.65968266137
29,CLPSO,41,15000,1952.75513014838
29,CLPSO,41,18000,1952.75513014838
29,CLPSO,41,21000,1836.268255412
29,CLPSO,41,24000,1731.37847703854
29,CLPSO,41,27000,1613.45732500361
29,CLPSO,41,30000,1321.02567428442
29,CLPSO,41,33000,1321.02567428442
29,CLPSO,41,36000,1321.02567428442
29,CLPSO,41,39000,1321.02567428442
29,CLPSO,41,42000,1321.02567428442
29,CLPSO,41,45000,1165.80166061196
29,CLPSO,41,48000,1165.80166061196
29,CLPSO,41,51000,1165.80166061196
29,CLPSO,41,54000,1108.9397110747
29,CLPSO,41,57000,1010.85921934989
29,CLPSO,41,60000,925.224927135773
29,LSHADE,41,3000,1448.10589384262
29,LSHADE,41,6000,1312.62940900301
29,LSHADE,41,9000,1011.57364168726
29,LSHADE,41,12000,813.366522492143
29,LSHADE,41,15000,757.57399216744
29,LSHADE,41,18000,731.036052457155
29,LSHADE,41,21000,699.619153561974
29,LSHADE,41,24000,669.071694648429
29,LSHADE,41,27000,653.52347896933
29,LSHADE,41,30000,650.318318830401
29,LSHADE,41,33000,609.632890064841
29,LSHADE,41,36000,593.02948364364
29,LSHADE,41,39000,579.264025545192
29,LSHADE,41,42000,577.349128239846
29,LSHADE,41,45000,576.557661843671
29,LSHADE,41,48000,566.220067790499
29,LSHADE,41,51000,563.939394592931
29,LSHADE,41,54000,562.534811546742
29,LSHADE,41,57000,559.488689776309
29,LSHADE,41,60000,558.255046424476
29,D3-Both,42,3000,1742.65697445033
29,D3-Both,42,6000,1511.19007807703
29,D3-Both,42,9000,1359.55359610644
29,D3-Both,42,12000,1311.77758383432
29,D3-Both,42,15000,1259.36866632956
29,D3-Both,42,18000,1201.26575108059
29,D3-Both,42,21000,1169.97932679266
29,D3-Both,42,24000,1085.98305382039
29,D3-Both,42,27000,1075.06638402544
29,D3-Both,42,30000,1074.22479452663
29,D3-Both,42,33000,1074.22479452663
29,D3-Both,42,36000,1059.20618255926
29,D3-Both,42,39000,1057.39363479202
29,D3-Both,42,42000,1028.72315927581
29,D3-Both,42,45000,1017.45589246708
29,D3-Both,42,48000,1012.21044804159
29,D3-Both,42,51000,1008.9370455468
29,D3-Both,42,54000,1007.29682538876
29,D3-Both,42,57000,1003.94948051692
29,D3-Both,42,60000,1001.11089583488
29,D1-TracingDecay,42,3000,1905.94559213034
29,D1-TracingDecay,42,6000,1359.0186625955
29,D1-TracingDecay,42,9000,1348.71414376699
29,D1-TracingDecay,42,12000,1307.6982446365
29,D1-TracingDecay,42,15000,1272.05831305299
29,D1-TracingDecay,42,18000,1206.22256827358
29,D1-TracingDecay,42,21000,1055.04142933309
29,D1-TracingDecay,42,24000,1002.58789169709
29,D1-TracingDecay,42,27000,921.530208880017
29,D1-TracingDecay,42,30000,867.49153867114
29,D1-TracingDecay,42,33000,842.510755902024
29,D1-TracingDecay,42,36000,806.191391245996
29,D1-TracingDecay,42,39000,793.92313370325
29,D1-TracingDecay,42,42000,779.468170716959
29,D1-TracingDecay,42,45000,779.468170716959
29,D1-TracingDecay,42,48000,776.927641402241
29,D1-TracingDecay,42,51000,775.815469431186
29,D1-TracingDecay,42,54000,774.517226556756
29,D1-TracingDecay,42,57000,772.819147307261
29,D1-TracingDecay,42,60000,771.547356736384
29,CLPSO,42,3000,4554.16325631774
29,CLPSO,42,6000,2396.29168233027
29,CLPSO,42,9000,1788.77200245722
29,CLPSO,42,12000,1788.77200245722
29,CLPSO,42,15000,1788.77200245722
29,CLPSO,42,18000,1788.77200245722
29,CLPSO,42,21000,1751.35630563313
29,CLPSO,42,24000,1626.2749823166
29,CLPSO,42,27000,1578.41320228267
29,CLPSO,42,30000,1577.24344231495
29,CLPSO,42,33000,1518.7398387352
29,CLPSO,42,36000,1385.33663565856
29,CLPSO,42,39000,1295.17791779255
29,CLPSO,42,42000,1276.18748987949
29,CLPSO,42,45000,1195.62320662625
29,CLPSO,42,48000,1100.53467151972
29,CLPSO,42,51000,1100.53467151972
29,CLPSO,42,54000,1092.86272756078
29,CLPSO,42,57000,1092.86272756078
29,CLPSO,42,60000,1068.17310545129
29,LSHADE,42,3000,1363.21803997465
29,LSHADE,42,6000,1115.08576090887
29,LSHADE,42,9000,904.247614225407
29,LSHADE,42,12000,778.223233309048
29,LSHADE,42,15000,673.536726102991
29,LSHADE,42,18000,605.517137450206
29,LSHADE,42,21000,590.513394583502
29,LSHADE,42,24000,579.183362929097
29,LSHADE,42,27000,569.377024081824
29,LSHADE,42,30000,552.012497432004
29,LSHADE,42,33000,478.718458303526
29,LSHADE,42,36000,473.164688857173
29,LSHADE,42,39000,461.959520946826
29,LSHADE,42,42000,454.9778671209
29,LSHADE,42,45000,452.588267283079
29,LSHADE,42,48000,450.23624150542
29,LSHADE,42,51000,449.21500569726
29,LSHADE,42,54000,444.926574394324
29,LSHADE,42,57000,442.80716369998
29,LSHADE,42,60000,441.629794215569
29,D3-Both,43,3000,1665.35622876887
29,D3-Both,43,6000,1323.20821259677
29,D3-Both,43,9000,1277.06239652932
29,D3-Both,43,12000,1214.29817836214
29,D3-Both,43,15000,1191.97384265109
29,D3-Both,43,18000,1177.6363503859
29,D3-Both,43,21000,1171.94786806667
29,D3-Both,43,24000,1151.91984980578
29,D3-Both,43,27000,1091.0655565334
29,D3-Both,43,30000,1054.79864681987
29,D3-Both,43,33000,1035.34495328948
29,D3-Both,43,36000,1031.68010329742
29,D3-Both,43,39000,1024.39646183007
29,D3-Both,43,42000,1020.03042340461
29,D3-Both,43,45000,1016.49708647583
29,D3-Both,43,48000,1012.28876942683
29,D3-Both,43,51000,990.26900294336
29,D3-Both,43,54000,988.034654628794
29,D3-Both,43,57000,986.53712123813
29,D3-Both,43,60000,983.893655884846
29,D1-TracingDecay,43,3000,1589.57754519128
29,D1-TracingDecay,43,6000,1464.97102341688
29,D1-TracingDecay,43,9000,1239.60336180595
29,D1-TracingDecay,43,12000,1103.34620732549
29,D1-TracingDecay,43,15000,1053.48025869903
29,D1-TracingDecay,43,18000,1013.15965713081
29,D1-TracingDecay,43,21000,999.528922578359
29,D1-TracingDecay,43,24000,999.528922578359
29,D1-TracingDecay,43,27000,987.269815785381
29,D1-TracingDecay,43,30000,853.962029061368
29,D1-TracingDecay,43,33000,792.786175019703
29,D1-TracingDecay,43,36000,773.338554355934
29,D1-TracingDecay,43,39000,767.853915953574
29,D1-TracingDecay,43,42000,767.853915953574
29,D1-TracingDecay,43,45000,756.38661231596
29,D1-TracingDecay,43,48000,752.362838586092
29,D1-TracingDecay,43,51000,746.362186623922
29,D1-TracingDecay,43,54000,744.263767386259
29,D1-TracingDecay,43,57000,742.297654822435
29,D1-TracingDecay,43,60000,741.303657972347
29,CLPSO,43,3000,3024.46908442119
29,CLPSO,43,6000,2150.42111989773
29,CLPSO,43,9000,2075.04347230598
29,CLPSO,43,12000,2075.04347230598
29,CLPSO,43,15000,2075.04347230598
29,CLPSO,43,18000,1778.3376610603
29,CLPSO,43,21000,1744.87045823581
29,CLPSO,43,24000,1589.6792825751
29,CLPSO,43,27000,1540.60843939948
29,CLPSO,43,30000,1494.84229946056
29,CLPSO,43,33000,1340.48665804484
29,CLPSO,43,36000,1152.29477263889
29,CLPSO,43,39000,1152.29477263889
29,CLPSO,43,42000,1010.46038447189
29,CLPSO,43,45000,949.887424323299
29,CLPSO,43,48000,939.066153394558
29,CLPSO,43,51000,902.518723321709
29,CLPSO,43,54000,864.956430008568
29,CLPSO,43,57000,864.956430008568
29,CLPSO,43,60000,864.956430008568
29,LSHADE,43,3000,1568.16054795395
29,LSHADE,43,6000,1422.45858108437
29,LSHADE,43,9000,1149.53804651156
29,LSHADE,43,12000,905.67982119709
29,LSHADE,43,15000,784.544459188656
29,LSHADE,43,18000,640.221346637914
29,LSHADE,43,21000,607.517686660337
29,LSHADE,43,24000,581.715877200295
29,LSHADE,43,27000,555.731331175875
29,LSHADE,43,30000,529.259456448328
29,LSHADE,43,33000,516.462864223558
29,LSHADE,43,36000,486.90981189374
29,LSHADE,43,39000,478.676079732551
29,LSHADE,43,42000,477.075404811126
29,LSHADE,43,45000,468.637910550221
29,LSHADE,43,48000,466.884729545122
29,LSHADE,43,51000,459.706051567581
29,LSHADE,43,54000,448.482309525232
29,LSHADE,43,57000,442.619280846503
29,LSHADE,43,60000,440.596452735442
29,D3-Both,44,3000,1404.28533033935
29,D3-Both,44,6000,1179.26123566769
29,D3-Both,44,9000,1156.39279137377
29,D3-Both,44,12000,1147.78503213931
29,D3-Both,44,15000,1131.09467606476
29,D3-Both,44,18000,1124.10174042468
29,D3-Both,44,21000,1075.01198597482
29,D3-Both,44,24000,1039.87631275115
29,D3-Both,44,27000,1022.99218119696
29,D3-Both,44,30000,994.476443110228
29,D3-Both,44,33000,984.508368149651
29,D3-Both,44,36000,973.991690565428
29,D3-Both,44,39000,966.232094373161
29,D3-Both,44,42000,962.772471741765
29,D3-Both,44,45000,959.492582036238
29,D3-Both,44,48000,935.493022078251
29,D3-Both,44,51000,884.182140435662
29,D3-Both,44,54000,859.99254295999
29,D3-Both,44,57000,841.096929948476
29,D3-Both,44,60000,837.495810668893
29,D1-TracingDecay,44,3000,1346.5069741743
29,D1-TracingDecay,44,6000,1099.46900534134
29,D1-TracingDecay,44,9000,1033.86903013944
29,D1-TracingDecay,44,12000,1023.56478777112
29,D1-TracingDecay,44,15000,995.358747180654
29,D1-TracingDecay,44,18000,993.314652898355
29,D1-TracingDecay,44,21000,980.479322673036
29,D1-TracingDecay,44,24000,980.479322673036
29,D1-TracingDecay,44,27000,980.479322673036
29,D1-TracingDecay,44,30000,975.81389016087
29,D1-TracingDecay,44,33000,972.417202836238
29,D1-TracingDecay,44,36000,969.835849778141
29,D1-TracingDecay,44,39000,962.991728120366
29,D1-TracingDecay,44,42000,962.796158813317
29,D1-TracingDecay,44,45000,951.79725004122
29,D1-TracingDecay,44,48000,947.562573259865
29,D1-TracingDecay,44,51000,946.417120770863
29,D1-TracingDecay,44,54000,945.397396902231
29,D1-TracingDecay,44,57000,941.109064432369
29,D1-TracingDecay,44,60000,939.408708540323
29,CLPSO,44,3000,3315.20564221066
29,CLPSO,44,6000,3315.20564221066
29,CLPSO,44,9000,2808.06948238835
29,CLPSO,44,12000,1813.27226214263
29,CLPSO,44,15000,1813.27226214263
29,CLPSO,44,18000,1813.27226214263
29,CLPSO,44,21000,1813.27226214263
29,CLPSO,44,24000,1509.35238516235
29,CLPSO,44,27000,1487.86556295413
29,CLPSO,44,30000,1445.66910218777
29,CLPSO,44,33000,1385.8156039248
29,CLPSO,44,36000,1377.773510196
29,CLPSO,44,39000,1329.53486589055
29,CLPSO,44,42000,1323.83478315507
29,CLPSO,44,45000,1323.83478315507
29,CLPSO,44,48000,1243.87709297999
29,CLPSO,44,51000,1076.18504477788
29,CLPSO,44,54000,928.084030278514
29,CLPSO,44,57000,928.084030278514
29,CLPSO,44,60000,878.207496375589
29,LSHADE,44,3000,1702.69953439799
29,LSHADE,44,6000,1139.98689627056
29,LSHADE,44,9000,982.964833850384
29,LSHADE,44,12000,740.204997232216
29,LSHADE,44,15000,641.425411978273
29,LSHADE,44,18000,572.581630906141
29,LSHADE,44,21000,547.681999182108
29,LSHADE,44,24000,544.674731658893
29,LSHADE,44,27000,539.083474101441
29,LSHADE,44,30000,514.059365251162
29,LSHADE,44,33000,505.773285876246
29,LSHADE,44,36000,503.427924379845
29,LSHADE,44,39000,498.290905458734
29,LSHADE,44,42000,497.962030113231
29,LSHADE,44,45000,496.819106089275
29,LSHADE,44,48000,488.553207807295
29,LSHADE,44,51000,485.387981382373
29,LSHADE,44,54000,484.4552543335
29,LSHADE,44,57000,478.953660791692
29,LSHADE,44,60000,477.596111566671
29,D3-Both,45,3000,1329.85980007597
29,D3-Both,45,6000,1190.01281056556
29,D3-Both,45,9000,1099.40128623126
29,D3-Both,45,12000,975.174561636271
29,D3-Both,45,15000,931.567842498949
29,D3-Both,45,18000,929.781702967892
29,D3-Both,45,21000,920.073901440181
29,D3-Both,45,24000,920.073901440181
29,D3-Both,45,27000,889.101630677653
29,D3-Both,45,30000,786.15402798893
29,D3-Both,45,33000,765.229356057401
29,D3-Both,45,36000,702.704107092707
29,D3-Both,45,39000,661.057005596468
29,D3-Both,45,42000,635.796033219746
29,D3-Both,45,45000,609.948716160677
29,D3-Both,45,48000,600.455459689932
29,D3-Both,45,51000,588.849008613359
29,D3-Both,45,54000,581.848946924107
29,D3-Both,45,57000,580.873819122416
29,D3-Both,45,60000,576.910047553321
29,D1-TracingDecay,45,3000,1420.7845933371
29,D1-TracingDecay,45,6000,1330.83530880902
29,D1-TracingDecay,45,9000,1316.57684187472
29,D1-TracingDecay,45,12000,1083.33829110161
29,D1-TracingDecay,45,15000,1070.29616928667
29,D1-TracingDecay,45,18000,1051.71786020534
29,D1-TracingDecay,45,21000,1049.59991297897
29,D1-TracingDecay,45,24000,1049.1630300468
29,D1-TracingDecay,45,27000,1038.1479909444
29,D1-TracingDecay,45,30000,920.121008098205
29,D1-TracingDecay,45,33000,916.340297649997
29,D1-TracingDecay,45,36000,902.332156820019
29,D1-TracingDecay,45,39000,876.033664859743
29,D1-TracingDecay,45,42000,863.595719595013
29,D1-TracingDecay,45,45000,853.444041808119
29,D1-TracingDecay,45,48000,852.27000842976
29,D1-TracingDecay,45,51000,829.566323971407
29,D1-TracingDecay,45,54000,824.982140008351
29,D1-TracingDecay,45,57000,823.453605251117
29,D1-TracingDecay,45,60000,822.464123496036
29,CLPSO,45,3000,3848.56699464825
29,CLPSO,45,6000,2771.85076017989
29,CLPSO,45,9000,2213.56171731463
29,CLPSO,45,12000,1887.50550737749
29,CLPSO,45,15000,1887.50550737749
29,CLPSO,45,18000,1719.93340853971
29,CLPSO,45,21000,1374.10852115353
29,CLPSO,45,24000,1355.38391389988
29,CLPSO,45,27000,1220.27012005141
29,CLPSO,45,30000,1184.60095703594
29,CLPSO,45,33000,1154.1529483559
29,CLPSO,45,36000,1154.1529483559
29,CLPSO,45,39000,1131.43514141486
29,CLPSO,45,42000,1080.17218857244
29,CLPSO,45,45000,1080.17218857244
29,CLPSO,45,48000,1005.77533186622
29,CLPSO,45,51000,978.43427736178
29,CLPSO,45,54000,943.18750736671
29,CLPSO,45,57000,907.329949909035
29,CLPSO,45,60000,900.710249968314
29,LSHADE,45,3000,1722.58146081414
29,LSHADE,45,6000,1256.44216470457
29,LSHADE,45,9000,1103.01025588887
29,LSHADE,45,12000,834.875480869802
29,LSHADE,45,15000,729.495973577276
29,LSHADE,45,18000,661.819390266429
29,LSHADE,45,21000,584.705067933433
29,LSHADE,45,24000,575.632789857914
29,LSHADE,45,27000,566.893108221203
29,LSHADE,45,30000,559.765291010089
29,LSHADE,45,33000,549.212407527427
29,LSHADE,45,36000,543.43819684265
29,LSHADE,45,39000,528.620826374332
29,LSHADE,45,42000,513.366343876176
29,LSHADE,45,45000,503.016621767155
29,LSHADE,45,48000,495.584582640792
29,LSHADE,45,51000,494.37056108664
29,LSHADE,45,54000,493.984134935858
29,LSHADE,45,57000,492.741144576632
29,LSHADE,45,60000,492.49340005758
30,D3-Both,41,3000,5987394.83156597
30,D3-Both,41,6000,1231334.38843892
30,D3-Both,41,9000,1042743.12255761
30,D3-Both,41,12000,691650.679955026
30,D3-Both,41,15000,634180.194638242
30,D3-Both,41,18000,588969.458173086
30,D3-Both,41,21000,524537.397010673
30,D3-Both,41,24000,477731.374692652
30,D3-Both,41,27000,418290.898881597
30,D3-Both,41,30000,362638.601155195
30,D3-Both,41,33000,351894.808541365
30,D3-Both,41,36000,286804.706511118
30,D3-Both,41,39000,286804.706511118
30,D3-Both,41,42000,278910.546290868
30,D3-Both,41,45000,278109.278474869
30,D3-Both,41,48000,278109.278474869
30,D3-Both,41,51000,268962.249774052
30,D3-Both,41,54000,261634.888697041
30,D3-Both,41,57000,207160.54036612
30,D3-Both,41,60000,101736.328690215
30,D1-TracingDecay,41,3000,662216.788778584
30,D1-TracingDecay,41,6000,359606.135321824
30,D1-TracingDecay,41,9000,293183.75606945
30,D1-TracingDecay,41,12000,234449.034574671
30,D1-TracingDecay,41,15000,206886.763677179
30,D1-TracingDecay,41,18000,177613.827745812
30,D1-TracingDecay,41,21000,138414.452858001
30,D1-TracingDecay,41,24000,113828.527454898
30,D1-TracingDecay,41,27000,109651.976325195
30,D1-TracingDecay,41,30000,97604.3596862896
30,D1-TracingDecay,41,33000,91277.4444551102
30,D1-TracingDecay,41,36000,81693.7301782126
30,D1-TracingDecay,41,39000,79608.9825589157
30,D1-TracingDecay,41,42000,71971.9240932265
30,D1-TracingDecay,41,45000,67639.040346175
30,D1-TracingDecay,41,48000,65549.5648787628
30,D1-TracingDecay,41,51000,62439.4863549102
30,D1-TracingDecay,41,54000,60389.1747153874
30,D1-TracingDecay,41,57000,56293.0437439455
30,D1-TracingDecay,41,60000,52619.002771918
30,CLPSO,41,3000,765133767.106522
30,CLPSO,41,6000,259967708.846994
30,CLPSO,41,9000,74688378.5311632
30,CLPSO,41,12000,74688378.5311632
30,CLPSO,41,15000,58612874.3478607
30,CLPSO,41,18000,39602127.287931
30,CLPSO,41,21000,30216031.9454769
30,CLPSO,41,24000,17814535.2214204
30,CLPSO,41,27000,12886418.1597979
30,CLPSO,41,30000,9467923.95761145
30,CLPSO,41,33000,7578065.32939724
30,CLPSO,41,36000,6003984.28669708
30,CLPSO,41,39000,2645438.92134396
30,CLPSO,41,42000,2645438.92134396
30,CLPSO,41,45000,2191099.92381629
30,CLPSO,41,48000,2124057.29327612
30,CLPSO,41,51000,1169159.94560979
30,CLPSO,41,54000,1169159.94560979
30,CLPSO,41,57000,1169159.94560979
30,CLPSO,41,60000,1032875.05855689
30,LSHADE,41,3000,2963214.52733206
30,LSHADE,41,6000,44601.1042703639
30,LSHADE,41,9000,15414.7919844613
30,LSHADE,41,12000,7416.55928812536
30,LSHADE,41,15000,5140.87761721526
30,LSHADE,41,18000,3776.55057631331
30,LSHADE,41,21000,3551.98879508973
30,LSHADE,41,24000,3360.82268466216
30,LSHADE,41,27000,3340.28723584242
30,LSHADE,41,30000,3337.49816987282
30,LSHADE,41,33000,3332.1594276713
30,LSHADE,41,36000,3309.05139660359
30,LSHADE,41,39000,3298.68766383909
30,LSHADE,41,42000,3298.17769533829
30,LSHADE,41,45000,3298.08287187091
30,LSHADE,41,48000,3298.07322667255
30,LSHADE,41,51000,3298.0725367937
30,LSHADE,41,54000,3298.07248034244
30,LSHADE,41,57000,3298.07247661497
30,LSHADE,41,60000,3298.07247184226
30,D3-Both,42,3000,5323675.14423785
30,D3-Both,42,6000,3839355.49982896
30,D3-Both,42,9000,3263289.85784871
30,D3-Both,42,12000,2573421.67625107
30,D3-Both,42,15000,1953421.39146058
30,D3-Both,42,18000,895416.056026326
30,D3-Both,42,21000,756660.608184488
30,D3-Both,42,24000,568930.410413748
30,D3-Both,42,27000,365532.233958874
30,D3-Both,42,30000,308703.21215835
30,D3-Both,42,33000,276325.049664237
30,D3-Both,42,36000,236605.048979911
30,D3-Both,42,39000,201603.622256339
30,D3-Both,42,42000,162082.463383411
30,D3-Both,42,45000,143075.250775704
30,D3-Both,42,48000,52939.9761852336
30,D3-Both,42,51000,37803.5497211316
30,D3-Both,42,54000,32623.4686282591
30,D3-Both,42,57000,27818.1494176296
30,D3-Both,42,60000,25568.6651272657
30,D1-TracingDecay,42,3000,3941546.32153013
30,D1-TracingDecay,42,6000,886424.587492318
30,D1-TracingDecay,42,9000,487751.182834739
30,D1-TracingDecay,42,12000,352082.172418121
30,D1-TracingDecay,42,15000,213261.76597187
30,D1-TracingDecay,42,18000,118128.608422551
30,D1-TracingDecay,42,21000,108556.053667829
30,D1-TracingDecay,42,24000,57572.4808490522
30,D1-TracingDecay,42,27000,51478.3833870385
30,D1-TracingDecay,42,30000,42868.2708322786
30,D1-TracingDecay,42,33000,36362.6658294869
30,D1-TracingDecay,42,36000,35871.0717359284
30,D1-TracingDecay,42,39000,32134.8181981902
30,D1-TracingDecay,42,42000,28036.2684775877
30,D1-TracingDecay,42,45000,24691.0095336925
30,D1-TracingDecay,42,48000,21028.9797774992
30,D1-TracingDecay,42,51000,16771.8248560375
30,D1-TracingDecay,42,54000,13481.636427794
30,D1-TracingDecay,42,57000,11454.6050448782
30,D1-TracingDecay,42,60000,10296.3368708334
30,CLPSO,42,3000,1267333649.7917
30,CLPSO,42,6000,233049956.032332
30,CLPSO,42,9000,63482477.299339
30,CLPSO,42,12000,19905909.9279282
30,CLPSO,42,15000,19905909.9279282
30,CLPSO,42,18000,18379367.4803904
30,CLPSO,42,21000,15024876.8195179
30,CLPSO,42,24000,15024876.8195179
30,CLPSO,42,27000,14061527.9060757
30,CLPSO,42,30000,4737977.73048158
30,CLPSO,42,33000,4710949.51539901
30,CLPSO,42,36000,4710949.51539901
30,CLPSO,42,39000,3085805.11102989
30,CLPSO,42,42000,3085805.11102989
30,CLPSO,42,45000,2635320.26103626
30,CLPSO,42,48000,2196634.43012262
30,CLPSO,42,51000,1890366.45557453
30,CLPSO,42,54000,1749950.09435629
30,CLPSO,42,57000,1748969.11459645
30,CLPSO,42,60000,1128669.13215315
30,LSHADE,42,3000,1234688.24910828
30,LSHADE,42,6000,28063.7829797936
30,LSHADE,42,9000,11869.5067978145
30,LSHADE,42,12000,8895.92444510529
30,LSHADE,42,15000,7650.4733001809
30,LSHADE,42,18000,7180.6540992338
30,LSHADE,42,21000,5263.85636137662
30,LSHADE,42,24000,4963.32553213913
30,LSHADE,42,27000,4732.56349720998
30,LSHADE,42,30000,4168.22140350016
30,LSHADE,42,33000,3981.70124816677
30,LSHADE,42,36000,3322.94800692137
30,LSHADE,42,39000,3298.29495002482
30,LSHADE,42,42000,3294.68675122461
30,LSHADE,42,45000,3293.2991408807
30,LSHADE,42,48000,3286.74636070105
30,LSHADE,42,51000,3222.78908019455
30,LSHADE,42,54000,3208.28299233355
30,LSHADE,42,57000,3204.98772902438
30,LSHADE,42,60000,3204.87570725156
30,D3-Both,43,3000,8761817.74194208
30,D3-Both,43,6000,2808054.19846144
30,D3-Both,43,9000,1425865.66106722
30,D3-Both,43,12000,1027071.86557618
30,D3-Both,43,15000,793562.368749608
30,D3-Both,43,18000,426237.827872079
30,D3-Both,43,21000,338377.844043012
30,D3-Both,43,24000,335396.294675297
30,D3-Both,43,27000,303153.136738305
30,D3-Both,43,30000,284949.722154288
30,D3-Both,43,33000,257751.593546509
30,D3-Both,43,36000,222285.464649948
30,D3-Both,43,39000,217499.734673231
30,D3-Both,43,42000,195604.93786855
30,D3-Both,43,45000,177897.489961585
30,D3-Both,43,48000,150637.153021217
30,D3-Both,43,51000,146560.955208706
30,D3-Both,43,54000,144689.818979139
30,D3-Both,43,57000,144462.906043341
30,D3-Both,43,60000,125435.58277106
30,D1-TracingDecay,43,3000,2112110.67772002
30,D1-TracingDecay,43,6000,502821.952082845
30,D1-TracingDecay,43,9000,274795.121599633
30,D1-TracingDecay,43,12000,198556.166125531
30,D1-TracingDecay,43,15000,144386.481963708
30,D1-TracingDecay,43,18000,103177.270661332
30,D1-TracingDecay,43,21000,71487.1553715713
30,D1-TracingDecay,43,24000,64889.9149151385
30,D1-TracingDecay,43,27000,61054.0126394914
30,D1-TracingDecay,43,30000,57221.0662407077
30,D1-TracingDecay,43,33000,47840.7176153931
30,D1-TracingDecay,43,36000,47227.6740263351
30,D1-TracingDecay,43,39000,43408.0348333001
30,D1-TracingDecay,43,42000,39565.5741601991
30,D1-TracingDecay,43,45000,34513.266538857
30,D1-TracingDecay,43,48000,31096.7451351179
30,D1-TracingDecay,43,51000,28788.9734792702
30,D1-TracingDecay,43,54000,24147.529649674
30,D1-TracingDecay,43,57000,17587.3942912437
30,D1-TracingDecay,43,60000,10278.5204621269
30,CLPSO,43,3000,1475846445.43608
30,CLPSO,43,6000,609651192.82647
30,CLPSO,43,9000,257928486.160828
30,CLPSO,43,12000,95066485.1844563
30,CLPSO,43,15000,35403539.2210747
30,CLPSO,43,18000,33711915.929692
30,CLPSO,43,21000,22973043.3447564
30,CLPSO,43,24000,14631418.798995
30,CLPSO,43,27000,13318340.7324236
30,CLPSO,43,30000,6959148.61357628
30,CLPSO,43,33000,6314128.28429678
30,CLPSO,43,36000,5062480.87692701
30,CLPSO,43,39000,4915712.51505087
30,CLPSO,43,42000,4139430.75193689
30,CLPSO,43,45000,3783809.64791917
30,CLPSO,43,48000,3319889.43348635
30,CLPSO,43,51000,2442454.74048612
30,CLPSO,43,54000,1895348.2838413
30,CLPSO,43,57000,1149708.43915986
30,CLPSO,43,60000,943835.023652431
30,LSHADE,43,3000,4549451.60012114
30,LSHADE,43,6000,54764.3224307636
30,LSHADE,43,9000,14471.6470973758
30,LSHADE,43,12000,5564.91343661487
30,LSHADE,43,15000,4467.07317954609
30,LSHADE,43,18000,2993.17674017891
30,LSHADE,43,21000,2386.16796266255
30,LSHADE,43,24000,2250.95370239123
30,LSHADE,43,27000,2245.96357355271
30,LSHADE,43,30000,2240.67066995109
30,LSHADE,43,33000,2235.63110612631
30,LSHADE,43,36000,2228.14467237636
30,LSHADE,43,39000,2193.02858710569
30,LSHADE,43,42000,2189.66719012502
30,LSHADE,43,45000,2185.50808272149
30,LSHADE,43,48000,2184.85473782958
30,LSHADE,43,51000,2184.00576590782
30,LSHADE,43,54000,2183.7404339978
30,LSHADE,43,57000,2183.73382990171
30,LSHADE,43,60000,2183.7285049575
30,D3-Both,44,3000,3805531.54720896
30,D3-Both,44,6000,2191814.31569259
30,D3-Both,44,9000,1376499.00199337
30,D3-Both,44,12000,1007518.05048022
30,D3-Both,44,15000,818141.171683379
30,D3-Both,44,18000,627219.800589105
30,D3-Both,44,21000,597586.562634013
30,D3-Both,44,24000,518349.451349045
30,D3-Both,44,27000,467516.239479291
30,D3-Both,44,30000,413032.463656169
30,D3-Both,44,33000,356719.947972691
30,D3-Both,44,36000,328279.175763038
30,D3-Both,44,39000,325075.164305945
30,D3-Both,44,42000,301003.419832931
30,D3-Both,44,45000,297502.2955888
30,D3-Both,44,48000,279207.567925093
30,D3-Both,44,51000,265293.748583652
30,D3-Both,44,54000,203418.710402995
30,D3-Both,44,57000,86071.9607935691
30,D3-Both,44,60000,20652.7376801534
30,D1-TracingDecay,44,3000,5885880.24774719
30,D1-TracingDecay,44,6000,2407602.13843934
30,D1-TracingDecay,44,9000,1330573.00753475
30,D1-TracingDecay,44,12000,702934.546406578
30,D1-TracingDecay,44,15000,350052.597445334
30,D1-TracingDecay,44,18000,226456.513058382
30,D1-TracingDecay,44,21000,148145.92354534
30,D1-TracingDecay,44,24000,127140.018725821
30,D1-TracingDecay,44,27000,113600.571416297
30,D1-TracingDecay,44,30000,82371.9323360971
30,D1-TracingDecay,44,33000,62657.1445248292
30,D1-TracingDecay,44,36000,43137.6742836445
30,D1-TracingDecay,44,39000,38248.155899284
30,D1-TracingDecay,44,42000,35269.5459861459
30,D1-TracingDecay,44,45000,32315.4670343971
30,D1-TracingDecay,44,48000,30296.03792357
30,D1-TracingDecay,44,51000,28734.1319520896
30,D1-TracingDecay,44,54000,27234.467864989
30,D1-TracingDecay,44,57000,26135.1453694961
30,D1-TracingDecay,44,60000,25058.1629588575
30,CLPSO,44,3000,871136028.551572
30,CLPSO,44,6000,514236716.840299
30,CLPSO,44,9000,154765247.488095
30,CLPSO,44,12000,39582242.5099061
30,CLPSO,44,15000,39582242.5099061
30,CLPSO,44,18000,34127801.7699711
30,CLPSO,44,21000,20358273.5861071
30,CLPSO,44,24000,20342704.3496457
30,CLPSO,44,27000,10554734.9242986
30,CLPSO,44,30000,5821199.08432806
30,CLPSO,44,33000,5821199.08432806
30,CLPSO,44,36000,2238294.98360575
30,CLPSO,44,39000,2238294.98360575
30,CLPSO,44,42000,2048036.42851351
30,CLPSO,44,45000,1433045.36994725
30,CLPSO,44,48000,1433045.36994725
30,CLPSO,44,51000,1237490.32130949
30,CLPSO,44,54000,1237490.32099568
30,CLPSO,44,57000,1083237.64578681
30,CLPSO,44,60000,893768.017553501
30,LSHADE,44,3000,6188924.4997455
30,LSHADE,44,6000,21815.7615862846
30,LSHADE,44,9000,10397.2479616015
30,LSHADE,44,12000,6980.03359248841
30,LSHADE,44,15000,3230.91521249956
30,LSHADE,44,18000,2558.12118206316
30,LSHADE,44,21000,2245.98985456128
30,LSHADE,44,24000,2145.84170789806
30,LSHADE,44,27000,2129.01838247088
30,LSHADE,44,30000,2125.91890519255
30,LSHADE,44,33000,2123.84618658284
30,LSHADE,44,36000,2120.06042858951
30,LSHADE,44,39000,2113.86566966304
30,LSHADE,44,42000,2110.12558838227
30,LSHADE,44,45000,2109.88793861795
30,LSHADE,44,48000,2109.88601577062
30,LSHADE,44,51000,2109.88533553838
30,LSHADE,44,54000,2109.40278739448
30,LSHADE,44,57000,2107.98033597897
30,LSHADE,44,60000,2107.97916129595
30,D3-Both,45,3000,18721113.1954162
30,D3-Both,45,6000,9948949.66719001
30,D3-Both,45,9000,4581451.49307158
30,D3-Both,45,12000,2153579.93390069
30,D3-Both,45,15000,1674636.03888897
30,D3-Both,45,18000,943649.138272543
30,D3-Both,45,21000,905083.361208903
30,D3-Both,45,24000,711888.124018414
30,D3-Both,45,27000,527599.159927474
30,D3-Both,45,30000,461540.174135646
30,D3-Both,45,33000,399358.681904774
30,D3-Both,45,36000,383685.680620762
30,D3-Both,45,39000,325003.214475129
30,D3-Both,45,42000,284867.490570412
30,D3-Both,45,45000,274862.016192378
30,D3-Both,45,48000,239097.349736214
30,D3-Both,45,51000,144321.849365
30,D3-Both,45,54000,91449.4771212116
30,D3-Both,45,57000,72716.7331591901
30,D3-Both,45,60000,45757.201527473
30,D1-TracingDecay,45,3000,3275321.53327841
30,D1-TracingDecay,45,6000,2505105.80058938
30,D1-TracingDecay,45,9000,1629971.31855192
30,D1-TracingDecay,45,12000,1036801.52768358
30,D1-TracingDecay,45,15000,813965.054808348
30,D1-TracingDecay,45,18000,706412.242099954
30,D1-TracingDecay,45,21000,608568.261221106
30,D1-TracingDecay,45,24000,555690.278251709
30,D1-TracingDecay,45,27000,493003.729414292
30,D1-TracingDecay,45,30000,385378.998646741
30,D1-TracingDecay,45,33000,327116.094134477
30,D1-TracingDecay,45,36000,286688.395173224
30,D1-TracingDecay,45,39000,234696.219251921
30,D1-TracingDecay,45,42000,183351.125249043
30,D1-TracingDecay,45,45000,60009.9107686477
30,D1-TracingDecay,45,48000,36228.293879933
30,D1-TracingDecay,45,51000,19153.2510032687
30,D1-TracingDecay,45,54000,13607.1484370612
30,D1-TracingDecay,45,57000,12473.4413135168
30,D1-TracingDecay,45,60000,11853.842727787
30,CLPSO,45,3000,890883991.866851
30,CLPSO,45,6000,532341691.988849
30,CLPSO,45,9000,71454043.6824035
30,CLPSO,45,12000,63018905.0057458
30,CLPSO,45,15000,63018905.0057458
30,CLPSO,45,18000,56605998.7773871
30,CLPSO,45,21000,56605998.7773871
30,CLPSO,45,24000,4590195.78732659
30,CLPSO,45,27000,2879131.16378797
30,CLPSO,45,30000,1991720.83084129
30,CLPSO,45,33000,1991720.83084129
30,CLPSO,45,36000,1634105.10678221
30,CLPSO,45,39000,1326181.76470599
30,CLPSO,45,42000,1280727.0262344
30,CLPSO,45,45000,1112671.55258186
30,CLPSO,45,48000,1050610.53058149
30,CLPSO,45,51000,1050610.53058149
30,CLPSO,45,54000,930570.128270337
30,CLPSO,45,57000,870017.744401651
30,CLPSO,45,60000,751718.304147115
30,LSHADE,45,3000,4424832.61338316
30,LSHADE,45,6000,23587.5626758517
30,LSHADE,45,9000,5002.7432899406
30,LSHADE,45,12000,3782.64714596531
30,LSHADE,45,15000,3046.24730576658
30,LSHADE,45,18000,2437.09483666844
30,LSHADE,45,21000,2387.13365899308
30,LSHADE,45,24000,2345.66699490569
30,LSHADE,45,27000,2341.16532116693
30,LSHADE,45,30000,2337.60296719841
30,LSHADE,45,33000,2331.02608866223
30,LSHADE,45,36000,2320.16368596518
30,LSHADE,45,39000,2301.00211307793
30,LSHADE,45,42000,2298.99239161686
30,LSHADE,45,45000,2298.58720486115
30,LSHADE,45,48000,2298.34604291187
30,LSHADE,45,51000,2298.33367364228
30,LSHADE,45,54000,2298.32916714733
30,LSHADE,45,57000,2298.32882416836
30,LSHADE,45,60000,2298.32867635149
